天蓝色,WLAN版 256G,1,没收到发票 还写的已签收
天蓝色,WLAN版 256G,1,货不对版 已经退货
天蓝色,WLAN版 256G,1,配送员不送货上门，不知道是否京东这项服务没有了？
天蓝色,WLAN版 256G,1,外包装出现瑕疵
天蓝色,WLAN版 256G,1,啥玩意刚买来就卡
天蓝色,WLAN版 256G,1,用了半个月就不行了
天蓝色,WLAN版 256G,1,**京东，送个坏的产品，不给退换和维修
天蓝色,WLAN版 256G,1,这个平板是弯的，苹果这品控我真的服了
天蓝色,WLAN版 256G,1,这还说赠品？不买平板，手机上都可以免费体验三个月
天蓝色,WLAN版 256G,1,买来不到两天指纹就无法识别了，我这是翻车吗？
天蓝色,WLAN版 256G,1,到手即降价
天蓝色,WLAN版 256G,1,新买的竟然开不了机，充电也充不进。退回去要3天，新机还不知道什么时候送过来
天蓝色,WLAN版 256G,1,说好的腾讯视频会员了，现在直接暂停了啥意思嘛？买的时候有买要了，直接暂停了
天蓝色,WLAN版 256G,1,笔跟pad刚买完一周，降价100，申请价报说没降价。打个包跟不打包的区别。
天蓝色,WLAN版 256G,1,外包装盒子变形，破个洞。运输太粗暴了。
天蓝色,WLAN版 256G,1,新机开不了机，差评！
天蓝色,WLAN版 256G,1,头一次听说找七天无理由找差价还得精确到分秒的，真是好笑。
天蓝色,WLAN版 256G,1,差评给客服 拿去线下门店验 说是已经被激活过了我的机  别信京东了  苹果只有天猫一家官网店！
天蓝色,WLAN版 256G,1,价格波动太大，请小伙伴购买时注意价保，买了10天就降价300，波动达到5%。这种电子产品利润太大了
天蓝色,WLAN版 256G,1,出问题客服不理人，就不回信息醉了，建议不要京东买，我很无语。
天蓝色,WLAN版 256G,1,这是在京东购买最差劲的一次 商品转北京一圈才送到手里 而且还是好几年PLUS会员 总之购物体验非常的差 对京东越来越失望了 产品应该是没有什么问题的
天蓝色,WLAN版 256G,1,"再也不能在网上买了 快七千的东西给我送来个破损的 
垃圾?东"
天蓝色,WLAN版 256G,1,辣鸡，买完回头一看就降价，价格保护刚过价保期，京东老客户了，这样玩
天蓝色,WLAN版 256G,1,"千万不要在京东买电子产品！！
送来的iPad边缘有破损 就因为发现的时候过了24小时就拒绝赔偿！！"
天蓝色,WLAN版 256G,1,买了不到两个月，屏幕就没反应了，在网上查了一下，好像很多出现这样问题，很烦
天蓝色,WLAN版 256G,1,13日下单，原计划16送货。后来在没有通知我的前提下私自更改为20号才开始处理我的订单，后经客服协调，说是21号送货肯定没问题。等到21号一看送货信息，又在没有通知我的前提下私自更改送货时间为25日，而且说没办法承诺送货时间，难道这就是京东对plus会员敷衍了事的回复么？总之一句话，京东这种行为就是欺诈消费者。
天蓝色,WLAN版 256G,1,收到快递本来是很开心的，但是包装真的很差劲，里面连一个填充物都没有放，真的是心大呀，也是无语
天蓝色,WLAN版 256G,1,跟平板没啥关系  就售后太有问题了  保障服务发现买错了  我就退了 想换另一种 然后发现只能三天？  不都是七天内吗？？？收到的时候 包装盒也瘪了一个角  很相信京东所以手机和电脑都在这里买的  但是 这是最后一次买苹果产品了
天蓝色,WLAN版 256G,1,怀疑是个垃圾    屏幕操作灵敏度失灵不说    关机键还关不了机！  几千块买了块垃圾
天蓝色,WLAN版 256G,1,大平台购买电子商品可以保障什么？产品质量？价格保障？配送时间？售后服务？星期天买的，2天内发现价格便宜了300元。跟客服交涉，然而客服给我的答案是因为我没有申请价保，因为我只是看到价格有便宜但没有截图，所以我活该自认倒霉！除了&ldquo;呵呵&rdquo;我还能怎么样？因为我第一次遇到这样的事情，只知道需要给客服打电话完全忽视了自己要先流证据，所以客服可以堂而皇之告诉你&ldquo;因为你什么都没做，所以不要怪我们可以名正言顺的赖掉你这300元钱&rdquo;。大平台，呵呵～～
天蓝色,WLAN版 256G,1,7天无理由退换。拆了不允许退。也就是买了即使没用也退不了。 申请几次退，结果也退不了。 被客户骗说试用无忧可以深度体验退换。也就是订单起31天，觉得不爽可以退，不过今天就是订单的31天。却没有这个服务。等于说也是骗人的。 差评 差评 差评。
天蓝色,WLAN版 256G,1,不知是京东不好还是我倒霉！才买的iPad第八天发现降价了300！过了保价期！问客服没回！才买的学习机又笨又重拿去退了自己付了几十的运费！然后又说屏幕花影响二次销售（其实只是膜花）而且是用他们的笔弄花的！不能怪我！笔没设计好！还不如不要送笔！然后退回来拒退款！我真是霉！一下子白亏了几千！哎！以前我很相信京东！现在都不敢随便逛京东了！太气人！
天蓝色,WLAN版 256G,1,"说实话一星都不想给，史上最&ldquo;难忘&rdquo;的一次购物。在京东买，无非就是图个速度，结果下单之前说次日达，下单之后显示要跨区调货，辗转反复一周。关键是，客服完全就是，呵呵呵。
下次我会在京东看，然后直接去店里买。
快递员也是，明明已经换了配送位置，结果还是按照原地址送，然后也不管了，直接放柜子里"
天蓝色,WLAN版 256G,1,"买回来第6天就充电不正常，充了一会就不充电，反复确认了确实这么一回事就申请售后，第八天就降价300，第九天降价400。最关键的是不能充电申请售后不能退货不能换货，说检测了没有问题让我自己其他机构检测有问题再检测报告来申请。
京东自营店买了不下10台苹果的手机与平板了，这次非常糟糕的一次购物体验，没有售后保障也没有价格保护，说超过七天了就不给保。"
天蓝色,WLAN版 256G,1,"13号晚上7点多在自提柜提取快递，当晚已卸载不用的软件，第二天晚上打开qq空间查看照片，出现三次卡死的现在现象，只能直接退出，重新进去，不能返回。反映给售后，打电话通知，要送回检测，需要15天情况，已经上传卡死的视频。
运行速度：不知道什么原因新买的第二天晚上就出现卡死的情况"
天蓝色,WLAN版 256G,1,"买了14天精准的出现了问题。
屏幕中央有一条线这不上去了
使点劲整个屏幕都会黑
拿去苹果售后，说是会换新机
然鹅拿到手一看就不是新的，屏幕上有指纹
充电口划痕
机身侧面划痕
但是懒得再换了，毕竟知道这样换的肯定不是新机
只是想把公司发的京东卡用掉不然会在apple买
当时去店里看机器
小哥。劝我不要在京东买，至于为什么他不能说，我估计京东上的机器很多都是返厂维修过的
所以出现问题的概率是比较大的，如果大家没有京东卡需要买苹果的东西，建议还是去苹果官方旗舰店线下门店去买吧。"
天蓝色,WLAN版 256G,1,浪费感情，#
天蓝色,WLAN版 256G,1,才买10天降价300，还没有保价申请，#。
天蓝色,WLAN版 256G,1,机子冲不进去电，也没人帮你解决问题，退货别想，拖#
天蓝色,WLAN版 256G,1,真的#，刚买完第二天就有优惠，太气人了，呵呵。东西本身还行。
天蓝色,WLAN版 256G,1,套餐很不值不建议购买套餐~~50块能买到的东西这里要126
天蓝色,WLAN版 256G,1,绝对是给差评，店大欺客吗？买了东西问售后不理。各位要买的，好好考虑一下他们的售后。我花了钱还地像#一样。我真的是脑子进了屎才会买这个。
天蓝色,WLAN版 256G,1,踩坑了，说是全新未拆封，实际上已经提前激活半个月，卖个已经激活的机子，京东也真是#，这就是所谓的京东自营，大家慎重
天蓝色,WLAN版 256G,1,1月份买的平板，现在3月初，电脑屏幕中间就出现一条&ldquo;线&rdquo;，特别怀疑商品的质量，不支持退货，不支持换新，#，苹果，比小米还坑，真的是醉了，客服也想傻子一样
天蓝色,WLAN版 256G,1,大家别买这家产品，拆封了想验货也不能退，而且他们的双11的价格比苹果官网现在教育优惠的还高出了问题就拿店里的规定来顶你双11说好的~后可以用的优惠券最后也不可以用，还说是系统出问题密码忘了拿去修还要出钱特坑的一家店，别买吧大家
天蓝色,WLAN版 256G,1,还没收到产品，显示订单已经完成。急忙联系京东投递员，答复放~了，要打开~看~取件码，我京东买的啊大哥，搞这么复杂。未联系客户，未经过客户允许就放在第三方且无明确的取件方法，这重庆京东配送怎么和广东这边差别这么大，你要放哪里好歹打个电话沟通下吧，可能你觉得这不是贵重物品，但对于我这普通打工者来说是很贵的了。
