Pencil二代(适用2018款Pro),,3,买给老板的 感觉还行吧 就是苹果产品
Pencil二代(适用2018款Pro),,3,东西不错，正品，但是现在京东快递都是三日达？
Pencil二代(适用2018款Pro),,3,买了没几天蓝牙就出问题了，不过京东的售后还是很好的，很快就换了一个
Apple Pencil,二代(适用全面屏iPad Pro),3,笔用起来还行，充电也挺快的
Apple Pencil,二代(适用全面屏iPad Pro),3,刚到手。pad还在路上。京东五六就是快。
Pencil二代(适用2018款Pro),,3,手感顺滑，质量还不错，对得起价格。笔容易丢是个问题。
Apple Pencil,二代(适用全面屏iPad Pro),3,不错，是正品，还可以
Apple Pencil,二代(适用全面屏iPad Pro),3,明显有人动过
Apple Pencil,二代(适用全面屏iPad Pro),3,平时用不上
Apple Pencil,二代(适用全面屏iPad Pro),3,真品全新
Apple Pencil,二代(适用全面屏iPad Pro),3,"外观材质：不耐脏
屏幕效果：还可以
运行速度：比较快
轻薄程度：一般"
Apple Pencil,二代(适用全面屏iPad Pro),3,女儿放寒假买的，还没开学就坏掉了。返厂维修中......
Apple Pencil,二代(适用全面屏iPad Pro),3,运气不好买到支坏的，花半个多月换了另一只，笔不错，换货能快点就好了
Apple Pencil,二代(适用全面屏iPad Pro),3,我买的ipad+pencil套装 ipad屏幕有点问题 现在在售后要寄回去 所以pencil我拆都没拆 怎么评价啊
Apple Pencil,二代(适用全面屏iPad Pro),3,拆开包装不能退了，挂在**800，喜欢的可以看看价格合适就拍下。程筱碟
Pencil二代(适用2018款Pro),,3,正品无疑。全新未拆封。体验还可以，敲击笔换功能限制应用和场景。不是任何位置都可用，另外有熄屏笔记就好了。
Apple Pencil,二代(适用全面屏iPad Pro),3,只适配ipad pro 11跟12.9，看清楚了再买，实在买错了也不要拆，拆了说啥也不给换，一定要注意看清楚
Apple Pencil,二代(适用全面屏iPad Pro),3,比较小巧，用着还可以，价格略贵，购买时关联一些通讯套餐，就物品本身还可以，京东自营产品，到货比较快
Apple Pencil,二代(适用全面屏iPad Pro),3,额，套上后，在加上平板有保护套，没有办法在笔套和ipad保护套同时在的时候完成pencil的无限充电，每次都要取下来才能进行无限充电充电
Pencil二代(适用2018款Pro),,3,东西没问题 就是降价了30
Apple Pencil（第二代）,,3,有点反应慢半拍的感觉
Apple Pencil（第二代）,,3,跟想象的还有差别
Pencil二代(适用2018款Pro),,3,没有办法必须用啊。
Apple Pencil（第二代）,,2,不太满意，有瑕疵，不愉快！
Apple Pencil,二代(适用全面屏iPad Pro),2,好评正在调货中，调货完毕就会好评，请耐心等待
Pencil二代(适用2018款Pro),,2,刚买完就降价 呵呵
Pencil二代(适用2018款Pro),,2,发过来就是弯的
Pencil二代(适用2018款Pro),,3,比想象的重不少  价格也贵了点
Pencil二代(适用2018款Pro),,3,刚放上屏幕有2毫米画不上，不知道为什么
Apple Pencil,二代(适用全面屏iPad Pro),3,说送的东西一样都没来
Apple Pencil,二代(适用全面屏iPad Pro),2,用了不到20天就充不进电
Apple Pencil,二代(适用全面屏iPad Pro),3,笔的接触不是很好
Apple Pencil,二代(适用全面屏iPad Pro),3,就这包装 以后谁还敢买下次
Apple Pencil,二代(适用全面屏iPad Pro),3,买来都没什么用
Pencil二代(适用2018款Pro),,3,"买来就降价40
保价？"
Pencil二代(适用2018款Pro),,3,已退，iPad pro版本不对用不了
Apple Pencil,二代(适用全面屏iPad Pro),3,图个新鲜，价格太贵，不是很划算
Apple Pencil,二代(适用全面屏iPad Pro),3,客服态度差，总体一般，快递不错。
Pencil二代(适用2018款Pro),,3,东西应该是好东西，但是京东让人很恶心的点在于，才收到没两天就降价，还不让价保
Pencil二代(适用2018款Pro),,3,好用！就是等的太久了
Pencil二代(适用2018款Pro),,3,不错，不过刚买就降价40，还不给价保，就很难受...
Apple Pencil（第二代）,,3,有点弯
Pencil二代(适用2018款Pro),,2,好用，灵巧
Apple Pencil,二代(适用全面屏iPad Pro),3,"不知道别人的是不是这样，我的笔头这块缝隙这么
大"
Pencil二代(适用2018款Pro),,3,还可以  就是电量不够用 一会儿就没电了
Apple Pencil,二代(适用全面屏iPad Pro),3,趁618活动买完发现比官网贵了20块钱。。。有点懵
Apple Pencil,二代(适用全面屏iPad Pro),2,笔头和笔身之间缝隙较大，别扭。
Apple Pencil,二代(适用全面屏iPad Pro),3,笔上有个小黑点，怎么擦都擦不掉
Apple Pencil（第二代）,,3,买的时候要从外地调货，要三天，买了那天晚上又有货了，第二天就能到？？？
Pencil二代(适用2018款Pro),,2,感觉那个点两下切换的不灵敏啊&hellip;&hellip;真的是
Apple Pencil（第二代）,,2,以为是~买入，结果又便宜20，感觉亏成狗，哈哈哈20块说多不多但不知道为什么，自从上了张大妈总感觉不是最~就是亏
Apple Pencil,二代(适用全面屏iPad Pro),3,还可以，但是温度太低的时候无法充电
Apple Pencil,二代(适用全面屏iPad Pro),2,在iPad Pro上写字画画的手感一般，感觉不值这个价
Apple Pencil,二代(适用全面屏iPad Pro),3,东西没问题，就是降价了100啊啊啊啊啊！迟一天买就可以价保100元了
Pencil二代(适用2018款Pro),,2,为啥我用了两天用弯了，还有断断续续的痕迹
Apple Pencil,二代(适用全面屏iPad Pro),3,京东的速度是没话说的，但是竟然比官网和猫的旗舰店都贵，买了才发现，无法理解
Apple Pencil,二代(适用全面屏iPad Pro),3,暂时没发现什么问题， 但包装比较脏 ，不太爽
Apple Pencil,二代(适用全面屏iPad Pro),3,为什么不补差价 ，969-899=70
Apple Pencil,二代(适用全面屏iPad Pro),2,断触！！换货后还是断触！
Pencil二代(适用2018款Pro),,2,一般，还不如用华为的
Apple Pencil,二代(适用全面屏iPad Pro),3,没想象的好，有点鸡肋
Apple Pencil,二代(适用全面屏iPad Pro),3,为什么iPad Pro不支持一代
Apple Pencil,二代(适用全面屏iPad Pro),3,贵得出奇，要不是为了画图我估计考虑都不考虑这犊子玩艺，
Pencil二代(适用2018款Pro),,3,没什么好说的就是这个价格每天都不一样  看不懂 还有就是有的时候有送东西有时候没有  很气 提示大家看好了在买
Pencil二代(适用2018款Pro),,3,刚刚打开，笔头拧进拧出都正常，但笔头螺旋不规整，不知道这是坏的还是本来就是这样的？
Apple Pencil,二代(适用全面屏iPad Pro),3,要买还是得去苹果官网买 千万别在这买 官网的还便宜 还有携刻
Pencil二代(适用2018款Pro),,3,笔尖处有赃物，怀疑是二手货，不过京东客服很给力，已经给换货了，只是耽误了点时间，其他都很好
Pencil二代(适用2018款Pro),,3,第一次评价，不知道本来就这样还是品控问题，买来第三天笔杆悄悄有点弯曲。
Apple Pencil,二代(适用全面屏iPad Pro),3,用在12.9p的还是有点延迟，点击app返回键没反应
Apple Pencil,二代(适用全面屏iPad Pro),2,我下单下错了，和我的ipad不匹配，但因为拆封了，不给我退，我就去苹果店里买也是能退的呀
Apple Pencil,二代(适用全面屏iPad Pro),3,有时候开机了会连不上蓝牙，要关机再开一遍，希望尽快解决问题
Pencil二代(适用2018款Pro),,3,买了一支没用几天丢了又去实体店买了一个没有实体店里的用着流畅有时候点东西会没反应
Apple Pencil（第二代）,,3,脏，还是带有湿度的那种，什么保护都没有，没有电话没有短信，大哥你好歹发条短信告诉我放柜子里啊
Pencil二代(适用2018款Pro),,3,笔还可以，但我很不满意物流，没有好好给我包装，就一个塑料袋子包装，没有缓冲填充物。
Apple Pencil,二代(适用全面屏iPad Pro),3,笔很有质感，但是电池真的不太行，用一阵儿就没电了
Apple Pencil,二代(适用全面屏iPad Pro),2,不是很喜欢这个笔有点不习惯没有我以前的好用没有我想象中那么好用不值这个价
Apple Pencil,二代(适用全面屏iPad Pro),2,笔尖好像被人用过，磨的都反光，和能换的笔头不是一个颜色
Apple Pencil,二代(适用全面屏iPad Pro),3,是国产的，京东网站没有标明，包装质量比美国的要差，性能还不清楚，要用一段时间试试看...
Apple Pencil,二代(适用全面屏iPad Pro),2,买的雷了 第二天显示笔已连接 笔没反应 必须断开重连 笔是一直吸在平板上的
Apple Pencil,二代(适用全面屏iPad Pro),2,好用是好用，也太容易坏了吧，一不小心用膝盖稍微压了一下，就断了
Apple Pencil,二代(适用全面屏iPad Pro),2,连接不上iPad Pro
Pencil二代(适用2018款Pro),,2,笔有点问题，一个月内出现了几次莫名其妙写不出来，打给客服，试了几种方法依然没有用，送去门店检修，突然好了，回来后又出现同样的问题。。。非常奇怪，不过客服态度还是可以的。
Apple Pencil,二代(适用全面屏iPad Pro),3,商品是不错，不过这家的客服不行，买了转接头，不到一个月坏了，找客服客服一直不理人。
Apple Pencil,二代(适用全面屏iPad Pro),3,就感觉挺普通一根笔 使用后也没觉得怎么好用 不理解为啥能单卖九百多
Apple Pencil,二代(适用全面屏iPad Pro),2,这个是我使过的最stupid 笔，连个充电显示都没有，也不知道充满没有。半天了都没反应！
Pencil二代(适用2018款Pro),,3,买回来的笔出了问题，没办法和我的iPad进行连接，去苹果售后检测过，我的iPad没有问题，但是由于临近年关，他们也没有办法去确认是不是笔出了问题，所以建议我退货。
Pencil二代(适用2018款Pro),,3,使用起来不顺滑，有的角度使用起来是沙沙的感觉，像是锋利的东西在刮屏幕的声音。看视频吧，前面是不顺滑的角度，沙沙的响，后面换个角度后就顺滑了声音也正常了。但是总是这样要找到合适的角度使用才可以会挺烦躁的。
Pencil二代(适用2018款Pro),,2,"笔尖和笔身之间有很大的缝隙，合不起来，强迫症受不了，
重启之后会连不上，有时候突然也会连接不上，然后重新充电就可以，但有时候重新充电都不可以，就很迷，接触不灵敏，就有时候会莫名其妙掉线，奇奇怪怪的，体验感不好"
Pencil二代(适用2018款Pro),,2,京东降价无价保，各种理由推脱
Apple Pencil（第二代）,,2,京东售后客服态度不好，差评！
Apple Pencil（第二代）,,3,太脏了。还不如去实体店买。外包装实在脏的可怕
Pencil二代(适用2018款Pro),,2,刚买完就降价 还不能保价 太过分了 好气啊
Apple Pencil（第二代）,,2,垃圾，，，，，
Apple Pencil,二代(适用全面屏iPad Pro),3,与ipad一样的问题，发货相当的慢
Apple Pencil,二代(适用全面屏iPad Pro),3,这包装也太捡漏了吧！呵呵，难道是我付的钱不够?
Pencil二代(适用2018款Pro),,2,很iPadpro一起买的，iPadpro都辣鸡的不行，也没法体验好不好，就这购物体验就没心情给好评
Apple Pencil,二代(适用全面屏iPad Pro),2,发货严重超时
Apple Pencil（第二代）,,2,我的笔和ipad pro也是连接不上，苹果官方客服和京东客服都已经联系了，刚新买的，心情不好已经申请换货了，期待这次回来的是好滴，可以完美搭配
Pencil二代(适用2018款Pro),,3,第一次在京东买到有问题的产品，笔不能点也不能划，打电话给苹果支持，那边换了两个工程师也没解决，最后还是去Apple Store换了根新的才算完事儿
Pencil二代(适用2018款Pro),,2,怎么说呢，好歹小1k的东西就拿快递袋装着，连个减震的都没有，连盒子都不配有吗？？？？？服了?
Pencil二代(适用2018款Pro),,2,平板因为拿到手有个坑 退货了 我和第一个客服说这个笔也退了 既然还不给退 我平板都退了 我拿笔吃吗？平板退货而且也不是我的问题 是你们发来的新机一个坑好吧 但是第二个客服比较好
Pencil二代(适用2018款Pro),,3,笔还是可以的，我及时买了笔套，哦&hellip;对于包装我无话可说就那泡泡袋，略显简陋~使人失望至极&hellip;虽这几百块的东西，也不能这待遇呀
Pencil二代(适用2018款Pro),,2,开封了不能退换，我买错了，我的是10.5英寸的pro，开封连了一下才发现连不上，810包邮出，绝对全新没用过，我根本连不上，哭，怪自己没看清以为pro就行。~一三**八七六零九零九
Apple Pencil,二代(适用全面屏iPad Pro),3,东西很快就收到，但由于买的是板子加笔的套餐，笔是附赠品（其实从售价上看，明显就是苹果官网上板与笔的总价）发票上根本没有显示到二代笔的产品信息和型号，建议大家一定要向当地授权门店了解这种情况能否享受到联保。售后人员不知道是态度不好还是智力不行，老是答非所问
Apple Pencil,二代(适用全面屏iPad Pro),3,东西凑合  但是自营店客服极其不专业   大马路上随便拉个人都能做客服么  自家卖的东西都不清楚   让我很无语  要不是因为京东E卡只能在自营店消费  我真不想搁这买
Pencil二代(适用2018款Pro),,2,不是东西不好就是京东这个太坑了七天无忧退换拆封不包括的，能不能标在明显位置买了air没注意买了二代笔，现在只能闲置唉东西是很好，就是感觉这个退换不支持拆封不标在显眼位置有点@了。
Apple Pencil,二代(适用全面屏iPad Pro),3,买错了用不了，想用二代的换成一代的，不要差价都行，不给换，压根也不跟你沟通。你说再多，他只会说一句抱歉了呢，这是在京东自营上面买东西，体验最差的一次。
Apple Pencil,二代(适用全面屏iPad Pro),3,笔很好 就是笔尖太扯淡了 纯塑料有点蠢 写起来很打滑 苹果就不能设计个有阻尼感的笔尖吗
Apple Pencil,二代(适用全面屏iPad Pro),3,不要用京东售后！不要用！找苹果官方、记住、京东售后慢的要死。要回厂检测，然后也不给处理，就一直拖不知道什么时候给你换货。苹果官方比较快！
Apple Pencil,二代(适用全面屏iPad Pro),2,"寄过来的时候直接将笔放进箱里没有任何缓冲措施，好歹是个电子产品啊？这样放不会被摇摇晃晃影响它吗？而且刚刚才开的箱里有黄色的不明痕迹在内部。总之非常难受
外观材质：脏东西"
Apple Pencil,二代(适用全面屏iPad Pro),2,我收到的笔摇晃内部有响声，送去售后，二十多天，我打电话催了，把笔原样送回来了，说监测没有问题，明明里面有响声我问了别人正常是没有的。我也不想花二十多天再去售后了，太耽误事了。我虽然生气，但我说的是事实。
Apple Pencil,二代(适用全面屏iPad Pro),3,拆开之后有脏东西是我没想到的，本来还纳闷桌子那么干净怎么会粘在笔上，但粘那么紧，很明显不是（更离谱的是我已经擦掉了忘了留证据），这次真的很失望，早知如此就应该去苹果官网买。
Pencil二代(适用2018款Pro),,2,"双十一重庆超体开业，去现场下单买的pad、pencil、键盘，由于ipad的赠品显示门店没有货，所以选择了快递配送，而键盘跟pencil显示现货，所以选择了自提。哪知下单后到一楼苹果区提货被告知无货，需要过几天再来提。然而过了4、5天体验店客服部的工作人员打电话来问我键盘好不好用？？？我！！键盘还显示出库状态，你问我好不好用？我说键盘和笔我都没有收到啊。结果她说你这个需要自提的。我说，我知道啊，但是你们没有货，我提不到啊。然后她就挂了电话专门去帮我查了一下后回电话给我说，有货，你来提吧。然鹅等我大老远跑过去，兴高采烈的提货，结果还是没有货，心好累&hellip;&hellip;
最后的最后超体店给发了快递，21号终于收到货了。好事多磨，一波三折，到此总算得到比较圆满的解决了。感谢超体店的工作人员，新店开业辛苦啦，特别感谢线上的电话客服，一直跟踪督促问题的处理，使问题得到有效解决。
之所以给两颗心，是为了提醒能坚持看到这里的小伙伴：千万不要选超体店自提！千万不要选超体店自提！！千万不要选超体店自提！！如果一定要选，最好确认有库存再选，否者就选快递配送吧。（完）"
Apple Pencil,二代(适用全面屏iPad Pro),2,品控不稳定，套装买的，无法与Ipad Pro 2020款连接，与在线客服联系，在线客服给苹果官方技术支持电话，技术支持电话要求去指定的服务店检测，检测后，认定是这个点读笔有问题，在线客服说返回维修，然后15天过去了，么有任何电话联系，维修页面信息也不更新，期间，多次，问在线客服，答复：在检测，要耐心等待。后与京东电话客服联系，电话客服非常负责任，最终查明是维修中心信息不对称，根本就没有维修，而是返回了京东快递站点，但京东快递站点也没理会这件事，靠电话客服的努力，最终换新成功，前后历时20天！大赞京东电话客服！给电话客服点赞！是你们维护了京东自营的品牌形象！事实上，在线客服根本就没有与售后联系，都是搪塞，在线客服严重损害了京东自营的品牌形象！
Apple Pencil,二代(适用全面屏iPad Pro),3,"最近要写论文需要看很多参考，所以想着买个平板和pencil来辅助，本来是觉得苹果的很靠谱，结果整个过程还挺揪心的。
买的平板预售，笔到的时候平板还没到所以到的当天只是拆开检查了笔并无破损，配件齐全，等平板到货之后，发现这个笔无法连接，为此我还倒腾了一遍平板，最后发现确实是笔的问题，所以我申请售后，当时也挺着急的，而且这么个精致的玩意儿才这么几天就出现这么大的问题属实是很担心自己之后的使用！
后来给客服说，客服一直爱搭不理，整个过程都很揪心，跟我说超过了15天只能送去维修，维修还要15天，心累！
最后找了京东客服，也还是需要商家同意才行，反正最后也没送口，说啥都是那种官方回复。送来的笔和之前的包装啥的也都不一样，不知道是否给换新啦。
不是很满意apple自营店的服务，希望这笔之后一切都好！"
Apple Pencil（第二代）,,3,挺好用的，就是价格太离谱了
Pencil二代(适用2018款Pro),,3,不错，就是有些贵了
Apple Pencil（第二代）,,2,宝贝还行，官网的价格，但物流较慢，快递员不负责。
Apple Pencil,二代(适用全面屏iPad Pro),3,有点小贵，不过用起来很方便
Pencil二代(适用2018款Pro),,3,买错了，air3买的二代笔，你看郁闷不，拆封还不能退，~，~?
Pencil二代(适用2018款Pro),,3,还可以
Apple Pencil（第二代）,,3,东西还行，只是(￢_￢)
Pencil二代(适用2018款Pro),,3,没啥好说的，三星给本身产品  另外两星给售后，是挺坑的哈，无奈╮（╯＿╰）╭
Apple Pencil,二代(适用全面屏iPad Pro),3,刚买就降价
Apple Pencil,二代(适用全面屏iPad Pro),3,双十一下的单，过了两周才发货，这就是京东的速度，期间询问客服，客服一问三不知，这就是京东的服务，此后再不上京东。
Apple Pencil,二代(适用全面屏iPad Pro),3,凑合
Pencil二代(适用2018款Pro),,3,说实话，如果不是美术专业，不用来画画的，这笔还真的没多大必要，本来想七天无理由退货的，由于回老家一趟，忘记退货了，才买一个多月，现在8折都想~了
Apple Pencil,二代(适用全面屏iPad Pro),3,挺一般的，可惜2020的pad很多功能没有实装，而且客服纯#人【是怎么的呢】【是怎么的呢】
Apple Pencil,二代(适用全面屏iPad Pro),3,没注意看！~苹果官网现在教育优惠比这便宜100多块，才800多，发货速度也不慢难受！
Pencil二代(适用2018款Pro),,2,~吗？899元~，8月9日下的单，今天刚收到拆封，有发票为证，因本人蠢以为applepencil适用所有平板设备，买回来才发现不是，仅适用iPadPro&hellip;&hellip;本人平板电脑设备是微软的surfacepro5，用不了，也没有意向计划买iPad，又因已拆封退不了货，实在没法用，只能~，有需要的朋友联系我收了吧，感谢?
