银色,WLAN版 128G,3,"运行速度：会卡
屏幕效果：还行吧
轻薄程度：还行
外观材质：还行
其他特色：还行"
银色,WLAN版 128G,3,正在激活看到平板后有一小点，
银色,WLAN版 128G,3,电池健康度89 不知道咋回事
银色,WLAN版 128G,3,还没使用  看看后续使用有没有什么问题
银色,WLAN版 128G,3,毕竟也是几大千的东西，这快递也不知道经历了啥
银色,WLAN版 128G,3,目前还行
银色,WLAN版 128G,3,电池健康不对。只有82其他还可以吧。我还返厂了都退回来了
银色,WLAN版 128G,3,商品不知道
银色,WLAN版 128G,3,"外观材质：外包装完好，但是里面产品盒子有凹痕
运行速度：还可以，到手时候的电量是64并没有100满格电量，其他地方都还可以吧"
银色,WLAN版 128G,3,"外观材质：挺好
屏幕效果：屏幕感觉一般，吃鸡能90帧，但是分辨率感觉不好
运行速度：很快
轻薄程度：合适
其他特色：3000块钱吃鸡能90帧，就这一个亮点"
银色,WLAN版 128G,3,没有想象的屏幕颜色好看，和小米手机10至尊的屏幕比了下，无论从色彩层次度还是色彩饱和上，还是光线的处理上都没什么亮点，苹果越来越下坡路了。音响效果还不错，重量已经很轻了。
银色,WLAN版 128G,3,特意用过一段时间来评价，没有预期的好。运行速度正常，外观正常，重点是电量不经用，四个多小时充满，看视频差不多4个小时用完。
银色,WLAN版 128G,3,东西还行，用着不错，电池也没有问题，但是拿到有两粒灰尘，开机之后仔细看还是看得到，不仔细看就还好。这批好像很多有灰尘，懒得换了。
银色,WLAN版 128G,3,没有之前活动大-不送壳膜
银色,WLAN版 128G,3,其他还行就是电池耗电太快
银色,WLAN版 128G,3,包装破损，掉电快
银色,WLAN版 128G,3,包装不太好，挺薄的
银色,WLAN版 128G,3,晚上像素不太好
银色,WLAN版 128G,3,屏幕里面有白点
银色,WLAN版 128G,3,下载不了东西感觉亏了
银色,WLAN版 128G,3,屏幕不是太细腻，总体还行?
银色,WLAN版 128G,2,这样子包装真的不怕碎吗    就只有一面有气泡
银色,WLAN版 128G,3,包装都烂了 气带也全是漏的 上点心吧
银色,WLAN版 128G,3,一般般吧，和2019没感觉到区别在哪里
银色,WLAN版 128G,3,一般般吧，除了比华为贵点，没啥明显优点。
银色,WLAN版 128G,3,心里满满的期待，结果回来外包装全破了，心情不好
银色,WLAN版 128G,2,官方售后差，服务不好
银色,WLAN版 128G,2,没下单前明天到，下单之后和普通快递一样，三天。
银色,WLAN版 128G,3,"屏幕效果：黑边太多了 但不影响使用
外观材质：挺轻薄的"
银色,WLAN版 128G,2,为什么里面有划痕？？
银色,WLAN版 128G,3,一般，就这样
银色,WLAN版 128G,2,屏幕里面点灰
银色,WLAN版 128G,2,屏幕效果：有灰
银色,WLAN版 128G,2,声音有点。。。。。
银色,WLAN版 128G,3,"用了一个月就坏了 
苹果品控不行呀
还好售后不错 最后换了一台"
银色,WLAN版 128G,2,不知道为啥出现这样的情况。客服说系统问题！！？？？体验感一下就不好了
银色,WLAN版 128G,3,用了一个礼拜之后不断自己重启，还是去官网买吧。
银色,WLAN版 128G,3,"屏幕效果：有颗粒感
运行速度：一般
外观材质：好像塑料
轻薄程度：一般"
银色,WLAN版 128G,3,不太好 看剧的时候总卡顿 刚买没多长时间&hellip;
银色,WLAN版 128G,3,还行吧，没有翻车唯一的不足就是贵了。其他的平台上2850。
银色,WLAN版 128G,3,为什么买了第二个还是这样啊！第一个买了退了，这第二个刚拿到货，打开试试还是这样！！
银色,WLAN版 128G,3,东西还行，但是品控不行，屏幕有坏点，已经申请换货了，就很浪费时间。
银色,WLAN版 128G,3,屏幕效果：实在不行，如果使用led的屏幕，看这个屏幕感觉发白，乌突突的。建议上air
银色,WLAN版 128G,3,白色黑边还是有点明显的，而且有点不对称，屏幕有个小灰不怎么影响
银色,WLAN版 128G,3,怎么说感觉一般吧，屏幕总是一般的黑边多点一边少点，苹果的做工这么辣鸡吗？这个包装也是有点简陋
银色,WLAN版 128G,2,上海仓，屏幕有两个坏点，换货再看看?。。。有没有一样的小伙伴？强忍也不影响只是心里难受，换货就怕换到更差的，唉～
银色,WLAN版 128G,3,特别轻，总感觉自己收到了一个玩具平板，像素也就那样，拍出来的照片不咋清楚
银色,WLAN版 128G,3,包装破损，里面填充物炸开，包装盒边角有磕碰痕迹，pad表面保护膜有划痕，ipad可以开机
银色,WLAN版 128G,2,屏幕里面有灰，贴钢化膜的时候才发现，我要给退了，买回来的要多仔细观察下
银色,WLAN版 128G,3,买之前看评论，说是屏幕里有灰、坏点，掉漆等等，收到货第一时间检查，还是没有幸免，有两处掉漆
银色,WLAN版 128G,2,"外观材质：还行
屏幕效果：还行
运行速度：不错
轻薄程度：不错
其他特色：都还好吧
然后屏幕里面有一颗灰尘"
银色,WLAN版 128G,3,运行速度：ios的优点在于流畅，不卡顿，但是续航有点短，虽说配了20W充电头，但是相比于安卓的快充还有慢了很多
银色,WLAN版 128G,3,别的还行，就是屏幕有一大一小两个灰尘点，贴膜才发现&hellip;鉴于人工客服一直没人，懒得换了，麻烦
银色,WLAN版 128G,2,"外观材质：我的是银色的，看不出来有什么不对。
屏幕效果：屏幕保护的还行。
运行速度：刚开始很快，用久了就可能没有这么好了
轻薄程度：一般。
其他特色：商家配送的时候砸到外壳，里面东西还好没事"
银色,WLAN版 128G,2,翻车了，屏幕里面有一个坏点，申请售后京东客服说拿去检测，确定是质量问题才能退货，不知道能不能退款成功。。
银色,WLAN版 128G,2,咋说呢，就有一点不好，比手机卡顿，比方网在客厅，我在卧室，手机连网没问题，平板就不行了，就卡
银色,WLAN版 128G,2,视频不太清晰；有些应用不适配，不能全屏；屏幕里有灰尘杂质，但不影响观看，贴膜时发现的，pad里信息多了，懒得换。一分价钱一分货。
银色,WLAN版 128G,3,"屏幕效果：指纹处不知道是剐蹭，还是有个脏东西在内屏，因为双十一买的，但女朋友生日在12月，所以今天才拆开发现问题，没法退换，所以大家记得及时验货！
视频里的声音可以听出那个地方有个东西，拍照可能拍的不是那么清晰。
外观材质：官方店没想到品控也只是这个样子，不影响使用就算了吧，现在激活后用一段时间再评价"
银色,WLAN版 128G,2,哈哈，没想到我也踩雷了。屏幕有白色灰尘，这就是苹果的诚意吗？哈哈，退货了
银色,WLAN版 128G,3,"iPad今年最小的升级就换了一个a十二芯片，再经掐了一个二十瓦的充电器，就是这样来骗钱。一点诚意的升级都没有。但是价格实在是便宜，作为入门级的iPad。真的是真香定律啊。
运行速度：性能只能说a12够用两年前的CPU也不算特别落伍。
屏幕效果：颜色是准确的，但是对比iPad，其他家族实在是不能看。
其他特色：其他特色，就是没有特色。2000元档最强平板电脑。"
银色,WLAN版 128G,3,外观上没什么问题，非全贴合屏幕也尚能接受，毕竟就这个价位。以为要抢购，所以刚发售就蹲点抢，结果并不需要。成都仓发货，22号才收到。送过来之前慌得一匹，因为很多人反应成都仓的iPad电池有问题，部分人反应屏幕里面有灰尘或者外观磕碰，收到时候立马做了检查，确认OK之后才激活机器，由于身边没有电脑，没有常规的数据线，又没时间去网吧，所以就在官网的apple支持上做了线上检测，说是没有问题。但问到健康值百分比时，服务人员说他也没法查看？？真假不得而知。使用上目前没有发现什么问题，不知道是不是新版本Bug的缘故，设置里的触控ID与密码一栏老是提醒密码输入错误，但实际我又没动过，然后稀里糊涂就导致iPad停用，没办法把指纹解锁关了，现在还是手动输入密码解锁。电池续航感觉尚可，毕竟也就偶尔玩一下平板，有时间再用电脑仔细查看下数据。送的皮套质量还可以，图中皮套自己另外买的，耳机压根用不着，扔一边了，钢化膜就是个辣鸡。
银色,WLAN版 128G,2,送个垃圾蓝牙耳机是羞辱我吗？
银色,WLAN版 128G,2,一点啥都没得，真是裸机
银色,WLAN版 128G,2,如果没有想好的，不要打开，不要动它，不要试想点进去，只要你打开，只要你看到页面，你第一步要通过一系列的设置，不然看不到，而经过这一些，你就算打开用过了，尽管只是打开瞧瞧，不让瞧，瞧了就不能退换，除非非得有故障，当然一般可能也没故障，听人说，如果想打开看一下，就一下，only看一下页面，就不能退，而你想还能退的话，去苹果官网买吧
银色,WLAN版 128G,2,绝了，刚刚买回来就降价了，太难受了
银色,WLAN版 128G,3,音质非常差应属于质量问题，已申请换货。
银色,WLAN版 128G,2,不知道为啥很卡很卡 感觉特别不值这个价格
银色,WLAN版 128G,3,屏幕效果：屏幕垃圾有黑边不贴合想换机又换不了非常差的购物体验果断差评
银色,WLAN版 128G,3,满满的塑料，较之前版本减料了很多，失望！
银色,WLAN版 128G,2,我都要怀疑是不是我太挑剔了，换了一个还是有灰，还加个划痕
银色,WLAN版 128G,2,外观材质：刚买的到手就有划痕。其他没啥毛病，就懒得退了，***&hellip;
银色,WLAN版 128G,2,"不存电，我怀疑买了个二手货。
第一次对京东怀疑。充满看视频只能看大概4小时。"
银色,WLAN版 128G,3,这次购物体验很差，售后电话服务员态度极其不耐烦，好像我欠他一样。产品还有问题
银色,WLAN版 128G,3,学英语的时候带着总感觉有杂音，看视频的时候倒没发现，但是学英语的时候杂音真的有点太明显了
银色,WLAN版 128G,3,第一次用苹果  感觉不如安卓好用  可能是我不会用吧  给孩子辅导功课的用  可是上面的学习软件都是收费的   如果是给孩子辅导作业真心不建议购买！！！
银色,WLAN版 128G,3,下单前显示本地有货，第二天就能送到，下单后呵呵，从北京调过来，三天，这算欺诈吗？开箱的时候很不爽，提着上面的盖子里面的盒子竟然没有一点点滑下来，我得手动用力去扣下来，说好的舒适阻尼感呢？我很怀疑包装的问题
银色,WLAN版 128G,2,怎能说呢，包装一眼难尽，然后才一个星期就给我卡成这样&hellip;&hellip;急着上课才买的，做个笔记结果直接给我卡成白板，屏幕拉大还有线？？？
银色,WLAN版 128G,3,"屏幕效果：反光

运行速度：用了近两个月，前几天突然出现一次触屏失灵情况，任何地方都点不动，想滑动关机也没有办法，最后问了客服是强制关机重启以后恢复正常，苹果也不过如此，不要再吹了"
银色,WLAN版 128G,3,在京东自营店购买iPad 2020，机器 原装正品 未拆封。爱思助手 检测满分?，美中不足是 开机后马上 收到行事历的 垃圾广告，京东客服已告诉我拦截的方法。
银色,WLAN版 128G,3,验机完事了，没啥问题，但是这个真的指纹不灵敏，指纹解锁好几次打不开。那么贵重的东西京东就给包一个破盒子，而且盒子都坏了，胶带也不粘了，里边就一层泡泡膜
银色,WLAN版 128G,3,我对设备本身没有多大感受，使用程度低，买来看文件的。服务我吐了，订单莫名其妙给我暂停，如果不是我一直找客服，给我升级成专员对接，是不是就不发货了？从购买到拿到用了两天半，这么长时间我为什么不选择隔壁，淦。
银色,WLAN版 128G,3,apple的手机耳机都是在京东买的，没出过问题。但这次的ipad好像有问题。屏幕前置摄像头附近时不时断断续续的异响。打售后问如果换货要怎么处理，说是要寄回去检测符合才能换新，我形容了一下那异响的声音类似咔咔咔那种声音，售后客服说我是不是太夸张。我说要不我先去apple实体店检测一下只是感觉那里当场可能也测不出来。客服说那如果它确实没问题的当然检测不出来啊。她的语气像说我在碰瓷。她还说什么零件是有空间的，一定的声音是正常的。你买回来四天的机子有这种不明响声是正常的？那祝你一辈子买到这种机子。再观察几天，实在不行还是得申请换货。可是寄来寄去实在有点不放心啊。以前没出过问题，都不知道原来在京东买的是不可以在apple直营店换的。唉心累
银色,WLAN版 128G,2,"运行速度：开机激活在选择网络竟然卡上了，搞得我只能按下关机键让他息屏，再打开爱思，电池容量88？what&rsquo;s the hell&hellip;&hellip;整的人很尴尬好吧，
屏幕效果：不是全贴合屏幕，属实手指点上去不舒服，有钱的话，最好还是买air吧
外观材质：万年不变的材质！！！有什么要我夸的？
其他特色：银色一直是最爱
不吹不黑，不扯爱不爱nation，ipad在ios14这上面还是有点逊色，汉字九宫格拼音只能悬浮小键盘输入？excuse me？"
银色,WLAN版 128G,3,"非常差的一次购物体验，不知道是苹果破罐子破摔了还是京东破罐子破摔。
第一次买了贴膜的时候发现屏幕里面有白点，应该是灰尘吧，果断退货，
第二次买的外观倒是没什么问题，贴膜的时候发现膜稀碎，可见快递过程多么暴力。
第一次使用电池掉的很快，可能是初次开机的事，这个用几天再追加评论。
还有送的保护壳，按键部分直接是空的，每次按还要透过旁边厚厚的保护壳去按按键。后边卡槽还是全包，学学人家亿色，中间空的，可以散热！
送的耳机也很鸡肋，送这些东西还不如给点优惠或者延长质保呢。
一样pad本身不要出功能上或者其他方面的毛病，不然真是亏死了，还不如我2017年买的iPad。
另外，这个差评是给京东的。"
银色,WLAN版 128G,2,屏幕效果：这是都发的瑕疵品？收到后屏幕里就有黑点看得很不舒服，还有送的壳膜是~拼来的？
银色,WLAN版 128G,3,运行速度：卡顿，刚用就卡顿，特别是逛~直接是屏幕动不了，感觉很差
银色,WLAN版 128G,3,东西没问题。但是物流从上海到福建像用马车送的一样，而且箱子都破了机器直接就能从洞里掉出来就这样还电话都不打直接给我扔到~去了是iPad太便宜了都不值得送一下吗就算不送要放驿站起码也打个电话问一下吧。京东的快递现在也走这种路线了吗
