银色,WLAN版 256G,3,"运行速度：很快
屏幕效果：很好
外观材质：有点掉漆"
银色,WLAN版 256G,3,做工可以，用着还行，价格略贵，air性价比更高！
银色,WLAN版 256G,3,说实话，东西还可以，就是觉得买前生产力，买后爱奇艺。。介意买普通的就行
银色,WLAN版 256G,3,王者荣耀进行中自己关机的情况大概也就遇上了七八次吧，电量还充足，不知道是啥情况。看了其他人好像也都遇上了这个情况，不知道苹果能不能解决一下。
银色,WLAN版 256G,3,"外观上没有任何瑕疵
相机扫描很清晰
运行上很卡，确定只有一部手机和ipad同时连接WIFI
耗电较快
619到货，在官网认证显示618首次开机"
银色,WLAN版 256G,3,亲，你们有遇到这样子的情况吗？
银色,WLAN版 256G,3,才买了一个多月就充不进去电了
银色,WLAN版 256G,3,物流连泡沫都没放 好贵哟
银色,WLAN版 256G,2,我要是没注意看，降价的事就是坑了。
银色,WLAN版 256G,2,千万别在没货的时候预购 血的教训
银色,WLAN版 256G,2,屏幕显示效果不怎么样，远远低于我预期
银色,WLAN版 256G,2,边缘有小划痕
银色,WLAN版 256G,3,9天才发过来
银色,WLAN版 256G,2,东西不错，两星是给售后的，买完降价一百，由于买的时候用的北京消费券，保价失败，客服一直自动回复，人工不回，担忧以后的售后。
银色,WLAN版 256G,3,打王者荣耀有裂屏的感觉。。时不时还有杂音操下音。。不兼容？
银色,WLAN版 256G,3,不知道什么 感觉 好像不像全新，包装里面有要杂物，用的时候感觉误点比以前的iPad多
银色,WLAN版 256G,3,商品到手用了几个月，闪光灯就坏了。正在寄回厂返修的路上，品控不是很好。
银色,WLAN版 256G,3,收到快递的时候有些不满意，盒子有一点挤压的痕迹。问了客户说可以换，但又急着用，就没愿意换，目前使用还没什么问题，希望以后不会再有这种瑕疵毕竟花了这么大价钱，快递是真的快，但是没有让我拆箱验货，感觉有些不严谨，再看以后使用情况吧。
银色,WLAN版 256G,2,"外观材质：不错
屏幕效果：很好
运行速度：很溜
其他都还好，就是天气冷了冲不进去电，1-5℃。不知道是不是属于正常的，客服说正常。我这边不能接受。可能这个不适合给家里没暖气穷人用吧。"
银色,WLAN版 256G,3,"冲动消费了！发现自己并不是怎么需要！外观手感也不是我喜欢的传统的圆滑质感....反正就是蛮后悔的
外观材质：不喜欢，搁手
屏幕效果：好
运行速度：快
轻薄程度：过于薄了
其他特色：没感受，有点大了&hellip;&hellip;"
银色,WLAN版 256G,3,"总体来说感觉一般，就外观来说完全符合预期，买pro而不是其他很重要一点就是这个原因。
结构光非常好用，系统流畅度也不错，是苹果一贯的样子，但也会出现卡顿的现象，软件优化还得跟上。
续航没有官方宣传的那么长，单就我来说日常使用六小时左右电量就差不多用完了。如果是玩游戏或是充当生产力工具的话那就可想而知了。"
银色,WLAN版 256G,3,掉电太快，没多长时间就没电了，包装还是破的
银色,WLAN版 256G,3,刚买就降价就是一坑，沟通也没用，不带这样的。
银色,WLAN版 256G,3,双十一下的单，过两星期才发货，这就是京东的速度，期间问客服啥时候能发货，客服一问三不知，这就是京东的服务，此后再不上京东。
银色,WLAN版 256G,3,耗电太厉害了，关了高刷一样很快没电，就看看视频而已
银色,WLAN版 256G,3,预售居然比正常买的还贵，还不能保价！要预售干嘛，等着被坑嘛！我也是醉了，下回千万别买预售的东西！！
银色,WLAN版 256G,3,Ipad是正经ipad就是这包装也太随意了，拿到手我都惊呆了，装ipad的盒子四个角全部都有褶皱，被撞过。就不能塞进去点填充物吗？
银色,WLAN版 256G,2,音量上键松动，又急需使用，客服让我自己去线下店维修，家离店铺又很远，凭什么我花几大千买的东西有问题，代价让我出，现在只能自己认栽了！
银色,WLAN版 256G,2,东西还凑合，三个按键晃动有很大的声音，特别是视频的时候，会让对方感受到哒哒哒哒哒，很明显。今天一看，还降价了，降价太快恐怖，直接降了10%，真是悔恨不该买。
银色,WLAN版 256G,2,没有购买pencil，文字处理体验很差，看视频很多清晰度不够，想下载一个欧姆龙的编程软件根本找不到，看来变生产力是不可能的了
银色,WLAN版 256G,3,~电话用不了，服了
银色,WLAN版 256G,2,上午到的下午拆封的然后发现逛~屏幕往下滑屏幕出现小滑线这质量我不想说什么了。
银色,WLAN版 256G,3,买之前看了较长时间~，记了有很多检查的东西，结果我到手了之后大概一看没啥问题直接开机了，导致忘了拿我的显微镜看弯不弯和屏幕有没有坏点，激活以后也是没啥问题直接用了，太细致的检查懒得做了，~这些纠结的人是越看越难受啊，玩王者是真玩不了，看模型还行。。这次京东价格挺吃惊的物流也比较吃惊哈哈其他特色：奥利给轻薄程度：奥力给外观材质：奥力给屏幕效果：奥力给运行速度：奥力给，无论遇到什么困难也不要怕，微笑着面对他，加油奥力给
