天蓝色,WLAN版 256G,5,好看高大上，喜欢了好久还是忍不住的下单买回来了，功能反应够快，苹果就是不一样，用起来也很顺畅，不管怎么看都觉得很好看哦，买了蓝色，真的是大爱哟！从未让人失望过的品牌，值得购买，真是太喜欢啦?
天蓝色,WLAN版 256G,5,"外观材质：摸着特别顺手
屏幕效果：大屏看网课特别爽
运行速度：很快，但是也卡过。
轻薄程度：有点小重
其他特色：颜色我好喜欢，我买的是蓝色的。
电量真的特别耐用，我偶尔看个网课，充一次电，能用三四天。"
天蓝色,WLAN版 256G,5,"在买之前我真的看了好久的评论，越看越心惊，但还是下定决心买了，第二天就到货了，昨晚还骚扰了客户姐姐，我问了一堆问题，客户姐姐很有耐心，真的辛苦了。
我没有出现评论中说的有碰撞，被开过机的情况，真的不用担心。（我教育价买的，实体店可不敢这个价买出来，到货也比官网要快，官网的话，可能要2周左右，我原先在官网买的，感觉要等好久就给退了）
今天上午到的货，我仔细看了好久，没有什么瑕疵才开的机，说句真心话蓝色真好看！只是手机照不出来那种蓝，照片上看着有点像银色。画画也很快乐，随便乱糊了几笔哈哈哈，快乐！"
天蓝色,WLAN版 256G,5,"真的爱了爱了 iPad Air4是真的香
触感真的很好 很轻薄 选的是天蓝色的 超级漂亮
享受了教育优惠 很棒！"
天蓝色,WLAN版 256G,5,"京东陪我从air3到4 邮寄过来六角尖尖 两个角有一点挤压 很不错的物流
蓝色很漂亮 但是拍出来像银色没内感觉 就不拍照献丑啦 
教育优惠 绝 
新显示屏不漏光 4k高清 看课件很舒服 调到最暗不伤眼 进步了很多 看课件的感觉直接起飞 （图四就是最暗的光线下在黑房间里的效果"
天蓝色,WLAN版 256G,5,"终于等到心心念念的ipad啦！收到货的第一反应就是蓝色果然好好看！很轻薄！爱不释手！还好有教育特惠，还赠送了耳机！太棒了！操作流畅，音效以及观看视觉也不错，爱了爱了！
?非常漂亮，做工精细，颜值担当，非常方便，?喜欢的朋友可以下手！"
天蓝色,WLAN版 256G,5,这是一次非常满意的购物体验。首先颜值很高，天蓝色很美。其次设计回归直角，很古典。虽然很大，但比较轻薄。当然运行速度很快。总之很棒！
天蓝色,WLAN版 256G,5,天蓝色真的很奈斯！！但是这个怎么拍都有色差。然后物流很快！考研党加油！！
天蓝色,WLAN版 256G,5,非常喜欢无按键的设计，使用起来非常流畅，配合笔非常好～
天蓝色,WLAN版 256G,5,东西非常好用，而且对学生优惠力度还是很大的。第一次用苹果的设备，感觉用起来非常的人性化，生态环境非常的干净。比安卓类的好多路。
天蓝色,WLAN版 256G,5,"A14芯片/触控 ID /全面屏MYFY2CH/ A )天蓝色非常好。外观材质:这一代的 Air 外观上有了很大的改变,回到了iphone4的时代,但是做了很多改进,做工更精细,漆面做的也很好。屏幕效果:屏幕显示效果没有任何瑕疵,很清晰,也没有很直观的刺眼,久看也不会觉得伤眼。运行速度:运行速度还是很决的,这一代的A14仿生芯片真的很给力,无论是运行游戏还是娱乐 APP 都很流畅。轻薄程度:Air4做的并不是很重,单手短时间拿起还是很轻松的,到不介意长时间拿起,毕竟平板本身就大,也不能跟手机一样随时拿着玩,在能接受范围内总体来说新一代Air4各方面做的都还不错,无论是娱乐手,京东购物也很放心,推荐大家购买"
天蓝色,WLAN版 256G,5,"外观材质：手感舒适
屏幕效果：非常棒。和我的11相比好太多了
运行速度：快就完事了
轻薄程度：拿在手里薄薄的。生怕掰折了
其他特色：颜色新颖。正好我喜欢蓝色。"
天蓝色,WLAN版 256G,5,"外观材质：更喜欢绿色的那个可惜没货了买了个蓝色的
运行速度：苹果还是很流畅的
轻薄程度：很薄手感很不错
其他特色：感觉感觉还是不是很习惯苹果系统，恕我安卓系统用惯了，感觉安卓更方便"
天蓝色,WLAN版 256G,5,"外观材质：外观很好看，全屏的
屏幕效果：屏幕效果很不错，看着很舒服
运行速度：运行速度特别流畅，这一点苹果还是值得吹的
轻薄程度：很薄，很轻，拿很久也不会觉得很累"
天蓝色,WLAN版 256G,5,买的教育优惠版，虽然只有机子和存电器，但效果好，超级喜欢，体验感也非常棒，壳子和比是自己另外买的
,,5,"外观材质：不得不佩服苹果的设计，真的很棒
屏幕效果：屏幕感觉很好，不伤眼，很柔和
运行速度：A14运行速度很快
轻薄程度：个人感觉手感还是很轻的
其他特色：非常奈斯！教育优惠真香！！"
天蓝色,WLAN版 256G,5,"这款产品很棒
用了一个多月了
目前并没有什么问题
学习画画追剧都很赞呐"
天蓝色,WLAN版 256G,5,"性能没的说，音效超级好，
画面基本看不出像素点"
天蓝色,WLAN版 256G,5,很好看，和预期中的一样好，使用不卡顿，手感超级好，爱了！
天蓝色,WLAN版 256G,5,很好看，颜色也非常的可，一步到位直接买了个256的，手感也非常不错
,,5,"苹果的系统确实好,上网课很方便东西很不错,用来上课打游戏特别好，买了这个"
天蓝色,WLAN版 256G,5,"外观材质：蓝色真的太好看了，拍照拍不出来，肉眼看就很惊艳
屏幕效果：可
运行速度：可
轻薄程度：薄"
天蓝色,WLAN版 256G,5,天蓝色颜色很好看。非常喜欢，屏幕很大触感很舒服
天蓝色,WLAN版 256G,5,运输真的太快啦，前一天下单，隔天就到了，机子很新未激活，天空蓝yyds!
,,5,非常不错的东西，给同学买的，同学非常喜欢，值得推荐购买
天蓝色,WLAN版 256G,5,"外观材质：铝合金细磨砂材质，比较上一代产品重量大幅减轻，直角边框也很经典。做工精细无瑕疵
屏幕效果：苹果公司独特的视网膜显示屏加上高分辨率与原彩显示，平板电脑中最好的屏幕
运行速度：2020年全新5**处理器a14仿生，运行流畅无卡顿，并且节能不发热
轻薄程度：非常轻薄，难以置信可以在这么薄的机身里实现这么强大的功能与技术
其他特色：ios系统生态好，沉浸式体验，用过就离不开"
天蓝色,WLAN版 256G,5,"使用起来很顺滑，显示很清晰和真实。拍照功能很多很快乐，办公起来也很舒服，游戏玩起来也顺畅。
轻薄程度：轻薄好用舒服就完事儿"
天蓝色,WLAN版 256G,5,"轻薄程度：拿在手机真的超级轻薄哦 最大感受就是挺轻的
外观材质：感觉这个蓝色没有图中想象的蓝色 反倒是有点偏暗偏灰色
屏幕效果：视觉感官很好
运行速度：很快 灵敏度也很好"
天蓝色,WLAN版 256G,5,"外观材质：外观很nice，很喜欢天蓝色
屏幕效果：很流畅，不会有延迟
运行速度：超级快
轻薄程度：很薄，和手机差不多"
天蓝色,WLAN版 256G,5,今年苹果发布了iPad Air4，不仅在这款iPad上首发了5**制程的A14芯片，还提供了很多新的配色。于是乎，我在京东利用教育优惠购买了这款iPad，物流迅速，京东客服也很有耐心为我讲解，很棒的一次购物体验。
,,5,我非常喜欢这个颜色，而且超级好看，超级薄
天蓝色,WLAN版 256G,5,"轻薄程度：薄
外观材质：金属的，质感很好
运行速度：快
屏幕效果：显色可以的
其他特色：天空蓝真的很好看(??&omega;??)??"
天蓝色,WLAN版 256G,5,颜值担当，非常喜欢，边框比原来的好看多了，要再小一点就更完美了。
天蓝色,WLAN版 256G,5,"外观材质：蓝色很好看啊，爱了 就是没有耳机插孔有点失望
运行速度：速度也很快"
,,5,"外观材质：手感非常好
屏幕效果：屏幕非常棒
运行速度：运行速度运行很快
轻薄程度：很薄
其他特色：是一次很棒的购物体验"
天蓝色,WLAN版 256G,5,超级快超级快 超级满意超级满意 很漂亮很漂亮 喜欢喜欢
天蓝色,WLAN版 256G,5,"外观材质：蓝色真的太香了，不同光线不同质感，绝绝子。
屏幕效果：好，不贴膜爽歪歪。
轻薄程度：很轻便。"
天蓝色,WLAN版 256G,5,真的非常的棒，颜色也特别的好看，手感特别好，真的非常满意。
天蓝色,WLAN版 256G,5,非常喜欢，很好用，侧面touch id第一次用，非常顺手
,,5,真香，早买早享受宝贝收到啦，实物真的好看，价格非常实惠，强烈推荐这款，超级喜欢
,,5,非常不错，性能好。苹果的平板目前还是全地球最强的。没有之一。
,,5,"运行速度：快
屏幕效果：好
外观材质：好看?
轻薄程度：够薄
其他特色：很满意的一次购物"
,,5,挺好看的 很实用，查过了还没激活。
,,5,外观材质：这质量真是太意外了，实物美美哒，触感很好，太喜欢了
天蓝色,WLAN版 256G,5,"好看好看好看喜欢喜欢喜欢?
手感超级棒 屏幕一级好"
天蓝色,WLAN版 256G,5,"外观材质：特点喜欢蓝色，选的这个色也好喜欢，快递?超快的，第二天就送达了
运行速度：目前用下来的感觉还行"
,,5,"外观材质：很棒
屏幕效果：很棒
运行速度：很棒
轻薄程度：很棒
其他特色：很棒"
天蓝色,WLAN版 256G,5,送货很快，蓝色不后悔～
天蓝色,WLAN版 256G,5,很好平板很好用很喜欢就是特地买来学习的手感很好很不错用来学习方便多了真好喜欢极了
,,5,虽然激活弄了好久，但还是很喜欢
天蓝色,WLAN版 256G,5,"外观材质：很好
屏幕效果：清晰度高
运行速度：非常快
轻薄程度：轻薄很方便"
天蓝色,WLAN版 256G,5,"很好用，非常好用
下次买还买这个"
天蓝色,WLAN版 256G,5,很好，很快，很美丽，很喜欢。很满意了
天蓝色,WLAN版 256G,5,很不错啊没有像评论里说的那样什么翻车了什么的，我饿平板到了挺好的用的，充电也能充满。不知道评论里的人在官网为什么会翻车！而且京东速度很快，说的是隔日达，次日就送到了。
,,5,"外观材质：好看
屏幕效果：顺滑
运行速度：快
轻薄程度：很薄
很喜欢"
天蓝色,WLAN版 256G,5,使用感不错，很顺滑。天蓝色很棒的颜色??
天蓝色,WLAN版 256G,5,"送货快，全新未激活，
屏幕效果：惊艳
运行速度：很快
轻薄程度：很薄"
,,5,"外观材质：好
屏幕效果：很好
运行速度：速度很快
轻薄程度：跟跟踪哈哈哈哈哈"
天蓝色,WLAN版 256G,5,物流很快 次日达 是正品 很满意 颜色也很好看
天蓝色,WLAN版 256G,5,"运行速度：超级赞
屏幕效果：很好
外观材质：亮 

轻薄程度：较轻巧"
,,5,"特别好用
天蓝色超好看
性能十分优秀"
天蓝色,WLAN版 256G,5,特别好！天蓝色很好看
天蓝色,WLAN版 256G,5,用自己学生优惠购买的，价格应该是很便宜的了，物流速度也很快，不错
天蓝色,WLAN版 256G,5,超级无敌好用，非常棒的购物体验。
,,5,物流简直神速！送货很快！东西也完好无损，拿到真的太开心了
天蓝色,WLAN版 256G,5,好用 家人很喜欢 比前一代air有质感
,,5,蓝色绝了！！太好看了！
天蓝色,WLAN版 256G,5,真的很好，很轻薄，颜色也很好看！
天蓝色,WLAN版 256G,5,做笔记写东西真的很方便，玩游戏也很好
,,5,外观材质：学生价，5199到手的，真香
天蓝色,WLAN版 256G,5,非常喜欢这个产品，质量好
天蓝色,WLAN版 256G,5,很好看，性价比也高！
天蓝色,WLAN版 256G,5,"外观材质：包装好
屏幕效果：很好
运行速度：很快
轻薄程度：很轻薄"
天蓝色,WLAN版 256G,5,"屏幕效果：非常好
外观材质：美观
轻薄程度：很薄，很不错"
,,5,"运行速度：行 流畅
轻薄程度：很轻巧
其他特色：物流给力"
天蓝色,WLAN版 256G,5,很好看 配货速度很快
,,5,真的是超级满意，不错不错，优惠不少
,,5,包装很好，很轻薄，运行速度也很快
,,5,非常好用，苹果的产品还是一如既往的优秀??
天蓝色,WLAN版 256G,5,物流很快哦 是正品耶 没有翻车哈哈哈哈哈哈棒棒棒
天蓝色,WLAN版 256G,5,"外观材质：好看，其实非常像灰色。。
安全下车"
,,5,很好看啊，666，以后有需要还来
天蓝色,WLAN版 256G,5,屏幕效果：速度特别快，特别好用的a12芯片
天蓝色,WLAN版 256G,5,非常好，快递贼啦快，屏幕贼大
天蓝色,WLAN版 256G,5,"外观材质：好
屏幕效果：好
运行速度：棒
轻薄程度：好
其他特色：赞"
,,5,运送过程保护很好，外包装没有磕碰，值得入手
天蓝色,WLAN版 256G,5,这平板太香了哦哈哈哈哈哈 特别好用
天蓝色,WLAN版 256G,5,平板非常好用，流畅，是正品
天蓝色,WLAN版 256G,5,物有所值 很不错 我很喜欢
天蓝色,WLAN版 256G,5,质量很好，运行速度也很快
天蓝色,WLAN版 256G,5,好用的！我很喜欢！很值得
天蓝色,WLAN版 256G,5,挺好用的   很流畅很帅
天蓝色,WLAN版 256G,5,很棒，很轻，尺寸可以
天蓝色,WLAN版 256G,5,很流畅，蓝色特别好看。
,,5,买来看电影，屏幕非常好
天蓝色,WLAN版 256G,5,很满意的一次购物  物流也快
天蓝色,WLAN版 256G,5,屏幕效果和运行速度都很不错
天蓝色,WLAN版 256G,5,是正版，完美，没有翻车
天蓝色,WLAN版 256G,5,"运行速度：很快
外观材质：非常漂亮
屏幕效果：很好
轻薄程度：适中"
天蓝色,WLAN版 256G,5,挺好的！用起来很舒服
天蓝色,WLAN版 256G,5,物流速度非常好，客服态度也很好
,,5,超级棒棒，手感也很好快递也很快
天蓝色,WLAN版 256G,5,非常棒不看好好看看加
,,5,收到了货 感觉真的很好
天蓝色,WLAN版 256G,5,教育优惠是真的香！开心死了我。
,,5,好用，京东送货速度很快
天蓝色,WLAN版 256G,5,非常不错，满意一次购物
天蓝色,WLAN版 256G,5,东西还不错我很喜欢。
天蓝色,WLAN版 256G,5,真的太好看啦，，，，，，，
天蓝色,WLAN版 256G,5,新版 Air 很给力
天蓝色,WLAN版 256G,5,"运行速度：快
屏幕效果：挺好的

轻薄程度：不错

其他特色：物流很快"
天蓝色,WLAN版 256G,5,"屏幕效果：很好
运行速度：很快
轻薄程度：很薄
外观材质：外观很帅气"
天蓝色,WLAN版 256G,5,"外观材质：非常棒
屏幕效果：对眼睛很好看
运行速度：非常快，一点都不卡
轻薄程度：手感好，轻薄"
,,5,"外观材质：棒
屏幕效果：不刺眼，很柔和
运行速度：就一个字 快
轻薄程度：舒适"
天蓝色,WLAN版 256G,5,"外观材质：工业级艺术品
屏幕效果：没得挑
运行速度：a14就是现在平板天花板
轻薄程度：手感很舒服
其他特色：教育优惠是真的香"
,,5,"外观材质：做工极其优秀，严丝合缝，手感非常棒，苹果产品的一贯作风
屏幕效果：不错，原彩显示的作用挺大的，自动亮度+对比度调节，看起来很舒服，全贴合屏的写字效果也很好。不过屏幕ppi感觉还是小了，264ppi，比起我的441ppi的一加7T还是有差距，不过15cm以外是几乎看不到像素的，也称得上是&quot;视网膜屏幕&quot;。60hz确实不太够看，不过想到续航的问题就忍了，毕竟当初没买pro就是看到室友的18款pro的悲惨的续航XD
运行速度：不怎么玩移动端游戏，这方面没啥感知，其他应用打开都是很迅速，这就够了
轻薄程度：比一瓶饮料轻，比我的一加7T更薄，手感很好，加上官方保护壳之后重量也可以接受。但还是希望不要做的太薄了，稍微厚一点加强一下机身刚性和电池容量，应该会更好
其他特色：买来就是大学记笔记用的，这方面体验非常不错，续航够用学习一整天，其他的没啥。时隔多年重回apple的怀抱，感觉还是很满意的。"
天蓝色,WLAN版 256G,5,很漂亮，很轻薄，淡淡的蓝色挺漂亮。而且还是TypeC充电口的，就是不太敢把安卓手机的充电器给它用，怕坏了。东西除了贵一些外，没有什么大的缺点。买来给孩子上网课用的。希望可以多用个几年。
天蓝色,WLAN版 256G,5,"平板颜值非常的高，而且特别轻薄，用起来系统也很流畅。以前用的一直都是安卓系统的平板，没用过苹果系统，所以一直不适应的是美中不足的是他没有耳机孔，只能用转接线连接耳机或者是使用蓝牙耳机。
屏幕效果：特别棒
轻薄程度：比较轻薄"
天蓝色,WLAN版 256G,5,第一次入手iPad，非常喜欢，就是没有想象中的变成生产力??可能还需要配上键盘吧，感觉256G买大了，用不完这么多，心疼我的钱包，总体上都不错吧，有高刷就更好了，手机是90hz的，60hz还是稍稍迟钝了些，不过还可以??有颜值就够了??
天蓝色,WLAN版 256G,5,挺不错的 很丝滑 没什么问题 就是买的时候没注意没耳机孔啊 我全是有线耳机
天蓝色,WLAN版 256G,5,第一次用苹果的产品，体验不错，已经用了半个月了，还配了二代笔，爱了爱了
天蓝色,WLAN版 256G,5,宝贝已收到，包装完好无损，外观设计漂亮，运行速度快，不错。
天蓝色,WLAN版 256G,5,图三左边是蓝色，右边是银色。蓝色很好看。
天蓝色,WLAN版 256G,5,第一次配送出了点小问题，换货一周左右，比较快。好评！
,,5,"外观材质：宽边没有想象中的难以接受，还不错
屏幕效果：挺好的
运行速度：挺好的
轻薄程度：手感还可以"
,,5,终于盼到京东的air4教育优惠了，不多不说机器是真的好用，是课堂学习的一大利器?
,,5,好用，蓝色也好看，第一次买ipad，希望不要让我失望
天蓝色,WLAN版 256G,5,还可以，教育优惠了400元。反应还挺快的。
天蓝色,WLAN版 256G,5,不错 还可以 欢迎大家买
天蓝色,WLAN版 256G,5,"外观材质：有质感
屏幕效果：清晰
运行速度：苹果一向不会卡的
轻薄程度：方便携带"
天蓝色,WLAN版 256G,5,"轻薄程度：挺薄
屏幕效果：还可以，就是很多软件铺不满全屏"
,,5,"外观材质：可以
屏幕效果：可以
运行速度：可以
轻薄程度：以 
其他特色：还行"
天蓝色,WLAN版 256G,5,自我感觉屏幕不是很好看，其他都很好，
天蓝色,WLAN版 256G,5,"屏幕效果：不错
运行速度：挺快的
外观材质：不错
好评！"
天蓝色,WLAN版 256G,5,"外观材质：挺好看的
屏幕效果：挺好的
轻薄程度：够轻薄"
天蓝色,WLAN版 256G,5,"外观材质：好看
屏幕效果：挺不错的
运行速度：还行吧
轻薄程度：薄
颜值还是很高的，用起来很舒服，但感觉电池还是不太好，京东买东西还是快。"
,,5,颜值没的说，用起来丝滑流畅
天蓝色,WLAN版 256G,5,挺好的，自己的也行挺喜欢
天蓝色,WLAN版 256G,5,ipad air4外观好看用起来不错
天蓝色,WLAN版 256G,5,速度快         包装完美
天蓝色,WLAN版 256G,5,用的教育优惠价格，相当划算！
天蓝色,WLAN版 256G,5,轻便，是用来学习的好工具
天蓝色,WLAN版 256G,5,用了教育优惠，便宜了400块。
天蓝色,WLAN版 256G,4,包装真随便，这都皱了
天蓝色,WLAN版 256G,5,很想要个iPad，趁着教育优惠入了，那是针不戳啊
,,5,"外观材质：就那样了
轻薄程度：薄
 
其他特色：不清楚
运行速度：还行"
,,5,还没打开，买来送给女朋友的，叠加9折价格美滋滋
,,5,"运行速度：很快
屏幕效果：超级好
外观材质：很美观，质感舒服
轻薄程度：很薄
其他特色：性能完好"
天蓝色,WLAN版 256G,5,"正品 可以
充电慢慢的"
天蓝色,WLAN版 256G,5,正在试用期，五星观望
天蓝色,WLAN版 256G,5,nice！平板还是得买苹果
天蓝色,WLAN版 256G,5,可以的
,,5,"运行速度：还行
屏幕效果：不错
外观材质：可以
轻薄程度：不错
其他特色：新一代芯片"
天蓝色,WLAN版 256G,5,"还行
外观材质：还行
屏幕效果：一般
运行速度：还行
轻薄程度：还行
其他特色：还行"
,,5,"外观材质：OK
屏幕效果：OK
运行速度：OK
轻薄程度：OK
其他特色：OK"
天蓝色,WLAN版 256G,5,"屏幕效果：很好
外观材质：很不错"
天蓝色,WLAN版 256G,5,"屏幕效果：好
外观材质：好看"
,,5,外观材质：特别好，特别流畅
天蓝色,WLAN版 256G,5,很好的一款产品，大赞
天蓝色,WLAN版 256G,5,还行吧，死过一次机
天蓝色,WLAN版 256G,5,成功下车！非常好！
,,5,外观材质：非常喜欢！
,,5,很不错-物流也很快
天蓝色,WLAN版 256G,5,很好用 性价比高
天蓝色,WLAN版 256G,4,值得的一次购物
天蓝色,WLAN版 256G,5,好轻啊很方便
天蓝色,WLAN版 256G,5,很快，值得信任
天蓝色,WLAN版 256G,5,很不错，也很实惠
天蓝色,WLAN版 256G,5,还可以。蛮便宜的
天蓝色,WLAN版 256G,5,外观很好看！！！
天蓝色,WLAN版 256G,5,高清，很大方
天蓝色,WLAN版 256G,5,平板挺好的
,,5,外观材质：好看！
,,5,特别好，是正品
天蓝色,WLAN版 256G,5,使用感不错
天蓝色,WLAN版 256G,5,物美价廉
天蓝色,WLAN版 256G,5,画画非常好
,,5,外观材质：好
天蓝色,WLAN版 256G,5,超级棒 好nice
天蓝色,WLAN版 256G,5,很好啊
天蓝色,WLAN版 256G,5,凑合用
天蓝色,WLAN版 256G,5,很不错
天蓝色,WLAN版 256G,5,iPad真香。
天蓝色,WLAN版 256G,5,靠谱！
天蓝色,WLAN版 256G,5,挺好
天蓝色,WLAN版 256G,5,丝滑
天蓝色,WLAN版 256G,5,"外观材质：苹果Air4材质延续了之前，外观变化最大，取消了屏幕上的物理按键
屏幕效果：屏幕效果可能会更亮一点吧，说实话与上代没有太大差异
轻薄程度：依旧轻薄，依旧好用"
天蓝色,WLAN版 256G,5,"外包装有一点破损，边角都压了，但是平板完好。
天蓝色太好看了！！姐妹们冲！！！"
天蓝色,WLAN版 256G,5,教育优惠款，便宜了四百，和官网教育优惠一样价。iPad air4天蓝色，吹爆这颜色，太美了好看了！！！15号下单今天下午就到了。一开始担心没有现货，没想到快递还是***的，官网要3月7才发货呢。拿到快递有点惊吓，以为要翻车，因为包装是有一点问题的，纸盒子有点扁扁的，快递员帮我拆开的纸盒子，检查了一下里面的白盒子包装是完整的，没有受损才签收。回到家按照某书上做开箱一系列检查，屏幕电池摄像头等都没有问题，是正品，这才放下心来。快递员和客服都还蛮认真的。好评！
天蓝色,WLAN版 256G,5,挺好的，全新的。但是拆封激活后发现屏幕有点内凹，背部稍稍凸起，不是很平，不知道是个例还是属于正常情况。也没办法了不能退，不过因为不是特别明显所以不耽误使用
天蓝色,WLAN版 256G,4,"iPad Air4 使用感受
首先：虽然现在内心极度悔恨,但还是要祝自己剁手快乐。（没用过iPad Air系列的，所以买个体验下）。包装有点简陋。
以下是体验感受
流畅度：这个嘛。相信选择苹果的人应该都心里清楚。因为ios系统的原因，所以比之安卓确实好很多。游戏方面只体验了和平精英，有点小失望。似乎确实没有体现出A14的优势。不知道这是什么原因。卡倒是不卡，但是没啥优化。
办公的话：需要自己购买软件，买只apple pencil 和一个键盘。键盘我用了。虽然不是apple的妙控键盘，但是接上键盘后ipad会自动切换到外设键盘模式。感觉还可以，很智能。apple pencil我用的是品胜。能被iPad识别到。差不多是apple pencil的感觉吧。（没用过apple pencil）下载了GoodNotes 5.用起来感觉还不错。游览注释pdf文件很方便。虽然这不是ipad的功能，是软件。但这毕竟是为ios开发的。甚至可以说是针对ipad设计的。所以自然很棒。国产的很难体验到ipad的软件生态。这一点国产确实需要花时间去追赶。
其他：我手机是小米的。习惯小爱后。觉得Siri不是那么好用。"
天蓝色,WLAN版 256G,5,"十分nice
外观材质：可能老美的天比较暗，天蓝色有点像灰色了"
天蓝色,WLAN版 256G,5,为啥看电影？上下都有黑框？这个能弄全面屏吗？
,,5,漂亮！本来在纠结要不要买因为买了也没什么用，现在只想说真香
,,5,屏幕效果：高刷新率就很nice但是货太难抢了哈哈哈.教育优惠版太难了呜呜
天蓝色,WLAN版 256G,5,长按电源不能关机就很无语
,,5,针不戳，ipad针不戳
天蓝色,WLAN版 256G,5,包装怪简陋的！！！！
天蓝色,WLAN版 256G,5,货收到后就拆开用了，质量很好，东西和官网买的没区别！宝贝与描述基本一致，发货很快，值得一买！包装严实，东西保护的很好！
天蓝色,WLAN版 256G,5,外观材质：非常好，宝贝很高大上，质量很好，看上去就给人一种高级感，价格也合适，这次网购很愉快，大赞?东西质量非常好，与卖家描述的完全一致，非常满意
天蓝色,WLAN版 256G,5,东西质量还可以，快递速度也很给力质量没得说，跟专卖店一样，特别特别喜欢，而且价格优惠真的超级喜欢，质量非常好，与卖家描述的一致！
,,5,"外观材质：666666666
屏幕效果：很清晰  不错
轻薄程度：抱抱 
其他特色：好好好
运行速度：快快快"
天蓝色,WLAN版 256G,5,?从没想过这么实惠的价格，?能买到这么好的宝贝，?性价比非常高，我很喜欢哦?质量非常好，客服态度非常非常赞，有问题及时给解决了
,,5,太划算了这活动#，爱死了，#就完事了
天蓝色,WLAN版 256G,5,还不错，就是包装有点简陋。
天蓝色,WLAN版 256G,5,行
天蓝色,WLAN版 256G,5,非常好
天蓝色,WLAN版 256G,5,很好
天蓝色,WLAN版 256G,5,好评
天蓝色,WLAN版 256G,5,可以
,,5,很好
天蓝色,WLAN版 256G,5,好
天蓝色,WLAN版 256G,5,好
,,5,好
