深空灰色,WLAN版 128G,1,不是官方，打电话咨询过了
深空灰色,WLAN版 128G,1,这个咋回事呢，真不知道3000的东西这个熊色
深空灰色,WLAN版 128G,1,预付款不提醒付款。。
深空灰色,WLAN版 128G,1,暂时没有弄，送给闺女的礼物，外包装就这样
深空灰色,WLAN版 128G,1,屏幕效果：有斑点
深空灰色,WLAN版 128G,1,充不进去电，客服服务态度差，
深空灰色,WLAN版 128G,1,平台没有外音，用**的头
深空灰色,WLAN版 128G,1,买的全新的，出这个情况，得亏还是在这个店买的，我服了，
深空灰色,WLAN版 128G,1,屏幕效果：有坏点
深空灰色,WLAN版 128G,1,换货的屏幕还是有问题，直接申请退款了
深空灰色,WLAN版 128G,1,刚买的笔是坏的。让我无言以对。这叫什么服务？
深空灰色,WLAN版 128G,1,没有说明，不要
深空灰色,WLAN版 128G,1,第一次用了3天质检换货，第二次用了一天质检换货，到现在还没收到
深空灰色,WLAN版 128G,1,平板没问题，可充电插头用了三次后居然不能充电了
深空灰色,WLAN版 128G,1,"买了没一个月就卡顿


就这？"
深空灰色,WLAN版 128G,1,屏幕效果：屏幕辣鸡。进灰，谨慎购买
深空灰色,WLAN版 128G,1,"感觉好像假的
才买几天 没反应。。。"
深空灰色,WLAN版 128G,1,反应好慢
深空灰色,WLAN版 128G,1,我刚买，电池给我显示84，辣鸡。
深空灰色,WLAN版 128G,1,对制度实属不理解   买的多   优惠居然没了
深空灰色,WLAN版 128G,1,我翻车了，昨天打了客服查的电池容量86%。北京仓出货。
深空灰色,WLAN版 128G,1,买了带笔套装，但是笔真的没什么用，未开，客服说退不了笔了。
深空灰色,WLAN版 128G,1,屏幕效果：幕内有一个小点，不知道是灰尘还是屏幕坏了
深空灰色,WLAN版 128G,1,电池86
深空灰色,WLAN版 128G,1,屏幕进灰，品控差，重新购买再次进灰
深空灰色,WLAN版 128G,1,屏幕进灰，购买两次都是进灰，做工差
深空灰色,WLAN版 128G,1,链接热点，连接蓝牙要半天没反应。也完全搜不到蓝牙耳机的
深空灰色,WLAN版 128G,1,来得快走得也快  ，直接裂开。别问 问就是****新东西就给我怎这些 。文件夹给我卡了好几分钟，
深空灰色,WLAN版 128G,1,屏幕内有灰尘，而且还不少，送的保护壳钢化膜也没送，3个客服3个答案
深空灰色,WLAN版 128G,1,进灰，小黑点
深空灰色,WLAN版 128G,1,图中标及位置屏幕内部是有丝状灰尘的，而且快递收到时外包装已经破损，用了几天才发现屏幕里是有灰尘的
深空灰色,WLAN版 128G,1,没有收到货，系统显示已签收。买的壳膜套装版，壳膜快递员自己放到快递柜了，ipad机子快递人员自己去找了。壳膜和主机分别送。
深空灰色,WLAN版 128G,1,滑动屏幕的时候会有电流声不知道你们有没有你们听一下有的话麻烦回复我一下
深空灰色,WLAN版 128G,1,其他的都还不错，就是这个钢化膜实在是不堪入目，一直是这样的，根本没办法用
深空灰色,WLAN版 128G,1,一般般   拆了就不让退，怀疑质量问题它能让我送回去验货然后又送回来，跟我说没啥问题，接着用吧！！！
深空灰色,WLAN版 128G,1,刚拿到的第八代iPad，准备贴膜的时候发型屏幕有划痕。是给我发的专柜机吗？
深空灰色,WLAN版 128G,1,屏幕效果：屏幕不定时有白色条纹闪过，售后说需要返厂检测或者去苹果官方售后检测，结果人家官方售后根本不管，还是只能坐等京东来人取回了，唉，这质量真是堪忧
深空灰色,WLAN版 128G,1,"office不是免费预装，今天打开就不能打字，以前的不能另存，什么情况？
问也没人答，服务差，有问题不知道找谁"
深空灰色,WLAN版 128G,1,官方检测电池寿命91%，退货还麻烦的一批，都不知道要不要退了
深空灰色,WLAN版 128G,1,买贵了。八代128G 2999元都可以补贴300的。这里居然没有。店大欺客
深空灰色,WLAN版 128G,1,"外观材质：坏了一个缺口，不知商家得脑回路是咋想的，让我拿去售后做鉴定，不想给换就说不给换，也不是说一个缺口就能咋的，希望大家仔细一点，不要让这些**商家钻空子了
运行速度：实话实说，运行现在觉得还是不错的"
深空灰色,WLAN版 128G,1,买了两次屏幕里面都有灰尘，品控好差，懒得退货了，将就用
深空灰色,WLAN版 128G,1,"外观材质：还行
屏幕效果：屏幕里有灰尘，苹果就这?，真的烦，租不起无尘车间了?"
深空灰色,WLAN版 128G,1,"外观材质：一般
屏幕效果：还行
运行速度：流畅
其他特色：内屏刮花售后说我人为损坏，你给我人为刮一个内屏康康"
深空灰色,WLAN版 128G,1,"屏幕效果：效果不好，模糊
运行速度：卡，才拿到就卡顿出去
轻薄程度：一样
外观材质：一般"
深空灰色,WLAN版 128G,1,外观材质：材质还行吧，主要是收到货电池容量就只有90%出头，apple支持远程检测说确实容量93%建议我返场，我申请退货，京东自家检测又说没问题。非要给我退回来，让我用到80%以下再去维修。但是新机刚激活就90%贵司觉得很正常？？？让我再用用，就这处理方式？
深空灰色,WLAN版 128G,1,翻了翻了！只下载一个猿辅导，切换其他课件后竟然没有声音，要关掉程序重新启动才有声音???????????????????????????
深空灰色,WLAN版 128G,1,其他特色：就是说嘿Siri的时候，有时候有用有时候没用，虽然按照商家搞了半天，还是不太灵活，说是网的问题，我换了网，还是那样子
深空灰色,WLAN版 128G,1,屏幕内有白点，iPad还卡顿黑屏没有任何反应，需要重启后恢复，不定时的这样。京东服务略余官网，夜里到货发现问题不给退货，官网限期内可以随时退换
深空灰色,WLAN版 128G,1,翻车！用爱思查了下，电池寿命只有87，实际容量比设计容量低了1000
深空灰色,WLAN版 128G,1,好评没人看，其实产品还可以。希望平台别制裁我。   首先电池问题，买来查确实只有89，但冲放两次后变回100了。然后我的屏幕很可惜并没有灰尘小泡在里面。最后附图2798.4入手还要什么自行车？！
深空灰色,WLAN版 128G,1,东西到货用了两天了，a12处理器很好，运行流畅，非全贴合的屏幕也没有网上说的那么不堪，显示效果很满意，扬声器音质也还行，电池问题没有，屏幕里也没有灰尘，摄像辣鸡也无所谓了，完全用不上，再来说说缺点，厚了点，机身整体都是塑料的，做工还行的塑料可也是塑料，还有一个不能接受的是，无意间扣了下发现后面的苹果logo竟然是贴上去的，贴上去的，贴上去的，贴上去的。
深空灰色,WLAN版 128G,1,"耗电特别快，昨天买的，已经激活，收到后电量94%,回家后激活装App,感觉耗电非常快，耗电到30%左右早上充满，今天感觉还是耗电很快，定位和蓝牙都关闭，就停在设置界面，只亮屏，什么操作都没有，基本上是3分钟掉1%。无语了，按照这个计算，不看视频和玩游戏的情况下，就上个网，顶多5个小时，和家里的旧的比对了下，旧的要省电好多"
深空灰色,WLAN版 128G,1,"屏幕效果：屏幕内部出现数个气泡
外观材质：外观可以 还没开机，刚准备贴膜就出现这种 状况也是醉了，售后换机最快都要五六天，果断退了，重新买"
深空灰色,WLAN版 128G,1,屏幕效果：垃圾，换来换去都有灰尘
深空灰色,WLAN版 128G,1,啥也不说了，其他的完美，这电池无语了
深空灰色,WLAN版 128G,1,就冲这送的配件，那个壳子真的是垃圾。平板加固都加固不了。
深空灰色,WLAN版 128G,1,开封没有数据线，售后多次推脱责任，态度非常差
深空灰色,WLAN版 128G,1,垃圾，内屏有灰
深空灰色,WLAN版 128G,1,京东降价太快！还不支持保价。你降价了和你主动送赠品有什么关系？垃圾。
深空灰色,WLAN版 128G,1,换货之后屏幕里还是有灰尘，心累，不换了，就这样吧，品控真是越做越烂
深空灰色,WLAN版 128G,1,还从这里买吗？还买吗？别了吧，我这个例子就放这了，想买的随便。
深空灰色,WLAN版 128G,1,太棒了，刚抢购买完，第二天学生价就减了100，还抢的残次品，成都仓发出来的残次品
深空灰色,WLAN版 128G,1,差劲，电池有问题，果断退货。服务太差，正在等待京东退款处理
深空灰色,WLAN版 128G,1,运行速度：真心不好用。用着用着卡顿。而且不能撑满全屏
深空灰色,WLAN版 128G,1,贴膜才发现屏幕有灰点，2020pad真的很容易中招，大家谨慎购买
深空灰色,WLAN版 128G,1,电池垃圾。
深空灰色,WLAN版 128G,1,垃圾 背部有很大的电流声 而且屏幕还有灰尘
深空灰色,WLAN版 128G,1,？？客服您有事吗，态度那么阴阳怪气？我电池爱思助手查出来84，我想让京东客服给我查一下，这是什么意思？
深空灰色,WLAN版 128G,1,垃圾屏幕。 屏幕里面有黑点。屏幕左右不对称。
深空灰色,WLAN版 128G,1,屏幕显示的真垃圾。如果是要买来看电影啊，这些劝你别买。
深空灰色,WLAN版 128G,1,买了不到两个月，就充不进去电了，问客服都是机器人，也不出来个真人解决。
深空灰色,WLAN版 128G,1,Plus会员购买的，刚收货不到一周就降价，要求保价却遭遇京东和苹果客服反复推诿，请大家擦亮眼睛，京东客服和苹果穿一条裤子，别指望京东会为plus会员主张正义
深空灰色,WLAN版 128G,1,购买体验非常差。。屏幕上有划痕。而且买的时候有送东西，到了什么都没有。找客服我也只能说呵呵。。真的。。这真是我在京东上最差的购买体验了
深空灰色,WLAN版 128G,1,电池寿命89，我真就呵呵呵呵呵呵 客服也是一直让说专业会联系 提出的问题从来没有得到解决，有史以来在京东最差的一次体验 没有之一
深空灰色,WLAN版 128G,1,平板数据线有质量问题，充电头较平常数据线短，充电碰一下就中断，售后极差
深空灰色,WLAN版 128G,1,我想退货，说是激活不给退，我只看见七天无理由退货了，后来客服给我打电话说是给我返50块钱，后来又说没有这回事，把我订单关闭了，这次的购物很不愉快，本来期限是十四天，今天一看订单已经完成了
深空灰色,WLAN版 128G,1,才使用第二天就屏幕坏了，用不了，不知道能不能换货，太惨了，第一次在京东翻船，希望能换一部新的
深空灰色,WLAN版 128G,1,"质量太差，我都怀疑卖的是次品，赝品！
我都换了3次了，屏幕还是有杂质，气泡！"
深空灰色,WLAN版 128G,1,屏幕效果：大家千万不要买，屏幕内部污点，在屏幕里面，贴膜的时候才发现，贴了膜退换货还不赔膜，只能认了，你们自己看叭，严重怀疑翻新或者次品
深空灰色,WLAN版 128G,1,但说京东，赠品反复催促，一直扯来扯去，我在你们京东还买过plus会员，买这么多东西，一个本应该给的赠品，跟我在要你们妈的棺材一样，*
深空灰色,WLAN版 128G,1,这次购物非常不满意，九月二十一号买的，用了几天屏幕点不动了！
深空灰色,WLAN版 128G,1,中奖了，屏幕有一个坏点，买之前就怕遇到这种问题。反映给客服，让我申请售后。我不想申请售后的原因:首先着急用，很急，退换货需要时间，而且我已经激活了。其次一个坏点在忍受范围内，怕退换货又出现这种状况，来来回回的麻烦。第一次买苹果的东西，呵呵&rarr;_&rarr;
深空灰色,WLAN版 128G,1,服务非常差！送到的机子是拆封过的，问客服为什么是拆封的他说没有视频认证就死不承认是自己发货那边的问题，也不给我解释为什么会发了个拆封过的机子！到现在都不知道是不是给我发了个问题机还是展示机什么的！反正现在用着很不放心，各位自己看看我得包装，你们的肯定是密封的膜吧没错我的就是这样！
深空灰色,WLAN版 128G,1,屏幕有坏点我换了个ipad结果特m的 给我换了个电池只能充到百分之八十四的 我也懒得再换了再出问题再说吧
深空灰色,WLAN版 128G,1,刚拿到手开机就黑屏，寄回去后维修后说不会出现类似的问题了，我才没换的，现在过了十七天又出现这样的问题了，而且只能修还不能换
深空灰色,WLAN版 128G,1,产品很次 画质很一般 音质也垃圾 没有亮点 不建议入手
深空灰色,WLAN版 128G,1,你们这个快递包装也太差了，送过来都破了个洞，里面连个泡沫都没有，我急着用的，得亏机子没事，如果出问题的话我还得送过来，那这个责任算谁的？
深空灰色,WLAN版 128G,1,我炸了 好像买到了假货或者刷机之后的那种(？)用goodnotes时候滋滋啦啦的声音就很烦!!!!!然后京东那个包装也破破的 里面iPad的盒子的角都被压坏了 太无语了
深空灰色,WLAN版 128G,1,屏幕效果：有灰，两个灰尘颗粒，服了，换货时间太长，只能忍了，也是服了苹果的品控了，电池健康88，翻车了
深空灰色,WLAN版 128G,1,人工服务简直垃圾，问问题根本不能解决，关机充电，显示图标也没用，压根不知道充了多少电，不愉快的购物
深空灰色,WLAN版 128G,1,"外观材质：像塑料的没有质感
屏幕效果：有隔层
轻薄程度：弧度很不舒服，已经很low了
运行速度：很慢
其他特色：清晰度很差"
深空灰色,WLAN版 128G,1,差劲??非常差劲，套路太深了，就是**，买的时候明明显示有蓝牙耳机送的，就是看到有耳机送才下单买的，结果现在说没有，送完即止，**店家，不如其他店买好了。
深空灰色,WLAN版 128G,1,设备电量掉电贼快 然后电脑上查爱思助手跟沙漏助手 爱思显示电池寿命百分之94 沙漏助手显示维修设备
深空灰色,WLAN版 128G,1,大家都不要上当了，京东就会@，买回来爱思检测更换过电池问客服客服只会推卸责任，明摆着欺骗消费者，大家最好都在官网买，售后也有保障，我只想说京东**sl
深空灰色,WLAN版 128G,1,自己第一次在京东买电子产品，平板拿回来后发现屏幕里有黑点，然后立马申请换货，当天取件取走了，然而好几天都没有物流更新的消息，我以为是不方便透露售后地址，而且客服说稍后会更新，三天后才开始更新物流消息快递才开始退回，简直是太难受了，本来换货就比较慢，物流还耽搁好几天， 而且这儿还没有教育优惠，这次体验**太差了
深空灰色,WLAN版 128G,1,黑屏状态下用灯仔细看屏幕边角有三个灰尘，不过不影响使用就懒得退款了，只能说苹果这品控，属实垃圾。
深空灰色,WLAN版 128G,1,买的壳发了黑色的，不好看，前置摄像头非常模糊，问售后，居然建议线下检测，刚到手的paid就要拿去检测，非常不满意
深空灰色,WLAN版 128G,1,本想退换的，电池容量只有百分之89，退换又要等半个月左右，买来就是为了考研，半个月谁耽搁的起，真的寒心了，唉，算了，就当自己倒霉吧，想买的等过一段时间在考虑吧
深空灰色,WLAN版 128G,1,这才半个月，电池已经废了，充了一晚上，玩了一个多小时就只剩50％的电了，极其垃圾，谨慎购买
深空灰色,WLAN版 128G,1,屏幕效果：凭着一丝侥幸心理，买回来没好好检查过屏幕，钢化膜没回来就一直没拆那层塑料纸，两天后贴钢化膜的时候才发现屏幕上有一道显眼的划痕，申请了退换货，没有达到解决效果，客服帮申请了50元返在京东钱包，希望大家引以为戒，买回去第一时间一定要仔仔细细检查屏幕。
深空灰色,WLAN版 128G,1,"这台平板是因为我去年买的另一台坏了后(相同的问题:充不了电,第二次坏,第一次坏了后是买了还没有一年找他们修了),小朋友要上课我又急忙再买的一台,现在坏的要维修,现在才知道京东的这种产品只修修一年,一年后有问题就自己去解决,哪怕是你付费他们也是不管,在网上买产品就是为了方便,京东这种售后服务态度就像一些小作坊差不多,保修期满了有问题就不管了,这种服务态度真是有辱京东自己的这个招牌.提醒各位后来的买家,在京东上买产品过了一年保修期后千万不要坏,否则京东的售后会让你惊到"
深空灰色,WLAN版 128G,1,"轻薄程度：很薄
其他特色：配送时间一点都不规矩。说好的20号。拖拖拉拉到21号。很生气。都不是送货上门。不如生鲜。 太失望了。我特意早上七点多下单。看着上面显示当天到达。才下单的。不然我就去实体店买了。"
深空灰色,WLAN版 128G,1,屏幕里有点，很大一个，售后服务，时间还不确定，客服除了稍后电话联系，什么用都没有，差评，还是刚拿到手了机子
深空灰色,WLAN版 128G,1,给我换了两次货，磨磨唧唧厂品都确认是屏幕里有灰尘还让我等十天，你返回厂家跟我有什么关系！钱花了半个月货连个屁都没闻到！我们作为消费者就是&ldquo;等&rdquo;嘛，越来越垃圾
深空灰色,WLAN版 128G,1,京东自营店，本地仓。几十公里路程，预计次日达的，结果次日还没发货，也没有提前通知，找客服没有用，店大欺客！如果是要次日送人的话大家注意时间，太不靠谱了！
深空灰色,WLAN版 128G,1,非常失望，在京东苹果直营店购买的是翻新机。电池 摄像头 屏幕都异常。
深空灰色,WLAN版 128G,1,白天待机和使用耗电量一模一样，一晚上待机耗电70%，退货了，太慢了，现在还没有处理完，客服是啥都不懂，问啥啥不知道。
深空灰色,WLAN版 128G,1,"屏幕效果：屏幕有白点，质量有问题
奉劝大家不要在京东买，售后太差了，完全不能得到保障。首先拆封后就不能退货，质量有问题换货寄回去，光检测就得7-15天，更别说我什么时候能再拿到新的了。购物体验太差了！！！不拿消费者的时间当回事"
深空灰色,WLAN版 128G,1,一颗星都不想给，已经充放一次电了 还是这样 什么意思?问了半天牛头不对马嘴 推卸责任?ex
深空灰色,WLAN版 128G,1,"买了5天发现充电线头脱胶，联系售后客服，上来就直接说是人为损坏，要自费维修，然后上传了图片，结果客服打过来依旧直接说是人为问题拒绝更换。
拨打了苹果客服，说是如果官网购买产品出现这种情况，官网无理由更换且不需要任何鉴定。但是由于我们不是官网买的，只能联系京东进行售后。
京东售后这种完全直接武断判断人为不讲道理不讲事实拒绝承担售后真的非常失望，建议大家以后都在官网买，不要京东买了，售后太没保障了。"
深空灰色,WLAN版 128G,1,"难受，刚买到就降价了，报价又不保价，找客服还不给退货，说拆封了不支持7天退货，还说30天的试用需要等到31-33天中间才能退，这不是明摆着难为人，到时候都用30天肯定装了很多东西，而且一不小心就有划痕。

难受，第一次在京东上买东西，而且还是买了两个平板，体验非常不好，以后估计不会再京东买了。"
深空灰色,WLAN版 128G,1,商品外框受到撞击压力有金属变形，京东售后初步给出的答复是商品已激活，不给换货，我就不知道京东是怎么想的。你自己的物流把iPad撞坏了，还不给我换货，这算不算流氓？不给退就果断315了。
深空灰色,WLAN版 128G,1,不好，不到一个月非常卡，之前电池寿命显示92%，视频刷不出来，网页打不开。还有自己的网都连不上
深空灰色,WLAN版 128G,1,第一次购买苹果家的商品，虽然我知道换壁纸黑屏重启就可以，但为什么我换壁纸就黑屏了，我只是想问这个原因而已，想来苹果家也不差我这一个差评，我还是第一次在京东上给差评。
深空灰色,WLAN版 128G,1,"首先，我真的很难相信这是苹果的产品&hellip;&hellip;屏幕突出有溢胶，边缘锋利有磨损，而且还发现了屏幕里面有灰尘？！怪我自己没有提前检查清楚，直接使用了！
要不是因为序列号，我真的难以相信这是苹果原装啊！
我都快觉得这是二手的了！"
深空灰色,WLAN版 128G,1,"屏幕是弯曲的，灯管没照到不明显，今天教室的位置刚好在灯管下面，难受，客服态度很差，总之你激活了没看清楚就是你自己的锅。
怎么说呢，不影响使用确实也是不影响，但是如果你的新机就这样也确实挺难受的。
客服态度真的是不行，不是看中物流我也不会吃这么大亏
屏幕效果：差，非常差，有预算建议全贴合"
深空灰色,WLAN版 128G,1,"第一次在京东买平板这种电子产品，非常不愉快，什么残次品都有，严重怀疑真假，拜拜了您嘞
外观材质：残次品，只怪自己激活前太相信平台，没有好好检查，以前苹果产品都是在专卖店买，不怎么看各个细节，都没什么问题，没有想到这里水这么深。。。"
深空灰色,WLAN版 128G,1,板子很好，就是一开始激活不了很急人，卡在一个界面一两个小时，但是，客服态度我都无语了，拆开不退不换，但是我不拆开怎么知道有没有问题啊，不是七天无理由退款吗，我才刚收到刚打开，发现激活不了啊，最后还是我自己搞好了，而且开机电量是70%，而且是暴力物流
深空灰色,WLAN版 128G,1,各位千万不要在这里买，最好去官网买，电池质量有问题！我用爱思助手查的电池设计容量是8557mAh，其实只有7117mAh，他们不认同这软件的测试数据的，退款换货是不可能的了，就算送去给他们检测有质量问题也只会说商品是正常的，蛇鼠一窝的东西，就当买了个教训！以后绝对不会在京东上买东西！
深空灰色,WLAN版 128G,1,"这快递
也太暴力了吧，盒子都破了，里面的东西都能看得出来，好歹也是三千块钱的东西，能不能搞个好点的盒子，里面都没有减震的材料，就是一小块塑料袋一样的气泡纸，这能减震？？？"
深空灰色,WLAN版 128G,1,"外观材质：铝合金的不错
屏幕效果：一般，没有我的华为mate30pro好。
运行速度：开机了进不去，一直在设置，差评，准备退货。
轻薄程度：一般般。
其他特色：买来第一次开机半小时了，都在设置ID，我的天。真的后悔买了。连接无线网了，一直进不去，大家知道什么原因吗？"
深空灰色,WLAN版 128G,1,屏幕效果：屏幕里面又有东西我也是服了，连续两个都有瑕疵，这只能怪苹果品控差，设置ID设置了半小时还没转好送的壳好像小了，能把钢化膜翘起来，所以没用教育优惠的150就真的只是享受一下送的一年的服务，图片得审核一到三天，各位看官老爷带上眼睛，不要逮到就开喷，最后强调一下，激活了退换都比较麻烦，最好是先检查好，特别是屏幕，反正我买的两个都有问题，这个屏幕里就一个点，还能接受
深空灰色,WLAN版 128G,1,在京东上买过两个ipad和两个苹果手机以及很多日用品。本来是非常信任京东的。20天前在京东买的最新款ipad，价格2999元。才用了半个多月，前天晚上，当ipad充电两小时后，给ipad拔充电线时，最靠近充电接口的屏幕竟然自动碎了！！！给京东打电话要求处理，京东说，要么贴2099元给换一台新的，要么我自己去苹果店处理，碎屏和他们没关系。这就是给我的处理结果！白信任京东了！既然出了故障你们无法处理，需要客户自行去苹果店处理，那你们还好意思卖苹果的产品？钱要赚的，出事了就推卸责任？！
深空灰色,WLAN版 128G,1,奉劝大家千万不要买！@了！不三包，不三包！重要的事情说三遍！回家试用，卡死，没反应！要求退货，说拆封不退换！不拆封，鬼知道，好不好用，能不能用！找客服，一味地拖延，收到货第二天退回，来回检测，一个星期，还把我的配件全弄丢了！直到现在仍无法告知配件在哪？偌大的京东售后，真是垃圾中战斗机！客服拖了一天又一天，马上又要拖过15天了！直接售后不过审，不审核！
深空灰色,WLAN版 128G,1,商品绝对是退换货，二手货，本来是工作需要急需买一个平板的，好不容易到了，贴好膜，顺便拿酒精布擦一下背面，发现有个印记。明显就是那些钥匙贴那种印记。真的一个瞬间人懵了，京东还卖这种二手货？特意为了买新的来京东，到货发现是个二手。
深空灰色,WLAN版 128G,1,我收到的感觉就是旧机（照片上不明显） 后屏有很多斑驳 擦了很多次 擦也擦不掉 然后也不可以退货 说外观不可以检测 可是一凑近看就是很明显呀 我很不满意 早知道在官网买了呀
深空灰色,WLAN版 128G,1,"翻车了，屏幕里面有一个痕迹，贴膜的时候发现的
，先说物流，18号预约，19号抢购付款，对，抢购，21号送达，20号的时候打开页面，随便买都是21号送达，抢购什么意思？南京要成都发货吗？到手都还可以，什么都弄好准备贴膜，结果发现一块污渍怎么也擦不掉，是在屏幕里面的，已经申请换货了，之前手机在京东也买了几部了，都很OK。没想到在这里翻车"
深空灰色,WLAN版 128G,1,这款ipad是因为便宜吗？全是瑕疵屏，不是黑点就是进灰，品控实在太差了，我在京东方上班，这种就是C屏，修不好的瑕疵屏，B屏都算不上。三星客户的这种屏是直接报废的。懒得换了，黑点在左上角，别再换个不如这个的
深空灰色,WLAN版 128G,1,在京东买了那么多次，这次是最恶心的一次，送的什么垃圾东西啊，AESIR蓝牙耳机，垃圾中的战斗机，淘宝查了一下20多一个，AESIR IPAD保护套质量非常差，而钢化膜质量更差，这三个垃圾东西直接垃圾桶，钢化膜和保护套还要重新买。送不起就别送，别拿垃圾忽悠消费者，本来在天猫买了，看了这里送东西直接退了天猫，谁知道送的是垃圾中的战斗机。
深空灰色,WLAN版 128G,1,之前看到他家有以旧换新，根据提示评估了一下说抵560.有给150e卡，所以才在他家买的平板，然后平板发过来了，机器邮过去抵了360（我那机器从买来就贴上了钢化膜，按上的保护壳，连摔都没摔过，他说屏泛黄，我都没直接用过那个屏，他说黄，我就纳闷了是华为质量不好，还是你有眼底黄斑）网络就是这样没地说理去，早知道这样我买你家的干嘛，你家有啥优势，有种被团坑的感觉，生骗，以后绝对不在你家买了，真行，我也不差那200块钱，就是生气，生骗，先把新机发过来了，新机开封了也退不了，真棒?
深空灰色,WLAN版 128G,1,一星都多，买来屏幕就是坏的，客服还说是我自己弄坏的，不给我换，你们就是这么赚钱的？屏幕裂纹不大，对于用户体验来说却是大事，口口声声说要考虑用户体验，让我赶紧自己花钱换屏幕，我真是知道了什么叫店大欺客，维护消费者权益的事情，居然有一天会轮到我身上，朋友们，千万别在这里买，京东自营店客服都是机器人，没有任何帮助！超级差评！！！
深空灰色,WLAN版 128G,1,记得检查一下屏幕，我的这个iPad的屏幕右侧内有一条从上到底的线，这批iPad，说实话太差了，质量怎么过得关?屏幕内有明显的问题，质量怎么把握的?一直在京东购物，这次挺失望的，很失望，而且快递还慢的一批，光取件然后邮寄我可以要等3天了，换货还要3到7天检测，整个的时间是15到30天才能在发，客服说你可以退货，我在这个平台消费，你的产品存在质量问题，不是应该快快的解决吗？你给我来一句可以退货?记得检查屏幕，这批绝对存在是而且是统一的问题，就这样也可以生产，搞什么飞机阿?很浪费时间啊，越说越气。
深空灰色,WLAN版 128G,1,"外观材质：外表还可以

屏幕效果：屏幕有点发冷
运行速度：运行速度还行吧，不过打开别的软件就会出现再点开得重进，比方说那个wpsqq有人给你发消息，你回了一个消息，如果没有书签，你得重新返回，额，不知道是不是运行内存的事
轻薄程度：挺薄的
其他特色：特色么？不算吧，我来给你们看一下这个京东他们发货的包装哈，非常气愤，找客服，客服只是说不管他们事，你们是京东自营店，快递的事不是你们的么？这是电子产品，一没有泡沫，二没有别的，然后就一个盒子，盒子已经被蹂躏啥样子了，我一会给你们看看图片，然后还一种高人一等的感觉，说不想要可以退，可是苹果的东西如果你激活就没法退了，这不是在和我扯犊子么？总得来说这一次真的很影响情绪！！！！！！！"
深空灰色,WLAN版 128G,1,说实话我一星都不想给，购物体验太差了，开始拿到只有闪屏现象，申请退货他说我拆封激活了就不能退不能换，我不用我怎么知道这个东西有问题？后面一直让我试这个试那个还是有问题，后面他就说拿回去质检，质检这边就拖了三天才来取件，后面质检大概一个星期左右，拿回来不仅闪屏还黑屏，然后现在就一直不给解决。真****
深空灰色,WLAN版 128G,1,不说了，翻车，用了三天总共充了两次电电池寿命掉到97，第一次充电还是把电放空的，因为之前翻评论说电池翻车的，就打电话给苹果支持，让他们查说电池寿命还是97，确认过两次，然后苹果官方还提醒我如果没超过七天可以找平台退换的，然后紧跟着就寄走退掉，售后今天打得电话说机器没问题，回复大概意思就是只要一年之内不低于80就没问题，如果有就换，我说新机器我才用几次你们就推着让我用一年？现在已经给我寄回来，真的让我燥热，还有今年3月份买的苹果降噪耳机，两个耳机都是因为轻微晃动异响坏的，不是一起坏的，两个流程总共走了一个多月，我真的怀疑京东的质量，如果有投诉的方法可以回复我，我要举报他们，太气人了
深空灰色,WLAN版 128G,1,真心建议大家别在网上买电器 售后维权全是麻烦 刚买不出一周的平板就出问题 充不上电 是充电器的问题 我都没想退就想换个新的都不行  说充电器和平板是分开的 充电器坏了只管换充电器 可是谁买东西出问题了 还留着问题的相关件都想全换了 而且现在没出7天 过了15天后就只修不换 全是坑 心累 希望大家擦亮眼睛 有些事还是别图省事 过后一旦有问题让你烦心到爆炸
深空灰色,WLAN版 128G,1,"屏幕效果：翻车，有灰尘
运行速度：在低电量时候，指纹识别不了，也不弹出输入密码的界面，右滑快速进去相机模式，点开左下角图片，所有图片显示为0，就是解锁不了，最后重启插电源充电解决。
拿回家开箱没仔细看，贴膜时候发现进灰，因为已经激活，必须售后检测才能更换，翻了翻评论有位大哥换了6回还是屏幕有灰的，想想还是别换了OvO
本准备寄回检测更换的，突然发现塑封膜上有泥水印，从拆箱到现在，盒子跟塑封膜均放在空床上，嗯，不想说啥了。
也就看看视频，偶尔板绘，忍了吧，细想从大学笔记本，手机到平板，好像没有一个是完全满意的，笔记本拯救者r720自营秒杀5999入，玩游戏掉帧，已经开了最高性能并连接电源，什么优化都试了，手机8p用了一个月电池健康掉到94，那学期为了拿国奖基本没玩手机，电池健康却跟头发一样咔咔掉，这不现在电池健康80了，实在扛不住看网课了，考研?买个平板又被阿东教育了一次。
以后每次还白条都会是俺痛苦的回忆，拜拜了您嘞"
深空灰色,WLAN版 128G,1,"第一次寄来的笔就充电充不上，插上已连接拔掉未连接，联系换货了。可能因为故障太明显没法随便糊弄过去，售后没怎么拖延就给我发了第二支笔过来。这时候已经磨掉我一周的复习时间了。
第二支笔一开始用还看不出什么毛病，给我开心了一小会，结果一天没到就又翻车了。每次用的时间长了之后就会开始间歇断触，一笔写不出第二笔又写的出这样子，每次第一笔写不出来我想录个视频第二笔又写出来了。但是有一次是断了之后一直用不了，蓝牙显示已连接却一直触屏无反应。
我说要直接退货不再换货了，售后先说已拆封不能退，又说由他们检测出来质量问题才能退，又说买的平板?pencil套餐退货的话必须和平板一起退。明明有单独的退换链接凭什么必须一起退？货品有问题不解决直接开始玩规则漏洞？售后申请到现在也没通过，催了好几次也没反应。
光我们学校退你京东的Apple pencil估计都有好几十单了，你的货品真的没问题？不会是一批烂货来回发吧？
警告大家不要在京东买苹果商品，官网买不香吗，天猫旗舰店也是有保障的。京东苹果是第三方自营，很没保障，七天无理由退换货是假的，要有质量问题才最多给你换货，退货估计是不可能了。微博黑猫12315见。"
深空灰色,WLAN版 128G,1,等了6天时间才到，中间联系商家，就一个字等，要么就退！#！
深空灰色,WLAN版 128G,1,已经从苹果买了平板奈何发不出货又急着用然后退了苹果的买京东的，打游戏麦克风没有声音说不了话还不给换我还不是说要退钱还不给我换过一个真的是#死我了再也不敢在京东买电子设备咯前面在苹果官网买的平板用了三年一点问题都没有用了三年性能不太行了想着换个新的体验很差建议不要购买还是去官网买官网也是同样的价格还支持14天无理由退换
深空灰色,WLAN版 128G,1,垃圾
深空灰色,WLAN版 128G,1,垃圾
深空灰色,WLAN版 128G,1,教育优惠，真#绝，又不显出来，一点就是查看类似商品，这就是京东我笑了
深空灰色,WLAN版 128G,1,很垃圾的客服，售前询问客服，20w实际充电功率下单后再次询问，变卦了：充电器20w，实际充电功率不知道。感情您下单前是#呢？已退，官网买。
深空灰色,WLAN版 128G,1,"难受，刚买到就降价了，报价又不保价，找客服还不给退货，说拆封了不支持7天退货，还说30天的试用需要等到31-33天中间才能退，这不是明摆着难为人，到时候都用30天肯定装了很多东西，而且一不小心就有划痕。

难受，第一次在京东上买东西，而且还是买了两个平板，体验非常不好，以后估计不会再京东买了。"
深空灰色,WLAN版 128G,1,9月29日买的时候2999，下单买完之后突然显示同款商品2799，直接降了200块钱，现在还可以领100块钱的券，直接就是2699。打电话给客服说不给退也不给换，也不能补差价，态度就是不管不顾。京东你为啥那么#人，为什么不做一个产品对比或者温馨提示同款商品差价显示，同一家店同一款产品，为什么差价两百？这不是明显坑消费者吗？
深空灰色,WLAN版 128G,1,双11在京东买的iPad2020pencil套装，激活iPad过程中让我输入别人的账号密码（HJ的iPhone)解锁，这个账号完全不知道是谁的（我的账号是图2），联系客服退货，客服专员每天例行公事打电话告知我商品不存在质量问题，他们出库显示是全新，无问题？？？谁保证的，没有问题我的iPad要输入别人密码解锁？？？专员还找了几个理由：一是我在第三方平台下载过软件（告知他从来没有过，一直通过applestore)；二是我曾经使用过其他账号，或者在其他设备登录过（告知他我的账号从来只有一个，也只在自己的手机登录），专员完全不听，一直推脱说商品没有质量问题，已经拆了包装就不退了，明明商品存在质量问题不处理就算了，一直到第五天才告诉我可以去线下监测，监测有质量问题再给我退，由于周末有事必须回老家一趟，让我根本没时间在7天内得到监测结果，真的是被京东的骚操作#?到了。亏我之前还一直信赖京东售后好，相信这个平台，从此再也不会再京东买任何东西了，等我忙完这段时间再去各个渠道投诉，我还不信了，你京东就能只手遮天，消费者就只能忍气吞声
