银色,WLAN版 128G,1,收到商品，包装很好，物流也很快
银色,WLAN版 128G,1,指纹基本没成功解开锁过
银色,WLAN版 128G,1,屏幕有灰，换货换了一个月
银色,WLAN版 128G,1,会有屏幕断触home无法读取指纹的情况
银色,WLAN版 128G,1,Siri 无线网状态下唤不起
银色,WLAN版 128G,1,有限保修和官网查询不一致
银色,WLAN版 128G,1,**，买了有一个月.降价了500
银色,WLAN版 128G,1,下载的APP桌面显示不了，让给换货也是个坏的
银色,WLAN版 128G,1,机器有瑕疵，屏幕里面有灰尘，不知道可不可以换货！
银色,WLAN版 128G,1,不好，不喜欢，也不能退货，敬而远之
银色,WLAN版 128G,1,屏幕上有黑点自己认了要不是自己急用
银色,WLAN版 128G,1,老是断网
银色,WLAN版 128G,1,中奖了，屏幕是坏的
银色,WLAN版 128G,1,12月份买的，里面居然有一张11月的照片
银色,WLAN版 128G,1,屏幕进灰了，好难受
银色,WLAN版 128G,1,有些配件是2010年生产的，感觉被更换过
银色,WLAN版 128G,1,"轻薄程度：挺轻的
运行速度：挺快的
屏幕效果：也挺好"
银色,WLAN版 128G,1,外观材质：有黑点
银色,WLAN版 128G,1,不好用还不能退货，刚到手都不给退
银色,WLAN版 128G,1,屏幕效果：屏幕有灰尘
银色,WLAN版 128G,1,包装破损 屏幕有黑点
银色,WLAN版 128G,1,屏幕效果：屏幕边缘有瑕疵，不要买了
银色,WLAN版 128G,1,我的电池使用率百分之87
银色,WLAN版 128G,1,产品是好的。但是这个平台把教育优惠和原价分开了。有教育优惠活动，却不能退差价。对比之下，天猫我可以直接下单便宜150。嗯 以后大概率不会选择这个平台。
银色,WLAN版 128G,1,运行速度：3个月返修唉?
银色,WLAN版 128G,1,屏幕效果：屏幕内部有灰尘。客服服务态度不好。
银色,WLAN版 128G,1,换货后 又有两个灰点 包装打包随意
银色,WLAN版 128G,1,充不进去电
银色,WLAN版 128G,1,充电头有划痕
银色,WLAN版 128G,1,屏幕内有灰尘，懒得换了。。。。
银色,WLAN版 128G,1,屏幕有两个黑点     又要等半个月才能送回来
银色,WLAN版 128G,1,外观损坏
银色,WLAN版 128G,1,不建议大家买
银色,WLAN版 128G,1,就你这个铺打开了不能退，什么叫试用不知道吗？
银色,WLAN版 128G,1,其他没毛病就是电池健康值有点太过分82我见过没有最低的
银色,WLAN版 128G,1,"屏幕效果：屏幕内部有好几处灰尘，亮屏有坏点
外观材质：有被摸过的痕迹，怀疑是退货机器"
银色,WLAN版 128G,1,Ipad还不错！但是在这想吐槽一下快递，送错了营业部，还打电话问是让我们自己去拿还是晚一天送过来，服了&hellip;&hellip;
银色,WLAN版 128G,1,买来没几天 从来没摔过没碰过  一开始没仔细看今天看电视的时候突然就发现了凹进去的！
银色,WLAN版 128G,1,翻车，90的电池健康。
银色,WLAN版 128G,1,存在app闪退现象。
银色,WLAN版 128G,1,屏幕里面有脏东西，电池健康也有问题，真是问题多多
银色,WLAN版 128G,1,买了我就后悔了，送的膜也是碎的。可能是运送的时候出的问题。想退不能退才最寂寞
银色,WLAN版 128G,1,拿回来刚拆开 角有脏东西 盒子也挺脏的 懒得折腾了 凑合使吧
银色,WLAN版 128G,1,内屏倾斜，强迫症看了难受，懒得换了，将就着用吧，苹果品控就这了？！！
银色,WLAN版 128G,1,电池翻车，充满电后电池寿命只有86，实际容量比设计容量小1000多。
银色,WLAN版 128G,1,"屏幕进灰我服了，又买了一个还有灰，懒得退了
第三方软件测试也不好，在考虑还要不要退下一个"
银色,WLAN版 128G,1,"外观材质：经典外观。
屏幕效果：一般吧，入门级的。
运行速度：不咋么样，新的就出现屏幕卡顿没反应。"
银色,WLAN版 128G,1,屏幕进了灰，有两处白点，擦不掉，申请了换货，12.2给我反馈有货给我补发，都十几天了还没发过来，还要等多久...
银色,WLAN版 128G,1,外观材质：买回来第一天就有问题，只不过当初以为不是它，后来用了两个星期才察觉到用的时候扬声器有滋滋啦啦电流声，拿到苹果售后做检测了给换了一台新的，没走京东售后，苹果售后还行，总体一般，搞得人心情不好
银色,WLAN版 128G,1,"外观材质：外观很棒
屏幕效果：显示也可以，就是屏幕里面有灰尘，一个小灰尘点，翻车，但是懒得去换，也没有货，况且换回来说不定还不如我这个，所以我放弃了，认命吧，生活本来就不完美，我又何必最求完美
运行速度：很快哦"
银色,WLAN版 128G,1,屏幕下面有灰尘，选择了换货，然后给了我一个一模一样的，同样位置的屏幕里面有灰尘。
银色,WLAN版 128G,1,翻车翻车，上海仓调货的。屏幕进灰，右下角有一个白点，大家买回来先仔细看一下，必须退货不能惯得苹果
银色,WLAN版 128G,1,竟然不支持快充，用了带PD功能的移动电源，也用了原装充电器，都不支持快充。苹果的品控，也就这样子啊。
银色,WLAN版 128G,1,下单时显示当天就能到货，结果下单后一直显示系统待确认，系统未更新，一直无法显示物流信息。服务态度差，说落实后回复，也没有回复，追问后说12小时内发货，结果还是没有，隔天还是联系了好几次后面才有个回复，说有件物品需外地调货，需在等等。还有，刚到手的东西，爱拍?笔 套装。马上笔 就降价了，申请保价，居然东推西推，说啥不符合条件。就问你是不是同样的东西，总价是不是降了。
银色,WLAN版 128G,1,外观材质：京东服务很好，快递很快，就是平板做工太垃圾，屏内有灰尘，而且内屏向内弯曲，看得眼晕，直接退货了
银色,WLAN版 128G,1,首发就给我送错了？送去哪里了就签收了，问一下发现快递员送别人家去了，皮套到是给我送到手上了。
银色,WLAN版 128G,1,"头一个买来有尘点，我选换没想到给我来个7-15天，因为小朋友要上学用。所以让客服改为退货。
又重新买了一下，没想来还是有尘点，算了不折腾了。先用着吧，除了自营的物料快。其它差的不要 不要的
，。。。。"
银色,WLAN版 128G,1,贴膜的时候看到屏幕右下角有一粒小小的灰，虽然不是很明显但也不爽，不过很贴心，送的膜有一道大大的划痕，让那粒灰都不明显了，这就是苹果的品控和京东的增品吗？爱了爱了
银色,WLAN版 128G,1,"外观材质：还行，材质很不错
屏幕效果：屏幕有点辣眼睛
运行速度：联网太慢了，和我用了两年的小米手机连同一个WiFi，速度比手机慢好多，有时候直接没网，手机一直正常
其他特色：送货速度很快，第一天晚上买的第二天就到了"
银色,WLAN版 128G,1,非常不爽的一次购物体验，因产品已拆封，不予退换！
银色,WLAN版 128G,1,物流慢，客服都是机器人
银色,WLAN版 128G,1,这个壳和膜和平板严重不符
银色,WLAN版 128G,1,差评，快递给我发五天气死了  我是真的服！
银色,WLAN版 128G,1,售后服务态度非常差，每次有问题咨询都是答非所问
银色,WLAN版 128G,1,垃圾玩意儿，寄过来就不能录指纹
银色,WLAN版 128G,1,很差 续航太差了 . 刚买来电量100.搞不懂
银色,WLAN版 128G,1,屏幕效果：屏幕效果一般，画质很差，像素也不行
银色,WLAN版 128G,1,Wifi信号特别差，都不如手机，玩吃鸡卡的厉害
银色,WLAN版 128G,1,带笔套装的没有赠品，单品有赠品去找客服理论还在那跟我装，辣鸡玩意儿
银色,WLAN版 128G,1,其他特色：刚买就降价'申请价保说有赠品不能申请'本以为苹果产品价格稳定'其实也不是'买的是套餐'说成是赠品'套路深啊?
银色,WLAN版 128G,1,这是买的第二嗯 不知道大家在京东买的这款iPad会不会掉电特别快 续航真的很差
银色,WLAN版 128G,1,买的是个翻新机，出厂日期是2010的，真是太让人失望了
银色,WLAN版 128G,1,换了很多次了，屏幕依然有黑点，我服了，凑合用吧，最后一次在京东买iPad
银色,WLAN版 128G,1,非常差的一次购物体验，前后换了两次货，都是有质量问题，没办法最后退货了，作为京东的忠实客户，我也是无语了，，，
银色,WLAN版 128G,1,太一般了，送的耳机质量差的很，像这种不行的东西就不要送了，要了也没用，没有任何优惠，购物体验很差
银色,WLAN版 128G,1,屏幕效果：0.2的这个品控太垃圾了 我换了两次货 结果屏幕内依然有灰 买低端不配做高贵的苹果用户？
银色,WLAN版 128G,1,噩梦般的售后，在京东买苹果产品要谨慎。提交到现在已经16天了，依然没有收到换货的产品。无数次催促，都是我帮你记录转达，然后就啥问题都不能解决。没想到京东的售后服务堕落到这地步
银色,WLAN版 128G,1,玩游戏卡退，屏幕不行，还不给退换，真的垃圾，以后不会再来购买，
银色,WLAN版 128G,1,声音沙哑，忽大忽小，特别是移动的时候，根本听不清楚在说啥
银色,WLAN版 128G,1,"屏幕效果：全都漏光严重
运行速度：3g运行卡的很
其他特色：外包装有过重新拆封的痕迹"
银色,WLAN版 128G,1,我首次使用京东白条，首单有可减38元，可京东取消了我的订单，我再次下单时已经不能使用38元，只能原价购买。为什么?你们取消我订单，我还得损失38元，也不退给我，????
银色,WLAN版 128G,1,膜和套都是不匹配的 花了100元买的 却说是赠品 质量不保证  现在京东越来越差劲了 是不是因为现在品牌大了 欺诈消费者
银色,WLAN版 128G,1,拆开边框有灰第一时间反馈客服，拖了我一个礼拜不给处理，最后我使用两天了，然后才给我处理结果，最后一次京东购物
银色,WLAN版 128G,1,屏幕效果：屏幕里有灰尘，白点，已经申请退货，不知道多久能有结果，品控太差了
银色,WLAN版 128G,1,买来不到一个月，就出问题，再也不会信任，也不让换货，刚买就这样，太影响心情了，绝对的差评
银色,WLAN版 128G,1,"外观材质：外屏质量好差，是个爹了
其他特色：售后换货无解，也罢了，说人工损坏也罢了，返回来的快递盒子差点儿没把我整吐了，恶了"
银色,WLAN版 128G,1,中奖了，幸亏还没开机，发现屏幕上有磨损，是不是别人退的货让我买了，无语，已经申请售后。
银色,WLAN版 128G,1,垃圾东西，刚寄过来 激活后发现 外观几除划痕   客服半死不活的
银色,WLAN版 128G,1,我一个星都不想给，拿回来，搞了一个晚上下载不了软件的，一个软件都下载不了
银色,WLAN版 128G,1,屏幕里有坏点 特别明显 而且换货要检测 从换货到拿到新的要近一个月 苹果官网可以14天无理由退货 京东就不行这是为什么呢 还是去官网买比较好
银色,WLAN版 128G,1,屏幕效果：第一个收到屏幕右下，有大灰尘粒非常明显。换货态度很好，换了一个。摄像头正下又有灰尘。我也懒得换了。不是京东的问题，非全压屏通病，但是苹果这批货也太次了吧。还是买个全压的mini香。
银色,WLAN版 128G,1,保护膜没有撕漆面就掉落，保护膜都没有撕，开机激活还卡二分钟，京东客服也向着自家店，早知道就去其他家买了，还便宜几十块，百亿补贴那个还便宜几百，下次看见京东自营就走远远的
银色,WLAN版 128G,1,质量有问题，ipad缝隙漏胶，售后却一直不换货，一直以没有货为由，严重影响消费者权益，令人气愤
银色,WLAN版 128G,1,包装简陋到令人发指！一次就好，本来想着买电子设备还是到京东吧，找旗舰店。但太令人失望了，东西就不评价了，快递就是垃圾！若再这样下去，京东恐不久矣！
银色,WLAN版 128G,1,一收到货就这样，下巴不知道被哪个生产线工人磕了下，但是时间紧，第二天就要用，没时间退换，这个差评就相当于给自己一个教训把
银色,WLAN版 128G,1,差评，同样的价格，人家苹果官网可以七天之内无理由退货，不论是否拆封、是否激活。京东却只能没开封或者有质量问题才能退货，购物体验极差，早知道这样我还不如去官网买，还更有保障！
银色,WLAN版 128G,1,再一次给京东打差评，赠送的半年腾讯会员，度过去一个月了，还不发，问了5次客服说采购中，这是买***吗，好几次看到京东打特价卖腾讯会员，就是不给我发，老赖吧，不稀罕了差评！差评！差评！
银色,WLAN版 128G,1,差评，那个壳跟ipad不配套，有点小，贴上膜之后装壳装不进去，膜直接被翘起来，手都划流血了，
银色,WLAN版 128G,1,才买一个月，死机，重启，再重启，千元机都没这么垃圾，京东客服只会推责任，第二次购物体验让我决定打出第一次差评。
银色,WLAN版 128G,1,出门前一天就自动重启了好几次，我以为是因为天太冷也没当回事，结果上了高铁之后直接开不了机。。12月5号刚买的
银色,WLAN版 128G,1,史上最差的一次购物体验&hellip;从配送到客服垃圾的不行了&hellip;尤其是客服，投诉都一个比一个吊&hellip;还有那个网页版客服，打字累个半死，咨询啥啥都不行&hellip;&hellip;还不如取消，只会增加不良购物体验。
银色,WLAN版 128G,1,四天快递才到，拿到盒子都惊呆了，简直是暴力运输，这快递到底经历了什么，联系客服要换货，结果两天毫无回复也不来取，好不容易执勤一个月才休息两天就这么在于客服的拉扯和等待中虚度了，最后只有冷冰冰的回复，换货需要三到七个工作日，意思是你就等着吧，你的时间不值钱，答应了给孩子的生日礼物没按时送，孩子难受也是我们活该，以后会谨慎考虑在京东买东西了
银色,WLAN版 128G,1,以后再也不敢在京东上买东西了，iPad屏幕买来内有小白点，产品质量有问题，那我就换货，可是京东售后客服就说了换货周期最少15天，新买的钢货膜还得撕了，这一换货我半个月都见不到平板，用什么呢！我说线下苹果售后维修检测，人家也不知道同意不同意。
银色,WLAN版 128G,1,京东的客服非常差，没货了也不告知，非常不专业！投诉也没用，有其他选择就不会再来这里了！差！差！差！
银色,WLAN版 128G,1,套餐买的东西退了不退钱，买的时候不说，取消成功之后不退钱，强制补发，让我自己处理，刚买的东西就要当二手买，挂二手卖也卖不掉，自己原价买的，**卖二手还要亏多钱，人工客服不知干嘛的，退货不给退钱，自营店这么就是这样的，买之前看清楚吧，自认倒霉吧。
银色,WLAN版 128G,1,外观材质：掉漆产品掉漆买了2次都是掉漆 客服不处理 也不给我退 垃圾服务态度 质量问题的产品都卖给消费者 欺骗消费者。客服服务态度差老是打电话来烦你 也不帮忙我处理。垃圾服务 垃圾产品 建议去实体店买
银色,WLAN版 128G,1,包装简陋，内填充物几乎没有，收到时内包装盒四个角已经被压瘪了，好歹也是个易碎物品，就不能好好包装一下，简直是垃圾到极致。
银色,WLAN版 128G,1,本来很相信京东的但是收到货我发现产品充电口那里直接缺了一口，找客服他说因为我已经开机了所以没有办法申请售后了，叫我谅解，我谅解你个大爷，我买个新机子拿到手是坏的还不能退，你怎么不谅解我。奉劝大家还是去实体店买吧，拿到手机子一定要里里外外认真检查，充电口这些小细节也不要放过，估计网上卖的就残次品
银色,WLAN版 128G,1,经常卡死，闪退。这是拿次品来敷衍人吗，设置和appstore老是闪退卡死，id还经常登不上，软件下不了
银色,WLAN版 128G,1,说是拆了不能退，那我不拆怎么知道你有质量问题？取回去检测说没有问题，请大家听听，这个音频的声音吧！我也是醉了，让我拿到机构去检测，出具报告，你给的机构离我几十公里！我有这个功夫我就不网上买了！糟糕的一次购物！快递也是扔门口就走了，几千块的东西丢了谁负责？
银色,WLAN版 128G,1,翻车了，22号早上买的，下午拿到激活，结果保修日期到下一年21号，在官网查了也是，也就是说是21号激活的，后面发现保修卡是单独放在外边的，不是装在图一的这个小纸盒的，更加怀疑是拆过的，后面问客服，客服一直强调不是假的，我把怀疑拆过的想法告诉客服，客服也说不是拆过的，但是为啥22号才拿到手的，为什么显示是21号呢，而且保修卡不是放在这个小纸盒里面的。
银色,WLAN版 128G,1,说实话，我是京东会员，我很喜欢在京东上买东西，主要是送货快东西好，但这一次我真的真的感觉到心力交瘁，我第一次买的iPad屏幕有黑点，我换了两次，连续三个iPad全有黑点，我每换一次都要跑一公里，但这次我不想换了，凑合用吧，要不是考研看网课笔记本电池不行了，我不会买iPad，这绝对是最后一次在京东上买电子产品，最后一次买苹果公司的东西，心力交瘁
银色,WLAN版 128G,1,虚假宣传，约定送货时间为2020年11月18日，实际送货时间为2020年11月19号送货，京东想想什么时候送货就什么时候送货对吧？为何不明年再送货这样还能存点灰尘，本想要求京东客服按照京东自营超时赔服务规则进行赔偿，结果2020年11月22日，京东在线客服工号425563，一直不帮忙联系上一个客服，一直耍嘴皮子，不进行解决问题，没办法才进行投诉，未按约定时间送货这已经构成了欺诈行为，根据消费者权益保护法第五十五条之规定经营者提供商品或者服务有欺诈行为的，应当按照消费者的要求增加赔偿其受到的损失
银色,WLAN版 128G,1,评价送给苹果，拿到货挺高兴的，准备贴膜的时候发现屏幕内部有2个白点。。。顿时心情不美丽了！考虑到退换货时间问题，想想算了，将就用着吧。苹果现在的质量真是无语了
银色,WLAN版 128G,1,我第一次在京东自营买iPad   然后第一次到货包装就有问题  包装被人打开了我就要求了换货，然后他们就让我等了半个多月，还不容易又到了，包装还是有问题，然后打开以后产品居然掉漆了！掉漆了！现在我又得换货，还要耽误我好长时间。这就是京东自营，这就是京东自营的快递包装。真的很差，售后也不能给一个满意的答复。
银色,WLAN版 128G,1,第二次充电的时候就出现问题了，充不进去电，借了舍友的充电器试了发现是充电器的问题，然后申请售后，检查说是那根数据线坏了，挺心塞的，好歹这数据线在店里也卖一百多吧，没两次就坏了，第一次用苹果的东西，挺败好感的。当然，京东的服务还是认可的，这次的差评仅针对商品
银色,WLAN版 128G,1,屏幕效果： 垃圾，用了十几天屏幕就坏了没摔没挤压，屏幕边一条黑线，虽说超了换后时间，但是我也有保险30天可以退换，非要麻烦单独在另一个地方申请，我不修了，退回来，几天了，反馈了好多次，售后后面屁都不放一个，第一次买平板都让我如此印象深刻，京东的售后你们真的是6皮，反馈给客服后面一句答复都没有。京东快递店上门取件结果打电话来找借口说不能上门取件，售后服务就这样？
银色,WLAN版 128G,1,了几个必备的第一天以为自己安全下车，结果昨天到的今天用打开屏幕居然卡了，点什么也点不动，重新开屏也没用，最后只好强制关机，学生党本来就是省钱买来学习，和客服说，他说我后台软件开的多，我真的气笑了，我刚买来软件都只下载了几个必备的，你跟我说我后台开的多，就只会马马虎虎应付，辣鸡京东
银色,WLAN版 128G,1,"我不得不说，这次是我在京东的一次非常非常差的购物体验！
非常差的购物体验！
给一星完全是因为产品。
买苹果产品的渠道非常的广。京东这家店，用非常多赠品的诱导，我算了算，赠品和京豆的价值还是信赖了的京东，我买了套装。
收到货后，
没有赠品！！！
开始了，我漫长的和客服沟通的过程。第一个客服只会说，抱歉。第二个客服更牛，说他们就是没有赠品。而且也不包退。
我京东几年的Plus会员，遭遇了店大欺客，也是欲哭无泪。完美的售后呢？价格低包退包换的承诺呢？投诉无路！
只能怪我多买了笔。苹果套路深啊！客服就是摆设毫无意义！只能用人在江湖走，哪有不湿鞋安慰自己了。"
银色,WLAN版 128G,1,真不知道说啥了，从不给差评的我实在是难以忍受了&hellip;&hellip;11号下的单18号才到，这也就算了，到的时候京东的纸盒子都漏了，里面的iPad差点滑出来，还没等我发表意见，快递员直接撕开iPad包装验货说没问题，这还不要紧，关键是拿回去后iPad反应特别不灵敏，声音有罗音、嘿Siri时嘟一声就没影了&hellip;按客服要求更新到14.2版本软件好了一些，可是离手机的灵敏度差多了，嘿Siri手机次次有反应，iPad5次有一次，给跪了&hellip;&hellip;
银色,WLAN版 128G,1,上车后未下车，一直在担心买到瑕疵品，我还是拿到了瑕疵品，因为开机了。刚开始只是看了外观没问题，开机后我没事仔细看了屏幕里面，没想到发现了问题，如图。自认倒霉，售后人家说开机了退回去影响二次销售，我只想说，第一:屏幕里面有瑕疵了你不拆机怎么弄掉？还能当一手货卖掉不成？？  第二:是准备重新包装继续发货，看哪个运气不好开机了就不能退货了！！！！！！！
银色,WLAN版 128G,1,"如果有0星我就给0星了
充电器充了3次，就不充电了
打客服说给换3到7天，我等了，好多天了，
然后又打电话说充电器没货，我信么？
卖那么多机器，就给我换不了我这充了3次电的充电器么，枉我信任你们京东了，客服说是厂家没货，真醉了，这种厂家有跟他们合作的必要么
换充电器没货让我等通知，估计是等超了365天吧
那就不管我了，反正我机器已经激活了，哦对，还有未开封7天退货，我不开封不用我有必要退货？？
唉，非常无语，妄负我的信任，再见。"
银色,WLAN版 128G,1,ipad2020作为ipad最基础的版本，只能说性能用来学习看剧是够用的，自己现在用的是ipad pro一代，虽然说是四五年前的机器了，但是瘦死的骆驼比马大，四扬声器，全贴合屏，真彩显示，更高的摄像头配置闪光灯还是很好的。这个ipad主要给父母看剧，但是非全贴合屏真的难受，感觉是在隔着玻璃操作，而且最致命的是有电流声，这是通病！！！！背部logo处有明显的电流声，吱吱的声音不小~很失望，而且看情况基本上全军覆没，都有这个毛病，苹果这几年真是不行啊
银色,WLAN版 128G,1,外观材质：千万别在京东买！！！本来是生日礼物送人的，晚上拆封，没检查外观，谁会想到一个全新的产品表面会有划痕和大坑，激活之后拿在手里就摸到了那个大坑，找了售后，刚开始说赔偿五十块钱 ，后来我不同意客服就打电话说最多赔偿一百，双十一活动都不止便宜一百块钱吧！还说是我自己损坏的，怎么？我自己故意磕一个大坑，又划了几道，然后想要赔偿？搞笑呢吧！千万别在京东买了，售后人员上岗前能不能培训一下普通话，听不懂话，就反复重复一句话，说是我自己损坏，最多赔一百！
银色,WLAN版 128G,1,已经激活了，但是电池寿命翻车了，只有84%，客服不认第三方检测，兄弟姐妹们怎么整啊？是不是不能退货了？我怕换回来的还是希望有问题的一批！！！！我都贴了！！！！咋整！？？？
银色,WLAN版 128G,1,"这么多年来，京东自营最最最糟糕的一次体验！
双11下单，当时并没显示没货，下单后几天发觉一点动静没有，询问客服说要调货，17号才发。继续等，然后就没有然后了！询问客户，转人工，和机器人的回答没有区别，看来离下岗也真不远了！
传说中的的蓝牙耳机，没见踪影！传说中的钢化膜，似乎还停留在传说中&hellip;
作为那么多年的京东老用户，欣赏的就是京东的服务，但如果现在是这么对待客户，我不知道你们的未来在哪里！"
银色,WLAN版 128G,1,怎么说呢，看着很美好，用着很糟心，作为一名学生党，需要看大量书籍，做大量笔记，看着书做着笔记的时候时常卡住用不了，要退出重新进，幸好我的笔记没有丢，不然我真的是要吐血了。想寄回去检测，客服说不保数据，那我那几个G的书籍笔记不是凉凉了！！！这对一个学生党特别是考研的人来说着实是一个沉重的打击，检测要1&mdash;15天，期间没有备用机，如果返厂时间可能更久，等你检测完了我考研都考完了！！！本来就是为了iPad的流畅才买的，没想到结果是这样&hellip;&hellip;&hellip;&hellip;
银色,WLAN版 128G,1,因为有两张京东礼品卡。第一次在京东买苹果的产品。以往都是实体店直接买。收到后也由于没什么经验。直接就开机了。开机过程细看机身有3到4个位置十分明显的刮花痕迹。联系客服被告知开机后外观问题不退换货。好吧。。。。怪自己。也懒得浪费时间去扯。反正是给家里老人用的。不影响。但我可以肯定这机子是有猫腻的。给后面的小伙伴踏个雷。真心建议在我官店直接买。不用烦。如果真要买。收货后留个心眼。拍着视频开箱。检查好外观再开机。
银色,WLAN版 128G,1,辣鸡iPad8 正常使用十几天 屏幕触屏有阴影 送去检修说弯了 我买来一直带着壳子 有电脑 平板就看个剧 就坏了？ 就这质量？ 而且辣鸡京东售后 买来十几天正常使用 发现非人为故障 不给保修 还要各种推脱责任  越想越气 店大欺客  我就算腿跑断 也要去消协投诉 不投诉我原地死掉
银色,WLAN版 128G,1,说实话，机器非常好，赠送的东西也很实用，不枉费我从360buy一直用到现在，很信任你们。但是为什么给1星，是因为这次为了解决家里剩的旧pad，走的你们的以旧换新。从没想把家里的旧pad当传家宝，只是想卖掉，不浪费，否则扔都没地方扔。我找你们回收了两台机器，一台pad4，你们砍了八十块，说屏幕有色差，无所谓了，理所应当。另一台air，你们说我没拆开过，但是却换过摄像头，我真不知道我没拆开到底怎么换摄像头，以这个莫须有的理由给我砍了一半价格，我问了客服，客服是机器人，只是说，不接受可以给你退回去，我等了好几天，寻思无所谓了，忍了，然后在已经有货的情况下，还继续给我延迟发货，最后我催促了，才给我发货。不知道是不是现在你们企业做大了，就对客户不那么体贴了。还是怀念以前的京东。那时候没那么多人知道你们，但是我却很知足。
银色,WLAN版 128G,1,质量非常差，不要质疑铝的弯曲能力。使用10天，充电完成放在桌上冷却期间，出现背板逐渐弯曲。整个弯曲过程大概5-6小时，图中最后结果。整个凸起完全对称，过渡细腻。非人为损坏，人为无法做到如此效果。据网上查询，iPad自行弯曲现象普遍，由于其钢材刚性不足。苹果官方也承认过该问题，但仅限于iPad Pro 2018，其余型号一律视为人为损坏。现在已经申请换货，成功几率堪忧。花钱买教训。
银色,WLAN版 128G,1,买回来就下了软件，但是播放视频的时候声音有问题（有杂音，回声），就直接点了退货。结果不能退，原因是他们没听出声音有问题（我和我的同学当时都听了，明显的有问题，换了不同软件声音也还是出现了同样的问题），但退回去后，把我的平板拆开修了？？？你们没听出来声音有问题干嘛要拆开来修，还重新换个系统，我退货的时候已经明确表示不想要了，但是就不给退，其中不退的原因除了他们觉得没问题外，就是因为我下了软件，已经使用了？？？我开始怎么知道有问题？不下软件怎么使用？现在退回的平板拿回来了，发现声音好了？？？没修？不可能吧，现在很后悔当时没有留证据，作为一个穷学生花了几个月的生活费来买这个iPad，但事实证明并不值得。仅我的购买体验，给广大网友一个参考，有问题一定要留证据啊，惨痛的经验教训。
银色,WLAN版 128G,1,"这是我第一次买东西给差评，真的一星都不想给，这是自营店？卖的是新产品，确定？今天下午刚拿到手，就开机激活，按照正常程序启动，然后系统给我提示&ldquo;此ipad已创建过太多个新的ipad ID&rdquo;,注意是&ldquo;太多个哦&rdquo;，我这是11月1号下单的新机器，也就是说在我激活之前，这机器可能已经被很多人使用过的，所以，我花了原价的钱，买了一个都不知道是几手的机器，总之绝对不是从厂家刚出来的新机器，有图有证据，时间都在上面呢！这是尽我气愤的第一点，令我觉得无语的是第二点，拆了之后不能退！怎么的，我不用，我怎么知道产品有问题？结果我用了，产品有问题，又不给退？让我去线下网点检测，我天天忙的要死，还得为了这种**去找网点，去检测？然后等结果？然后退货？何必呢？我花钱买罪受呢？还有我一说产品有问题，卖家第一时间不是想着怎么帮我解决，而是立马让我打apple客服热线，这种举动，你们慢慢品！商家自己也心虚啦！关于我说的证据，大家可以见下图，时间都还在上面呢，我刚注册了ID就给我显示这个！"
银色,WLAN版 128G,1,一般
银色,WLAN版 128G,1,大家注意，京东这些网购都是卖有瑕疵的产品，去实体店买吧，不要网上买，这都是套路，#
银色,WLAN版 128G,1,屏幕效果：屏幕效果是两千元以上的平板里最差的，远不如我15年买的IPAD，感觉苹果为了抢~市场，开发了低成本廉价款，但是质量也大幅下降，完全是收割老客户。
银色,WLAN版 128G,1,IPAD拆出来掉漆，京东客服居然说不是问题。然后就是你再也不能找到售后跟她们沟通方案；而是听他们口是心非的抱歉，然后一直等，也不能约定沟通时间；什么时候打你电话：7天以内，看他们的心情。真是要骂人了。这次以后拒绝京东。同样的东西~比你们便宜好几百，我为什么非得选择没有售后的京东呢！？
银色,WLAN版 128G,1,这就是京东的售后服务了#双十一买的刚冲了两次电就原装线就坏了是我太倒霉了？？退回线给京东确实也是检测有问题不给我换个新的我没线和头用叫我一直等？？那我就不配用你们家的产品是吗
银色,WLAN版 128G,1,整体黑边都有点倾斜，比如屏幕上面左面粗右面细，不给退换。京东自营店太大了，古话说店大欺客，放到#这儿可是亿点点毛病都没有朋友们，听我一句劝，买平板还是去官网或~老店吧，图个省心，不受被#来回踢皮球的罪
银色,WLAN版 128G,1,说说京东售后：本来买大型的电器都说在京东自营售后服务好，所以这次毫不犹豫买了跑步机和苹果ipab，ipab拆开是晚上，老眼昏花没仔细看，第二天就激活了，仔细一看右上角一个碎痕，马上联系售后，说激活不能换了，我也认了。但给我的方案是补贴2~物券或去修，但费用自己出。难道一个新ipab的一个碎痕给20元就打发了？维修自费就等于我承认碎痕是我自己弄碎的。我不答应后，就没下文了。这就是京东自营的售后。太失望了。
