银色,WLAN版64G,3,刚开始体验 期待吧 看看几天以后什么样
银色,WLAN版64G,3,换过一次货，总得来说还可以
银色,WLAN版64G,3,苹果的艾派德还行
银色,WLAN版64G,3,买给朋友的，还真不知道ipad有什么用这么贵
银色,WLAN版64G,3,东西速度挺快，赠品太次糊弄人
银色,WLAN版64G,3,送的爱奇艺会员在哪里?？
银色,WLAN版64G,3,说好送耳机的&hellip;&hellip;也没见啊！
银色,WLAN版64G,3,用着还可以·唯一618降了100元·
银色,WLAN版64G,3,东西到了，问题是爱奇艺卡现在还没发货
银色,WLAN版64G,3,苹果还是不错的，但京东的宣传与实际就无语了！！！
银色,WLAN版64G,3,降价是真的快，东西&hellip;&hellip;
银色,WLAN版64G,3,以旧换新很不错，用起来很顺手，感觉很好
银色,WLAN版64G,3,以旧换新很不错，用起来很顺手，感觉很好
银色,WLAN版64G,3,不知道这是什么意思
银色,WLAN版64G,3,平板不错，就是没送蓝牙耳机，可能是我看错了吧，送耳机的mini4，好吧
银色,WLAN版64G,3,客服还是不错的，退款也很快。不过苹果的品控真是**，看了评论新iPad各种问题&hellip;
银色,WLAN版64G,3,在看看
银色,WLAN版64G,3,用着还行，感觉内存买小了呀，物流不行了吧
银色,WLAN版64G,3,买来看电影打打游戏用的 运行非常好
银色,WLAN版64G,3,"外观材质：拐角有掉漆
屏幕效果：还行
运行速度：一般
轻薄程度：还可以"
银色,WLAN版64G,3,东西挺好的，但我只能给三星，这三星是给京东的，降价降得可以，买了没半个月降价三百多，这谁顶得住啊！！！
银色,WLAN版64G,3,还行吧 ，先用着看看。。。不行的话就回来追评喽。。。。
银色,WLAN版64G,3,不知道为什么home键是歪的，这个尺寸刚刚够好，待机也很给力，系统很流畅。
银色,WLAN版64G,3,物品非常好
银色,WLAN版64G,3,"屏幕效果：不错
外观材质：好看
运行速度：还行
轻薄程度：轻薄便捷"
银色,WLAN版64G,3,一般。。。。。。。
银色,WLAN版64G,3,有破损 很明显
银色,WLAN版64G,3,挺不错的，适合玩游戏，希望再接再厉，继续加油，相互更好的产品，当然性价比这辈子都是不可能的
银色,WLAN版64G,3,iPadmini不错，壳膜真的很烂，气味重，地摊味浓厚，给大家做个警示！
银色,WLAN版64G,3,物流很快，用着也很流畅，就是我的电池感觉掉电有点快。
银色,WLAN版64G,3,侧面看偏红，贴上膜以后好一点，运行速度挺快的
银色,WLAN版64G,3,"外观材质：不错
屏幕效果：还行
轻薄程度：挺薄
运行速度：还凑合
其他特色：没有"
银色,WLAN版64G,3,几经周折，退货重新下单，金色改银色，一周后终于拿到了，心酸啊。好在机器不错，京东以后少干点这样的事吧！
银色,WLAN版64G,3,买来看看电影打打游戏 运行不错 吃鸡高画质也不怎么发热
银色,WLAN版64G,3,平板感觉很不错，就是物流不想说了，本来1号就该到的结果一直卡在配送站，A12真香，然后降价价保也成功了，吃鸡和王者都能开到最高的画质，音质也还行，先用下再追评
银色,WLAN版64G,3,平板还没试用，不过钢化膜拆开就坏了一个角，这次也没送蓝牙耳机，京东速度确实可以。
银色,WLAN版64G,3,平板本身没有问题，不错！可是京东的价保服务真心就是不好评价！规则太多了！不熟悉，不研究它的规则，真心会让心情不愉快！
银色,WLAN版64G,3,"外观材质：挺好
屏幕效果：挺好
运行速度：感受不来
轻薄程度：薄
其他特色：没啥
但是客服态度不好，赠品没送到 就这"
银色,WLAN版64G,3,"外观材质：还行吧。
屏幕效果：感到一般，没有手机好，有些失望。
轻薄程度：尚可，称了一下300克。"
银色,WLAN版64G,3,看电影确实没有我原来的小米平板好，拿在手上手感还没有小米的好，音质也不行，后悔了，用我的PD快充还行
银色,WLAN版64G,3,感觉好是好玩游戏挺流畅的，但就是比较喜欢断触，吃鸡时四指的话操控方向的喜欢断触，划着划着就断了反应，正在钢*时就是这原因喜欢被打死
银色,WLAN版64G,3,"外观材质：收到货的时候，箱子一边已经坏了，不过处于全民预防新兴冠状病毒期间，快递还是很准时送到，还要给送货的哥哥哥点个赞。
屏幕效果：显示效果没问题，东西是正品。
运行速度：A12的处理器，果然很嗨，吃鸡流畅的不行不行的。
轻薄程度：以前有个mini2打游戏手感刚刚好，所以又买了一个mini5。"
银色,WLAN版64G,3,"外观材质：很好，光滑无划痕，看起来很有质感
屏幕效果：亮，可以很亮，暗也可以很暗，满足各种光线的需求
运行速度：只要网络跟的上，速度飞起
轻薄程度：跟手机差不多"
银色,WLAN版64G,3,物流还是一如既往地赞，第一次用ipad，觉得苹果的功能比华为少很多，无论是截图、游戏免打扰还是删除后台等等功能，都不比华为方便，有一说一，刚开始很后悔，现在逐渐接受了这个事实。买这个的初衷是放假在家打游戏，开学在学校看视频，总体还行。
银色,WLAN版64G,3,配送的挺快的，头一天下单，第二天就到了，厚度刚刚好，以前用迷你4，用了两三年了，电池不经用啦，就买了迷你5。验证了是正品，屏幕显示清晰细腻顺滑，运行速度快流畅，玩游戏不卡顿，处理器强大，很不错。刚买几天就降价啦，没价保。
银色,WLAN版64G,3,"总体感觉一般般吧，可能是第一次用苹果的东西，感觉和同价位的国产手机比的确性价比不高。
照相方面和千元机差不多。
我主要是玩原神，平板发热明显。电池一般。
音质不错，我用的优酷帧享那个看电视剧很好。
系统方面正在适应&hellip;&hellip;"
银色,WLAN版64G,3,总之这次购物不怎么愉快
银色,WLAN版64G,3,运行速度：有点辣鸡的样子
银色,WLAN版64G,3,预购付定金活动居然没有当天购买活动力度大，心里难受
银色,WLAN版64G,2,降价了还不能申请价格保护
银色,WLAN版64G,3,有划痕，不过客服已经退款
银色,WLAN版64G,3,写着送耳机，到货却没有。不想说话。
银色,WLAN版64G,3,感觉还是买贵了
银色,WLAN版64G,2,外观材质：外观有瑕疵，没注意
银色,WLAN版64G,2,还没两月就卡，是真的卡呀
银色,WLAN版64G,2,每次充电充电器都会发烫！
银色,WLAN版64G,2,打王者有时候会闪屏，其他还好
银色,WLAN版64G,3,感觉不是全新的
银色,WLAN版64G,3,平板没什么问题，降价引发不适&hellip;
银色,WLAN版64G,2,其他特色：买完就降价！
银色,WLAN版64G,3,我感觉买贵了 而且还是有小问题没解决
银色,WLAN版64G,2,买了不到20天，降价了。也是服气
银色,WLAN版64G,2,使用一个月。黑屏反厂换新的了
银色,WLAN版64G,2,东西确实很不错 但是价格真的还是高了些 即使有活动
银色,WLAN版64G,2,东西不错，但是发货慢，快递也不咋地，上海到杭州，早上出单第二天晚上才到？
银色,WLAN版64G,3,这泡面盖子有点贵。。。。。。。
银色,WLAN版64G,3,刚拿到手，就降价了！
银色,WLAN版64G,2,为什么边框有点缺口？是残次品吗？苹果的品控这么差了？
银色,WLAN版64G,3,买了就降价，醉了
银色,WLAN版64G,3,包装破损，充电有时候连不上
银色,WLAN版64G,2,备忘录还有记录，应该不是新机。
银色,WLAN版64G,3,开机的时候有一下闪屏  不是什么大问题吧？？？
银色,WLAN版64G,3,没有价格保护
银色,WLAN版64G,3,降价真快
银色,WLAN版64G,3,好轻，感觉一般般
银色,WLAN版64G,2,26号下的单，今天中午才送到，终于拿到手好激动
银色,WLAN版64G,2,平板还好，就是商家说送的东西没有。
银色,WLAN版64G,3,东西是好东西，让人心塞的是隔天就降价，还不给补差价，耳机也没有！
银色,WLAN版64G,3,买回来几天就降价了，。。。。。。。。。。
银色,WLAN版64G,2,618特价抢购的，可惜有问题，开机闪屏，退货了
银色,WLAN版64G,2,已经申请退货了，京东不愿意退差价，并且拆封就不能无理由退货，退货还要8元运费，京东你现在真的这么缺钱！！！！
银色,WLAN版64G,3,钢化膜收到的时候是坏的 希望店家能补发一个新的
银色,WLAN版64G,3,帮领导买的，结果到货拆封感觉屏幕小，无法退换，尴尬！
银色,WLAN版64G,3,喇叭有爆音
银色,WLAN版64G,3,感觉有点卡
银色,WLAN版64G,2,屏幕有两个坏点，刚买完还没收到货就降价了。
银色,WLAN版64G,3,外观材质：包装没包好，有点撞伤，快递包装不够细致。别的还好吧
银色,WLAN版64G,3,平板现在还是很值得的，就是膜套不太好，不值
银色,WLAN版64G,2,包装比较随意，盒子摔的有点问题，平板用的倒是还行，为什么这么快就降价了？
银色,WLAN版64G,3,不想说话，后悔当初没买个屏大一点的，也不能退了
银色,WLAN版64G,3,外观材质：为什么我的电源键跟音量键那里有些松动，不知道你们买的有没有类似情况
银色,WLAN版64G,3,买完就降价？金色怎么又涨价了？迷惑行为&hellip;&hellip;物流还是很快的 包装不太行
银色,WLAN版64G,3,机器本身没有问题，查过了，但是平心而论，壳膜套餐不值。
银色,WLAN版64G,2,平板的WIFI不好用，这个问题怎么解决，只能连WIFI还不好用
银色,WLAN版64G,3,买完就便宜 服了 ??? 而且感觉一般 。
银色,WLAN版64G,2,用起来还不错就是心里不愉快，，出尔反尔
银色,WLAN版64G,3,直接卡死
银色,WLAN版64G,2,开机速度慢，啥啥都慢。不知道是新的还是旧的
银色,WLAN版64G,3,到手第二天，玩王者有点闪屏， 其他的还在观察中，不知道是不是问题机
银色,WLAN版64G,3,用了消费券不给价保。。
银色,WLAN版64G,2,指纹识别不是很灵敏！！！运行速度也就那样吧！
银色,WLAN版64G,2,买贵了，正在使用，京东上的东西还是贵啊，不过物流挺快
银色,WLAN版64G,3,总体使用流畅，性价比高，但是home键边缘有些割手，买完没两天就降价了，还不能保价
银色,WLAN版64G,3,打开后ipad两侧有泥垢，懒得换了
银色,WLAN版64G,3,没几天便宜了50块钱，包装箱子连个气泡保护都没有，呵呵哒
银色,WLAN版64G,3,唉 不知道是不是正品 触屏有点没反应？你们有类似的情况吗？
银色,WLAN版64G,3,充电反应迟钝
银色,WLAN版64G,3,"都挺好的，正品，但是有一点点不开心就是刚买没多久就降价五十多块钱。，。。心里失落啊，而且找客服了解也没有人工处理，有点敷衍。。。不太开心，哭唧唧(&acute;;︵;`)
还有就是本来说当天十一点之前下单当天就能到，十点多下的单居然没有当天到，而且第二天也是很晚很晚才到的，心里期待都没了"
银色,WLAN版64G,2,屏幕效果：断触
银色,WLAN版64G,2,买完不到一周立马亏钱一百多，心情真的难以平静，联系客服，客服说预售价格不算保价，一周之内才可以补差价，算了一下，预售的发货刚好是8天，完美错过保价
银色,WLAN版64G,3,一般，感觉没有18款iPad9.7的好
银色,WLAN版64G,3,上午10点半到手了，产品是没问题，后期物流也是一如既往的给力，就是这个死板的地区仓分配原则有点坑呀。
银色,WLAN版64G,3,就是百年不变的产品，买来盖泡面的。没啥区别
银色,WLAN版64G,2,网络不怎么好，玩游戏有延迟，特别是登录office的时候显示没网络
银色,WLAN版64G,2,刚开始用，感觉还可以，到货的时候就是保修期没有几天了(^^)先用着看吧
银色,WLAN版64G,3,还行吧，有时候屏幕有点不灵，不知道是平板的问题还是膜的问题
银色,WLAN版64G,2,电池不怎么样，充电慢的要死，看几集电视剧没电了
银色,WLAN版64G,3,不知道大家买的有没有屏幕范红问题，我去体验店看的屏幕没有这个诟病，买到品控不好的产品了。
银色,WLAN版64G,3,买回来充电器没用两天就不灵  一个星期不到充电器就坏了
银色,WLAN版64G,3,新机送过来充电头不行，没办法充电，主机到没啥问题。后面申请售后重新换了个新的充电头给我，京东售后处理的还不错。
银色,WLAN版64G,3,平板性能不错，少的两个星是因为没货拿出来卖，虽然一开始就写了4..1才有货，但是也应该写着是预售，不应该是抢购，客服还行，给我退了差价，
银色,WLAN版64G,2,"外观材质：有点小瑕疵，不知道啥原因上面有点小凹处
屏幕效果：刚拿到，第一感觉还行"
银色,WLAN版64G,3,运行很流畅，电池很耐用，唯一不足的是充电口有点小瑕疵，不影响使用就懒得换了
银色,WLAN版64G,2,与其他设备相比，接受WiFi信号能力差，有时候甚至断网
银色,WLAN版64G,3,感觉不像全新的，有痕迹，凑合用吧，拆封后不支持退换。。
银色,WLAN版64G,3,刚买还没两天降价40多，并且赠品变多了，充电器插上充电有延迟
银色,WLAN版64G,2,使用到今天，总体还是满意的，速度很快，就是屏幕有一个亮点，不贴膜还发现不了，有点小失望
银色,WLAN版64G,3,京东套路深啊，价格保护就是耍流氓，买了几天用***能便宜一百，而价格保护不了，因为价保是针对页面价格，而不是最终成交价，最终成交价是针对你买的商品
银色,WLAN版64G,2,好像不是国行，一充电就自动开机，和在官网上买的不一样
银色,WLAN版64G,3,让我怎么评价？！上次充电时候为1月6日，我这刚收到货，怎么就变成1月6号充过电了
银色,WLAN版64G,2,产品显示第一次充电为5月19日，不知道是不是第一次使用的时间，其他觉得OK
银色,WLAN版64G,2,两颗星一颗给平板本身，一颗给客服。平板很不错，挺流畅，就是定价太坑了，后面又是降价又是赠品，联系客服退了差价，但是不补赠品，简直了，后面竟然又降价了！前后就几天的时间降两次价！！！
银色,WLAN版64G,3,不敢评价，商品太贵了，我觉得产品目前没有什么大问题，但是价格还是不够诱人，我是帮别人买，自己是穷人买不起。
银色,WLAN版64G,2,本来是冲着苹果的平板电池耐用才买的 结果我感觉电池不耐用 不知道是不是买到翻新机了还是咋样 这电池和我用了五年的ipadmini2差不多。。。。
银色,WLAN版64G,2,第一天下单2900多，第二天就降价200多，玩我呢，申请价保，三四天都没退款，客服服务差
银色,WLAN版64G,2,本来我拿到手还蛮喜欢的，可是用的时间不长，看电视的时候它的喇叭老是有吱吱的声音，很影响使用感！
银色,WLAN版64G,3,ipad还行，不过屏幕没我苹果7清楚，而且触屏感觉不是特别敏感，有时候要用很大力才滑得动，开机的时候屏幕会闪，网上说有的会有的不会。
银色,WLAN版64G,2,第一次买平板 优点 系统很流畅 挺轻 ，缺点 做工不够精致 玩吃鸡 王者边框处有点扎手
银色,WLAN版64G,3,快递挺快的，但是机器里有其他人的身份证，不知道是不是二手的，或者在售出的
银色,WLAN版64G,3,用了二十天，出现了屏幕条纹，正在维修，质量有些担忧?
银色,WLAN版64G,3,收到屏幕有细微划痕，已激活不能换，我妈私自拆了没录开箱视频
银色,WLAN版64G,3,还可以，盒子里面直接放的电子产品，也没有防摔的填充物，而且里面没有订单
银色,WLAN版64G,3,等了几天了今天才收到，这次外观没升级，也就没啥大的惊喜。机子拿出来有一处磕碰掉漆了，看着问题不大再换也不知等多久，就算了。反正现在苹果的品控也就那样，**的是这次官方调价后，京东不让保价，不太满意。
银色,WLAN版64G,3,用了没几天充电器就坏了，由于比较忙，一直没怎么用，充电器就充了两次就不充电，换别的插头就可以。618买的，
银色,WLAN版64G,2,综合来说，打游戏手感很好，照片像素分辨率不如手机，有时候出现小毛病，~视频卡掉过一次，卡到~自动重启那种，别的问题不大，将就用吧
银色,WLAN版64G,3,"屏幕效果：苹果显示效果肯定好
外观材质：但是外观总有那么两点小瑕疵 搞不懂 耳机孔那里有黑色的 右上角屏幕边角也有个小黑点唉 
运行速度：A12反正是真香 哎 真香哎"
银色,WLAN版64G,2,原本以为在京东上购买电子产品会很放心，结果拿到手又卡，外观还有瑕疵，主要是拍照拍不出，有点失望了。送货速度还是挺快
银色,WLAN版64G,3,耳机有电流声，吃鸡开最高画质会掉帧 ?物流很快，但是包装。。。你里面不能多塞点东西吗，途中肯定被磕碰很多
银色,WLAN版64G,2,特意用了几天才评论！总的来说有几点不好的！开机闪屏！打开软件有时突然无触控！等一下自己又好了！是系统卡顿吗？还有就是机子背面有明显的划痕！机子速度挺快！玩游戏不卡！网络差除外！
银色,WLAN版64G,3,"缺点:屏幕小，白边无敌大，设计UI很难看。
优点:轻薄，性能配置不错。
这么说吧，我有个小米平板4，整体设计明显高出mini5一大截，自然性能和iPad没得比，但你都买mini了还追求啥性能呢？?我是个老实人，觉得mini5不行。买了就图个好看，这设计拿手上都膈应。加点钱入Pro吧。"
银色,WLAN版64G,3,体验不是很好，有点卡顿。然后同时打开几个应用竟然卡机。有点难受，快递只有一个盒子装着过来，什么都没垫。
银色,WLAN版64G,2,玩游戏大小合适，冲着A12来的，其他和mini4基本一样。发现玩游戏全高画面流畅但是延迟跳的相当严重，只玩了王者延迟经常从60ms一下到400多其他没试。不知道是游戏兼容问题还是设备本身缺陷。哎，还是先用原来的老机子吧。不稳定，等优化吧，体验差。
银色,WLAN版64G,3,机器是新的，挺好用的，就是包装太寒酸了，拿到的时候，里面一直在晃动，幸好机器没坏，难道京东就不能放多点填充物吗？?
银色,WLAN版64G,3,价格不是很贵，给小孩子玩的，用了一个月，有一次充电充不进去，后来自己又莫名其妙的好了。
银色,WLAN版64G,2,坐标石家庄，到货的过程有点复杂。先是26号早上8点半买了，然后一直不发货。30号退了又重新买了一次，今天上午就到货了。平板很好，喜欢这个屏幕。但是京东不按订单顺序发货我是真不能理解。商品5颗星，京东2颗星。
银色,WLAN版64G,3,玩的还不错，就是那个电量冲不进去，我冲的时候是百分十36早上起来还是一样。刚开始以为是充电器插反了后来换来换去还是没有用。
银色,WLAN版64G,2,"A12还是很香的 机器重量很轻，带着没有什么负担。期待下半年的ipados
缺点：开机的时候会闪屏(见视频),感觉不是个例 我朋友在京东买的也遇到同样问题。虽说不影响体验(只会在开机的时候出现),但还是有点不爽"
银色,WLAN版64G,3,就是激活过程中显示ipad被多次注册id，创建不了新id。比较害怕是翻新机，返回再进也就正常了，希望问题不大吧，一年保修时间反正出啥问题就来找店家呗，还有就是希望商品包装能更加安全一点，很简单的包装，安全性不高。
银色,WLAN版64G,3,不太好用，充电延迟十秒左右，而且充电的时候平板背面金属漏电，手麻的不行，不知道为什么看视频死机过好几次，不知道是不是考试专用app的原因
银色,WLAN版64G,2,"充电提示严重延迟 其他没有问题?_??包装非常简单！
外观材质：材质不错
屏幕效果：一般般
运行速度：非常快
轻薄程度：可以接受
其他特色：照相不咋滴"
银色,WLAN版64G,3,屏幕效果：买了一段时间了，用起来感觉还是可以的，就是今天突然发现屏幕上有一个黑点，刚开始以为是外面的，但怎么都擦不掉，你知道那种强迫症的人是有多难受吧，不是说京东里面是正品吗，这就是正品，买了之后才听同学说去官网买方便，可以退换货，真的，下次去官网吧
银色,WLAN版64G,2,可以。自从买了iPad，学习成绩一路下降，爸当场把iPad折成了两半，还好质量不咋地，一捏就弯，不然难解我爸的心头恨啊
银色,WLAN版64G,3,平板的质量不错，用着很舒服，就是一起买的壳膜组合不怎么样，膜没用就坏了，壳还划机器，不建议小伙伴买壳膜组合
银色,WLAN版64G,2,"外观材质：还可以
屏幕效果：还行 没有自动调节亮度
运行速度：可以
轻薄程度：可以
其他特色：暂时没什么 唯一就是京东太恶心?。买了就降价 还不支持价格保护 非要说什么赠送了上手无忧服务 那个有什么用 你硬要给我赠送   赠送了就是因为这个我没法支持价格保护 后面买的朋友注意了 平板它都会给你赠送了一个什么上手无忧的鸡肋服务。然后你就没办法申请价格保护 一再的降价 让我感觉我还不如去实体店买的放心点.   接下来它还会降价 让我有点后悔买这个了。 不想说什么 就是感觉京东这方面做的让人特别觉得恶心。"
银色,WLAN版64G,3,实话实说，拆开后四个角有点脏，耳机孔、充电孔有轻微使用痕迹。但电脑爱思助手电池使用为0次，也是自己激活的，就不打算退货了。分辨率感觉不如苹果手机。
银色,WLAN版64G,2,双十一买的，发货倒挺快的，就是前后折腾了几天，先一个是屏幕有透光点退回去换了一个，重发了后一个吧也怪自己没仔细检查外观就开机激活了，结果真的是非洲体质啊，充电口附近有两条划痕！！！找了客服说理也说不出个321来，自己吃闷亏了吧，真的建议后边要买的朋友一定要先检查外观了再激活开机！
银色,WLAN版64G,3,运行速度一般，比mate pro差太多，无论从外观还是硬件配置，唯一的优点可能就是苹果的系统，还有充电器冲了一次就坏了，玩个毛线
银色,WLAN版64G,3,小孩上小学经常有网络作业，因此决定买一台平板电脑，对比了很多平板电脑，才决定购买这款iPadmini，比较小巧，开关机速度很快，运行还可以，但是看视频的时候会秒退；双11期间买的，认为这个价格已经是最~了，结果过了几天发现价格降价到了二千五，申请了价保，回复说有赠品，不能申请价保，赠送的耳机标价100多，实际也就值几十元，@的价格～
银色,WLAN版64G,3,iPad mini第一个版本用了好多年，直到去年实在是卡顿的没法用了，才打算买新的，正好今年出了新款iPad mini，大小、尺寸、外观都和旧版的一致，所以就买了这个。好的地方是配置比较强悍，基本能hold住日常的使用；不好的地方是上额头下巴还是那么大，这个外观这么多年了都没有变化，看起来特别的老旧呆板。其实选在买个iPad也没什么实际用途，只是用来看看视频和读读电子书，其他方面基本都是用手机和笔记本了，感觉现在的iPad就是一个娱乐消遣的工具，实用性比较小。价格方面嘛，买了后第三天苹果官方就降价了，京东一开始不给补差价，后来联系客服勉强给补了差价，不态度坚决的话，京东肯定是不会给退差价的，这个操作呵呵哒。
银色,WLAN版64G,3,"外观材质：金属外壳手感自然没的说，但最终还是摆脱不了上套的命运，所以到最后啥材质也都一样。看惯了iPad Pro超窄边框屏幕之后再蓝看这个宽的边框着实有点难受
屏幕效果：就这还要啥屏幕效果，也就是个能看，比iPad Pro还是要差不少
运行速度：也就用来看看**啥的，追剧还是用pro"
银色,WLAN版64G,3,屏幕效果：爱普这个产品，没有想象中的好，iPadmini5有一点刘说明一下它不支持多媒体键盘比如说想用五笔输入法来输入的话不能在迷你五伤实现嗯，只能用它自带的一个中文输入法也就是还有就是一个英文书法另外他的产品定位其实就是一个游戏平板只适合用来做办公或者文字另外他这个产品她后天还是挺快的手机没有电了嗯，另外，它的系统就是挺好的，跟安卓比起来不是人还有一个就是这个产品，重量不轻要做一个电子产品，它的做工确实是有apple的品质其他的酒没有什么太大的优势嗯，如果个人建议的话，如果就是对游戏不要太高的要求，使用国产平板华为没必要花更多的钱去买
银色,WLAN版64G,3,iPad mini不错，显示效果很精细，手感也不错，原来用的是mini2，感觉进步不是很大，CPU是快了不少。但苹果的系统比较好，即便是mini2仍然不是很卡。苹果的产品是很好，而且不到3000就用A12，确实是不错了，但这几年感觉苹果进步越来越小了。买的保护壳套装，说实话，那个保护壳手感和样式真不怎么样，本来想为了省事从官方店直接买个套餐，含保护套的，没想到这么差，做工材料都很不好，而且还立不起来，说实话，作为官方店如果这么差的产品，不如不卖。扣的两颗星就是保护壳的。
银色,WLAN版64G,3,大年初二买的说预计初三到，到了初三没来害我激动了半天，看看已经到总站了，本想去那里拿结果说没到，但手机显示到了，还有感觉没有大屏幕平板续航高，总体评价一般吧，没有预想期那般好可能是期望太高，但我之前10.2大屏平板续航差不多能到9-10小时，这个只能5-6左右
银色,WLAN版64G,3,不吹不黑，感觉有点像二手翻新机！充电接口处，有明显的接触不良，刚开始以为是数据线的问题，然后用数据线连手机接通后发现瞬间接通一点问题没有，还换了好几根数据线平板都是一样的！接触不良！建议要买还是上官网！
银色,WLAN版64G,2,一直不喜欢苹果，孩子做作业，为选一块好的屏幕买了这款。说说优缺点，优点：做工一流，运行流畅，屏幕还行。缺点：屏幕比例不好，看视频及上课很别扭，系统操作实在不如安卓方便，请不要再用习惯这两个字来解释，苹果生态过度严苛，尤其让人忍受不了的是对App的管控是以对苹果公司有利但未必对用户有利，app中该有的广告仍然有。另外完全没有性价比可言。若再选一定会选华为的，若华为的屏幕能和ipad一样，就不会选这款了，但除了屏幕素质和游戏性能其他的真不比苹果差。
银色,WLAN版64G,3,"接连两天连续买了两台mini5,A12处理器的强悍无需多言，吃鸡的时候连树的影子都非常的清楚，八倍镜加M24让我称霸战场。7.9寸的屏幕用起来最为舒服，再大了，就只能平放着使用而不可以像手机一样端起来了。不知是心理作用还是咋地，硬是觉得mini5的后置摄像头比iPhone8P的成像效果好，更加清晰。唯一美中不足的就是不可以使用第二代pencil，希望新出的第三代可以兼容！ 说完了产品，再来谈下服务，买的时候冲着plus会员的100元全品类东券开通了plus，结果下单的时候不能使用，而官网中的规则明确规定我这种情况是可以叠加的，然后跟客服为此事揪扯了整整一天，真是心疲力竭。后来他们还是只认后天系统，无视我的诉求。一气之下投诉至黑猫投诉，迫于压力很快就退回100元的损失。 快递方面，第一个订单发货很慢，十个小时后仓库才有动静，第二次就是正常的快速了。配送员小哥一如既往的专业，快速，耐心仔细。 希望后台人员在设置活动规则的时候拿出点儿实际的出来，不然这么一大堆券没有一张用得出去，用户只会感觉受到欺骗，加快用户流失。客服部门需要加强训练，耐心逻辑推理能力急需提升。"
银色,WLAN版64G,2,才买几天就冲不进去电了，挺倒霉的，就冲了一次电，第二次充电就冲不近了，申请退货了，说还要检测&hellip;&hellip;差的购物体验，冲了一天电，试了几个插座，插头，线，关机，开机，冲一天电也没有用
银色,WLAN版64G,3,平板没问题，就是后壳有一点划痕，并不影响使用，但保护套是真的刺毛，质量不好，塑料贼硬有毛刺，刚安上就自己撑断了，反应了就让我售后，但我就拒绝了，不要问我为什么问了就是因为懒，最后赔了二十块钱的京豆，?总感觉亏了
银色,WLAN版64G,3,"外观材质：一如既往的苹果简约包装，没有耳机
屏幕效果：比以前没啥进步，就图个屏幕大，跟iPhone比还是差得远了，老iPad已经跑不动了所以换个
运行速度：没我想象的那么快，可能是因为内存比较小吧
轻薄程度：比现在绝大部分手机薄
其他特色：信号啊，同样的处理器，iPad居然比我的xs max信号还差，无语?"
银色,WLAN版64G,3,满意：iPadmini5的性能还可以，有时候会有点卡顿，应该是与第一次加载有关；屏幕显示没什么问题、音响不错；有轻微发热现象，应该是没关蓝牙等的原因（后台应用不超过2个、没有占用较多内存的应用）；激活、登录苹果ID等都没啥问题，应该没有&ldquo;#&rdquo;。不满意：1.京东这次做的是真的有些差了，虽然我也是学财会的，也理解京东压着货不发可能是出于&ldquo;合理避税&rdquo;的目的，但还是表示&ldquo;强烈不满&rdquo;；2.货物的包装，虽然做了防摔处理，但在我看来是没啥用，好在iPad并未出现什么问题，可能防摔处理有用（拆了包装一激动忘了拍照，就不附图了；一个小箱子加三个气囊）；3.iPadmini的后背金属壳有一点点瑕疵（见图），无伤大雅；4.三月二十六日买的，才过了一周就降价，申请保价还提示无货不能保价，心塞。其他方面还未体验，鉴于iPadmini1用过3年，对我来说，这款iPadmini5除了A12芯片和iOS12以外，可能也没啥&ldquo;新奇的&rdquo;地方。买来主要是用来学习的（笔记本太重，还占地方，也不方便携带；手机的屏幕有些小，不方便阅读），其次才是娱乐（未测试过游戏，没时间玩）
银色,WLAN版64G,2,昨天刚买完今天就降价，京东太气人了
银色,WLAN版64G,3,感觉充电器发热有点严重
银色,WLAN版64G,3,刚买两天就降价你们可真行
银色,WLAN版64G,3,最差的一次购物体验！
银色,WLAN版64G,2,短时间降价及赠品都落差很大。
银色,WLAN版64G,2,货是好货，但是这次网购体验极差，没货不醒下单付款了提示没货
银色,WLAN版64G,3,冬天，充电真的是太慢了。
银色,WLAN版64G,3,无话可说，无话可说，无法形容，心情复杂。
银色,WLAN版64G,2,买了没到一个月就降价，而且还有耳机送，差评！
银色,WLAN版64G,2,买的时候说什么返10000京豆，一个月爱奇艺会员然而都没有！刚买到手两三天直接降价一两百！牛批哦
银色,WLAN版64G,3,包装都这样了。无语。。。纸盒底下还破了洞。第一次收到京东快递包装烂成这样
银色,WLAN版64G,3,充电器用几天就有一股糊味，太劣质了
银色,WLAN版64G,2,东西是可以，但是刚买完就降价真的是让人难受，看到了保个价还好说，看到晚了没法保价是真的难受，垃圾体验，两颗星给商品不谢！
银色,WLAN版64G,3,下载东西很慢，在路由器旁边下载都很慢，
银色,WLAN版64G,2,电消耗的太快，玩2.3个小时就没电了
银色,WLAN版64G,3,充电接口做工粗糙，有点用着难受 ，不符合苹果的品控啊。
银色,WLAN版64G,3,之前一直很相信京东，可是每次一买大件都让我很失望，是不是觉得我不喜欢退货就把一些残次品发给我，之前买的东西我总是觉得差不多不影响使用就懒得退货了，可总是这样，我真的失望了
银色,WLAN版64G,3,苹果真是个奇怪的机器，套个皮套充电时指纹解锁就会失灵，
银色,WLAN版64G,3,说真的，要不是老婆工作非要求用到苹果平板，一点都不想买苹果的产品，使用上不是一般的麻烦，跟安卓没得比。
银色,WLAN版64G,3,玩和平精英，游戏体验极差，断触严重
银色,WLAN版64G,3,这次有点坑了，3月27付款4月2日拿到。拿到后就降价。现在京东就这样子的吗，还能不能愉快的玩耍了。
银色,WLAN版64G,3,充电太慢了
银色,WLAN版64G,2,包装破损，非常生气，京东的包装最近几次都是破的，硬塞进纸盒子，都变形了
银色,WLAN版64G,3,3星给京东价格，太会忽悠人了，以为搞个定金活动会优惠很多，活动过后一看也就那么回事，关键定金还不能退。
银色,WLAN版64G,3,降价了，差评。
银色,WLAN版64G,3,产品外观有点小擦伤，有给客服说，后面想想就算了，不退了，结果客服真就不问了，还是苹果官方好，下次不来京东了
银色,WLAN版64G,3,20号下单的时候网上写的是21日到达，为什么付款后就变成了22日到达？这么贵重的商品，只是装在纸盒里就发来了，连填充物都没有，真不知道运输途中经历了什么，本来很信任京东，下次贵重物品也不敢在京东买了。差评。
银色,WLAN版64G,2,包装严重破损，几千块的ipad就一个破袋装着，请问京东这些都是垃圾吗
银色,WLAN版64G,2,有了一个月比我的上一个air2强，给二星的原因是皮套套装，不赠送那个138元耳机。差评。
银色,WLAN版64G,2,没买之前心心念，特别想要，买了之后盖泡面??对我而言真心没啥用。。。
银色,WLAN版64G,3,小哥速度很快第二天就到 给三星的原因是拆开开机电量是100%？这是后封的吗？不是处了？自营还有这种情况？
银色,WLAN版64G,2,辣鸡**，辣鸡物流，26号拍 2号才到货，别人27就拿到了武汉地区要**的七天？**物流，先备货再抢购发货不行？还差你钱是吧？蠢东西。外加一句 苹果牛笔。
银色,WLAN版64G,2,很多软件适配做的都很差，问了客服也说了就是ipad适配的问题，一丢丢后悔
银色,WLAN版64G,2,买的保护套装，这个破壳子可真够好的，用了不到一个星期就坏了，辣鸡，现在取都取不下来，人家送的都比多花50这个套装好，大家千万别选保护套装
银色,WLAN版64G,3,刚拿到手就开始降价，送耳机，搞30天无忧退货，自助申请价格保护也不给审批，还得转人工，就涉及退一顿盒饭钱，但让老京东粉感觉很堵得慌。
银色,WLAN版64G,2,"链接网络不稳定啊，其他电脑手机电视都正常&hellip;&hellip;
什么鬼啊"
银色,WLAN版64G,3,价格并不是最优，后来问过我朋友也在同一家店买的，2500多就能买到了。然后配备的那些壳机套装那个壳太差劲了，整体体验不是很好。
银色,WLAN版64G,2,Air2孩子学习嫌大，折旧换了，预约不能用京卡差评。除了手感，其它都不如！特别上网好慢。一次失败的置换。
银色,WLAN版64G,3,这次的购物体验真是一颗星都不想给的，26号早上8点抢购的今天才送到，产品不多说，A12是真香。不满意的是京东这次纯粹耍人玩，开卖时没说是预售吧，付完款显示4月1号才有货，结果还是拖到2号发货，而且客服信心满满的说按订单顺序发货，可是有很多买家已经评论说了，抢购的退了直接下单第二天就到了，京东你给我解释下什么是按订单顺序发货？？？提前下单的都被临时下单的甩了一条街了。而且你这快递包装就舍不得放点填充物？？？路上抖坏了算谁的？  耳机充满廉价感，毕竟送的也不多说，差价倒是处理的很及时，找客服退了78到余额里。怎么说呢，东西是自己想要的，购买过程就不是很愉快了
银色,WLAN版64G,2,苹果旗舰店买货都不带袋子吗？也没有能备注的地方，真是服了！服务用点心吧！这送人都没袋子，烦人！
银色,WLAN版64G,2,充电头发热严重，售后麻烦。现在只有充半个小时拔出来，等没那么烫了再充电。烦！
银色,WLAN版64G,3,"看视频左右两边未满屏显示，是黑的
屏幕效果：未满屏，看着很不舒服"
银色,WLAN版64G,3,包装极其简单，没有任何填充物，收到时外包装严重破损！刚下单就降价，说是申请保价，结果申请了不通过！
银色,WLAN版64G,2,等的时间太久了8天，我都不懂是怎么等过来的，没有货就不要显示抢购，后面买的都比预约抢的还更快到，这一次挺失望的
银色,WLAN版64G,3,"包装特无语，过来就这样了，能看见里面的东西。
迷你颗粒感很强，只是拿来看直播课，偶尔吃鸡，吃鸡倒是不错&hellip;"
银色,WLAN版64G,2,买后两天就降价，申请价格保护还不通过说是没有降价，这不是睁眼说瞎话吗！最后补偿一点点京豆了事，算了，就这样吧
银色,WLAN版64G,2,"盒子有挤压，边角挤压比较严重，最近在京东买的p30pro盒子边角也是这种挤压，这一点比较失望，万幸压的不是平板所在那一面。
月初买的还是有外层纸箱的，不至于压坏，最近搞个泡沫包装袋就打发了。"
银色,WLAN版64G,3,二七久久买的，还是会员减100买的，满以为很优惠了#现在一看还要便宜②百，这价格感觉不值;一方面价格这个有点坑，而是劳资感觉机子也有点问题，屏幕触控不灵，删了APP长按屏幕没反应，#，机子吃个鸡有点点发热#画面就卡成ppt，wifi抢网络也慢的得一瞥??(◣д◢)??
银色,WLAN版64G,3,差评给武汉东亭营业部，货到了武汉东亭营业部，显示因为下雨，说延误送货，然后我自己刚好离武汉东亭营业部不远就过去拿，到了那边，营业点的员工态度非常差，也不给找货，差评。
银色,WLAN版64G,2,"在付款之前京东也没说这是预售，付完款几天不发货，那你搞什么发售，直接写明白这是预售不好吗？而且包装特别不好，一点填充物都没有，数码产品最怕的就是碰撞好吗！
再说一下iPad，A12的处理器加上iOS12可以说是特别流畅了，拿在手里大小正好，特别适合打游戏?"
银色,WLAN版64G,3,产品耗电很快，和其他买家评论的续航持久不太一致，我不会买到翻修机了吧，但是京东自营买的，会吗？
银色,WLAN版64G,2,感觉有点坑，我交定金的，结果价格和没交定金一样，感觉比其他数码店价格还高一点，产品质量还在体验中
银色,WLAN版64G,3,外观材质：虽然是全新正品，不知道为啥屏幕有个点擦不掉，被激活了就不给退换了，只能说运气不好。选的壳膜套餐也不咋样，壳做工很粗糙，果断自己重新买过一个。本来觉得官网有保障，看来也就这样。
银色,WLAN版64G,3,千万别买白色，廉价感太重，我刚刚拿出来还以为是山寨机。还有IOS12也#烂了，就在激活的时候都卡死两次，还是重启才好的。实际使用的时候也是好几次卡死，我再次怀疑是不是山寨机，说好的A12默秒全呢？说好的IOS#呢，都是扯淡，约等于半个垃圾。
银色,WLAN版64G,3,这个用着没问题，有点不习惯。尤其是账号居然还非要免密支付才能注册，本来给孩子学习用万一被孩子误刷怎么办。差评
银色,WLAN版64G,2,刚入手几天，就有个很头疼的问题，Wi-Fi信号很差，手机可以连，单iPad mini连着就很卡，现在暂时只能通过手机连Wi-Fi共享热点给iPad mini用，这样反倒很顺畅，现在拆包装了就不给退了，只能去保修看看了
银色,WLAN版64G,3,"买它图真香，使用效果确实验证了确实香。但在开机过程中有一些情况让我不爽，ps:我之前也是苹果用户。
1:第一次开机激活失败，不知道原因，重启重新开机。
2:开机后apple ID 多次登录，终于登上。
3:app store 账号多次登不上，弄的时间很长，很烦
都弄好以后使用起来没啥问题了，不清楚开始是什么原因"
银色,WLAN版64G,2,怎么说也是个电子产品，就在平板盒外套个纸盒，没泡沫没气垫，半点保护都没有，这就是自营产品？大写的服，牛批?
银色,WLAN版64G,2,这包装没谁了，外箱被压成这样，里面一点保护泡沫都没有就一个空气袋子而且还是爆了的，机盒子有点脏，还有机盒子四周都被压凹了，这是我在京东买东西体验最差的包装...
银色,WLAN版64G,3,为什么我的 老是卡顿。 有时候得等老半天才能反应过来 难道我买假了？ A12 感觉差855的 特别是玩游戏 画质都比855要低一档
银色,WLAN版64G,3,大家买的时候小心点，即使你收到一个破破烂烂的快递，你也一定不能拆开检查哦，要不然就退不了货了呢，有那么一点强买强卖的意思，客服服务态度也不好，问什么都是回一句：拆包装不退换。 我真的很无语，商品详情一丁点不能拆包装的标注，只在你购买的时候底下有一行超级超级小的字，ipad哪里没得买，以后不会再选择京东这个平台，很差的一次购物体验。
银色,WLAN版64G,2,一直信赖京东，但是我今天踩坑里了&hellip; 之所以信赖京东所以我从这里入了iPad mini5，拆开激活完才发现边框有磨损情况&hellip;我是一名学生，省着生活费将近花三千块钱买来的东西是个翻新货物？ 如果不是翻新怎么可能存在磨损情况&hellip;   给客服发信息，客服也不给我正面回答
银色,WLAN版64G,3,第一台机器，充电口接触不良，识别率极差，三月个生产的。给退了，第二个，一月生产的，屏幕内屏有灰点，品控越来越差了
银色,WLAN版64G,2,屏幕小，玩游戏发热严重，我同事买的matepadPro玩游戏完全不发热，还是全面屏，差不多的价钱，各方面性能远不如matepadPro，一个字，差！
银色,WLAN版64G,3,我无语子这个平板 直播着打王者突然游戏给我卡死了 直接就退了 这个电玩游戏真的掉的特别快 其他的还行吧 这个价 有点拉
银色,WLAN版64G,3,刚到手不到两天，说一下体验，到手点了88%，使用时会自动断网再连上，出现了一分钟内连续掉三次的情况，而且会卡，我不玩游戏，所以并没有测评中说的a12速度快，和我之前16g的air差不多速度，耗电快，不喜，壳子不如air做的精细，磨砂看着很粗糙，屏幕整体偏好。
银色,WLAN版64G,3,"1。2999买的，无货，不支持保价，有点坑啊！
2。ios环境太封闭链接电脑都费劲，上别的网站登录账号嗷嗷快，登录苹果自己家的账号净些毛病
3。用这个看mobi格式页面显示和kindle一样大（本来还想把kindle出了，看来不用了）
4。打游戏是真的香
5。京东的物流服务有点问题，30号抢购一直不发货，然后这个地区的就无货（这个可以理解）但是后来看到这个地区有货（显示第二天就能到送到），物流也没反应，找到客服后，客服尽然让我重新下单，重新下单后原来订单的物流信息也立马改变。
个人觉得这个京东的物流系统应该有点毛病。"
银色,WLAN版64G,2,可以说是最差的一次体验了，屏幕上方有划痕，充电器有胶印，因为启动联网无法换，所以建议大家一定检查好，再启动
银色,WLAN版64G,3,"平板已经收到了，流畅性还可以，首先说一下，平板打王者闪退了一次，体验不是特别好，连接无线网检测到说的是其他设备，检测不到机型，电池耐用力还行，毕竟新机。重点来了，价保政策差评，这个价保政策真是搞笑，明明就是降价50,城城京东下单红包算实付金额，又不是你店里红包，重新下个价保订单，说是超级红包，钱虽然少，但是你这种态度真的让人无法理解，这价保政策难道形同虚设吗？"
银色,WLAN版64G,2,买回来才一个月就充不上电了，怎么充都充不上，客服说可能上因为天气冷了电池不太容易充上，我就纳闷了家里还有一个用了3年多的mini2，不管再冷的天都没出现过这种情况。。就不知道卖给我的它难道是个什么残次品么？
银色,WLAN版64G,3,"运行速度：还没激活，卡死机，重启，继续卡死机。惊呆了
外观材质：手感不错
轻薄程度：很轻薄编写
其他特色：怀疑是质量问题被退货的再拿出来当全新的售卖。
这次的ipad mini5质量击碎了我对京东所有的信任。去年买的华硕a豆，充电头是次品，最近插上去冒火花，耳机孔有问题，程序也经常卡死，已经去维修中心修过两次。
但是电子产品我依旧选择信任京东。但是这次买的ipad mini5，非常让人失望，卡的要死，质量完全不合格，还没激活，就在激活前的页面卡死机，重启之后，依旧卡死机，试了几次，还是这样。问客服，客服是机器人，人工客服，不怎么理人。
我都怀疑货源了，甚至没有安卓平板体验感好。满怀期待等待，换来的是这种质量的产品。以后苹果产品只去官网了。京东自营什么的，886。"
银色,WLAN版64G,2,现在是夏天西安的夏天这机子玩游戏刷~刷~视频通话都会发热甚至发烫那些说不热都是什么人我以为A12处理器强大到玩王者荣耀都不热并非如此相机闪屏重启后恢复播放部分本地视频卡顿并且没有解决现在依旧卡顿如果不玩游戏
银色,WLAN版64G,2,给京东以旧换新差评！爱回收！旧ipad根本没有维修过，几乎全新，检测出来说后摄像头是换过的，当年还是在它京东自营买的，补了220的回收款，实在是坑！新的mini还可以，运行流畅
银色,WLAN版64G,3,"运行很流畅，各种APP打开都不会卡，画质很清晰
我觉得不好的点
1 打字键盘不能九宫格?
我一直觉得26键好小，总是点错拼音
2 电池很不耐用，充满电看视频或者修图，
最多用4个小时，这是个平板啊～感觉和还没手机的电容量大"
银色,WLAN版64G,2,发货和配送确实是快，不过出现多次的无法连接app store，联系苹果售后电话技术支持多次，勉强能登录，但是下载需要点获取多次且出现连接苹果ID服务器失败，但是出现这些问题的时候用自带浏览器能无压力上网，看视频～最后决定退货！开始自营店客服各种托辞不让退～最后京东客服处理退款了，退款及时！不知道是运气不好还是苹果这新机的问题，买来就出现这样的问题确实无解（之前用安卓平板从来没有连接不了下载第三方或者下载不了的情况，只是卡顿才决定换苹果平板）这机子呢，确实流畅，电池给力，只是这连接app  store的问题让人无语！还有就是对于这样的电子产品，顾客不拆封，不使用怎么发现是否有问题呢！不能以这个作为不能七天退货的推辞吧！好在最后京东客服处理好了！但是购物体验不好，奔着买好产品，方便快捷，选择京东自营店，没想到前后两三天的折腾人！还有就是我收到的机子，发现4月13号有充电记录，更早的记录没去查了～希望京东这样大的电商，把好质量关，杜绝二手的当新机卖的情况！
银色,WLAN版64G,3,3月9号拿到手，平时基本上不用，里面只下载了四个软件，周末专门用来上课的，才用了两个礼拜，今天突然卡住了，完全没有任何反应，过了很久才反应过来，质量堪忧
银色,WLAN版64G,3,就像个大号手机玩吃鸡没手机好操作，太大，有点重，充电延迟几秒，除了看看电视，基本上没什么用。平板电脑最多只能说是个大号手机不能说是个电脑，外接键盘玩游戏功能没有。想买的要考虑三思而后行
银色,WLAN版64G,2,"4/1 刚刚到手官网就公布下调到2921。
用了几天，感觉iPad就是鸡肋
入手前觉得会很有用
可真上了手 
印证了朋友说的没什么用
真不如用3000块钱把现在用的iPhone se换成6s plus 或者iPhone7 
比平板实用多了
总之 比较失望 不是对产品本身 
而是对产品的定位
最后插一句 如果单纯为了看视频 
不建议购买 不能全屏 边框太大"
银色,WLAN版64G,3,"屏幕效果：跟iPad pro没法比，但也不错
运行速度：运行速度一流
轻薄程度：又轻又薄，买mini就是图这点
其他特色：今天到货，本来兴致勃勃的，看到快递包装我就无语了，你家缺两个气泡包装吗？然后iPad应该是被暴力快递了，有划痕还得拿去售后检测核实？我开都没开机，你家的快递就这么包装，我实在懒得等，算了吧，跟前两天买的iPad pro包装完全是两个概念，再看看iPad pro包装吧，三颗星全冲着iPad给的....."
银色,WLAN版64G,2,这次买这个平板，只能说很糟糕的一次购物～我没想到我会给苹果低星的评论，我不是死忠，但我确实更喜欢苹果的东西。东西拿到手的时候，很兴奋，格外小心的拆了快递，我甚至怕刀子太长划破了包装盒的膜，然而里面的气泡纸并没有包裹着平板的盒子，可能不怕颠坏吧，包装态度不如一家外卖～宝贝拿出来，屏幕上酒精擦拭过的印子，不断让好感打折扣～开机以后我还是比较开心，因为手感的确轻薄，很有艺术品的质感，按照提示我开始登录ID，导入数据，注意，这里是第一次机器home键右下角发烫，后来据苹果旗舰店的工作人员解释，又给我看相关文档，说是首次传输大数据文件正常的发热，我来描述一下这个热，我手机是iPhone7，打游戏发烫的时候，我用体温计测过一次温度，到42度就不上涨了，然后这个新iPad mini5的发热跟我用了4年的手机发热程度相比，低一些，但那种明显的烫烫的感觉不是用温热可以形容的，好的那你既然说正常的，我信就行了～然后我测试了b站，腾讯视频，微博几个常用app，升温速度很明显，最高温热，我就在想，怕不是买了个暖手的，为此我跑了两家实体店去对比，因为他们没装这几个软件，我就开着他们机器上的游戏想跑到那种温热
银色,WLAN版64G,2,价格比~贵了近两百，送货慢死了。
银色,WLAN版64G,2,还可以
银色,WLAN版64G,3,一般般
银色,WLAN版64G,2,不吹不黑大京东这么不靠谱别家都比这便宜建议大家去~移动官方旗舰店里购买比这个便宜不止一点
银色,WLAN版64G,3,用到现在暂时没有其他问题，除了发货慢可以理解，就是今天发现竟然降价了&hellip;?
银色,WLAN版64G,3,31号收到为什么日期30号而且不能顺利激活？别人退过货的机器吗？
银色,WLAN版64G,3,"轻薄程度：薄
运行速度：真在感受
屏幕效果：还行
外观材质：吕的吧
其他特色：果类都懂"
银色,WLAN版64G,3,买给小孩上网课的，我是觉得应该买华为的，这个iPad最#就是只有底部有喇叭，上网课效果差，比不上华为
银色,WLAN版64G,2,"买了才一周，价格就下降了200，而且还提示价保过期，难道价格保护就七天？
买了才一周，价格就下降了200，而且还提示价保过期，难道价格保护就七天？
买了才一周，价格就下降了200，而且还提示价保过期，难道价格保护就七天？"
银色,WLAN版64G,3,"第一部iPad mini5，说实话吧，购物体验不是很好，客服聊着聊着就没影了，物流速度可以是可以，双十一当天凌晨拍下下午就到了，但是这个包装，一星都不想给，贵重的电子产品任何填充物都没有直接放进盒子里吗？机体包装盒都有磕印了，买的牛奶都知道外面放几个气囊，电子产品一点保护措施都没有吗,一点也开心不起来。"
银色,WLAN版64G,2,刚签收就又更改搞活动，送的礼品多多，前一个活动和后一个活动只差字意区别！让消费者好好体会活动广告的含义！坑&hellip;&hellip;大牌子服务也就那样&hellip;&hellip;不愉快的一次购物&hellip;&hellip;
银色,WLAN版64G,3,京东的东西怎么回事，昨天买的ipadmini压了，今天分开买的壳膜居然两个都压了，虽然不影响质量但是不喜欢这种工作态度。
银色,WLAN版64G,3,不知道为啥，买来下载跑跑卡丁车，用~账号登录，竟会出现一个不认识的~账号登陆过游戏！无法判断机器的新旧&hellip;&hellip;
银色,WLAN版64G,2,购买了以后，就开始降价！还不支持保价！说超过七天就不能保价了！还有下载个UC浏览器也打不开网页，都是刷视频网明明很好呀！打个王者退出来一下再返回游戏就没有音效了！试着再退出然后进去也没有声音！必须把游戏清理了以后重新进王者才会有声音！打吃鸡音效会有卡顿感！绝不是网速问题！网速很好，真的搞不懂哪里的问题！本来就是买来打游戏的！可是游戏体验感极差！看视频屏幕过小，打游戏体验感差！真的不建议购买。
银色,WLAN版64G,3,"2.16号抢购下单，白条付款。
然后后面发现有人陆续收到货也有人通过315来提前收货。
然后等了将近7天，在昨天晚上看到这么久都没发货不耐烦了。又不是预售和定制何必弄小把戏呢？
之前有试过315，315没出面处理，也没打电话回复。
（感觉那个人说315的是唬弄人，毕竟人们看到个个都会去315投诉，315也不是每个人都处理）。

然后昨天我就去和京东客服说，第1个客服我苦口婆心，没谈成。

第二个客服，是个美女，然后跟她反映了我的情况，她很爽快立马给我处理，这位美女客服的敬业精神点赞。
然后昨天京东客服介入，没看错，是客服一介入，仓库没5分钟就发货。保价也是京东客服解决好了。

在这我有两个猜想：第1是有货不发；第2是刚好客服介入那时刚好有货。是怎样你们猜想吧。

然后今天收到货，问了他有没有送错颜色什么的，才跑来这评价。真的太谢谢京东客服了，还没送饭的伙计们可以参考一下我的做法。

但我想在这说明：谁都别想删除我这条评价。
我人生第一次买苹果，粉转黑！是真的黑，以老娘都支持华为。然后下面是对这整个过程的评分：

快递员5星
京东客服4.5星
包装4星
产品3星
物流3星
苹果客服1星"
银色,WLAN版64G,3,前天刚收到机子，前后检查了一遍确认没有被注册过，是新品，外观也没有瑕疵，特别喜欢银色，很好看。用了2天后过来评论的，电池没有虚表，充满电用了7个小时剩百分之30的电量，期间吃鸡，~视频爱奇艺QQ~~网盘看网课这些。还有就是客服真的很好，第一次用iPad什么也不懂都是客服给耐心解答的，真的谢谢了。性能方面，A12大家都懂，我就不多说了。但是我为什么给3星呢？因为京东花里胡俏!2788入手，赠送138元运动蓝牙耳机一副，但是这耳机在超市28我都不会买，太次了。本来想着反正是赠品无所谓，可是我错了，有赠品的东西不支持保价!也就是如果价格保护期内降价了我是无法退差价的!我只能给中评了。
银色,WLAN版64G,3,"买iPad心酸历程：从新iPadAir,mini刚发布就开始在京东上关注，3月26号早7点停止预约，8点开始抢购。但是！抢购成功还得等到4月1号（或者更晚）。我以为慢慢等就行了。但是！27号、28号就有买家收到iPad了！其中一条评论说向315投诉京东超售，京东马上就发货了！这就是你京东的不对了！区别对待消费者，而且明明有货还不发，如果我们全向315投诉，你的店还开得下去吗？29号晚9点50左右，银色iPadmini少量现货供应，WTF？又在逗我？我赶紧把自己的退了，30号晚9点50看准时机直接下单。31号上午到货。一句#送给你"
