,,1,电流声超大 滋啦滋啦的
深空灰色,WLAN版 128G,1,怎么说呢，买来验机电池健康百分之83，不知道还以为自己买了二手机呢。
深空灰色,WLAN版 128G,1,快递箱内只有一个平板，里面的塑料并未冲气，就是一个平板加一团塑料纸，快递箱有破洞，平板运输过程中受到冲击大。
,,1,"有电流声，网上看好多人京东买的，都有，烦，选择换货了，但到现在也没货，也不知道能不能换成
看到问答区这几天也有人买到，也不知道他这个有货没货怎么算，之前还说会从别的地方调货。。。令人难受"
深空灰色,WLAN版 128G,1,"简直服了京东，牛逼！
卖的货三码不一致（最最基本的要求都达不到，合理怀疑卖的东西是不是假的），反馈以后一直打太极，看图说话都不会，两个客服都睁着眼睛说一致啊，被手把手教着哪里不一致以后，就说那我要反馈，你等电话，等来电话也不解释清楚为什么不一致，不诚心诚意解决问题，提出的解决方案居然是50个京豆？哦，好多钱哦，我写评论带图都能有20京豆，这就是你们的诚意？另外，我申请售后就是图你京豆吗？
想在京东买ipad的大可参考本条评论，大家在某乎搜***三码不一致，会发现京东居然还是&ldquo;惯犯&rdquo;呢！"
深空灰色,WLAN版 128G,1,真垃圾，错付了，没想到有这么差劲
深空灰色,WLAN版 128G,1,感觉是个二手机，屏幕附近有被撬开过的痕迹，还能些许看到有胶水的痕迹。打扰了，要求退货，结果客服让我去售后店搞个质检报告，我无语。将就用吧，京东再也不是以前的京东了。而且快递比较暴力，里面很空，填充物少，就很随意的感觉。
