亮铂金 4425Y基础流畅,8+128 轻办公/娱乐,3,"屏幕效果：好
其他还不错，就是很小！"
亮铂金 4425Y基础流畅,8+128 轻办公/娱乐,3,物流蛮快
亮铂金 4425Y基础流畅,8+128 轻办公/娱乐,3,"总体来说还算可以，不算好。
做工一般，不满意。"
亮铂金 4425Y基础流畅,8+128 轻办公/娱乐,3,首次开机，那是真的慢啊，激活也挺废时间的。有文字和语音提醒还行。
亮铂金 4425Y基础流畅,8+128 轻办公/娱乐,3,耗电太快了，运行的也不是很快，还好只是看下文件，视频啥的。
8G+128G,裸机版,3,开机卡顿，系统不是很流畅，外观精致，手感可以，声音效果OK
亮铂金 4425Y基础流畅,8+128 轻办公/娱乐,2,内存小 几个软件就显示暂存盘已满
亮铂金 4425Y基础流畅,8+128 轻办公/娱乐,2,质量有问题，屏幕不稳定
8G+128G,裸机版,2,开机时间一长，就发热得厉害
8G+128G,裸机版,2,质量不敢说，只能退货！
亮铂金 4425Y基础流畅,8+128 轻办公/娱乐,2,一起分开买了俩台，具体产品怎么样，使用一段时间再补充
亮铂金 4425Y基础流畅,8+128 轻办公/娱乐,2,使用的第一天就卡机?
8G+128G,裸机版,3,续航能力差 容易发烫
8G+128G,裸机版,3,运行速度比苹果慢一些，在就是分辨率也低一些。
亮铂金 4425Y基础流畅,8+128 轻办公/娱乐,2,激活就不可以退货，续航能力不行，运行速度不行
8G+128G,裸机版,3,速度还是慢
亮铂金 4425Y基础流畅,8+128 轻办公/娱乐,2,下载速度慢，老断网，宽带都掉线，好多软件都下不了
8G+128G,裸机版,2,使用第一天就出现故障了，摄像头用不了了。在线客服解决不了，又没有在线技术支持
亮铂金 4425Y基础流畅,8+128 轻办公/娱乐,3,配置有点低，做不了什么大的工作量，只能是简单的操作一下
亮铂金 4425Y基础流畅,8+128 轻办公/娱乐,3,整体都可以，但细节上还是有点不足，略有点不爽，喇叭上多了半块东西
8G+128G,裸机版,3,屏幕效果：平板模式下，触屏很慢，简直就是龟速，看直播的时候触屏很难准确响应。电脑模式下还不错。
亮铂金 4425Y基础流畅,8+128 轻办公/娱乐,2,"运行速度：卡卡卡
轻薄程度：小巧迷你很精致颜值超高
屏幕效果：还可以，比较舒服"
亮铂金 4425Y基础流畅,8+128 轻办公/娱乐,3,写的送SD卡，结果没有，说送完即止，可是要是送完了是不是应该报送SD卡的广告下掉？大数据杀熟要不得，虚假宣传更要不得，果断退货。
亮铂金 4425Y基础流畅,8+128 轻办公/娱乐,3,其实，surface go2 也没有宣传的那么神奇。娱乐的话，建议绕道。办公的话，是很不错的。外放时，喇叭总有有呲啪声。申请换货中。
8G+128G,裸机版,3,特地使用一段时间回来评价的，轻办公很好，如果要长时间用和经常办公，不建议这款，因为屏幕很小。价格偏高些比一般平板，但是买的就是它的系统吧。还有吐槽一下就是电源没有指示灯颜色变换，设计不合理，都不知道什么时候充满了电。最让人不满意的就是京东物流包装破损，不知道怎么回事！
亮铂金 4425Y基础流畅,8+128 轻办公/娱乐,3,"屏幕效果：屏幕相比正常电脑还是有点小，字体相应也小。
外观材质：自支撑支架很方便，出厂没有保护膜
其他特色：Windows系统，自带office，开机联网后应用商店不能用，多次联系售后才解决
运行速度：运行一段时间发热明显
轻薄程度：比较便携，裸平板键盘触控笔鼠标都要另配，性价比不高。"
亮铂金 4425Y基础流畅,8+128 轻办公/娱乐,3,"外观材质：铝合金，不过做工一般。
屏幕效果：1080P镜面屏，只能说合格。
运行速度：奔腾真不行，CPU利用率常年超过50%。
轻薄程度：加起来两斤不到，很轻很小。
其他特色：除非对便捷要求特别高，不建议入手，好价低配，4 64到8 128居然要上千，还有奔腾4425Y到M3也要上千，更离谱的是LTE要上千，妥妥智商税。"
8G+128G,裸机版,3,"设计精巧，运行较流畅，对于日常软件系统的应用差不多是够用的。
但是电池耗电有点快，充满电后，三天里累计开机使用了四小时左右就剩不到百分之五的电量，而且貌似在关机状态电量也会缓慢消耗，不确定外出使用能否满足续航要求。"
亮铂金 4425Y基础流畅,8+128 轻办公/娱乐,3,还是平板和电脑分开买吧。商店带的APP软件不好用，网页下载还得升级系统到家庭版。刚买来打开机子自动激活，激活不可退，然后开机出现闪屏情况也不能退货了。
亮铂金 4425Y基础流畅,8+128 轻办公/娱乐,3,只能说还行吧，想买个可以在ppt上写笔记的平板，本来想买ipad的在朋友推荐下买了这款微软平板电脑双用，这就是一个小型便携电脑，第一次买这种，不懂得客服都非常热情回复了，买的pencil套装版，但是只能说目前操作还很不熟悉，而且写字的手感达不到我的理想状态，笔的说明书一点都不完整，我问客服笔怎么修改字迹颜色和粗细没有给我明确回复，最后给我一个电话让我自己去问设计人员，如果只说笔的话我会给一星，这点比不上苹果的，好的是整体操作还不错后面可以立起来和非常棒的充电器，这是非常值得夸奖的地方，画质感至半天了解后感觉不错，之后有其他问题会继续回复，总体来说因为买的是平板，两星太过四星太高，给个三星左右我觉得差不多，没有达到我想要的效果
亮铂金 4425Y基础流畅,8+128 轻办公/娱乐,2,才用了两天就卡了，最糟糕的一次购物
亮铂金 4425Y基础流畅,8+128 轻办公/娱乐,2,微软的售后真的很差很差很差
亮铂金 4425Y基础流畅,8+128 轻办公/娱乐,2,性能极差，不建议购买，太卡了，那些刷运行速度快捷的确定不是刷的么
亮铂金 4425Y基础流畅,8+128 轻办公/娱乐,2,今天使用的时候出现了1秒钟的突然黑屏，很担心这个产品质量问题。
亮铂金 4425Y基础流畅,8+128 轻办公/娱乐,3,人脸识别不灵敏。打开onenote特别慢。优惠套装里的触控笔不好用，没手感。
亮铂金 4425Y基础流畅,8+128 轻办公/娱乐,2,"第一次充电，就漏电。想换个新的，但听说换的都是修过的。
将就着用吧，出现大问题再说。
不建议买，在京东买数码产品第一次遇到刚买就出问题的"
亮铂金 4425Y基础流畅,8+128 轻办公/娱乐,2,为什么会这么卡顿，不是网速问题，同时间家里其他电脑电视手机都正常联网，这surface的应用商城，卡的图片都显示不出来，点下载感觉回到了2G，体验太差
亮铂金 4425Y基础流畅,8+128 轻办公/娱乐,3,"差点意思有点卡，不知道啥子原因，然后就是很轻巧很漂亮，适合女生，但是对于我打售后总是要么人多，要么拨不动，我就很无语，也是大公司能不能多点人解决一下，一边急的要死，一边人工客服总是接不上，就无语。
轻薄程度：好"
亮铂金 4425Y基础流畅,8+128 轻办公/娱乐,3,"黑边很大
安全模式下什么软件都无法安装
微软商店软件可用的太少
操作不方便快捷，功能少了点不如买平板
黑边很大很宽，没有全屏"
8G+128G,裸机版,3,很不习惯，部分功能未在中国开放吗？有时候还会有明显卡顿，软件下载特别不方便，要用他那个微软商店，但是那个商店里连一个免费好用的压缩软件都没有。建议还是去买华为，真心话，坑了。
亮铂金 4425Y基础流畅,8+128 轻办公/娱乐,2,"外观材质：surface go2非常轻便，带去上班很小巧， 但是也就这个有优点了。键盘材质很不耐脏，买黑色的会好一点，但是红色键盘太绝了，太好看了
屏幕效果：买回来一周就出现了屏幕彩条现象，但是找京东客服根本不理人，让我去找微软售后？？？这种态度还让我买京东售后保险，哪来的脸？"
亮铂金 4425Y基础流畅,8+128 轻办公/娱乐,3,买回来用了几天屏幕不能正常显示，摄像头也无法打开打微软电话，人家还是很热情，折腾了半天，最后恢复系统，原因说是安装了360软件，把系统程序误删了。没过几天网卡连不上网了，客服说升级中断造成的，唉，又折腾了半天，还是没搞好，微软客服让我下载镜像恢复程序重装系统，要命了，头都大了，我有点失望！对我影响太大了！
亮铂金 4425Y基础流畅,8+128 轻办公/娱乐,2,不推荐购买，本来买来想作为工作娱乐两用的设备，但发现Windwos的平板触摸控制体验实在太差，与华为的MatePad简直弱爆了，而且待机时间也很短，只有3-4小时。如用于笔记本电脑，屏幕实在太小，加键盘后还挺重，价格也不便宜，简直是鸡肋，现在终于明白微软电脑为什么不是主流了。
亮铂金 4425Y基础流畅,8+128 轻办公/娱乐,2,刚刚用了一个月，就坏了。就在刚刚看完视频，打算收起来就发现支架合不上了，有个凸起。是因为发热热胀冷缩？ 申请返修了，不知道要修多久，在京东买了几十万的数码产品了，第一次这样，失望
亮铂金 4425Y基础流畅,8+128 轻办公/娱乐,2,良心说，设计是不错，可是这个电脑总是让我，等待，等待，运行速度很慢，一个东西半天跳不出来，一会儿说我网断了一会儿又进去了。win10s系统退不出去，连个常用的浏览器都装不了。非常强调使用windows账户，但是用起来又非常麻烦。总之差评，以后不会再买windows的电脑了，真心很差！！！
8G+128G,裸机版,3,"因为买的是奔腾8g+128g的版本，可能是配置问题，我觉得这台电脑性价比不高。作为平板，屏幕分辨率低，不如ipad，一些app的操作性太麻烦，不如ipad；作为电脑，卡顿很严重，就连简单的系统操作都要延迟将近1秒左右，也就能做些简单的文字处理。看视频的时候，后背发热严重。
说说优点，外观很漂亮。嗯，that is all."
亮铂金 4425Y基础流畅,8+128 轻办公/娱乐,3,必须差评！产品及其鸡肋，网速不如5年前的速度。微软官方基本什么软件都下载不了。网速不可忍受的慢。手写笔不错还需要看看有没有好玩法。同志们6000多啊一套啊血泪教训。什么功能都有，什么功能都鸡肋。消消乐都俩小时没下载下来啊。同志们，真爱生命，远离微软。除了有键盘，网速和其他功能被mate20的老手机甩出18条街。心疼。。。。还让朋友带到了国外。肝疼，早知道还是买个手机了。。。，就为了出门带着轻便，结果除了看看视频，偶尔做个word. 没的用，然而在国外打开油管要2个世纪那么慢。。。。微软这是怎么了，我还以为大企业了。。。。第一次评论这么多字献给你们了。。微软一生黑。。。
