【MatePad Pro】8G/256G/WiFi/青,,1,数据线都不是原装的
【MatePad Pro】8G/256G/WiFi/青,,1,拍照不好用，摄像头在旁边，没办法对中
【MatePad Pro】8G/256G/WiFi/青,,1,少发了个备用笔尖能不能联系一下？？？？
【套装】8G/256G/WIFI/青山黛,,1,买后不到一个星期降价200？excuse me？？？
【套装】8G/256G/WIFI/青山黛,,1,中国最差客服，害死人，大忽悠。
【套装】8G/256G/WIFI/青山黛,,1,差评，充满电了，蓝牙笔却无法配对，申请售后
【套装】8G/256G/WIFI/青山黛,,1,送vipKID会员的，买了之后，又不送，垃圾，流氓，无耻，下流
【MatePad Pro】8G/256G/WiFi/青,,1,一星给京东快递，未经本人同意，私自签收，自己电话一遍遍打去找快递，向客服反应，全是推诿之词
【MatePad Pro】8G/256G/WiFi/青,,1,一直买京东的数码产品，但是现在的售后服务超级差，这个平板性价比不高，键盘和笔都超级鸡肋。
【套装】8G/256G/WIFI/青山黛,,1,十分垃圾，再不会买，新平板，就无响应，用什么都无响应，还是套装版。
【套装】8G/256G/WIFI/青山黛,,1,用不到7天边角就有磨损，差评，还不让退，非赖是用户造成的！
【MatePad Pro】8G/256G/WiFi/青,,1,应该是用过的，开机后有安装的垃圾软件，适用两天电量下的特别快，真心差评，不喜勿喷
【MatePad Pro】8G/256G/WiFi/青,,1,首先，包装有些粗糙，四五千的东西，没有东西包裹着，难道不考虑运输途中的碰撞问题吗？第二，没有产品单子。一般东西到了，都会有物品详情单，我的没有。第三，产品人脸识别不灵敏。
【套装】8G/256G/WIFI/青山黛,,1,充满电，在一天平均使用一个小时的情况下，两天就没电了。认为不正常联系客服，客服告诉我开启省电模式。我想请问，难道你一个平板，不开省电模式，用两个小时就没电了是正常现象吗？客服还丢一大段教我开省电模式的长篇大论、关闭后台运行程序的截图等等。不好意思打扰了，你不是应该先问问客户是什么情况吗？你一个人工服务，跟机器人服务没什么区别，华为的服务就是这样的吗？开眼界了！
【套装】8G/256G/WIFI/青山黛,,1,"买回来笔就没法充电，联系了华为客服基本就是网上查的方法各种试，一样的得不管用。京东还要拿走后送去检测才能给换，我这个买了还用不上，前前后后估计要折腾半个月时间，非常差的购物体验。
自己送去监测也要半天时间，还要带齐所有东西，我的时间和送检的费用谁来出，买你家和东西还要自己去检测才能快一些。不知道啥情况，检测了再看吧，东西确实不行，遇到了一个问题产品。
手写笔掉电不止，吸附上还是一直掉电，直到全部掉光为止。"
【套装】8G/256G/WIFI/青山黛,,1,就因为是国产，就因为是华为，也因为多了一个多屏，也是我们**，这种广告就会变相欺骗，我也是够傻，脑子不好吧才不一直问清楚，想不到一些问题，这个没有最新的手机是不支持多屏协同的，也就是你买个pad，还得买个新手机，而我的手机两年，说不支持，我才去问了客服，也是自己**，真的是为了促销手机和pad，什么办法都用了，这样下来至少要花一万多才能用多屏协同，刚好今天第七天我才想起来多屏协同，也不能退了，怪自己傻，太傻了，怎么不知道人家卖东西么，那可能就那么好就能用呢，肯定不知道藏着那些事情呢，不买新手机就用不了，哈哈哈哈哈哈哈哈哈哈哈，5000买的，最有新意的多屏还是用不了，我一直很喜欢华为，也一直用，我家里也是，提前被邀请华为排节目也是很支持华为，我现在真的非常非常非常气我自己，怎么就那么*B，牛皮，我认了，谁让咱穷么，花不起一万多买全了在用。
【MatePad Pro】8G/256G/WiFi/青,,1,18号在京东上买了matepadpro平板套装的，买回来使用两天后发现键盘不好使，屏幕貌似也有问题，于是去了售后，售后检测说都没问题，于是现场我演示了键盘的问题，看到了以后说给我换一个，回家之后的第二天发现屏幕有问题，迎着光看发现屏幕有一个类似折痕的情况，我不知道是我眼睛不好使还是大家都这样，然后我联系京东退货，京东说我平板侧边有划痕不给退货，我拿回来看了一下，正好是我放磁吸笔的地方，那我请问平板买回来带个笔我不使用我摆着看么？我一共用着没两回一直在上面放着就能出划痕，我想问问这个问题是品控问题不？键盘问题，屏幕问题，加这个问题，换来的是京东不给退货，京东华为不管这个事，我想问问这事怎么解决？
