128G WLAN版 银色,,5,心心念念的ipad2020终于到手了，好激动!我是用来学习上网课的，之前一直想买，就是一直没货状态，这次被我发现有货了，果断入手，苹果做工真的流畅和精巧，用个几年一定没问题，颜值超高，爱了爱了，从物流到产品都是完美!感谢京东!
128G WLAN版 银色,,5,"外观材质：非常好，苹果?高端产品值得信赖。
屏幕效果：亮度，清晰度不错，非常清楚
运行速度：运行速度很快，
轻薄程度：品质好超薄，是随身携带的必需品。"
128G WLAN版 银色,,5,128g，看着真的不错哦，买给好朋友的礼物，外观简洁大方，屏幕清晰颜色正，运行速度很快，又轻又薄，接下来该买保护膜和保护壳了，有点小贵。
128G WLAN版 银色,,5,"一如既往的高品质。
细腻的手感，细腻的屏幕，流畅的系统，用起来也很方便。

喜欢就买，没得什么好犹豫的，哈哈。

京东真的好快，物流说要第三天能到，谁知道第二天就到了，满足了急性子的需求??"
128G WLAN版 银色,,5,非常不错，大小正好，系统流畅，一直想买，可惜之前一直没有货，这次正好有货就赶紧下单了，果然没有让人失望，ios系统的生态真的没的说，孩子用来上网课很方便！
128G WLAN版 银色,,5,非常好用，屏幕很大，边框比较窄，迄今为止发布的ipad最划算的一代。a12芯片速度性能足够，屏幕不是全贴合，有黑边看起来不太舒服。用来学习是比较合适的，做笔记很方便。现在到处缺货还买不到，这个是正品，爱思助手验证100通过
128G WLAN版 银色,,5,送给老公的情人节礼物，是迟来的礼物哈哈哈哈。谁让一直没货呢。也是有天老公突然在京东上搜到了，就赶紧买了。价格也挺合适的，本来想着要不要等38的时候买，但是感觉也不会有更大的优惠了，还不如早买早享受。应该是正品，拿着很有质感。用着也很流畅呢！满意。包装也很好
128G WLAN版 银色,,5,"包装完好全新，物流也很快。难得不加价。

运行速度：快
轻薄程度：很薄
其他特色：有质感"
128G WLAN版 银色,,5,物流快包装好，心心念念的平板到了，好开心啊。质感很好，哪儿哪儿都好。物流快包装好，心心念念的平板到了，好开心啊。质感很好，哪儿哪儿都好。遗憾的是没有膜和外壳，自己买一套装上。哈哈&hellip;&hellip;喜欢的不得了。
128G WLAN版 银色,,5,屏幕很正，亮度也很高，运行速度超级快，官网可查是正品，京东商城发货速度还是一如既往的快，这也是我喜欢在京东购物的原因之一。
128G WLAN版 银色,,5,买给弟弟的，到了就让我去给他取，非常不错，假期拿给他玩游戏，看电视，我也能安静一些，哈哈哈哈。。。。
128G WLAN版 银色,,5,等了蛮久，才发现有货，且价格合适。这个版本性价比很高，拿到手超级轻薄，配了防爆膜和外壳，办公娱乐两不误，一点都不卡。京东远程调货的很棒。
128G WLAN版 银色,,5,比想象中的大 很流畅 外观也好看 是20年的新款 内存也很大 在家看视频很方便
128G WLAN版 银色,,5,这款平板是我看了很久的款了，一直都没有货，等了几个月终于有货了。这几年，一直都在京东上购买各种电器电子产品，相信京东的质量，喜欢京东的售后。不仅如此，各种家用的电器都是在京东购买的。遇到活动促销期间购买，是很划算的哦。喜欢这个平板。现在心头爱升级为它啦
128G WLAN版 银色,,5,"宝贝已经收到，非常喜欢?
颜色非常漂亮?
使用起来也没有问题！?
轻薄程度：非常的薄
外观材质：外观设计则延续经典款，大气
一次非常满意的购物，信任京东！"
128G WLAN版 银色,,5,宝贝收到了，很好，真的太喜欢了，苹果的平板的确是完美，生态系统这一块杠杠的没得说，国产的也不是不行只不过在一些体验上，苹果的体验感的确很强。
128G WLAN版 银色,,5,物流速度很快 买来送给老姐的 她说看来看剧办公挺方便 轻便 很不错
128G WLAN版 银色,,5,ipad安全下车 是正品 未激活的 电池容量100％ 保修也在期内 很喜欢
128G WLAN版 银色,,5,快递收到了。心心念念的ipad。非常喜欢。第一次玩设置了好一会呢。送给老婆用。老婆一定很开心。
128G WLAN版 银色,,5,平板非常喜欢，发货快小哥送货也快.平板运行速度也快.非常满意
128G WLAN版 银色,,5,官网购买图的就是省心省力，质量不错，屏幕显示效果很细腻，运行速度非常流畅很轻薄，拿在手里不重，外观是我最喜欢的白色，屏幕特别的亮，希望他可以使用的久一些。
128G WLAN版 银色,,5,来的很快！  隔天就到了  机子没有问题很好  孩子学习用挺好的
128G WLAN版 银色,,5,很不错，处理速度很快，功能强大，是正品，非常满意
128G WLAN版 银色,,5,这已经是买的第n个苹果的电子产品了，也是继ipad4之后的第二个平板，ipad4由于版本原因很多软件已经用不了了，打开软件还有些许卡顿，平时由于工作原因会经常使用平板，经对比还是觉得2020款性价比最高，很轻薄，运行速度也很快，虽然a12没有a14好，但足够使用，很赞！
128G WLAN版 银色,,5,全新正品非常完美，很愉快的购物，京东产品值得信赖
128G WLAN版 银色,,5,京东商城的东西很不错，质量有保证而且发货速度特别快，这款平板电脑是买来给孩子玩的，大小合适，孩子也很喜欢！给孩子玩内存足够了，售后服务也很好
128G WLAN版 银色,,5,"外观材质：特别美观
屏幕效果：很清晰
运行速度：很快，一点不卡
其他特色：容量够，追剧，娃上网课很好的"
128G WLAN版 银色,,5,是正品，电量也可，没测爱思但是测量序列号和电量，都OK，目前使用了也很好，没啥问题
128G WLAN版 银色,,5,送货很快，第二天晚上就到了，试用了一下不错！比mini大了一号，给小孩学习不伤眼！
128G WLAN版 银色,,5,果然很好用 哈哈哈 价格感人 真不错。
128G WLAN版 银色,,5,是很不错的哦，应该是正品，直接能连我的手机
128G WLAN版 银色,,5,不错，是正品，2021生产的，用起来很流畅
128G WLAN版 银色,,5,很棒唉，用云把mini上的资料同步了，终于可以用大一点的屏幕看电视喽
128G WLAN版 银色,,5,iPad，我觉得不错，就是我这个小白来说，这个颜色很好看，很百搭。
128G WLAN版 银色,,5,官网要等一个月，在京东发现了宝藏店铺，正品而且发货快，除了没用上教育优惠，一切都很棒。
128G WLAN版 银色,,5,"很满意的一切购物，电池100,1月末生产的新机，充电次数0"
128G WLAN版 银色,,5,终于拿到了，大小合适，速度也很快
128G WLAN版 银色,,5,第一次在京东上购买苹果品牌，感觉很好！期待有好的质量
128G WLAN版 银色,,5,查了序列号是正品，货收到后就拆开用了，质量很好，东西和官网买的没区别！
128G WLAN版 银色,,5,很满意，银色也不错，还有一个mini也是银色，性价比高。买来给孩子上网课
128G WLAN版 银色,,5,"外观材质：很好
屏幕效果：非常清晰
运行速度：a12速度快
其他特色：苹果值得信赖"
128G WLAN版 银色,,5,"外观材质：白色漂亮大方
屏幕效果：显示细腻
运行速度：很快
轻薄程度：轻巧"
128G WLAN版 银色,,5,送货很快，第二天就到了。比在苹果店买的还方便，挺好的。
128G WLAN版 银色,,5,用着很好，孩子上网课和用学习软件，足够用。
128G WLAN版 银色,,5,买后爱奇艺。。不过很好用
128G WLAN版 银色,,5,第一次非官网购入，满意。物流也快
128G WLAN版 银色,,5,很好 官网查询是正品
128G WLAN版 银色,,5,非常不错！肯定是一手的。电池也很给力
128G WLAN版 银色,,5,非常不错，给予好评，加油
128G WLAN版 银色,,5,很棒，很喜欢，值得信赖
128G WLAN版 银色,,5,现货很香，不需要等待，送货速度快
128G WLAN版 银色,,5,满意很好?用来学习
128G WLAN版 银色,,5,不错，信任京东，买东西都是京东自营，物流快递员服务都很好
128G WLAN版 银色,,5,是正版，商品很好，值得推荐。
128G WLAN版 银色,,5,很好，是正品，全新，用一段时间再来追评
128G WLAN版 银色,,5,物流很快，外观完好，用了几天还可以。
128G WLAN版 银色,,5,很好用的一块平板啊，父母很喜欢。
128G WLAN版 银色,,5,一如既往的对京东很满意。电子产品，京东还是很靠谱
128G WLAN版 银色,,5,产品特别好，物流特别的快，喜欢的不得了
128G WLAN版 银色,,5,买到了 非常好用，值得推荐。。。
128G WLAN版 银色,,5,物流非常的快，包装很好，安全下车
128G WLAN版 银色,,5,正品，高品质，质感特别好
128G WLAN版 银色,,5,很好，很棒，挺好使用的
128G WLAN版 银色,,5,挺好的，发货很快，官网要等好久
128G WLAN版 银色,,5,物流速度很快的啊，可以的啦
128G WLAN版 银色,,5,看着还是很不错的。包装也很完整，没有破损，快递也很快。
128G WLAN版 银色,,5,非常好，支持京东，专业服务。
128G WLAN版 银色,,5,收到马上试用下，很不错的！
128G WLAN版 银色,,5,物流快，产品很棒很不错。
128G WLAN版 银色,,5,包装特别好，速度特别快。
128G WLAN版 银色,,5,很喜欢，发货速度也很快，
128G WLAN版 银色,,5,给孩子买的非常好 屏幕大
128G WLAN版 银色,,5,收到换新的机器了很不错
128G WLAN版 银色,,5,非常好 好好好好好还
128G WLAN版 银色,,5,颜值高，屏幕大，灵敏度高，和手机一样容易操作，主要是价格便宜。
128G WLAN版 银色,,5,不错 之前的ipad也是京东买的 用了几年了 一看盒子18年买的了 而且内存32有点不够用 孩子学习的软件越来越多 买了个128的 因为要给老人用一个 所以从新买一个 没想到比之前买的大了一小圈 又从新买的壳和新款绿膜 还从新买了一个超级贵的防辐射贴捂脸 总之不错 相信京东 送货也快
128G WLAN版 银色,,5,我是假人?????，速度快隔天就到，完美屏幕，电池没测，出仓日期今年，比官网快，?狗头滑稽????????????????????????????????
128G WLAN版 银色,,5,考虑了二天，还是决定买苹果iPad啦，给孩子上晚课用。因为我一直用苹果手机，4S到5S手机到6然后7p一共四部，567一直在用，真的不卡机，真的不用老清理内存，优秀的系统，出色的产品。没有其它产品能比！
128G WLAN版 银色,,5,东西很不错，符合预期。开始看到苹果店没货，这里有货，但是没有评价，还有些犹豫。后来觉得毕竟是自营，一直信任京东，就果断下单，很开心的一次购物。
128G WLAN版 银色,,5,本来想在官网上买的，但是一直没有货，发现只有这一家自营店有这一款，还是选择了这家自营店，店里面没有安排客服，客服需要去找京东的客服才行。拿到了之后包装盒是没有损坏的，打开查了一下序列号，是正品，安全下车！拿到的时候是没有用过的，不过电池当时只有百分之六十多的电，应该只是正常存放后的电量消耗吧~运行速度也还可以，差不多的样子，重量也不是很重，银色的我觉得也挺好看的。
128G WLAN版 银色,,5,给小朋友的礼物，收到后格外满意。看个视频，上个网课，读个电子书，听个音乐。孩子的需求全部满足了，比电脑高效，已经爱不释手了
128G WLAN版 银色,,5,非常不错，只是有一点缺点，爱思助手上面显示电池98％，但是一次电都没充过，但是没什么影响，确实是正版，京东自营速度还是不错的，
128G WLAN版 银色,,5,质量还行吧，我也看不出来屏幕颜色对不对，内外包装都还良好，用一段时间再来评论
128G WLAN版 银色,,5,昨天刚刚在用 目前没发现有什么问题还是觉得苹果系统好用点什么东西都是好还是不错地选择勤奋好学教育孩子方面知识普及教育实践的方法
128G WLAN版 银色,,5,"外观材质：不错，还挺好看的
轻薄程度：不重，挺薄的
那个薄是我自己贴的没太贴好。
物流和配送都很不错"
128G WLAN版 银色,,5,挺好的  外观不错 喜欢 挺好看的 蛮好的 不错不错
128G WLAN版 银色,,5,"京东电子产品，一如既往地好，生产日期2021年，新新的，价格公道，质量可靠，童叟无欺，送货速度快，半夜下单，早晨收到，感谢京东小哥。
为京东快递点赞（?&ograve; &forall; &oacute;?）"
128G WLAN版 银色,,5,刚买几天，体验还不错，第八代，性能各方面比自己之前买的iPad要好，总的来说购物体验还不错
128G WLAN版 银色,,5,"是正品
一开始以为10.2寸的屏幕会有点重，拿到手感觉还行
配合买了个pencil，笔记本很舒适
主要拿来是学习的，所以128GB的内存也足够了
最后还是入了苹果的坑"
128G WLAN版 银色,,5,不错啊，第一次用感觉还不错，就是这个新款线不好用
128G WLAN版 银色,,5,"外观材质：手感柔软
屏幕效果：清晰不伤眼
运行速度：苹果速度没得说
轻薄程度：超薄
其他特色：给娃看网课，美中不足就是苹果开机太麻烦了，为此我跑了一趟售后"
128G WLAN版 银色,,5,用了一段时间才来评论，外壳光滑，运行速度快好评。
128G WLAN版 银色,,5,iPad中比较经济实惠的一款，内存容量完全够用了，追求实用，是比较好的选择。一如既往的支持，不错不错。
128G WLAN版 银色,,5,还不错，使用了将近一个月，没有啥问题，电池耐用，充电速度也还不错。
128G WLAN版 银色,,5,用了几天 觉得还可以 质量上应该也没问题 希望不是如网上所说的旧机翻新  给孩子学习足够用了
128G WLAN版 银色,,5,跟心目中想要的一样，流畅的使用体验，出色的屏幕显示！
128G WLAN版 银色,,5,正品，新的，不错，物流也快
128G WLAN版 银色,,5,"新款iPad 2020,稀缺货，看了好长时间都缺货，京东上设置了到货提醒功能挺好，一有货就及时提醒，然后快速下手下单，成功拿到，开心?"
128G WLAN版 银色,,5,使用体验还是不错的，不过都2020款了还是原价没啥优惠。
128G WLAN版 银色,,5,iPad挺好用的，终于拜托了抱着书去图书馆的噩梦
128G WLAN版 银色,,5,用了挺久平板没什么问题，外观完好，正品，系统很流畅，就是没有送什么保护套，得自己买一个。
128G WLAN版 银色,,5,正品，京东上海仓发的货是正品，已经在官网验证了，没有问题，原封未拆封。这个价格还是很合适的，值得购买。在苹果官网验证的。2021年1月份儿的。
128G WLAN版 银色,,5,纠结了很长时间，在京东上买了一款。感觉挺好，但是电池好像不是很扛用其他还好。
128G WLAN版 银色,,5,不错的，看电子书，小朋友学习都可以用
128G WLAN版 银色,,5,不错不错，是新机子，可以放心购买，物流挺快的，第二天就到了，安全下车！！??
128G WLAN版 银色,,4,很快收到货，用了一下，比较顺畅！
128G WLAN版 银色,,5,用了还行，就是刚用还不知道一些基础功能
128G WLAN版 银色,,5,自我感觉良好，可以的可以的、喜欢
128G WLAN版 银色,,5,正品行货，好用，画质轻易，感谢有现货。
128G WLAN版 银色,,5,屏幕比之前的老款大一点，小朋友拿来上网课足够啦！
128G WLAN版 银色,,5,正品相当不错，下次还要来买的
128G WLAN版 银色,,5,还不错，不喜不带按键那个，还是习惯了有按键的
128G WLAN版 银色,,5,是全新的机子，是正品，安全下车了
128G WLAN版 银色,,5,一直在京东购买电子产品，品质有保证。配送速度快。售后服务好。
128G WLAN版 银色,,5,保证真品已经用了一个月不错
128G WLAN版 银色,,5,不错哦   哈哈哈  用着就是舒服啊
128G WLAN版 银色,,5,正品新货，如图，安全下车
128G WLAN版 银色,,5,平板使用了几天挺好用的，反应快不卡顿。
128G WLAN版 银色,,5,平板是二月底买的，那个时候全网的官方店都基本没货，官网买要等一个多月，看到这家京东自营的就果断下单了，一直用到现在没什么问题，京东自营还是没毛病的。
128G WLAN版 银色,,5,感觉还不错，挺快乐的。先试试看
128G WLAN版 银色,,5,机器官方正品，维保爱思全部都正常，现在那么缺货都能这个价格售出，点赞点赞
128G WLAN版 银色,,5,还不错，正常状态，没啥不对的地方
128G WLAN版 银色,,5,包装有点弱，送到的时候已经可以打开了，东西应该是正品吧。
128G WLAN版 银色,,5,正品好货，价格实惠！
128G WLAN版 银色,,5,"速度还挺快的包装好,物流快,价格实惠，比超市便宜
多了,至于使用，用完了再来评论吧"
128G WLAN版 银色,,5,挺好的，支持铅笔一代。刚好不用买了
128G WLAN版 银色,,5,使用中，一直相信京东商城的产品质量保证体系！
128G WLAN版 银色,,5,"验过gsx全新未拆封国行正品，放心哈
轻薄程度：挺好的"
128G WLAN版 银色,,5,宝贝收到了，物流比较快，运行比较流畅。
128G WLAN版 银色,,5,"运行速度：可以
轻薄程度：不适合躺在床上玩"
128G WLAN版 银色,,5,运行速度快，满意的一次购物
128G WLAN版 银色,,5,是正品，比实体店便宜多了，京东快递就是快。
128G WLAN版 银色,,5,正品，不错送货速度快，京东品质，值得信赖！
128G WLAN版 银色,,5,挺好的，目前没有任何问题
128G WLAN版 银色,,5,运行不卡，支持京东物流，支持京东
128G WLAN版 银色,,5,用的还不错，可是价格不美丽啊
128G WLAN版 银色,,5,还没拆箱，先好评，不错
128G WLAN版 银色,,5,正品，发票也有，用起来好用
128G WLAN版 银色,,5,发货速度快，价格挺实惠的。正品。
128G WLAN版 银色,,5,正品，使用流畅，满意
128G WLAN版 银色,,5,给孩子买的，听说还不错。
128G WLAN版 银色,,5,东西收到，速度还是一如既往的快
128G WLAN版 银色,,5,还没开始使用，相信京东！
128G WLAN版 银色,,5,好用！大品牌值得信赖！！
128G WLAN版 银色,,5,东东还不错的，快递送的还快。
128G WLAN版 银色,,5,大品牌，值得信赖，下次还会买。
128G WLAN版 银色,,5,商品比实体店便宜，是正品
128G WLAN版 银色,,5,是正品哦  体验不错
128G WLAN版 银色,,5,价格公道，送货速度也快
128G WLAN版 银色,,5,"速度还挺快的包装好,物流快,价格实惠，比超市便宜
多了,至于使用，用完了再来评论吧"
128G WLAN版 银色,,5,"速度还挺快的包装好,物流快,价格实惠，比超市便宜
多了,至于使用，用完了再来评论吧"
128G WLAN版 银色,,5,安全下车，本来在官网2849买了一个，但是不想等一个月，就退了在这里买了。
128G WLAN版 银色,,5,"终于收到啦，等了好几天。开心?。
收到还有71%的电。"
128G WLAN版 银色,,5,昨天晚上九点下单 犹豫了一会 深空灰没了 买了银色 今天早上拿到 官网三绿 爱思全绿 1月31号 成都富士康生产 第一次在非官方自营店买 安全下车
128G WLAN版 银色,,5,保修已经到期了？我2021年2月26日才刚收到货啊，有人可以解释一下吗
128G WLAN版 银色,,5,刚收到，爱思看了下，用一段时间再评
128G WLAN版 银色,,5,目前来说上网课完全无压力。期望不高，给孩子上网课用的。
128G WLAN版 银色,,5,安全下车 充电零次 爱思全绿 21年2月份的板子
128G WLAN版 银色,,5,原来10.2英寸的这么大呀，
128G WLAN版 银色,,5,准备睡觉睡觉直接点击新年大吉）
128G WLAN版 银色,,5,没用过，买来感受一下
128G WLAN版 银色,,5,不错！非常有手感！
128G WLAN版 银色,,5,激活了，是正品
128G WLAN版 银色,,5,很好，物流很快
128G WLAN版 银色,,5,送父母的，后面再追评
128G WLAN版 银色,,5,可可可！
128G WLAN版 银色,,5,非常好的购物体验，一直很信任京东的。。。
128G WLAN版 银色,,5,很相信京东自营的产品，购买放心
128G WLAN版 银色,,5,瞅着还行，挺好用的
128G WLAN版 银色,,5,可以哈哈 安全下车
128G WLAN版 银色,,5,帮我朋友买的，不错
128G WLAN版 银色,,5,外观材质：还可以
128G WLAN版 银色,,5,是正版，挺好用的
128G WLAN版 银色,,5,安全下车，是正品。
128G WLAN版 银色,,5,收到了，超开心的
128G WLAN版 银色,,5,很好 物流较快
128G WLAN版 银色,,5,不错不错不错
128G WLAN版 银色,,5,非常不错满意
128G WLAN版 银色,,5,不错，便宜滴很
128G WLAN版 银色,,5,很好很好很好
128G WLAN版 银色,,5,可以的，放心吧
128G WLAN版 银色,,5,完美！又快又好
128G WLAN版 银色,,5,正品，很不错。
128G WLAN版 银色,,5,挺好的，正品
128G WLAN版 银色,,5,挺好用的。
128G WLAN版 银色,,5,东西好用
128G WLAN版 银色,,5,成功下车
128G WLAN版 银色,,5,看着不错
128G WLAN版 银色,,5,还不错吧
128G WLAN版 银色,,5,挺好的
128G WLAN版 银色,,5,好好好
128G WLAN版 银色,,5,可以的
128G WLAN版 银色,,5,挺好
128G WLAN版 银色,,5,好用
128G WLAN版 银色,,5,完美
128G WLAN版 银色,,5,等了好久，从去年十月就等，双十一没买，简直后悔死了，早买早享受啊，后来就一直没货，还一直涨价，京东自营店的偶尔能有教育优惠，可是又买不到教育的优惠机子，只能等下去，一直关注，每天都看，终于等到了，看是自营的，赶紧买了，不买怕再没了。第一部苹果机子，以前一直用的安卓系统，这次换苹果的系统试试。
128G WLAN版 银色,,5,"看平板好久了。之前那个iPadmini被摔坏了，很心疼。本来想买个安卓机，华为matepad，结果一直没货。好容易抢到一个，还是个瑕疵品，生气的退了。然后发现这家自营店有货。好像是新店，最开始我看的时候，一个评论也没有，咱也没敢买。过了几天发现有评论了，评论都不错，而且是自营京东售后，于是赶紧下手买了。这不，买完没几天就断货了，真是庆幸自己果敢。
说实话iPad的品控还是很稳定的，对我来说又主要是学习辅助用，对画质呀处理器的要求都不高，够我用的。很好。希望这个能多用几年。"
128G WLAN版 银色,,5,苹果自营旗舰店无现货，恰好发现这家有货，也是京东自营店，但没有咨询售前顾问的地方，只能自助购物。当天下单第二天就到了，如此娇贵的东西外包装上摁了一个明显的坑不免让人有些担心，值得庆幸里面的iPad无大碍。是正品全新未拆封，这一点还是京东自营让人放心。另外，32GB个人感觉内存不够用，按网上说法属于电子垃圾，最好买128GB。
128G WLAN版 银色,,5,还是自营店靠谱。Pad很轻薄，功能学习追剧足够用。是原装新品，就是这个数据线很无语，跟充电器那边设计成typeC，跟pad连接还是原来的。电量中度使用一个白天没问题，9%到100%电要3.5H
128G WLAN版 银色,,5,是正品，电池没有充过电，附带有20w的充电头，运行速度快，刚开始偶尔有app闪退的问题，扬声器只在一边，一分价钱一分货吧
128G WLAN版 银色,,5,apple自营旗舰店一直没货，官网买也要3周才发货，看到这个店有，也是自营的，就下手了，爱思检测电池100%，充电0次。这个店客服是京东plus客服。算是安全下车吧
128G WLAN版 银色,,5,"是全新的
运行速度：很快
轻薄程度：很薄，就是可能有点重"
128G WLAN版 银色,,5,货没看到，已经显示签收了！这个快递服务真是不行呀，掉了咋办，说的清吗？
128G WLAN版 银色,,5,ipad是正品，但是收到货的时候非常不开心，快递盒子是漏的胶带也松松垮垮，里面ipad的盒子也被撞的每一个边角都凹陷了，虽然不是什么大事但是这个真的很影像心情，并且快递员也没有给我打电话直接放快递柜了，给个好评毕竟ipad是好的，这个物流真的一星都不想给
128G WLAN版 银色,,5,里面空气袋就剩下一个有点空气了。剩下没空气了。
128G WLAN版 银色,,5,说真话，   连个客服都没有，   一开始听相信的，   后面的服务什么都不是      不建议在它家买
128G WLAN版 银色,,5,是正品，但是为啥拿到手开机电量只有75？？？
128G WLAN版 银色,,5,太太太快了中午下单晚上吃完饭就到了
128G WLAN版 银色,,5,包装太简陋了，好好的iPad被包成地摊货了
128G WLAN版 银色,,5,因为要调货，送的有点慢
128G WLAN版 银色,,5,给上大一的孩子买的，虽然笔记本手机都有了，她仍然想要个平板，说是生产力工具，实际上就是图个新鲜，买到给她送过去以后只在~回了一个&ldquo;好用&rdquo;就没了下文，估计是正玩着呢。不过京东自营送货快，品质还是有保障的，比在官网买的到货还快！
128G WLAN版 银色,,5,?值得购买！没有什么味道，用起来还可以?，没有不舒服的地方?，所以我还蛮喜欢的发货超级快，到货超级快，包装很精致，真的是开启了新世界的大门&hellip;&hellip;
128G WLAN版 银色,,5,宝贝很好，不得不说，客服态度也太好了吧！实用性和颜值都非常的赞，我很喜欢，还会再来买的质量挺好，物流也很快，赞！物流速度真的是没话说，就是一个字：快。商品从外包装来看非常高档，真是一分钱一分货，贵有贵的道理产品质量，客服服务态度特别好，很喜欢，好评细节非常完美，整体来说真的很不错。性价比很高，下次还会继续光顾！材质很好，质量也不错，到货也很快品质很不错?，性价比比较高的的商品?，喜欢的亲可以直接下手不要犹豫哦?特别特别满意，超级好看，客服很有礼貌，很客气，良心商家，支持！发货快，包装严实，商品质量非常好，比专柜便宜很多，客服服务态度也特别好，好评物流超级超级快！质量也非常不错，的确物有所值很满意的一次购物，商家服务好，发货神速，物流也很给力，宝贝收到后非常喜欢，买得放心，用得安心质量非常好，非常满意的一次购物。客服有问必答，非常专业宝贝收到啦，实物真的好看，价格非常实惠，强烈推荐这款，超级喜欢收到货后试了一下，很不错，质量很好，值得拥有！五星好评！物美价廉，物流给力，值得回购正品店铺，放心购买，客服态度也很OK，整个购物过程非常顺利！下次还会再来的！赞！到货就迫不及待打开了，果真
128G WLAN版 银色,,5,两个孩子，一人换了个新的，网课非常需要。看着很不错，在京东买了10多年东西了，现在基本不逛商场，没有时间，没有京东性价比高，而且快递服务态度非常好！这是我的首选平台，每年的plus会员必须买，绝对能省回来，售后也相当强大，保障好，会继续支持下去
128G WLAN版 银色,,5,物流超级超级快！质量也非常不错，的确物有所值很好，物流很快，东西很给力，性价比很高！包装很好，颜值不错，质量也没有问题东西质量还可以，快递速度也很给力好产品、好品质、好服务，宝贝确实值这个价钱，在这给商家点个赞?
128G WLAN版 银色,,5,东西质量还可以，快递速度也很给力实用性和颜值都非常的赞，我很喜欢，还会再来买的正品，棒棒哒，价格很优惠，总而言之挺好的，还会再买
128G WLAN版 银色,,5,本来在~官网下的单，可是真的太慢了。然后看到这里有货，下单，付款，收货。哈哈哈哈哈哈，很快，两天到手。收到之后检查了一下，也完美安全下车。棒！
128G WLAN版 银色,,5,真的好喜欢，客服态度也挺好的，值！以后有需要还会来买尺寸刚刚好，质量也非常好，店家的包装太用心了，值得推荐！
128G WLAN版 银色,,5,一直在这里买这个，活动的时候价格很美丽，发货速度贼快，质量不错，应该是正品是正品，和实体店一样，价格还优惠，果断转粉
128G WLAN版 银色,,5,根据设置里看到的型号我的是国行正品，好开心，然后上~买了个验机的，是全新正品，验了电池，也是100％。！
128G WLAN版 银色,,5,价格和官网相同，物流也快，两天已经拿到手，打开试用了一下，反应灵敏，操作方便，看课程学习刚刚好。
128G WLAN版 银色,,5,不错
128G WLAN版 银色,,5,好
128G WLAN版 银色,,5,好。
128G WLAN版 银色,,5,很好用的啊，父母很喜欢。家人用着很开心。嗯，有机会的话还会回购的。再多买点给其他人使用。我会推荐给身边的朋友。
