10.3英寸/M10PLUS/4G/64G/WIFI,,3,外观材质：还行吧，看着一般
10.3英寸/M10PLUS/4G/64G/WIFI,,3,"外观材质：不错
运行速度：一般
轻薄程度：还行"
10.3英寸/M10PLUS/4G/64G/WIFI,,3,看视频学习还可以，玩游戏根本玩不成。
10.3英寸/M10PLUS/4G/64G/WIFI,,3,运行速度：运行速度不怎么样 一千多的 也就这样了
10.3英寸/M10PLUS/4G/64G/WIFI,,3,只能看看电视
10.3英寸/M10PLUS/4G/64G/WIFI,,3,一般！
10.3英寸/M10PLUS/4G/64G/WIFI,,3,"外观材质：可以
屏幕效果：不够高清，
运行速度：一般
轻薄程度：可以
其他特色：很好"
10.3英寸/M10PLUS/4G/64G/WIFI,,3,音质不怎么好，第一次买平板，听视频的话整体还是可以使用的
10.3英寸/M10PLUS/4G/64G/WIFI,,3,产品质量看了还行，还没用，后面再追加，服务单调，没配齐配件，让我很麻烦
10.3英寸/M10PLUS/4G/64G/WIFI,,3,还可以吧，就是没有充电底座，着急买错了，，快递员让周六送，周五就送过来了，家里没人好在没丢，唉
10.3英寸/M10PLUS/4G/64G/WIFI,,3,"外观材质：不错
屏幕效果：还行
运行速度：一般，不算快
轻薄程度：还可以
其他特色：连谷歌服务都不支持，运行不算快，还带好多垃圾所谓学习软件"
10.3英寸/M10PLUS/4G/64G/WIFI,,3,"外观材质：可以
屏幕效果：还行
运行速度：一般，不算快
轻薄程度：可以
其他特色：谷歌服务不支持，带了好多没用软件，运行不快，输入法，文件浏览器都是谷歌的，居然不支持谷歌服务！"
10.3英寸/M10PLUS/4G/64G/WIFI,,3,"运行速度：触屏反应不是很灵敏
外观材质：轻薄挺好看的比起三四千的这个也算性价比比较高 拿来看看网课应该就可以  不要下社交软件 占内存 希望能撑下我考研"
10.3英寸/M10PLUS/4G/64G/WIFI,,3,怎么说呢，999元买的，感觉性价比确实不错，但是我主要是看视频的，视频画面有点模糊。剩下的等我用一阵子再来回答哈?
10.3英寸M10 PLUS 4GB+64GB,,3,物流很快很好。外观一致运行还流畅，但像素不高，10.3的屏幕感觉比10.5的小了好大一圈，而且屏保都没送一张。所以只能给个一般
10.3英寸/M10PLUS/4G/64G/WIFI,,3,性能和屏幕一般
10.3英寸M10 PLUS 4GB+64GB,,2,手感握平板电脑两边的缝隙割手
10.3英寸/M10PLUS/4G/64G/WIFI,,2,都破成这鬼样子
10.3英寸/M10PLUS/4G/64G/WIFI,,2,分辨率极低 看啥都是花的
10.3英寸/M10PLUS/4G/64G/WIFI,,3,缺点是没有保护套
10.3英寸M10 PLUS 4GB+64GB,,2,保护模也不送，什么也不给，这样好吗
10.3英寸M10 PLUS 4GB+64GB,,3,包装盒瘪了，快递外包装盒是没问题的，说明啥
10.3英寸/M10PLUS/4G/64G/WIFI,,3,屏幕效果还差一点。什么都没送哦。
10.3英寸/M10PLUS/4G/64G/WIFI,,2,运行速度一般，一分一分货
10.3英寸/M10PLUS/4G/64G/WIFI,,2,其他都还过得去，就是反映速度有点慢
10.3英寸/M10PLUS/4G/64G/WIFI,,3,屏幕效果：像素比较普通，但也不是很差。
10.3英寸/M10PLUS/4G/64G/WIFI,,3,内存卡槽是坏的。弹开拔不出来。
10.3英寸/M10PLUS/4G/64G/WIFI,,3,送的膜也是坏的，然后找联系号码也找不着。
10.3英寸/M10PLUS/4G/64G/WIFI,,3,有点卡  没有客服 找不到人咨询问题
10.3英寸/M10PLUS/4G/64G/WIFI,,3,发票什么时候给我？我备注好需要增值税普通发票的，别忘记了。
10.3英寸/M10PLUS/4G/64G/WIFI,,2,是个坏的，找客服没人搭理，只能等着退货，不知道顺不顺利。唉！
10.3英寸/M10PLUS/4G/64G/WIFI,,2,电池不行
10.3英寸/M10PLUS/4G/64G/WIFI,,2,凑乎用吧
10.3英寸/M10PLUS/4G/64G/WIFI,,2,走象棋死机
10.3英寸/M10PLUS/4G/64G/WIFI,,3,轻薄程度：机身轻薄度还行，但机的质量不好，容易破损。
10.3英寸/M10PLUS/4G/64G/WIFI,,2,孩子上网课时QQ分享屏幕时屏幕总是反的，到现在也没给解决！！！
10.3英寸/M10PLUS/4G/64G/WIFI,,3,买过就降价了
10.3英寸/M10PLUS/4G/64G/WIFI,,3,有点卡  屏幕有点雾
10.3英寸/M10PLUS/4G/64G/WIFI,,3,这款平板没有合适的保护套，没办法支起来，配件不全
10.3英寸M10 PLUS 4GB+64GB,,3,使用还行，暂时没遇到问题，差评原因是没有耳机
10.3英寸/M10PLUS/4G/64G/WIFI,,3,你们这个平板是插的什么卡呢？电话卡吗？还是得用网卡
10.3英寸/M10PLUS/4G/64G/WIFI,,3,略微卡顿。可能是用习惯ios了 感觉反应跟不上其他的还好
10.3英寸/M10PLUS/4G/64G/WIFI,,3,"运行速度：一般，刚买开始2 3天就卡顿
其他特色：照相清晰度不够"
10.3英寸/M10PLUS/4G/64G/WIFI,,3,死机两次，没敢下啥别的应用，娃娃学习够用
10.3英寸/M10PLUS/4G/64G/WIFI,,3,操作了一下，拍照不行，模糊，其他有带时间检验
10.3英寸/M10PLUS/4G/64G/WIFI,,3,处理器不怎么行，很鸡肋，保护膜也是薄薄的一层性价比还行。
10.3英寸/M10PLUS/4G/64G/WIFI,,2,"外观材质：好
屏幕效果：清晰
运行速度：快
轻薄程度：不错
其他特色：非常不错"
10.3英寸/M10PLUS/4G/64G/WIFI,,3,很一般，有些卡
10.3英寸M10 PLUS 4GB+64GB,,2,上课够用了！
10.3英寸/M10PLUS/4G/64G/WIFI,,3,一分钱一分货吧，做工有点尴尬，拿的时候有点割手
10.3英寸/M10PLUS/4G/64G/WIFI,,2,刚买两天就降价，画质一般！仅供小学生上网课用，不值得推荐
10.3英寸/M10PLUS/4G/64G/WIFI,,2,不满意，我刚拿回来调设置就卡死了一次。一些软件没办法卸载
10.3英寸M10 PLUS 4GB+64GB,,2,体验感差，那个转屏功能不好用，双击屏幕也不亮。
10.3英寸/M10PLUS/4G/64G/WIFI,,2,不怎么好 分辨率不高。充电器充电的时候松动。不建议购买
10.3英寸/M10PLUS/4G/64G/WIFI,,2,"轻薄程度：外观还可以，
像素实在是垃圾，，自带的学习软件要需要购买，，"
10.3英寸/M10PLUS/4G/64G/WIFI,,3,"屏幕效果：没开护眼，感觉有点骗色
其他特色：外放效果不行，没送保护壳"
10.3英寸/M10PLUS/4G/64G/WIFI,,2,不做双十二的活动还好，做这个活动还涨价了！套路太深！
10.3英寸/M10PLUS/4G/64G/WIFI,,2,新机收到屏幕就有坏点，客服还告诉正常的，这机器还激活不退，谁收到不得开机检查啊
10.3英寸/M10PLUS/4G/64G/WIFI,,3,买回来的平板电量耗完就开不开机了，又换了一个，希望能用的长久一点不出问题吧。
10.3英寸/M10PLUS/4G/64G/WIFI,,3,买回来充电器，不能用，一直有电流响的声音，也不想退，就这样吧！
10.3英寸/M10PLUS/4G/64G/WIFI,,3,还行吧，反应有点慢，屏幕看视频感觉不是很清晰，有些模糊，
10.3英寸/M10PLUS/4G/64G/WIFI,,3,就是有时候开会横竖自动反转屏幕时正好反着，该横屏时是竖屏，该竖屏时是横屏
10.3英寸/M10PLUS/4G/64G/WIFI,,2,用的很卡，反应很迟钝，虽然说内存小了点，但毕竟是新机子，太卡了
10.3英寸/M10PLUS/4G/64G/WIFI,,3,其他特色：用了半个月就不省电了   看网课三个小时就得用七十的电了。在用一段时间估计会更差！
10.3英寸/M10PLUS/4G/64G/WIFI,,2,用着一般般啊吧，就是售后不好，处理起来有点赖皮，胡搅蛮传，买它完全是图个便宜，降价太快
10.3英寸/M10PLUS/4G/64G/WIFI,,3,一般，系统竟然没有自带的安全中心或者管家之类的，杀毒清理怎么弄？运行速度有些慢！！
10.3英寸/M10PLUS/4G/64G/WIFI,,2,效果一般。平板重启后必须用机主密码登录。远程联想控制app总是显示设备不在线。
10.3英寸/M10PLUS/4G/64G/WIFI,,3,"感觉是一个配置较低的手机，收到第二天肝阴阳师的时候就卡死黑屏了好几次QAQ
所以这个也只能用来刷网课跟背单词了"
10.3英寸M10 PLUS 4GB+64GB,,3,第一次使用，电用完了再充电，然后开不了机了。能解决一下吗？为什么会有这种情况
10.3英寸/M10PLUS/4G/64G/WIFI,,3,非常卡，感觉不像新的，哪有那么卡，比用了3年的手机还卡。送的膜不是钢化膜，是一张塑料的不顶用。
10.3英寸/M10PLUS/4G/64G/WIFI,,3,"屏幕不够亮，色彩偏暗，
这杜比认证也是醉了，效果真的一般般，
这2项掉价掉档次，价格低确实有原因的"
10.3英寸/M10PLUS/4G/64G/WIFI,,2,"外观材质：还行吧
屏幕效果：老是玩着玩着就突然灭屏
运行速度：有点卡
轻薄程度：还行
其他特色：就是爱突然灭屏网速也不是很好
充电也挺慢"
10.3英寸/M10PLUS/4G/64G/WIFI,,2,买来作为活动赠品，送给公司客户，结果客户拿回家两天就出现频繁黑屏，还只能修不能换，维修半个多月都没维修好
10.3英寸/M10PLUS/4G/64G/WIFI,,2,触屏手感不好，反应稍慢，电池不知道是出厂的时候充的电还是别人用过的，人脸识别不太行，其他凑合吧，
10.3英寸/M10PLUS/4G/64G/WIFI,,2,运行速度：老实说卡顿极其明显，基本上是只可看看电影之类的，玩碧蓝航线卡的程度可以用苹果5s来形容，灵活度极低
10.3英寸/M10PLUS/4G/64G/WIFI,,3,还可以╮(￣▽￣)╭，就是刚开机装了堆乱七八糟的，什么学而思之类的培训班APP，搞不懂为什么默认的给装这些乱七八糟的，又不是买的联名款，pad还可以，就是有什么看着看着莫名其妙的锁屏? 不知道什么原因
10.3英寸/M10PLUS/4G/64G/WIFI,,3,分辨率不是很好，玩游戏有点小卡顿，看电影上网课没有问题，还可以吧，没有达到预期的要求。用了三次就放那了
10.3英寸M10 PLUS 4GB+64GB,,3,东西是个好东西！但是！原生安卓9.0的系统不好用！不好用！一下拉低体验感  果断退了！这平板真的也就给孩子们看个网课使
10.3英寸/M10PLUS/4G/64G/WIFI,,3,"运行速度：运行不怎么流畅，有点小卡，只下载了两三个APP，每次也只运行一个，
屏幕效果：屏幕像素不够好
其他特色：价格千元，就当是大屏幕手机用的，看看电视剧就行，其他也不敢多下载，运行速度不太行"
10.3英寸/M10PLUS/4G/64G/WIFI,,3,儿童模式的时间控制做得很粗糙，只能控制总时间，而且设置的地方也不好找。手机控制的功能到现在也没试出来了。应该更适合给老人用，或者对性能要求不高的娱乐人群用。
10.3英寸M10 PLUS 4GB+64GB,,2,"外观材质：还行
屏幕效果：满屏的马赛克。要求高的别买。我是开机连网了退不了。后悔死
运行速度：一般
轻薄程度：很薄
其他特色：电池耐用，冲满电要三个多小时"
10.3英寸/M10PLUS/4G/64G/WIFI,,3,屏幕效果：外观什么都还可以，就是手写的时候经常会没反应，孩子上网课的时候要在上面做题，经常是写不出来，我们大人试过了也一样，没有反应，后来只好放弃，这点体验很不好。其它的都还可以吧，毕竟价钱摆在那里，不能期望太高。
10.3英寸M10 PLUS 4GB+64GB,,3,"外观材质：四周，特别是左右两边有点硌手，要是润滑一点就好了
屏幕效果：这个价位，屏幕也只能这样了，看网课肯定是没问题了，但追剧心里还是看着有点慢难受
运行速度：这个配置就这样了
轻薄程度：挺好"
10.3英寸/M10PLUS/4G/64G/WIFI,,3,刚到手，暂时没问题，勉强能用，要求不高，毕竟价钱在那里，如果有高要求的话不要买！反正性价比还行！用一段时间再说吧！最吐槽的就是屏幕效果一般，分辩率太低，看小说全是小格子！大问题暂时没发现
10.3英寸/M10PLUS/4G/64G/WIFI,,2,屏幕效果：画质不理想，不能插电话卡，找个保护套都不好找，，两天就降价了50，开机了就不能退货，大家考虑好购买
10.3英寸/M10PLUS/4G/64G/WIFI,,3,"外观材质：外观整体不错，很小巧，比起我之前的ipad小很多
屏幕效果：屏幕就是普通的1080P，凑活看的，毕竟价格在这儿
运行速度：处理器是非主流，新机速度还可以，但是不知道后面会怎么样
轻薄程度：很薄，轻一般般
其他特色：系统真是辣鸡中的垃圾啊，很久没用过这么差劲的系统了，真不愧是美帝良心想，一点都不做国人的使用习惯适配，输入法还是谷歌输入法，你怎么不干脆给装个VPN呢，还有，学而思网校竟然无法卸载，这深度绑定的真是可以。。。最后一款联想产品了，再见"
10.3英寸M10 PLUS 4GB+64GB,,3,"外观材质：外观整体符合2019.2020款式，挺棒的，就是屏幕边有点划手，差
屏幕效果：采样率挺低的，看网课什么的还行，爱奇艺什么的都要1080p了
运行速度：处理器都是联发科几年前的了，应该是联想和给联发科清库存
轻薄程度：整体还行
其他特色：总评一般，包装盒看着跟低端，但对于不玩游戏，不看流畅度的，1400的价格在这个时候还是好抓消费者，多装了几个软件整体就会非常慢，只适合给孩子上网课用，其他的都是模模糊糊"
10.3英寸/M10PLUS/4G/64G/WIFI,,2,膜为什么不贴好了发货？气死
10.3英寸/M10PLUS/4G/64G/WIFI,,3,简直无语了，刚付款半天就降价50元???
10.3英寸/M10PLUS/4G/64G/WIFI,,3,就是分辨率太低，看视频体验极差
10.3英寸/M10PLUS/4G/64G/WIFI,,2,真是一分钱一分货啊，质量不太满意，联想的产品也就这样了
10.3英寸/M10PLUS/4G/64G/WIFI,,2,质量太一般，边框粗糙
10.3英寸/M10PLUS/4G/64G/WIFI,,2,音质太差
10.3英寸/M10PLUS/4G/64G/WIFI,,3,杜比音效真的山寨，做工非常一般。。。。。。。。。，，，，。。。。。。。。。。。。。。。。。。。。。。。？？？？？？？？？？
10.3英寸/M10PLUS/4G/64G/WIFI,,3,一般！反应一般，屏幕一般，定制系统垃圾无比！
10.3英寸/M10PLUS/4G/64G/WIFI,,2,一角凸起，我只是想找一个客服问问，客服一个推一个，我很懵，所以我到底该问谁？
10.3英寸/M10PLUS/4G/64G/WIFI,,3,快递垃圾配送时间不准客服踢皮球扯皮打乱我的计划产品还行但是想到快递和客服我就不开心
10.3英寸/M10PLUS/4G/64G/WIFI,,2,后悔死了，刚买就十天，屏幕摔了，换个屏就得1000元钱，你这屏是有多好啊！打算买这个平板的做好心理准备啊！维修成本太高
10.3英寸/M10PLUS/4G/64G/WIFI,,2,果然是美帝良心企业联想，真**卡。远不如手机流畅。珍爱生命，远离联想。
10.3英寸/M10PLUS/4G/64G/WIFI,,3,"很多软件不兼容，闪退，性价买不可
屏幕效果：不可以自动调亮度，看着费眼"
10.3英寸/M10PLUS/4G/64G/WIFI,,3,"小学二年级，老师要求装尚学趣软件，怎么都安装不上，真的一分价钱一分货
运行速度：慢"
10.3英寸/M10PLUS/4G/64G/WIFI,,2,运行速度：我只想说买来看电视的 但是反应真的是慢 卡 太失望了?1000多 懒得退了
10.3英寸/M10PLUS/4G/64G/WIFI,,3,一直找不到客服，只能看到在直播，平板套都没有，想问客服，也不见客服，所以差评
10.3英寸/M10PLUS/4G/64G/WIFI,,2,清晰度很差图片特别模糊 充电得四小时 唯一优点就是大 想不到联想一个大品牌也会有这种质量 开机就算激活不能退货了
10.3英寸M10 PLUS 4GB+64GB,,2,用了两周左右，来评价一下，机子觉得不值得买，触摸屏反应极差，很迟钝，而且经常闪退。很后悔买它。
10.3英寸/M10PLUS/4G/64G/WIFI,,3,速度非常非常一般，新买的才开机打开app速度就就有点慢。。。。难以想象用久了会有多卡。这好评如潮到底是怎么来的？？？？更绝的是平板包装里赠送的贴膜居然大小还和平板不一致，真的不是山寨机吗！？？？
10.3英寸/M10PLUS/4G/64G/WIFI,,3,活动买的刚买没多久就降价   京东的活动还真是不能随便相信   全是套路  一直都没用这才用第一次充电三小时开不开机  问客服然后给我的售后电话   问完售后说是电池没激活正常现象   目前还不知道到底好不好用  给再用两天才能知道
10.3英寸/M10PLUS/4G/64G/WIFI,,3,"外观材质：塑料感强，边框不够圆润，边框有明显缝隙。
屏幕效果：还算清晰
运行速度：感受一般
轻薄程度：重，不是一般的重，拿着累
其他特色：拍照像素太差，买来上网课的，作业都拍不清，有点后悔买这个了。"
10.3英寸M10 PLUS 4GB+64GB,,2,真心一般，登入了联想ID，学生模式不能添加应用管理。联想ID退出点了没反应，要重启才能退出，爱读家就进不去。真心觉得联想，呵呵。京东的物流还是给力。
10.3英寸/M10PLUS/4G/64G/WIFI,,3,"这个平板缺点比较多
1.系统很慢
2，网速很慢，下载个app要半天，不是家里网速的问题，同样的app手机下载很快
3，屏幕感觉不是很灵敏"
10.3英寸/M10PLUS/4G/64G/WIFI,,3,"外观材质：金属的，让我感觉回到了前几年手机的质感。
屏幕效果：说实话这个屏幕实在一般般，1000块钱的东西也不能要求太多，是吧？
运行速度：这个真的挺卡的，毕竟联发科的入门级别的电子垃圾&hellip;&hellip;"
10.3英寸/M10PLUS/4G/64G/WIFI,,3,"屏幕效果：屏幕是最短板。首先是这块屏幕质量特别差，反光严重。第二是亮度不够。
外观材质：还可以
运行速度：运行低帧率王者荣耀
其他特色：自动调节亮度的功能很差劲！"
10.3英寸/M10PLUS/4G/64G/WIFI,,2,为啥一拿来图案解锁都没连贯性  。锁频半个小时都开不了机。锁屏第一次碰到这样的 。新机都无法打开。哪个急呀
10.3英寸/M10PLUS/4G/64G/WIFI,,2,本来很相信京东的，可是实际情况是买了一个平板一波三折，买回来冲不上电开不了机，问客服客服让找售后，售后说找客服，最后才知道质量问题直接申请换机就行了，然后第二次新机拿回来，需要更新系统，第一次拿的买的有问题的平板就没有要求更新系统，所以感觉第二次的平板是旧货，而且反应也没有第一次的平板反应快，实在是不想在费事了就这样吧
10.3英寸/M10PLUS/4G/64G/WIFI,,3,"价格不稳定，买完就降了一百，现在又降了200-300，但是已经过了保价期了；
说一下电池的续航，续航不咋地，孩子上英语课，一次课一个半小时，电池刚刚够，老师稍微拖堂2分钟就没电关机了，一度想报修，但是疫情期间太麻烦，一直还在犹豫；
疫情期间孩子都上网课导致其他品牌都没货，加上这个相对屏幕大一点，才急急忙忙买的，如果不是特别着急用，还是选其他的吧。"
10.3英寸/M10PLUS/4G/64G/WIFI,,2,用了2天说说感受，1.屏幕亮度不够 太灰暗 色彩表现很差，色彩表现还不如杂牌机，2.说是杜比音效？就是个笑话，音响效果极差，真后悔买联想，还能退吗？
10.3英寸/M10PLUS/4G/64G/WIFI,,3,本来是冲着学生模式买的，谁知这个学生模式是个摆设，下载不了任何应用。学生模式里的内容大都要钱才能看。而那个机主模式又没有任何的软件锁，又不支持下载其它软件锁。咨询了客服，也无法解决问题，本来是买来给孩子上网课，做作业用的，但有几个孩子是自觉的？孩子可以在应用商店下载游戏。不知是不是真的64G，上网课很卡，要放在Wi-Fi旁上课，稍微远点就卡卡卡。
10.3英寸M10 PLUS 4GB+64GB,,2,不建议大家买，孩子如果看网课，要是家长要求不高的话，这款也能看，质量真的一般，不值这个价钱。屏幕颜色一点也不好，什么防蓝光，感觉偏色太多了，偏色太多到不好。这款也就799.899的价格还可以，999也行，成年人可以弄一个看电影。就是一个便宜，廉价的大屏，不能通话的，初级手机配置。
10.3英寸M10 PLUS 4GB+64GB,,3,"只能给三个星中评，运行速度算可以，机子较薄，但与华为对比，质量相对比不上，系统也有差别。充电时间太长，相机模糊，连个闪光灯都没有。还有没有自带的垃圾清理软件。本想申请退货的，但京东客服居然说激活了不能退货。真是太搞笑了，安卓系统会有激活的问题吗？这简直就是强买强卖呀，典型的霸王条款。大家买的时候要小心，不要中招哦。
商家客服与京东客服的理解是不一样的。
本来想退掉换华为的，但是华为商城上已经卖断货了，所以只能将就着用吧，但奉献各位买的时候要小心，这个是不能退货的，买完以后。京东的体验跟以前也不一样，很失望啊！"
10.3英寸/M10PLUS/4G/64G/WIFI,,3,一分钱一分货
10.3英寸/M10PLUS/4G/64G/WIFI,,3,一般
10.3英寸M10 PLUS 4GB+64GB,,2,真的奔溃了，安装了~，安装了QQ还有别的炒股软件都没办法横屏！肯定有问题
10.3英寸/M10PLUS/4G/64G/WIFI,,3,单独用平板登陆~，无法发送信息，手机和平板同时登陆~，就可以发送信息，这应该是一个bug
10.3英寸/M10PLUS/4G/64G/WIFI,,2,"完完全全无法接受,强制安装内置学而思APP,试了很多种方式,完全卸载不掉,本来是想支持下联想的,毕竟一直用IMBThinkPadX系列笔记本,经过这件事,以后都不会再购买联想的任何产品,JD的服务一直很好,就是被联想#到了...上手把玩了一会,响应速度一般,人机交互体验更是一般,还不如800多块钱低配荣耀,总之体验很差."
