深空灰色,WLAN版 64G,3,"刚刚 自动重启了一次 
不知道 以后 会不会自动重启"
深空灰色,WLAN版 64G,2,"京东的包装是真的垃圾！
外观材质：很好，很喜欢，手感不错
屏幕效果：可以
运行速度：快
轻薄程度：很薄 手感很好"
深空灰色,WLAN版 64G,2,刚收到货就发现开不了机，急死我了后面上网~了很多种方法都还是开不了准备退货，申请了退货以后抱着试一试的心态，再一直按着开机键结果突然开了机，哎，只能说是差点翻车。
