金色,WLAN版 128G,3,给孩子上网课的，有时卡
金色,WLAN版 128G,3,暴力物流，让原本愉悦的心情及其不美好
金色,WLAN版 128G,3,买给小朋友用的，感觉一般吧
金色,WLAN版 128G,3,要的深空灰色寄来的是金色的
金色,WLAN版 128G,3,外观材质：有白点
金色,WLAN版 128G,3,还可以吧，这个价位不能奢求太好
金色,WLAN版 128G,3,目前用的还不错，就是优惠力度还有待加强啊
金色,WLAN版 128G,3,就是不知道怎么领取赠送的英语
金色,WLAN版 128G,3,快递速度蛮快的，现在用着还不错，后期再最加&hellip;
金色,WLAN版 128G,3,消费卷购买，便宜啊，，，，，
金色,WLAN版 128G,3,电池健康度85，?买之前怕踩雷，还真踩到了
金色,WLAN版 128G,3,用电很快
金色,WLAN版 128G,3,"外观材质：金属
屏幕效果：清晰度稍弱
轻薄程度：一般
运行速度：微卡
其他特色：无"
金色,WLAN版 128G,3,"产品不错，苹果产品都一如既往的强大。
但运输包装盒，问题很大。再用力一点，就摔到机子上了。"
金色,WLAN版 128G,3,Pad目前没发现问题，就是一起买的pencil竟然不能用。等待售后。
金色,WLAN版 128G,3,"外观材质：正常
运行速度：比较快
屏幕效果：出现了一次触屏失灵，重启后正常了"
金色,WLAN版 128G,3,屏幕效果：屏幕效果不大好，还没有我三年前买的荣耀手机的屏幕细腻。运行速度也不快。失望。
金色,WLAN版 128G,3,"快递员很好，产品就是有点瑕疵，你让我这个强迫症怎么办，能免费换吗，好难受
外观材质：有瑕疵
运行速度：很快"
金色,WLAN版 128G,3,"基本还行，质量可以
不错，还算合格，基本满意，
就是价格高点"
金色,WLAN版 128G,3,此iPad创建太多id.....
金色,WLAN版 128G,3,第一次用平板，没感觉所谓生产力，各种收费软件 也就能画图之类的 不知道别人生产力工具怎么定义的，总体比较失望
金色,WLAN版 128G,3,"外观材质：一般
屏幕效果：不怎么样
运行速度：现目前还行
其他特色：电量跟放一样跑得飞快，看视屏时有时画质感觉模糊
轻薄程度：重量比实体店的拿起感觉要轻一些"
金色,WLAN版 128G,3,"外观材质：外观没话说，摸着舒服又好看
屏幕效果：不知道是不是非贴合屏幕的原因，太胀眼睛了，好伤眼啊，贴了一个护眼膜，都还没有用，还是看着好胀眼睛，本来是买来给小孩上网课的，现在都不敢给她看
运行速度：运行是很快
轻薄程度：很薄"
金色,WLAN版 128G,3,整体来说还可以，第一次买ipad不知道什么款式好？不过这款的home键不喜欢?还能按进去，时间久的话肯定会出问题的！
金色,WLAN版 128G,3,老牌子，值得依赖，送货神速，快递小哥态度也好，多次回购，值得推荐！！！老牌子，值得依赖，送货神速，快递小哥态度也好！！性价比不高，壳膜套装有点坑！壳膜只值30元！没有说明书，差！没有背面膜，差！不带手写笔，差评！运行速度还不得而知！
金色,WLAN版 128G,3,信息哦的麻烦么多么多么多么的
金色,WLAN版 128G,2,屏幕效果：一般吧
金色,WLAN版 128G,3,为什么有闪退的情况
金色,WLAN版 128G,3,耳机啥都没得，钢化膜也没得。
金色,WLAN版 128G,2,有划痕送货慢的要死
金色,WLAN版 128G,3,物流比预想中的慢了两天，包装有点简陋
金色,WLAN版 128G,2,产品一般 没有想象的好。
金色,WLAN版 128G,2,快递包装破了，里边全部角都挤压。
金色,WLAN版 128G,2,充电慢  充满只能用一天
金色,WLAN版 128G,3,没有想象中的好用，感觉一般
金色,WLAN版 128G,2,刚拆开包装，就发现有很明显的划痕
金色,WLAN版 128G,2,屏幕效果：有白点
金色,WLAN版 128G,3,音质有问题，现在苹果喇叭越来越不好了吗？
金色,WLAN版 128G,3,屏幕有一个黑点
金色,WLAN版 128G,3,屏幕有灰，有坏点，有电流声
金色,WLAN版 128G,3,后台多开几个就有卡顿现象出现
金色,WLAN版 128G,2,不要买，不好真的我才买就好卡！！！
金色,WLAN版 128G,2,不行不好啥都没有
金色,WLAN版 128G,3,喇叭音质不好，翻修无果，懒得折腾了
金色,WLAN版 128G,3,"声音不行，物流不行当天到了第二天送
其他特色：声音"
金色,WLAN版 128G,2,刚买几天用着用着屏幕就这样。申请换新不行就退吧。
金色,WLAN版 128G,3,会突然的闪退，停止播放视频不知道为什么？
金色,WLAN版 128G,3,包装壳这里有个点 还弄不掉 还是没那么完美
金色,WLAN版 128G,3,一般，边边角角有轻微划痕，莫名其妙的
金色,WLAN版 128G,3,虽然电池只有87但是用的还挺久，就忽略不计了
金色,WLAN版 128G,2,屏下有灰尘
金色,WLAN版 128G,3,无线信号差的恐怖d(?д??)
金色,WLAN版 128G,2,角都摔凹了
金色,WLAN版 128G,2,有白点
金色,WLAN版 128G,3,拍照，像素不好
金色,WLAN版 128G,2,质量一般，声音有点瑕疵，没有以前的质量好
金色,WLAN版 128G,2,额，实际健康值只有88
金色,WLAN版 128G,3,声音嘶哑
金色,WLAN版 128G,2,有电流声，和平精英没有90帧打游戏的话不建议这款
金色,WLAN版 128G,3,电池耗完，天冷充不进去电，要暖着才能冲进去电。
金色,WLAN版 128G,3,品控真不咋地，2个坏点，反正不影响使用算了吧
金色,WLAN版 128G,3,买的时候没注意，购置摄像头才800万像素。真是没法在低了，其他方面没发现问题
金色,WLAN版 128G,3,屏幕里面有个小毛毛，不影响使用，就是看着不舒服
金色,WLAN版 128G,2,音质差，
金色,WLAN版 128G,2,屏幕不太好，还有就是之前还送保护壳现在就不送了！！！是真的扎心
金色,WLAN版 128G,3,北京有消费劵，外地没，异地调货要5天，还只有金色的，赠品没软用
金色,WLAN版 128G,2,我也不知道说什么，这平板没想象中的好，反正对苹果这个牌子我是不会在回购任何东西了。
金色,WLAN版 128G,3,本来是给老婆买的生日礼物，结果一拖再拖，死活送不发货，虽然用起来没什么问题，但心情糟透了
金色,WLAN版 128G,3,不知为什么，耗电挺快的，看视频多些，但也不至于一天一充电吧
金色,WLAN版 128G,2,一直很信赖苹果的品质，这是刚新买用了两个礼拜的数据线，拔出来就断了，真的很无语！
金色,WLAN版 128G,3,屏幕里面有灰，懒得换了，考公着急用，电池感觉也不抗用，
金色,WLAN版 128G,2,一开始给我发的平板里面有个小气泡，后来我换货，等了有一个星期，就换货时间比较长
金色,WLAN版 128G,3,屏幕效果：一般，做工差劲，换了一次，退货又重新买，3台机器里面都有灰，懒得换了
金色,WLAN版 128G,2,女票用的很不错，只是已经分手了 有毒这机子 所以给差评?
金色,WLAN版 128G,3,总体来说还不错吧。就是天冷充不了电。郁闷。客服说让我拿到被窝里暖和暖和。
金色,WLAN版 128G,3,"屏幕效果：显示效果一般，特别是照相，像素不能再低了。
运行速度：运行速度没有想象中的快。"
金色,WLAN版 128G,3,去贴膜的时候发下屏幕里面有个白点，后来找人看了是灰尘，不高兴折腾了
金色,WLAN版 128G,3,买来有瑕疵 屏幕里面有一个白点 售后要送回去检查之类的特别麻烦 就作罢了 涨教训以后还是官网买吧
金色,WLAN版 128G,3,"屏幕效果：一般
运行速度：凑合
其他特色：电池耗电真快，满电看视频用不了4个小时，充电慢的想摔了它"
金色,WLAN版 128G,3,看空间照片居然卡住不能动了，才用了3天。有点担心本机有问题，自己也不太懂。
金色,WLAN版 128G,3,有的画面不是很高清，有的反应比较慢，一分钱一分货吧，毕竟很便宜
金色,WLAN版 128G,3,第一次用苹果，不知道是不是我的问题连wifi能力不强，连着看电视自己断掉的，连手机热点也会断。
金色,WLAN版 128G,3,无线信号不好，同一个路由器环境下，其他设备没问题，这个只显示两个信号，而且网络加载很慢。京东物流一直好评，当天到，送货上门。
金色,WLAN版 128G,3,苹果的品控绝对有问题，先不说质量问题，第1次收到屏幕里面就有一个，不知道是坏点还是灰尘，然后退了再送来一台还是有，懒得退了，将就用吧。
金色,WLAN版 128G,3,目前首测电池容量90，二测再看看吧。而且为啥我没有送保护套和膜，耳机是有的。
金色,WLAN版 128G,2,外观材质：屏幕里面有两个白点，麻烦京东下次发货验一下货，东西不行就发出来，膜都揭开了，耽误事，耽误时间
金色,WLAN版 128G,3,电池不知道什么鬼 显示健康值90%，同样的手机用了这么久显示94，手机自带电池健康也是94，就平板显示90。 而且显示不准确
金色,WLAN版 128G,3,"换了一次货，第一次收到的机器开机后屏幕上有两处黑点，通过售后换了一台，第二台外包装不是太好，收到的商品盒子边角有点皱了，机器背面有一点点像是划痕，因为要用，就这样吧。
提醒想买的人收货后一定仔细检查，开机后不要着急使用，先仔细检查一下屏幕，有问题赶快找售后。"
金色,WLAN版 128G,3,"屏幕效果：触屏不灵敏（我什么膜都没贴），要不是查了序列号都要怀疑是不是假的了
运行速度：出现过软件闪退现象，好几次，不止一个软件，用英语软件看文章，点好多次才出现单词翻译，也不知道是iPad还是软件问题。用完就觉得我和评论区买的不是同一款?"
金色,WLAN版 128G,3,"考研买来背单词，爱思助手电池满格，就是感觉耗电（纯感觉）有点快，用一天是不可能的。还有贵啊！肉疼
外观材质：金
屏幕效果：可能是我手的问题，有时候滑感觉不动
运行速度：快
轻薄程度：还可以"
金色,WLAN版 128G,3,昨天下单，今天下午拿到手，速度很快。本来我是在官网，但是要等到12月中旬才发货，实在等不了呀。刚激活，也不知道翻车没有，先用着，看看到底质量怎么样，其实还是比较担心的呢。第一次使用ipad，当手机使用，也不知道能不能玩游戏。好担心呀。
金色,WLAN版 128G,2,产品刚开始用，目前没发现问题，不过要说下价格，双11一毛钱没有便宜，还搞个定金支付，搞得我本来领的优惠券白白作废，结果买的价格比双11之前还贵，还麻烦，还慢，搞这种噱头，不开心
金色,WLAN版 128G,2,板子还行吧，暂时没发现屏幕进灰，电池不太清楚，没查。收到的时候电量一百。这平板的做工实在是有点不堪入目啊，边角上全是胶水。看图。。。。四边都有，将就用吧。这玩意就是个放大版的iphone手机，没啥特别的。
金色,WLAN版 128G,3,"外观材质：外观还行 不过塑料感很强
屏幕效果：屏幕越来越差了 大果粒
轻薄程度：真的很轻 让人怀疑电池到底够不够用 缩水多不多
运行速度：没感觉出来有什么大进步
其他特色：除了处理器 其他都在退步缩水"
金色,WLAN版 128G,3,看到有换新补贴，正好用家中闲置的XR 换了2020 ipad给父母看看剧，一分价钱一分货，平时我都用11寸的pro，上手普通款的屏幕确实没法比，不过看剧还是足够了，发货很快，包装也很好，但是开盒后发现透明膜上有灰尘，右上角电源键处 缝隙有一个黑点，懒得折腾退换了，凑合用，也不知道是别人拆封过的还是现在苹果品控真的如此垃圾
金色,WLAN版 128G,2,闪退也太多了吧！一天几次！
金色,WLAN版 128G,2,息屏了要很久才能重新连接WiFi
金色,WLAN版 128G,3,京东客服差 买了东西找客服都是机器人回复
金色,WLAN版 128G,3,绑定在一起购买膜质量不好，很失望！
金色,WLAN版 128G,2,慢死了，调货调10天
金色,WLAN版 128G,3,很轻，不知道真的假的
金色,WLAN版 128G,3,音效太差了。 耳机也没有，这是套路买耳机吗
金色,WLAN版 128G,2,欺骗消费者，说赠送蓝牙耳机结果收到说耳机有限，赠完了，下单的时候没有提示
金色,WLAN版 128G,3,东西还没拆开，不太知道，首先快递让我很差异，什么时候京东也变成了其他快递 连电话都不通知了。。
金色,WLAN版 128G,3,送的东西质量太差，钢化膜直接里面有杂质！还不如在官网买教育优惠了。注册一个京东账号买东西没有新人价，结果买了之后有新人价了，，真的是无语
金色,WLAN版 128G,3,7天无理由退货都是假的吧，商品拆封不退可以理解，电池本身问题难道不是质量问题吗？很不理解这能不是本身产品的问题？
金色,WLAN版 128G,3,死在了激活上，麻烦死了，整了半天也没整完，有这么麻烦吗？要不就是点不动，烦死了
金色,WLAN版 128G,3,我是很纳闷，买iPad说之前买的笔记本电脑可以抵现，预估的明明是900块钱，我都完成订单了，结果只给我抵了360，我是很郁闷
金色,WLAN版 128G,2,"屏幕按键有时候很不灵 而且电池最大容量也不是百分百
包装也特别简陋上面有刮痕
整体让我觉得都特别差"
金色,WLAN版 128G,2,拆开那一刻感觉心凉，到处都是灰尘，给我的感觉不像是新机。现在电子产品都是京东买的，以后还能信任吗。
金色,WLAN版 128G,3,"外观材质：破了个小洞
其他特色：觉得不影响就没换了 用了不到一个月不想用它了 现在拿去回收亏好多?"
金色,WLAN版 128G,3,"音质太差，很不满意
有杂音，感觉失真不流畅
还不如普通手机播放出来的音质"
金色,WLAN版 128G,3,屏幕里有灰尘点就申请换货。上门取件一直没有来取，打电话给小哥，让我自己去寄。客服又不告诉寄件地址，也不能修改寄件方式。折腾了一天打了好几个京东物流电话才寄出去。刚好碰上国庆假期，不知道得等多久
金色,WLAN版 128G,2,现在的苹果是不如以前了，品控现在真的差，第一个拿到手里屏下有好几处灰尘，换货后还是有灰尘，电池问题我也没有去看，反正这次购买苹果真的让人失望！！！
金色,WLAN版 128G,2,已经换两次了，都有灰，这次更离谱，直接内屏偏移。京东售后真的没的说，处理快，但是苹果这品控真是垃圾到家了
金色,WLAN版 128G,2,专门为了吃鸡90帧买的，然后下载好了根本没有90帧，心情差到极点，拆封过的又不能退货了，昨天刚收到的货，今天想**卖了然后自己重新买个pro，没有90帧我就是白买了
金色,WLAN版 128G,2,京东快递非常快，还是一如既往的好，但是这售后真是要吐槽一下，每次我提一个问题，客服要等很久很久才回回复一句话，遇到关键环节和我一样懵逼的，然后说对不起，我这里处理不了&hellip;&hellip;那个送四个月会员简直形同虚设，完全换不了，还要等24小时后等待处理&hellip;&hellip;大家细品一下吧！机子一旦开机是不能随便退货的，大家购买谨慎！
金色,WLAN版 128G,2,其他还没感觉，拿来时保护膜下有尘点，拍照颗粒感明显。客服说ipad就这样。配置上后置好像800万像素，真的是太出乎意料。
金色,WLAN版 128G,2,包装特别简陋，不拆开都不知道买的是ipad，最差的是屏幕最上面靠近前置摄像头有压伤，揭开膜发现屏幕上一个坑，有明显手感，难道你们厂家包装检验这都发现不了么，还是有其他原因，心塞！
金色,WLAN版 128G,2,屏幕里有灰尘点，售后说要找维修点检测，太远了没去，去了怕返厂遥遥无期的等，真的挺失望的！提醒一下想要购买的网友，先别开机，先看外观吧！（无数次后悔自己手贱直接开机了）
金色,WLAN版 128G,3,才用一个多月，充电极慢，1个小时才冲百分之几，自带的充电器手机可以冲，iPad就不可以冲，还是用自己买的充电器充的，平时用的也很少，不存在人为损坏，售后怎么弄？
金色,WLAN版 128G,2,官网太慢了，看到京东有货就下单了，本来想买银色的，拍的时候就有金色，没想道意外的好看，平时就追剧用，但是屏幕里有两个灰点，玩了好几天才看见，不明显，听说非全贴合屏的通病。
金色,WLAN版 128G,3,"外观材质：卖得很好所以只有金色了因为懒得等没办法才买的这个颜色.
货品好.但是客服态度很差.可能是这一款卖得很好.我就问了好几次才买的因为很喜欢深灰色但是没这个颜色.我等了几天以为会补货就一直问客服什么时候补货什么的.可能客服就以为我买不起还一直问.爱答不理的.也是很搞笑.买了以后再问他一些售后.也是答非所问.就没见过京东自营还这么蠢的客服态度自认为的高姿态.一直在京东买就是觉得京东服务态度好没想到人家苹果店的不一样！没办法.算了呗.早知道去**买了我宁可多等一天就一天！大家谨慎哦！买了不理你你有什么问题找不到人的.呵呵！"
金色,WLAN版 128G,2,打开很惊喜的 然后上手用了用我感觉这个耗电速度是不是太快了？从打开到我设置好ID耗费了7格电 短短半个小时不到有点匪夷所思 打算等第一次充电充好以后我再看看&hellip;&hellip;
金色,WLAN版 128G,3,很是失望，买平板就是为了孩子学习屏慕大一点，用手机屏幕太小，结果一些软件不支持下载，比如 爱点读，之前苹果手机下了的，平板却不支持，如果知道是这样，一定不会买，或许真应该支持国产的
金色,WLAN版 128G,2,"快递包装存在挤压破损，导致产品弯曲变形，屏幕显示也存在问题，多次与客服沟通，无法给出满意的答复，遇到节假日期间，存在专员休假，业务无法对接，导致用户提出换货问题被搁置，无人问津的情况
屏幕效果：按压有闪屏效果
外观材质：弯曲变形"
金色,WLAN版 128G,2,"运行非常的流畅，不错的机器。
打开包装第一次使用，用爱思测试电池83%；原始电量使用了3天耗尽，重新充电爱思显示100%了。
电池没有问题，不用担心翻车。
另外客户的水平太差，不懂装懂，少3个星是这个原因。"
金色,WLAN版 128G,3,"用了2个星期，目前发现有两个问题
①用apple pencil时经常会断触！！！！！
经常写着写着就写不了，要重开屏幕才可以识别，朋友在实体店买的pro就没有这种情况。感觉是机子的问题。不知道其他人有没有这种情况&hellip;&hellip;&hellip;&hellip;
②电池耗电感觉笔2018款快了，2018款我用着100%的电量可以坚持20个小时，这款100%的电量早上开始使，下午4、5点就没电了。"
金色,WLAN版 128G,2,这是一个假货吧，看电视的画质感觉像打了马赛克一样！什么鬼！而且激活后连wifi的名字不是我的id。感觉被人激活了。苹果的清晰度这么低的嘛？没看错！看图片，他的画质真的是这样的！！！快递包装还是个破的。希望官方给出解释
金色,WLAN版 128G,2,"大王腾讯卡就是坑，每月扣19元的月租，还有有道少儿英语都懒得问了。这哪里是赠品，就是广告合作，要你自己掏钱消费的。请问这赠品的意义何在，没给顾客带来实际上的一分钱的优惠。买了三千块的东西，赠品一分钱都没有。那还不如直接标示：买ipad送一台液晶电视，然后你需要电视就自己掏钱去买。京东自营这不是强盗逻辑吗？
还有客服的态度也是的，对于赠品问题，让客户造成误解，难道一句抱歉也没有吗？直接来一句，你要用你就掏钱，不用就不开。好让人来火????"
金色,WLAN版 128G,2,一般
金色,WLAN版 128G,3,一般
金色,WLAN版 128G,3,不错
金色,WLAN版 128G,3,屏幕效果：视觉效果，听觉效果不错，很棒棒运行速度：刚买来2小时，正跟别人~视频聊天呢，退到后台后再点开就成板砖了，重启了将近10分钟。自带浏览器的加载速度时快时慢；不知道是系统原因还是网络原因，手机和iPad的新消息不同步其他特色：电池和充电器这块真的是有点弱了
金色,WLAN版 128G,3,外观材质：和2019年无明显区别，金色背板，白色面板。屏幕效果：非贴合屏幕，很普通，苹果强行#人的设计。运行速度：A12也还是略有卡顿，ios14还是有点小问题。轻薄程度：比2019年重了一点点，但是装了保护套之后，感知不强，都重。其他特色：升级了A12的CPU，还不够。更换了20W的充电器。外包装有一定程度的损坏。
金色,WLAN版 128G,3,今天拿到产品，最外层包装破了角，直接把iPad的盒子压变形了。物流保障不够，贵重物品不应该被拎出来好生对待吗。验机的时候，序列号刚开始没有验证购买日期，心里有点着急。在下载第一个软件的时候输入ID密码无反应，客服让我重启，重启后好了。但是一个新机出现了需要重启才能解决的问题，实在是破坏第一印象。验机途中，下载了安兔兔手机助理估呗等等一系列软件，安兔兔跑分不算高，其他软件都无法检测到CPU处理器型号和电池容量。心有怀疑，拿出去验机，连上了爱思电脑版，显示&ldquo;此设备暂不支持验机&rdquo;，无法识别具体型号和CPU，生产日期挺满意的（如果是真的话）至于电池寿命，听说要一次用完再充满轮回后才能有100%，这个暂且放一放，我带着为什么我的iPad无法验机的疑惑回了家。等了一个下午加晚上，在官网用序列号可查保修期了，果粉鉴定~也显示了激活日期，没毛病，放心了不少。争取把电用完再充满，过几天我再出去验机，后续等追评。总之这东西给我的第一印象无法让我打好评。
