深空灰色,WLAN版 256G,1,边框有问题有瑕疵
深空灰色,WLAN版 256G,1,所有的免费服务都是假的不要信 京东官网不靠谱
深空灰色,WLAN版 256G,1,我买还不到两天掉价6百多 我想哭
深空灰色,WLAN版 256G,1,还是一如既往的好 流畅
深空灰色,WLAN版 256G,1,充电器为什么是这样的？
深空灰色,WLAN版 256G,1,买完降价，说好价保618，结果呢
深空灰色,WLAN版 256G,1,用了不到一个月，屏幕没反应。。。。
深空灰色,WLAN版 256G,1,电用得很快，非常快
深空灰色,WLAN版 256G,1,这个送货效率，最后10公里送了4天！
深空灰色,WLAN版 256G,1,一般般吧，有些失望。
深空灰色,WLAN版 256G,1,弯的
深空灰色,WLAN版 256G,1,新的就是问题，唉，买回来一个多月了一直沒用伸展
深空灰色,WLAN版 256G,1,玩游戏，烫手是什么感觉！
深空灰色,WLAN版 256G,1,关于物流和质量以及服务，只能给一星评价
深空灰色,WLAN版 256G,1,屏幕划痕，差，怪我没检查好。还是在官网买吧。
深空灰色,WLAN版 256G,1,24号购买的，现在就降价700了，还没办法退差，
深空灰色,WLAN版 256G,1,苹果的东西就是那么回事吧，越来越差，帮人买的，我自己是永远不会买苹果的
深空灰色,WLAN版 256G,1,买了半个月，降价700块...呵呵哒
深空灰色,WLAN版 256G,1,不会吧不会吧，我用了不到一周屏幕坏了？
深空灰色,WLAN版 256G,1,玩王者出现两次自动重启
深空灰色,WLAN版 256G,1,弯的
深空灰色,WLAN版 256G,1,玩着玩着死机
深空灰色,WLAN版 256G,1,东西还行就是降价太快，买了不到一周就降价还没价格保护
深空灰色,WLAN版 256G,1,看看图片。快递就是这么不小心的，都砸成这样，早知道应该换一个，后面才知道拆了不能退换
深空灰色,WLAN版 256G,1,前后购买差价700元，这个谁受得了这样断崖式价格差。。。。
深空灰色,WLAN版 256G,1,6月1号到货，6月27号成这样了
深空灰色,WLAN版 256G,1,包装简陋，包装盒都摔坏了，机器摄像头里前后都是灰尘
深空灰色,WLAN版 256G,1,刚买完就降价
深空灰色,WLAN版 256G,1,开箱就有划伤
深空灰色,WLAN版 256G,1,难受，收到的第八天降了900块，血妈亏。
深空灰色,WLAN版 256G,1,使用一个月就弯了，还是带着硬壳，轻度使用。
深空灰色,WLAN版 256G,1,"为啥显示上次充电时间4.21？
为啥有点弯？
我中奖了？"
深空灰色,WLAN版 256G,1,购买两天，降价800
深空灰色,WLAN版 256G,1,物流晚到了一天，然后就这样呈现在面前，打开的兴趣都没有。
深空灰色,WLAN版 256G,1,商家和移动合约机流程不完善，取消订单后合约不取消，导致多花了一千多米。
深空灰色,WLAN版 256G,1,"友情提示，套装没有赠品要赠品的请单拍
买之前问是有的
?????"
深空灰色,WLAN版 256G,1,"外观材质：可以
屏幕效果：可以
轻薄程度：可以
运行速度：翻车，点开应用和选项一卡一卡的，但是已经被我激活了，将就用吧。"
深空灰色,WLAN版 256G,1,不知道什么原因，得当爷供着，室内温度5摄氏度以上充不进电，我得放在毛毯里面充电才可以
深空灰色,WLAN版 256G,1,才用一个半月，按键就下陷了，得有指甲才能关机了，还只能修！
深空灰色,WLAN版 256G,1,我甚至怀疑是不是翻新机，首先外观盒子压得让人觉得像是压箱底的库存盒子，拆开后发现品控极其糟糕，背部上方的那一条都有杂物在，哎要不是赶时间用肯定退了
深空灰色,WLAN版 256G,1,很轻，颜色非常好看，屏幕大，用起来不错，是国行机，比之前的ipd 都要好
深空灰色,WLAN版 256G,1,昨天2020.5.20刚买的，今天就降价了，意思是没法退？只能算我吃亏，我算服了降价1000
深空灰色,WLAN版 256G,1,下载了王者荣耀，打一局，打到一半自动重启了，看来不适合用来打游戏，只适合用来学习
深空灰色,WLAN版 256G,1,信息有个感叹号，点进去还退不出来，只能关机重启，找不到解决方法，问客服都是自动回复
深空灰色,WLAN版 256G,1,东西被配送员签收，现在还不送。订单尽然结束呢了。服务电话就是语音服务，不解决实际问题
深空灰色,WLAN版 256G,1,快递包装可以打广告是吧，广告随便打是吧，我买个ipad你给我用个bose耳机的外包装。你知不知道我正好有同事买了耳机，拿错回家了。我在传达室找了半个小时，都快报警了，心急如焚。客服还跟我说外包装什么样子不影响的。影响好大好吗。东西是好东西，服务是真差。最后感谢下快递小哥，下班了还来上门帮我一起找，还好虚惊一场
深空灰色,WLAN版 256G,1,用了一个星期才发现，外壳一点点磕碰，虽然不是很明显，也懒得扯皮了
深空灰色,WLAN版 256G,1,京东自营，购物这么多次，第一次见这种包装，没有好心情
深空灰色,WLAN版 256G,1,屏幕左上角居然有亮点。是苹果的质量差了，还是京东送的返修货？
深空灰色,WLAN版 256G,1,辣鸡苹果售后！！！！
深空灰色,WLAN版 256G,1,商品不是京东自营店，下单时在苹果京东自营店，订单显示的店铺也是苹果京东自营店，但是商品点击进去就变成了中国移动的店铺。收到两个商品包装不一样，一个有苹果官方外箱，一个没有还被拆了膜屏幕上面有指纹。
深空灰色,WLAN版 256G,1,杀熟的平台，买了半个月不到降价六七百，跟我说价保七天，你们条款都是30天好吧。页面也没有提醒价保七天，也没有提醒活动时间，要不我干嘛不等618
深空灰色,WLAN版 256G,1,我的ipad第一次充电    从早上8.00到下午16.00只充了3%    什么软件都下载不了
深空灰色,WLAN版 256G,1,目前到手一周多，闪光灯大部分时间不亮，全网大面积中招。再等一周看看苹果有什么说法，没有我就退货。
深空灰色,WLAN版 256G,1,差，不知是什么原因玩游戏无故关机（电量充足)，看剧办公没发现问题，速度快，关键就是打游戏经常自动关机这谁能受得了？？？？？
深空灰色,WLAN版 256G,1,怎么说呢，一直用的苹果，不管是手机还是之前的平板，喜欢的就是它的系统流畅，11用起来给人的感觉还是可以的，但是按键有松动，之前都在实体店买平板，因为信赖京东，所以这次选择在京东上买，主要京东有优惠，但是没想到第一次买，就让我感觉到了深深的不爽，我可以接受你们促销，也知道价格肯定会便宜，但是好歹考虑我们这些买了不到半个月的兄弟姐妹们吧，这几天活动直接降价那么多，另外还送各种福利，我是真心觉得被伤到了，如果说超过半个月，你降这么狠我就不说啥了，这**半个月不到，就又是降价又是送东西，谁都不是非着急买的人，总之给我的感觉就是买了就会后悔，买了就会亏，谁都不是缺这几百块钱的人，但是就是会让人心里有落差，所以想在京东购买的各位大佬们，如果能接受这种快速的价格变动就买，如果不能，就乖乖去实体店买吧，虽然会比网上贵点，但是至少实体店不会半个月就让你跌破眼镜，也不用担心有什么毛病。
深空灰色,WLAN版 256G,1,套路消费者，说好了定金，其实屁用没有！
深空灰色,WLAN版 256G,1,包装很差，怀疑是高仿，有可能是退换货的
深空灰色,WLAN版 256G,1,才买几天就降价700元，这个有点垃圾
深空灰色,WLAN版 256G,1,不是恶评，是发现了京东黑幕被气到了
深空灰色,WLAN版 256G,1,价格降的也太快了吧，不到20天降了700
深空灰色,WLAN版 256G,1,不怎么样吧   客服太强硬了
深空灰色,WLAN版 256G,1,抵制美货，支持国产，差评给美国，已经买了，不能退了
深空灰色,WLAN版 256G,1,屏幕坏点不给换，***
深空灰色,WLAN版 256G,1,"7天成砖，售后很差！
至今未解决，差评发不出来。见鬼了！"
深空灰色,WLAN版 256G,1,客服蠢死了 电话客服也一样 很差的售后 去***京东
深空灰色,WLAN版 256G,1,垃圾客服 刚买就不给退货 霸王条款
深空灰色,WLAN版 256G,1,购买第二天套装就降价了，真的是白白损失好几百
深空灰色,WLAN版 256G,1,这是最后一次在京东购物了，失望至极，一直相信京东的诚信，却忘了无商不奸的道理
深空灰色,WLAN版 256G,1,其他特色：刚买完就降价，真的无语，给客服打电话还不给处理，京东就是这么处理的
深空灰色,WLAN版 256G,1,刚买完半个月直接降价700 京东消费了快20万 唉 以后不会用了
深空灰色,WLAN版 256G,1,应该是二手的，我根本不认识这个叫zhangliai的人，但一买回来pad就叫这个名。
深空灰色,WLAN版 256G,1,果然是***！
深空灰色,WLAN版 256G,1,客服垃圾
深空灰色,WLAN版 256G,1,真的心情很不爽买了几天就降价了七百块钱，在这家买了几次了真的很不爽，还不如实体店。
深空灰色,WLAN版 256G,1,刚买几天就拿去售后了，真是个好产品啊。还官方旗舰店关门算了。
深空灰色,WLAN版 256G,1,垃圾，活动明明写了赠送耳机，客服居然解释标配送套餐不送！
深空灰色,WLAN版 256G,1,其他特色：买前看着送好多东西，结果来了钢化膜，皮套最基本的东西都没送东西都不送。
深空灰色,WLAN版 256G,1,说好的下边有赠品 都是骗人的 跟们什么也没有 差评
深空灰色,WLAN版 256G,1,也太暴力了吧
深空灰色,WLAN版 256G,1,相隔8天价格从7029变成6699，体验极其不好。差评。
深空灰色,WLAN版 256G,1,买来一个月动不动就关机，申请售后跟我说要15到20天的检测维修，非常让人不愉快的一次购物
深空灰色,WLAN版 256G,1,垃圾产品！！
深空灰色,WLAN版 256G,1,轻薄程度：垃圾
深空灰色,WLAN版 256G,1,刚拆封 镜头就有磕碰掉漆，质量太差了 差评差评差评。
深空灰色,WLAN版 256G,1,买完两天就降价了400块钱，还不能申请价格保护真是惊呆了，大家以后买东西可三思啊，碰到这种事情气都要气死自己
深空灰色,WLAN版 256G,1,官网  天猫买送耳机了。 618刚买这个。这个价格变化也太大了。太坑了。大家只能受了。哎
深空灰色,WLAN版 256G,1,7年老京东用户，目前11W京享值，从未给过差评。但是就您这个店的客服水平和智商，我不得不给出第一个差评以表敬意。
深空灰色,WLAN版 256G,1,差评，居然键盘次品货，然后售后超级慢，千万别买京东，居然次品货
深空灰色,WLAN版 256G,1,图片显示悬浮键盘，发货是另外一款键盘，还不给换货，欺骗消费者！
深空灰色,WLAN版 256G,1,"商品破损申请退款，以激活为由拒绝7天无理由退货
都破损了叫无理由退货吗"
深空灰色,WLAN版 256G,1,买来没多久，降价也太快了，而且还不是小幅度的降价，真叫人不舒服
深空灰色,WLAN版 256G,1,各位买家，在京东买货需谨慎，我买的宝贝十天就降了五百了，这次体验非常不爽;太没保障了
深空灰色,WLAN版 256G,1,京东物流垃圾到了一定程度，无论你怎样着急，必须故意给你迟到一天，预计送达时间一变再变，投诉无门，京东耗子尾汁
深空灰色,WLAN版 256G,1,刚买完降价700，有点坑啊
深空灰色,WLAN版 256G,1,拿到货还没5小时，就预售降价近300，您真会玩价格战，讲道理这是我最生气的一次购物体验
深空灰色,WLAN版 256G,1,七天内降价两次，618各种活动各种降价，而且不价保，兄弟们，京东套路太深了，买前慎重再慎重
深空灰色,WLAN版 256G,1,当天买完，过了晚上12点就出6期分期免息卷，后悔死我了，过分！另外快递包裹也没气垫什么的。
深空灰色,WLAN版 256G,1,有很多人登录过id，不是没拆封过的，失望，快递盒收到的时候也有一些破损，没有保护膜和保护套，自己买了。。。。。
深空灰色,WLAN版 256G,1,只能说包装太差了吧，拿快递的时候还以为是膜呢，就连买的膜都比这包装好太多有箱子有填充物，这个就一个京东的袋子，连个箱子都没有更别说填充物了
深空灰色,WLAN版 256G,1,差评，没有在线客服，有问题联系不上卖家，冲不上电，一直显示百分之三
深空灰色,WLAN版 256G,1,"我都怀疑是不是正品了，网速接收差到极致，不想多说什么了。买回来一个破板子，啥都干不了。
运行速度：差"
深空灰色,WLAN版 256G,1,收货一小时就黑屏打不开，换货不给换。还需要检测1周。这新东西故障买家自己负责，大牌东西买的真生气
深空灰色,WLAN版 256G,1,不开心，本来就是因为没有128g的没办法才买贵一些的，结果过了三天就活动送耳机，问客服也不补发。之前买手机遇到这样的情况会补发优惠券，在苹果自营店买什么都不送，差评，大大的差评。
深空灰色,WLAN版 256G,1,赠品赠送不透明，既然赠送完了就应该及时告知客户，或者撤掉有误导消费者消费的广告。人生第一个差评送给你。
深空灰色,WLAN版 256G,1,使用一个多月 自然变形 质量太差 最失望的一次网购
深空灰色,WLAN版 256G,1,不推荐购买，不要购买。资深京东老客户，买了个黑屏机器～退换货周期不是一般的长。大家去别的地购买吧！慎重慎重～跟售后沟通的过程，非常长！可怕！怎么会这样！还有自己花钱买了个类纸膜，71。不可信不可信
深空灰色,WLAN版 256G,1,镜片凸出来了是什么鬼  还特别划手 ?? 差评
深空灰色,WLAN版 256G,1,本来买来是为了上网课   谁知上钉钉直接卡死是什么鬼  屡上屡卡  谁能告诉我有解决方案么 无语?
深空灰色,WLAN版 256G,1,不要买ipad pro，价格贵，非常重，连接线不好用，双头typec，很难连接电脑
深空灰色,WLAN版 256G,1,垃圾平台！用了几年了今天被恶心到了，昨天买的今天就降两百，申请价保系统显示未降价，我**
深空灰色,WLAN版 256G,1,非常差，买来现在就充不了电了，试过不是充电器原因，京东真是可以，六千多的平板买来我还没用过几次就这死样了
深空灰色,WLAN版 256G,1,辣鸡***  辣鸡客服  发个瑕疵品过来  还不给退换货 20块就想给打发了  就这辣鸡包装 还想把锅扣我头上
深空灰色,WLAN版 256G,1,刚买了没几天就掉价1000元，让我心里很不舒服，本来自营店就比别人家贵一个四五百块钱，现在又掉了1000元，买个东西间接赔掉2000元.
深空灰色,WLAN版 256G,1,在旗舰店买本来就是买的安心，结果机子拿回来还没到两天息屏键就失灵了，也没磕碰到。暂时性失灵售后也检查不出来，六千多买个残次品，我长见识了
深空灰色,WLAN版 256G,1,"求求别用全球购了
下单到收货花了20天
客服和你说价格以下单页面为准
当我提及：价格还会变动吗 要给关税吗
客服只会回你以下单页面为准
只有你下单的时候会在很小的字告诉你有可能会交关税
而且这不是可能 是100%交关税
也就是说你必定要给10%左右税
送货也慢 也不提前和你说好要交税 何必买呢"
深空灰色,WLAN版 256G,1,"辣鸡售后
30天无忧退货就是骗局，根本退不了，条件苛刻。
别在京东买了，去官网吧。
差评差评。"
深空灰色,WLAN版 256G,1,买给孩子学画使用，还买了键盘+笔套餐，共8899元，经多次催单，第三天才收到货，之后到店去贴膜，才知实体店更优惠，还送价值一千多元的无线耳机，非常后悔，大家千万不要再上当了，还是去苹果实体专卖店买更好。
深空灰色,WLAN版 256G,1,包装垃圾，几个角都摔歪了，售后也是爱理不理的，问什么都是稍后，稍后！现在拆开了退又不允许退，自认倒霉，不建议在京东里面买这些，我才知道我朋友在官网有学生教育优惠，还能少几百块钱，后悔死了
深空灰色,WLAN版 256G,1,真的是服，买了一个是弯的好换货，说三天我等，然后买一个又是弯的然后客服磨磨唧唧的一点赔偿也没有，还问我想怎样，我想要个不弯的我想怎样
深空灰色,WLAN版 256G,1,售后服务态度巨差，产品性能过剩，完全不建议买，往上划开机划了很多次都没反应，差评
深空灰色,WLAN版 256G,1,真不敢相信这是京东物流配送的，也不敢相信我在京东自营店买的，（如下图所示）连个外包装壳都没有，我也太倒霉了，问售后，开膜即不给退，除非到苹果官店去鉴定有问题，我是一万个服了?????
深空灰色,WLAN版 256G,1,包装边角有一处被压坏，撕开膜就是一个大大的惊喜！屏幕上的划痕更是妙啊！还有背面也很脏。就是着急用所以才选择在京东上购买，收到的货却是这个样子，退换还需要审核啥的，少说也要等上一个星期，指不定还会各种推脱责任（一经拆封概不退换）。只能将就用了。这次购物真的彻底颠覆了我对京东的印象。奉劝大家不着急用的话还是去官网买吧，毕竟14天无理由退换。
深空灰色,WLAN版 256G,1,第一次写差评，不为产品质量，只是为了这个平台预售降价在7天内还申请不了价保的理由，各种推脱，无奈，作为一个好几年的京粉，每年会员购物不少于几十W的人来说，显的多么无力，说什么消费者权益，人家之不过是玩好了规则保护而已，大家看看就好，好与不好自己说了算
深空灰色,WLAN版 256G,1,"屏幕效果：屏幕里面有白点。内屏里面 白点。苹果现在品控都那么差吗！一颗星都不想给
说拆开就不行了。我不拆开怎么知道屏幕好坏。我火眼金睛吗！！！"
深空灰色,WLAN版 256G,1,"收到时塑封都是破的，一整个洞，还脏兮兮的，和客服说，客服啥也不理，也不管，分不清机器人还是真人，真的态度差，屁用没有。：给您5个京豆您看可以吗？
 开箱板子就是弯的，欢迎大家来购买抽奖。"
深空灰色,WLAN版 256G,1,差评，11.1先预定，不说价格，后来公布价格也没啥优惠，也不退定金，坑坑坑！
深空灰色,WLAN版 256G,1,我感觉卖给我的机子是二手的或者其他什么的，因为买的第三天出现打开不了后台的操作，重启后才行，买的第六天我刚开第一把王者，打着打着直接出现强制性关机重启，都是在正常温度没有甩过的情况。
深空灰色,WLAN版 256G,1,服务体验极差，送来的包装也有瑕疵，特别是那个上手服务，一个空壳，找客服解决问题，确一直拖，一会叫你明天试，一会叫你换手机试，一会丢个几百页的说明书让你看，我真是服了，要是有时间看你那个，我还要这个服务干什么。真是有史以来最差的一次体验。
深空灰色,WLAN版 256G,1,不想骂脏话，垃圾中的垃圾，这么多年一直在京东买东西，这IPAD才买了二十天就死机开不了机。还说只能维修不能退换，倒了**的血霉。失望至极，以后绝对不会在京东买任何电子产品。为了买这还开了个年度会员，真是哔了狗。
深空灰色,WLAN版 256G,1,外观材质：仅个人观点，拿到手上第一天就看到后壳有两个很小的痕迹，我没有追究，用了差不多一个月，玩死机了，现在正在售后中，两个星期才能处理好，感觉品控不怎么好，可能也是我运气不好，我很失望。
深空灰色,WLAN版 256G,1,618买的ioadpro发现屏幕背光不均匀，没激活就退货了，然后客服就告诉我说什么sn码不对，给我退回来了，我没签收，半个多月了，现在还跟我这扯皮呢，多亏我退货了要不都不知道是个二手货，以后不会再在京东买大件电子产品，差评！
深空灰色,WLAN版 256G,1,物流确实很快，但是包装只能呵呵了。我前天买的一个，运输的时候就随便用一个纸盒给我装着，关键是纸盒比平板大很多，里面也没有用气泡膜填充，导致收到的平板外包装变形，而且还很脏。直接申请退货后重新再买了一台，而且在提交订单前后都电话和京东客服沟通过，让备注发货时用气泡膜包裹，客服那边也答应说按照我的要求做了，结果收到货后，平板外包装变形破损比上一次还严重，太让我失望了！
深空灰色,WLAN版 256G,1,**商家！激活两天莫名其妙就不开机、京东自营怕是有猫腻！我会找相关部门投诉处理！强烈谴责产品质量问题！拿不合格的产品来欺骗消费者！
深空灰色,WLAN版 256G,1,才用一天，屏幕中间就花了，出现一天缝！苹果现在是越来越坑了，呵呵。真不知道该怎么说！
深空灰色,WLAN版 256G,1,非常不好的一次购物，机子刚开机设置过程中死机，无法关机，联系客服无人回复，联系卖机子的商家说只要售出就不归他们管，无奈直接点退货，马上就有客服联系我，说只要拆封就不能退，得拿回去检测，确实有质量问题再说，那我说回去修好了再给我就说没有质量问题是不是我就必须得收货，什么京东直营，就是从个人的店里发生的货，吃一堑长一智，以后还是直接去实体店购买靠谱。
深空灰色,WLAN版 256G,1,**我也不想说什么了，今年的plus会员也不续了，写着30天无忧体验，到头来只能31-33天退，而且到时候还不一定能退，无忧体验是外包公司，不属于**，真是打到一手好牌，这算是消费欺骗吧
深空灰色,WLAN版 256G,1,我买的是平板和笔以及双面夹板套装，但是5.6买的平板，到5.10才收到。笔，期间一直说没货。所以一直没发货。期间我一直在和客服联系。后来客服说只有拆分才能发货。所以5.9号才把订单拆分，5.10号把平板和夹板送过来。笔在之后送过来。收到货之后打开一看发现上次充电时间是2020年4月20号！我在问客服，可是客服却说可能是别人换过的平板！后面我就说要投诉，可是客服却又说我帮你接到投诉去，需要1到2分钟等待。可过了一会儿又说我帮你接到专员那去。19点之前回你电话！后面就没消息了！
深空灰色,WLAN版 256G,1,双十二下单，之前付的定金100抵800，收到货第二天，发现商品秒杀并且用北京消费券再之前的基础上又可以便宜400。之后联系客服说可以申请差价，那我就放弃重新下单换货。但是至今没收到差价，找客服说申请失败。现在我这是竹篮打水一场空。活动结束了，除了一句抱歉什么结果都没有！真的的很生气！！！
深空灰色,WLAN版 256G,1,我跟你们讲 谁在京东买谁就**心大 第一次买是弯的 我换了一次货 换回来还是弯的 我本来打算接受了 然后仔细一看掉了一块漆 我服了 这次不给换了 真的** 这是不是换的二手的他们自己心里清楚 不可能新的出场就是掉漆的吧？？？？？？？？
深空灰色,WLAN版 256G,1,"本来想给客服先说一下，但客服不理我，是机器人。
开箱用了两天，平板有点小弯，屏幕左上角有个点不粘指纹，看着很难受。 我是艺术家"
深空灰色,WLAN版 256G,1,刚拿到手外包装轻微凹陷，里面应该不会有什么问题，打开看了下是没睡吗问题，于是我就开机了，等到打开网页闪的时候发现一小道裂痕，太坑了吧，换不了货了，怎么办啊？好气啊以后再也不双十一买东西了，怎么办啊？问问大家有没有遇到过这种情况。
深空灰色,WLAN版 256G,1,特别不开心的一次购物经历，非常不满意，有问题去售后告知硬件没问题，让自己等着系统更新，返回来还没有还给我二代笔和键盘，沟通无数次，简直太糟心了，双十二的价格降价小一千也不知道能不能价保，婚礼当天还因为没有键盘得去网吧编辑文字，太糟心太糟心了，都可以记录在人生糟心top 排行榜了&hellip;&hellip;特别不满意
深空灰色,WLAN版 256G,1,从二号拍到现在，把我气得要死，买回来是个变形的，要求换货，现在还没有答复，这次购物让我很生气，并且非常失望。大家在收货的时候一定要认真检查他有没有变形？有变形马上拒收，这样可能会效率高一点，三号到货，我四号要求换货，到现在都没有消息，拖拖拉拉，效率差的要死
深空灰色,WLAN版 256G,1,辣  鸡 ，刚买几天就降了几百？什么*   *玩意，还有掉电真的是贼快，看的见电量往下掉，充满电就看个电影，只能续航短短的几个小时，这质量，真**的后悔又去购买。一星都不想给
深空灰色,WLAN版 256G,1,千万不要在京东上买大件电子产品，因为售后服务简直是折磨，等买来出问题的时候你就会发现，比官网便宜的那几百块（何况并没有便宜。。。）和官网的售后服务比起来简直太**不值一提了。。。比如这次新款iPad送的30天无忧体验，要想退货京东自己检验自己说了算，而且过程漫长折磨死人，首先必须满一个月才能申请服务，也就意味着用白条的必须要还款；其次退款不是原路返回，而且要你*****打款；再次验机的服务商很不正规，不是保障服务里联系你的号码都是私人手机号（我在微信里搜，搜出来的微信名直接就叫&ldquo;苹果手机专卖&rdquo;。。。我都惊呆了。。。）；最后流程很慢，收到打款半个月左右
深空灰色,WLAN版 256G,1,垃圾商家根本不是妙控键盘套装键盘还不给退货换货太@了买之前一定要看清楚这个本来就脆弱包装也很差垃圾垃圾买过就是后悔
深空灰色,WLAN版 256G,1,京东服务太差了，东西买回来第一次充电就充不进，客服让我换线或重启，新买的机子让我换什么线？之后几乎每次充电都要重启，直到今天完全充不进电，而且一个月降价五六百，告诉我没有任何办法，只能返厂修，这辈子都不要在京东买东西了，烂货
深空灰色,WLAN版 256G,1,收到东西后，无法开机，插上充电器也没反应，报退货后，被告知商品不接受无理由退货，如检测无问题退还，需寄回检测，东西寄回后检测确实无法开机，又被告知还要7到15个工作日翻返厂检测，排除人为损坏原因，我连键盘包装都没拆。抛开被质疑人为损坏之外，我现在都不能重新下单购买，同时我还定了笔，退也不是，不退也不是，我就不知道中间的检测环节解决什么问题，客服表示就是沟通告知，其他不知道。效率极差，体验极差。
深空灰色,WLAN版 256G,1,商品不错，孩子很喜欢。12月24号凌晨下单，下午5点显示就距离100米了，晚上6点下班了还没派送，看轨迹是在旁边大厦，打电话过去，快递员说在收件，没办法，赶过去在快递车边上等了20分钟才见到人。问他这一车的件你没派送不怕延误吗，收件收一个小时？也没理我。1月1号降价，7天多掏了700块钱。还不能价保，差评给京东！另外，国家多次强调中国人不要过洋节，不要过洋节，这次长了记性了，买什么圣诞礼物，元旦礼物不香吗？
深空灰色,WLAN版 256G,1,商品到了后，磕了一下，拆箱之前给苹果京东自营客服拍照反馈，说打开没问题后我留下，里面磕了后你给我换，答应了，结果里面磕了，没开机退回去，结果换了很多天，到了现在我的键盘还没有给我返回来，现在只能联系京东的机器人客服，我都不知道怎么联系。我说键盘没有到，只是一句为您核实，没了下文。太糟心了。上次的评价给了差评还发不出去，说审核不通过。我现在都不敢上图，害怕再不通过。4月23号下单，到现在还没有给解决。
深空灰色,WLAN版 256G,1,以前没用过苹果的产品，想着买个平板吧，觉得ipad是目前最好的平板，就买了，做工，流畅度，软件都很好，关机拿着出门，再开机开机密码死活不对了，已停用，变砖，手边也没有电脑，真是非常失望，才买了有一个星期就来这出&hellip;&hellip;要不是激活了不能退&hellip;&hellip;
深空灰色,WLAN版 256G,1,用的手机和平板电脑都是苹果的，换了几茬了，从没出现问题。以前用的都是在三里屯苹果专卖店买的。这次是因为专卖店一直断货而且苹果官网预订也要九月以后才陆续发货货，没办法才在京东上买的。收到货一直忙没用。昨天开机试一下，反映慢，我家可是联通5G、千兆光纤用户。最要命的是关不了机。按多长时间也不出现关机提示。难道我买的是返修货？
深空灰色,WLAN版 256G,1,先说物流，1号就应该到的 等了两天崔了才给我送，忙我可以理解，但是真的***，苹果都这样恶心，还说官方原封，呵呵，打开就全是指纹加灰尘，还有部分划痕，我咨询跟我说开机就不算，我说没激活能7天无理由吗，拆封就不算，可以啊牛逼！
深空灰色,WLAN版 256G,1,"京东我真的无语了... 我的ipadpro的pencil键盘套装拿去换新，结果送回来只有ipadpro, 我的apple pencil和键盘都没还给我，然后客服也不理我 提交申请也都没反应？？我真的无语子了 
再说说质量问题，第一次到手的pro两天就有一堆毛病，换回来的这个电量掉的明显比第一台快...累了... 花这么多钱买了个寂寞 东西还送不全.. 无语真的无语"
深空灰色,WLAN版 256G,1,"外观材质：收到屏幕就开裂了，不给换新，我要是壳被磕碰了我都不找你！都快裂到显示屏了和我说这属于外观问题！换一块显示屏多少钱？客服都是只会说对不起的机器人！我也想说对不起，我不应该找你们售后！！！你店大你说了算
其他特色：几千京豆也才几十块钱，也好意思拿出来说让我继续使用六七千的iPad, 你们自己留着慢慢花吧！
以后买东西绝不京东，特别是贵重物品，多花点钱去授权店和官网买能避开一大堆破事"
深空灰色,WLAN版 256G,1,看相还行 运行的话也没什么 续航也可以 就是玩游戏的时候不支持多点操控 会误触 乱操作 这么好的配置不能玩操作游戏 这不是糟蹋了吗 娱乐娱乐的嘛 我后悔了 ??? 体验感觉极差！
深空灰色,WLAN版 256G,1,快递包装真的很垃圾！过了一段时间还是忍不住要来吐槽！快递送来的时候盒子都湿了都烂了，当然这不怪谁，毕竟下雨天嘛，但是里面不能给我包上防震袋吗，一个小小的气泡袋子，但是没有充气&hellip;是什么意思！是要赠送我塑料袋吗！外包装盒的都被挤压了，很不爽！
深空灰色,WLAN版 256G,1,千万不要买，掉电超级快，售后也不行，莪要换货一直没换成，他们说要拿回去检测3-7天，如果有问题返厂检测3-7天，然后看有没有问题再换，季度就是不确定能换还要把莪购买的拿回去不知道干嘛，导致莪我一直犹豫换不换，再加上最近忙就没时间处理这件事，现在也过了时间了，新东西看了一个1小时电影掉电25%。气死人。一直都在京东买手机iPad，这次最失望。
深空灰色,WLAN版 256G,1,人家苹果官网买的有坏点激活了15天内都能退，就你京东不给退，那我为什么还要在京东买？谁知道你们是不是故意拿了一批坏点的货来卖？谁规定的不能退？反正我是和你们杠上了，不退直接起诉你们
深空灰色,WLAN版 256G,1,"外观材质：很好
屏幕效果：材质好，清晰度很差
运行速度：很好
轻薄程度：比较好，手感好
其他特色：屏幕大，看视频爽（但清晰度不如手机的清晰）
第一次用ios系统，感觉买后悔了！
第一个拿到开机后安卓手机数据传送不上ipad pro！第二个要设置一大堆没用的id密码！下载很多安卓原有APP，ios系统受限！
第三个充电线插不了充电宝，没电就难受了！
第四个不能通话，face time 通话没几个朋友用！
第五个用爱奇艺看屏幕，虽屏幕大，但清晰度很低！
综合娱乐性能很低，玩游戏屏大不好拿！
建议不要买！8千多买笔记本电脑不香吗？还是坚持的，我6千5转售给你！刚买几天95新！"
深空灰色,WLAN版 256G,1,6月的活动，个个平台的价格差不多，但我着急用，所以选择了派送速度快的京东，经常迟迟不发货，投诉了才肯发，京东处理问题又是一脑筋的，补偿我50块京豆，我要来干嘛，我都不想在京东买东西了，这是我网购最垃圾以及处理问题最差的体验。说回平板，额长得苹果11的摄像头差得有点远，像素不太好，想着算了吧很少用平板拍照。但是有时候横屏竖屏反应不过来，有时又反应太好，而且我发现我经常用的几个APP时不时卡顿是怎么回事还没用到一个月，确认不是网络问题。这不是我第一次怀疑京东自营的产品质量问题了。总得来说使用感和购物感都很差
深空灰色,WLAN版 256G,1,这是我在京东购物这么多年给出的第一个差评：我冲着新款键盘买了2020款iPad Pro，得到的确实一款2018款的键盘。不给退，甚至不给加钱换。我想我不会是唯一一个&ldquo;犯错&rdquo;的消费者，也不会是最后一个。封面里的图片，就是新款键盘，带触控板的，然后你的商品购买套装里有键盘+笔，你说我错了，我确实错了，我错在不知道你们这么多种键盘分别给命名成什么型号的了，我应该花几个小时做做作业，相惜学习了解你们的产品知识，现在的消费者真是很难当。
深空灰色,WLAN版 256G,1,"这款机子跟typec转3.5mm转接线兼容性不太好，而且有延迟。
按关机之后会自动重启。在关机状态下充电，会直接开机。真的好奇葩！刚过一个月就发现这么的问题，哎！真差的一次体验！"
深空灰色,WLAN版 256G,1,郑重劝告，买苹果产品还是到实体店，或是官网订购。作为京东的一个近10年老客户，我现在对京东越来越感到失望了。发给我的产品居然是一个退货，清洁都没做好，外包装也没换，就匆匆忙忙发给我了。包装盒后面的标签被撕了一半，居然都还敢当成新货来发给我，何等的敷衍我们。ipadpro的边框上，还有别人安装皮套留下的胶点。屏幕上也有别人使用过的指纹，我检查完后确定这是一个2手机，就准备退货。但因事临时出门后，孩子迫不及待的开机激活了。这就必须要有设备质量问题才能够退换了。找了售后，也没什么意义，你已经开机激活了，一切就没得谈了。唯一的就是自己花了新机的钱买了一个二手机的感觉。同时恭喜京东又蒙了一个老客户。从此以后，买苹果的东西，我再也不会在京东买了。
深空灰色,WLAN版 256G,1,外观材质：第一个ipad收到有磕坏，让快递员拿走，询问客服什么时候可以补发，客服说：拒收就是退货了。？？？？？？？？？？？。联系京东客服，什么问题都解决不了，跟我唠了40分钟，一直在那叹气，让我重新拍。让他给我换个客服也不换，跟他说重新拍没有耳机，没有笔拍不了，也不行，就让我重新拍。后来换了个客服，人家直接联系物流给我送回来，让我点确认收货之后申请换货。换货就换货吧，居然还要检测，3-15个工作日。一个外观我奇怪你们检测啥，怕被外星人植入芯片吗？？？？？？第二个发来更厉害，镜头里有毛毛，我问怎么办，他说下午让物流来拿，我说物流就在呢，也不行，就必须下午三点才行。我一天什么都不用干了，就为你们京东退换货服务好了。最后实体店买的！
深空灰色,WLAN版 256G,1,差评差评差评，到货拆开包装后ipad完全没电开不了机，充电后使用中电池电量降到22%时自动关机，需充电才能开机，买了个只能使用78%的ipad pro，然后退换货要20多天，第一次遇到这种事情，心情是真的很不爽
深空灰色,WLAN版 256G,1,京东软件Apple 产品京东自营旗舰店购买一台ipad Pro 11英寸256G Wlan 版   购买下单时间2020.11.5   收到货时间2020.11.6号晚    收到产品后，发现ipad 有问题:1.产品外包装塑封膜已经被拆    2.产品保修卡有被撕开的痕迹  3.产品未使用前已经被激活时间11.1号  4.产品没有保护膜  5.产品包装盒明显有黑色的手摸的痕迹  6.产品背面有明显的手指痕迹    经过仔细核查后，第一时间给京东Apple 自营店铺联系反馈问题并申请要求退货或换货    京东店铺售后，一直不给处理，说自己的产品没有质量问题，不可以退货！这个事情已经处理好十几天了，一直都没有给出合理的解决方案，还说给500元优惠券，是不是太可笑了，难道现在的京东店铺都变成这样了嘛？京东店铺售后服务态度很差，一直已官方的口吻回复客户的问题，一直叫我们等，等到最后都是失望，你们解决问题了吗？我认为出现类似的问题不止我一个人，其他大众消费群体也出现此类问题。从各个方面可以看出，京东明显是在维护商家，把我们这些消费者放在最底层，这样我们消费者该怎样去维护自己的权利，我很无助！
深空灰色,WLAN版 256G,1,"提前半个月通知定金100,11.1日可以当800（没有说减多少，也没有说基于什么价格优惠）并且没有公布价格只说以11.1日当天价格100当800，且缴费不退。
11.1公布的价格如图，直接购买价格和购物车里交过定金的尾款价格一样并没有100当800
第一次给客服电话，他说这一定搞错了，应该是11.1日当天成交价为准，等内部核实。24小时回电，推翻自己原来的说法，说100当800是基于&ldquo;划线价格&rdquo;
10月份活动说的是11.1日当天100当800，从来没说基于什么价格。&ldquo;11.1日当天价格&rdquo;正常人是否都是认为当天成交价？如果基于划线价为何你活动时候说11.1日当天价格？划线价就是苹果公布价格一直都一样。这不就是欺诈消费者么？？
客服给出的方案1.把原来的定金尾款付清然后等着做7天无理由退款；2.如果需要购买也可以在单独下一单；3.损失定金。这个就是我要存万元到你账户放14天，并且又帮你刷了双十一订单，让你们随后宣传双十一的成交率么？
之后投诉客户要求他们升级处理给个答复，接下来连续两天给我打电话的都是同一个客服，并没有升级处理，每次重复48小时再回电。。两个来回之后就没有下文了。。。
京东真是越来越差了，双十一，618，所有购物街都是涨价之后再打折，打完折比平时还贵。"
深空灰色,WLAN版 256G,1,"第一次评价就是差评  我也是服气  刚买了到货体验了3天各方面都挺好 然后 第3天还是第4天晚上 我发现充电头异常的烫就去问客服 然后客服也不说正不正常就一个劲说觉得有问题就啥啥检测 也是弄的我挺无语 然后过了一天我再去充电就发现充不了电 充电头一点温度没有 再次告诉客服 然后客服让我把全部东西返回检测    
当时想了想充电器问题为啥平板也要一起 结果还是听从了客服的意见全部返检  然后过了几天寄回来了 屏幕就一条小裂纹  我刚买的都没捂热乎的就成了损坏了   
 之后挺气愤的又报了售后 感觉没人重视 
然后重点来了 反馈问题之后 几天没个结果就算了今天接到电话居然说要让我自己承担还说他们各种核实所有部门正常操作  说补偿我多少多少京豆  我**的差你那点金豆？？？"
深空灰色,WLAN版 256G,1,"京东官网毫无信用可言，当天公布价格，预定定金购买和直接购买价格一样，虚假宣传，涉嫌**，关键有专员给我打电话说这次属于京东的一次重大事故，官方正在给出一个统一处理方案，一定会让我们付定金的用户满意，骗我先把东西买了，付款之后，这个专员可能就殉职了（一直联系不到），一开始我打京东电话说商品交易成功统一给处理方案，我本来想拒收的。结果又骗我收货了，收完货再打电话就改变说辞了，说没有处理方案，这次交易没有问题（直接耍赖，后期商品又把价格调上去了）。再打投诉电话就说这件事还没有处理完，之前的专员一直在跟进，24小时内会给我回复，结果从一号到今天为止，我打了十六次电话，到现在都没有回，昨天我还问了客服我说你们不给我处理方案，我过了七天会不会不能退，也是给我说的好听，结果又是把我拖过七天无理由退货又不管了。这次对京东的处理态度真的是不光是失望，已经绝望了，处理问题就是靠拖，靠骗，简直丢不要一点脸面。
ps：1.承诺的预付定金优惠就是个谎言，我特地让我朋友一号当天买了一个和我一样的机器，一分钱不差，购买记录都有证据
2.除了一号第一次打客服电话询问没有录音，后面的十五次通话都有全程录音（包括专员的）"
深空灰色,WLAN版 256G,1,这颗星给京东物流的，对于京东的售后，只有一个字&ldquo;差&rdquo;来形容。买到的新机显示屏有质量问题（显示屏上部贴着边有一条很长的阴影带），退到售后检测，硬是说不属于质量问题，最后给出&ldquo;没问题&rdquo;的检测单，原机返回。屏幕问题都已经拍了照片，并且圈了出来，都已经提交上去，无论是售后还是客服，都说看不出来，如果不是眼睛有问题，那是不是心&ldquo;黑&rdquo;了？最后却是苹果实体店填补了这个窟窿。实体店工作人员一眼就能看出了屏幕问题，实体店倒是帮忙解决了。反过来看京东的客服和专员还有售后检测，你们怎么就看不出来呢？多半是心&ldquo;黑&rdquo;了，想让消费者接受这种问题机。这种售后服务很差，客服、专员、售后检测联合起来，硬是要让消费者接受&ldquo;问题机&rdquo;，造成消费者难以维权。客户想要维权，就得付出巨大的时间成本和精力，还不一定能成功。这些恐怕早就形成一套流程了吧！有多少人吃了哑巴亏？
深空灰色,WLAN版 256G,1,"耗电非常非常快，售后等同于没有，完全不给处理。
刚拿到iPad，一点点电都没有，充电半个小时才开机，发现耗电非常快，就及时的联系了售后，当时也退回去了，但是原封不动退回来，说机器性能没问题！可是它耗电非常非常快，我测试过，看视频只能两个小时左右，画画就只能撑一个小时，售后就像机器人一样，我完全没有办法，花好几千买了个闹心。现在那个电量都快成了困住我的枷锁了，看到哗哗往下掉的数字，心里就堵得慌，说好的售后呢，都是**。店大欺客，牌子大也欺客，真的后悔。"
深空灰色,WLAN版 256G,1,#，真的垃圾，滚吧
深空灰色,WLAN版 256G,1,真的#到我了，刚买两天就搞活动便宜了两百多
深空灰色,WLAN版 256G,1,#？怎么感觉不像新的，打开居然有脏东西
深空灰色,WLAN版 256G,1,15号才买的，618的时候故意把库存调下来说没货了退不了差价，真是无语了，自营店居然还有这样的作风
深空灰色,WLAN版 256G,1,真的是#。。。
深空灰色,WLAN版 256G,1,最让人#的一次购物体验，优惠套装比单买还要贵，利用&ldquo;优惠套装&rdquo;几个字眼，店大欺客&hellip;&hellip;
深空灰色,WLAN版 256G,1,太差了，极差，极差刚买一周就降价了而且不找差价，千万不要在京东买，后悔到怀疑人生，还是~旗舰店靠谱，最起码有保障
深空灰色,WLAN版 256G,1,让人失望，侧边按键松动。告诉我设备没问题，#儿
深空灰色,WLAN版 256G,1,"机器拿回来现场打开使用，发现有亮点，但是过了7天，只通申请售后，可是一周了还没任何消息，还在检测中，这就是你们的态度。
苹果本来就是有一批货会出现亮点，说是可以直接换货，到你们这里就要等这么久。这是你们对你们忠实用户的回报？？"
深空灰色,WLAN版 256G,1,第二次在京东买电子产品以后再也不会在京东买东西了三指复制黏贴不能用，客服跟我说检测报告没问题??不退不换真#服气霸王条款#死我了建议大家去官网买ipad屏幕效果：三指复制黏贴不能用
深空灰色,WLAN版 256G,1,东西还没使用，但是快递是真的#到我了，到站点不配送，让自己过来取，不来取就不保证什么时候送到，大过年的非逼着让人问候配送小哥家人，没遇到过这么差的购物体验
深空灰色,WLAN版 256G,1,客服态度极差，没付款时说找不到订单无法修改地址，付款后又说已经付款无法修改，真让人无语，客服说话语气很#，一副爱买不买的样子。快递都破了个大洞，而且里面的盒子都变形了，到了也不配送，打了好几个电话最后还是自己去仓库拿的，有个小哥不让拿很神气，态度也不好，这次购物真想骂人。评价为什么没有负?，真是。。。。。。
深空灰色,WLAN版 256G,1,东西还可以，差评给客服，不带脑子，不解决问题，推诿拖拉，说处理也不处理，拖到后来就不了了之什么破玩意，#
深空灰色,WLAN版 256G,1,质量非常的差，刚买两天商家大幅度降价，商家不讲信誉，卖出去什么也不管了，客服态度相当差，客服一句话说到底就像机器人，就没见过这么#的商家！！
深空灰色,WLAN版 256G,1,官网果然是坑教育优惠便宜一百过了一个星期降价了四百回来想补个差价它说我的是有赠品的不能给补码得送的都是些辣#西良心何在第一次觉得官网辣鸡以后都不会在这买东西了
深空灰色,WLAN版 256G,1,使用一个月，iPad卡死在~界面，不能返回主页面，不能打开其他页面，不能退出不能重启，联系客服没人回复，垃圾
深空灰色,WLAN版 256G,1,此次京东购物体验非常糟糕，买了ipadpro键盘套装，也怪我没仔细看，配套了个一代的键盘，到家打开一看，发线不对，立即和客服沟通希望可以加钱换成秒控，客服截图表示打开既不行，怎么沟通都无果。说实话，确实在购买时过错没仔细看，但只是撕开了包装也不至于无法七天退换吧&hellip;&hellip;真是#的感觉&hellip;&hellip;&hellip;大家仅以为戒吧
深空灰色,WLAN版 256G,1,#，垃圾推荐，垃圾客服，垃圾体验每年在京东消费几万块，基本没投诉过。3.1下单，3.3看物流信息显示出库中，3.6看信息是揽件中。客服除了说抱歉，没别的话。取消京东所有已下订单
深空灰色,WLAN版 256G,1,外观材质：如图屏幕效果：如图运行速度：如图其他特色：非常垃圾的一次购物体验，跟吃了苍蝇一样#。参加10.28日的预售活动，页面写将原价划掉，预付100抵扣800（理论上是按照活动价来减），等到11.1日凌晨付尾款时，活动价直接降了700，但是预付款抵扣是按照原价而不是活动价来算的，整体就是和直接购买一个价！深深感觉受到了欺骗，联系店铺售后，很冷漠的机器人回答没有办法，就是这么规定！联系京东售后，开始了漫长的维权之路，一开始说他们确实改了活动，让我表示理解，后面就开始很强硬地客服骚扰了，投诉到12315也没用，网购十多年第一次遇到流氓商家。给京东鼓掌?真让人#?
深空灰色,WLAN版 256G,1,呵呵，垃圾，没有想象中那么好用，第一次买苹果的东西，太失望了，感觉跟国产的差距越来越小，而且降价贼快，才买了没多久就降了一千，呵呵。
深空灰色,WLAN版 256G,1,不知道这个盒子经历了什么，我仿佛收了个破烂。打开包装盒角也榻了，标签也是歪的，产品边角也有几处脏兮兮的。完全没有购物的喜悦和满足，膈应了好几天。不差钱去官网，差钱就~吧，真的在哪都能翻车。轻薄程度：追求超薄，没壳完全没法用外观材质：太薄了防手滑，所有屏幕手感生硬，边角硌手，完全没有以前舒适和经验屏幕效果：屏幕显示退化没以前好看是什么情况，所谓的高端并没有一代比一代更好运行速度：跟2017年的pro差不多其他特色：声音也没以前通透，这是个什么破烂新产品
深空灰色,WLAN版 256G,1,外观材质：外观很薄很好看，显得挺高级的屏幕效果：屏幕有漏光黑色背景下显示为蓝斑运行速度：很快，毕竟A12Z快得很，跑分无敌轻薄程度：很薄，拿在手上很舒服，但怕弯了但是好景不长，就在我刷~的时候，忽然发现屏幕有蓝斑，黄豆大小，我以为是视频自带或者贴膜的原因，万万没想到，结果是屏幕漏光，给我心疼的呀，赶紧就是换货。这一换到好，11月22号寄回去，不到3天就到收货部了，结果整整检测了7天，我就不明白了，这么明显的问题要看这么久吗？后来我才了解到是因为我没接到专员的电话，无法给我及时换新，但是我问别的工作人员他说必须得等到我的专员来了后才能给我换新，最后在12天的艰难换货旅程后收到了新的iPadPro不知道该开心还是该难过，我也不图什么赔偿，真的感觉有点对京东的失望，就这样吧，我花了多少钱贴的钢化膜也白贴了，亏就亏吧。
深空灰色,WLAN版 256G,1,屏幕内凹，京东可拽了，要客户亲自去线下苹果店检测出具报关有问题了才能售后，苹果方觉得有质量问题直接准备给我换新，京东不同意只能京东换新，上传报告后说质量没有问题，不给我换，只能给我一百补贴，我不同意，现在直接关闭售后服务，不给我售后了！京东，您真棒?大公司就是牛?就是厉害，真的枉费#的初心了，咱们12315见
深空灰色,WLAN版 256G,1,2020年5月6日买的苹果iPadPro11寸，质量严重不过关，大大差评，一星都不想给。第一，收货7天内使用时发现网络不畅，申请退换货，被售后拒绝。另外，电池显示上次充电时间为2020年4月21日是个什么鬼？而我5月6日花了7499元买的。售后回答说是出厂检测时充电。难道21日还没有出厂？购买前15天还在检测是个什么鬼？第二，7月1日钉钉直播考试过程中，只有声音没有画面。直接导致我们孩子考试分数严重受影响。当天同时发现~功能缺失，点击屏幕没有反应。这才多久啊？严重怀疑这是二手货甚至N手货。如果4月21日还在检测，说明机器不是原装。那为什么不支持退换货？官方旗舰店还能出现这样的问题，让我彻底失望和无语。苹果质量真是让人大跌眼镜。如果不能妥善解决，我会投诉到底！
深空灰色,WLAN版 256G,1,第一个ipad收到有磕坏，让快递员拿走，询问客服什么时候可以补发，客服说：拒收就是退货了。？？？？？？？？？？？。联系京东客服，什么问题都解决不了，跟我唠了40分钟，一直在那叹气，让我重新拍。让他给我换个客服也不换，跟他说重新拍没有耳机，没有笔拍不了，也不行，就让我重新拍。后来换了个客服，人家直接联系物流给我送回来，让我点确认收货之后申请换货。换货就换货吧，居然还要检测，3-15个工作日。一个外观我奇怪你们检测啥，怕被外星人植入芯片吗？？？？？？第二个发来更厉害，镜头里有毛毛，我问怎么办，他说下午让物流来拿，我说物流就在呢，也不行，就必须下午三点才行。我一天什么都不用干了，就为你们京东退换货服务好了。最后实体店买的！
深空灰色,WLAN版 256G,1,很重，拿在手上不方便生怕掉了，没送蓝牙耳机，全面屏却是普通平板的操作手势，用的贼难受。无指纹解锁与红外人像解锁，解锁麻烦，电池数据不给出，正常刷视频知乎只能用四小时。最#离谱的是充电线，两头都是type-c接口，家里的typec插上没反应，找不到配适器，只能用原配插头充电，不能用充电宝边用边冲。双面夹没有放笔的地方，只能吸在外面，我掉了你赔？像素还是那么拉胯，买平板还是买air系列吧，真没必要买Pro，有钱随意，使用体验真的糟糕，没质量问题也不能退货，这钱都够买个顶配笔记本电脑了。
