深空灰色,WLAN版 128G,1,不到一个月笔就不能用了
深空灰色,WLAN版 128G,1,这就是他们的售后，买的慎重吧
深空灰色,WLAN版 128G,1,包装不好，磕坏了
深空灰色,WLAN版 128G,1,弯的，还是弯的，都换了一次了
深空灰色,WLAN版 128G,1,已售后，麻烦尽快办理完退换货。
深空灰色,WLAN版 128G,1,外观材质：有块黑点，后面全是灰
深空灰色,WLAN版 128G,1,刚买就降价600。价保周期7天，望周知。
深空灰色,WLAN版 128G,1,希望想购买的可以多参考几天，因为没几天就降价了！而且有赠品
深空灰色,WLAN版 128G,1,拿回来下载软件，半天下载不出来，都设置了都不行，没有想象的那么好用。
深空灰色,WLAN版 128G,1,刚买的这什么情况
深空灰色,WLAN版 128G,1,买完就降价，也没有价格保护，双十一之前就不能买东西！！！
深空灰色,WLAN版 128G,1,所有的实体键都是晃悠的。
深空灰色,WLAN版 128G,1,运行速度：慢  卡住了
深空灰色,WLAN版 128G,1,"刚买半个月就降价
服了"
深空灰色,WLAN版 128G,1,刚买不到2周就降600，各位想买的多考虑下~
深空灰色,WLAN版 128G,1,包装简陋，降价还快，太不值
深空灰色,WLAN版 128G,1,收货刚好7天，就降价600，不补差，**
深空灰色,WLAN版 128G,1,外观材质：新机子买来刚拆开就有灰尘有刮痕
深空灰色,WLAN版 128G,1,刚收到的平板，摄像机右侧有划痕掉漆
深空灰色,WLAN版 128G,1,产品差，服务差，后悔买你们的烂东西
深空灰色,WLAN版 128G,1,辣鸡
深空灰色,WLAN版 128G,1,为啥不是教育优惠，亏了一个ipadair
深空灰色,WLAN版 128G,1,刚买就降价 没有保价
深空灰色,WLAN版 128G,1,包装破了
深空灰色,WLAN版 128G,1,玩游戏 会经常断触
深空灰色,WLAN版 128G,1,"屏幕效果：按压有异感
其他特色：电池耗电飞快"
深空灰色,WLAN版 128G,1,京东快递都是这么送货的吗？
深空灰色,WLAN版 128G,1,漏电
深空灰色,WLAN版 128G,1,还没激活，准备激活就是个坏的
深空灰色,WLAN版 128G,1,我就纳闷了为什么新平板屏幕上会有划痕！？？
深空灰色,WLAN版 128G,1,还没一个月打游戏的时候直接关机重启
深空灰色,WLAN版 128G,1,突然关机 质量还是有问题，客服不理睬
深空灰色,WLAN版 128G,1,多次换货，屏幕都出现坏点，而且机器还有擦拭的的印渍
深空灰色,WLAN版 128G,1,所有宣传都是保价双十一，结果11月1号下单买的到双十一差价270元，保价保到十一月10号，呵呵
深空灰色,WLAN版 128G,1,刚买完就降价了，结果选择价保，还说有赠品不能价保，这是什么鬼。
深空灰色,WLAN版 128G,1,不舒服的购物！外包装没有手撕膜，不是防伪包装！怀疑退换货和翻新机！早知道去官网买了！
深空灰色,WLAN版 128G,1,再多降点
深空灰色,WLAN版 128G,1,刚买来就闪屏
深空灰色,WLAN版 128G,1,没啥用，这是最大的缺点，没发现和以前的版本有啥区别呢？
深空灰色,WLAN版 128G,1,京东服务越来越差了
深空灰色,WLAN版 128G,1,摄像头有损坏
深空灰色,WLAN版 128G,1,才买没半个月，出现软件闪退，打不开，也下不了软件了
深空灰色,WLAN版 128G,1,才买就降价优惠还有赠品，求阴影面积？
深空灰色,WLAN版 128G,1,客服一直不理我，刚刚拿到，就发现一个瑕疵，心态爆炸????
深空灰色,WLAN版 128G,1,昨天买的，今天就搞活动，送500券。。。。
深空灰色,WLAN版 128G,1,玩游戏经常断触。买不到一个月就这样了。后悔买了
深空灰色,WLAN版 128G,1,原来一直信赖的京东物流现在都融入地方特色了，这次估计是用骆驼送的货。快递连个填充物都省了
深空灰色,WLAN版 128G,1,流啤嗷，刚买俩天降了600，然后还不能保价，赠品，赠了个?？
深空灰色,WLAN版 128G,1,东西没啥问题，就是刚买几天就降价了600还没有任何补偿措施，有点烦
深空灰色,WLAN版 128G,1,刚买没几天，不能充电了。申请售后换货寄过去一周了一点动静都没有。
深空灰色,WLAN版 128G,1,相素有些模糊
深空灰色,WLAN版 128G,1,屏幕效果：屏幕刚用就有黑线了，现在正在退换中，唉，老果粉了，谁知道这次是这样，正好赶上这次急着用平板。
深空灰色,WLAN版 128G,1,平板收到了，发现屏幕有坏点。醉了，官网会发残次品，收到货一定要立马仔细检查！
深空灰色,WLAN版 128G,1,刚买了就降价，千万不要买，卡机，死机通通都来了
深空灰色,WLAN版 128G,1,断触断触断触mini5也是这样散热什么都有了还是断触 我认了
深空灰色,WLAN版 128G,1,一个月不到，屏幕划了没反应了，醉了，真的是醉了。
深空灰色,WLAN版 128G,1,一收到数据线就是坏的，售后是真的牛皮。自己买颗新的。
深空灰色,WLAN版 128G,1,一颗星给京东。送的耳机说是自己给我退回去了哈哈哈哈哈哈
深空灰色,WLAN版 128G,1,刚买完就赶上双十一活动降价600，美滋滋的准备申请价格保护。结果被客服告知购买的是套餐版，不能够申请，商家满满的套路。
深空灰色,WLAN版 128G,1,**
深空灰色,WLAN版 128G,1,外包装破损  里面盒子弄成这样了，几千块钱的东西就不能好好包装下吗？
深空灰色,WLAN版 128G,1,东西不错这次元旦比我双十一还便宜 给个差评就是不爽。 比我双十一还便宜300 就离谱
深空灰色,WLAN版 128G,1,"屏幕效果：那个翻新机什么意思？
运行速度：ipar还带卡的
其他特色：你们自己想办法解决吧"
深空灰色,WLAN版 128G,1,平板有bug，打开设置 辅助功能 声音识别会闪退，我申请了一次换货，新平板依然有这个问题
深空灰色,WLAN版 128G,1,东西是好东西，但是在淘宝上用**买不仅没手续费还便宜，我**京东上多花700多块钱冤枉钱，我吐了
深空灰色,WLAN版 128G,1,我都在怀疑是不是组装机，卡到怀疑人身 都可以当暖宝宝用了，无奈了
深空灰色,WLAN版 128G,1,刚买完就降价500多，还没有价保，改了个形式降价，厉害了，看来以后买东西还得多看看。
深空灰色,WLAN版 128G,1,设备没问题，就是掉电真的快，然后七天保价简直是误导，看图说话，收货第二天差价700
深空灰色,WLAN版 128G,1,这才买了几天，天天应用闪退，玩游戏自动关机，还有那个输入法，没个十年脑溢血研究不出来。已经气炸了
深空灰色,WLAN版 128G,1,换的第三个，摄像头内依然有白点，就这样吧，我是实在折腾不起了
深空灰色,WLAN版 128G,1,"性能没得说，但是外观没仔细看就激活了，结果客服不给退了，有点难受?
外观材质：可以
屏幕效果：舒服
运行速度：快
轻薄程度：中等"
深空灰色,WLAN版 128G,1,十号刚买，现在就降了两百多，挺好的，给个差评吧，另外我不知道是不是机子的原因用了之后发热。
深空灰色,WLAN版 128G,1,***，刚过十五天，第十六天突然死机了，朋友们都别在京东买东西了坑比玩意，不要贪小便宜，老老实实去官网买，服务好多了。
深空灰色,WLAN版 128G,1,满心欢喜抢到了，到手开机还没进去了，就黑屏再也开不开了。
深空灰色,WLAN版 128G,1,昨天刚收到了新换机，玩王者又死机两次，不知道为什么？今天一定要录到死机视频。
深空灰色,WLAN版 128G,1,打王者老是卡声音  重新进一下好一点  一把都得进四五次？  问题是打王者自动关机     其他都还好   就是打王者百分之70的电自动关机想摔了
深空灰色,WLAN版 128G,1,玩王者正在团战中突然关机，和上面那几个用户一样的毛病，玩吃鸡会触碰唤醒siri，让我哭笑不得，这个设计师真是天才中酸菜
深空灰色,WLAN版 128G,1,真服了，5.1号买的6229，6.1号直接5699，这苹果水跳的真好，比安卓厉害多了，以后再也不会买跳水王了
深空灰色,WLAN版 128G,1,运行俩天  重启俩次  （我在打巅峰赛的时候）  逗我呢吧？  外观还凑合  挺有手感的
深空灰色,WLAN版 128G,1,买来第二天，开不了机了，好不容易打通客服电话，让重启，试了两遍才开机了，还说不是硬件的事，是软件有问题，能重启就没事，我都怀疑是不是新机子，如果这几天再发生这种事，我要求退货
深空灰色,WLAN版 128G,1,"屏幕效果：屏幕按压会有一点凹陷，可能屏幕是软屏吗，不知道能不能折叠，显示效果很棒，就是有一粒白色灰尘在屏幕里，买来不知道为什么会有一道小划痕，都无伤大雅，就算了
运行速度：这个有一说一，确实有点小无敌，音质非常感人，感觉可以媲美耳机，非常的饱满
轻薄程度：很轻薄吧，拿在手里，有点重量，但不会累
外观材质：外观有一个点掉漆，别的都很完美
其他特色：音量键特别松，摇晃还会发出响声，觉得有问题，第一时间打电话给客服，客服说可以换货，物品到了售后，承认这个问题，但是说因为大批量生产，会出现这种情况，所以不给换，就比较难受，但我也可以接受，其二，就比较郁闷，买的宝贝，在手里还没捂热，就去了售后待了一个星期，不给换就想着让售后快点退给我，客服就一直跟我扯皮，哪怕过了3天退给我了，但我还是非常的生气，毕竟一切都是跟着客服流程走，最终损失了一个星期的时间"
深空灰色,WLAN版 128G,1,***就是***慎入
深空灰色,WLAN版 128G,1,垃圾品牌 连耳机都没有
深空灰色,WLAN版 128G,1,差评，收到货已经被激活了
深空灰色,WLAN版 128G,1,垃圾谁买谁后悔
深空灰色,WLAN版 128G,1,垃圾东西 到死都激活不了
深空灰色,WLAN版 128G,1,售后是我目前为止见过最差的！真的拉机！有问题爱理不理，这也是我头一次在京东差评！谁买谁知道！有钱人当我没说！请你们一定要在这里买！独乐不如众乐？
深空灰色,WLAN版 128G,1,不保值降价太厉害，辣鸡
深空灰色,WLAN版 128G,1,差评，售后服务差评
深空灰色,WLAN版 128G,1,"**，刚买就降价，太垃圾了！
其他特色：垃圾"
深空灰色,WLAN版 128G,1,千万别买，bug众多，退货退不了，点开imessage必死机，appstore下载取消密码按钮非常不灵敏
深空灰色,WLAN版 128G,1,确定是真的嘛 无敌巨慢 卡住不动
深空灰色,WLAN版 128G,1,此次给京东客服差评。
深空灰色,WLAN版 128G,1,"这就是如今的苹果品质！见图
屏幕效果：垃圾！！！"
深空灰色,WLAN版 128G,1,新买的，已激活。发现有瑕疵！无语。。。
深空灰色,WLAN版 128G,1,价格浮动太大，差评。
深空灰色,WLAN版 128G,1,简直太气人了，到手一个月都没有，降价600，简直就是耍人，一说就是保价7天，有意思吗？店大欺客啊
深空灰色,WLAN版 128G,1,妈呀！刚买完几天就降价了，还不能申请价格保护，京东怎么这么坑啊！
深空灰色,WLAN版 128G,1,非常差 大家不要买  好评都是假的  谁买谁倒霉
深空灰色,WLAN版 128G,1,原价刚买完不到半个月，直接降价600元，而且就在保价结束后，商品降价的，实在是让人无语，直接差评
深空灰色,WLAN版 128G,1,物流太慢 去来后没仔细看拿去贴膜才发现屏幕坑坑洼洼 客服说不管解决 无语的购物体验
深空灰色,WLAN版 128G,1,降了七百块钱 我还以为已经降了 体验极差 强烈的对比 送货物流 服务我很相信京东但是这个价格我真的很难受
深空灰色,WLAN版 128G,1,"购物最差的一次，相差8天，少600元，
售后一问已签收为准，
是不是不知道西藏乡下，啥情况"
深空灰色,WLAN版 128G,1,简直太不可思议拉。刚过了价保几天，立马降价500，这么多年了第一次对京东有点失望，
深空灰色,WLAN版 128G,1,我13号买时6299元，昨天买时5499元，四天相差800元，让我太失望了。
深空灰色,WLAN版 128G,1,玩王者卡的不行，根本看不到人的步伐就是送人头了，气死人了
深空灰色,WLAN版 128G,1,套路满满的，买了发现有赠品不能保价！赠品还是个垃圾！?商家
深空灰色,WLAN版 128G,1,换货换回的商品，拆开包装一看发现。屏幕上有个小缺口！严重怀疑换了个二手的。
深空灰色,WLAN版 128G,1,真心不咋的，这一分是给快递员的，一年在京东消费7万，这次是糟糕的购物，以后也不会在买了，已申请退款，之后卸载！
深空灰色,WLAN版 128G,1,一买来，第一次充电，用充电器就充不进去电，体验感极差～垃圾～
深空灰色,WLAN版 128G,1,垃圾服务！跟我说30天无忧体验没跟我说只能申请一次如果取消就不能用了！垃圾
深空灰色,WLAN版 128G,1,垃圾玩意儿，购买的时候明明写的发票会在确实收货后三到四天寄给我！结果问客服还的去申请！真**会玩
深空灰色,WLAN版 128G,1,东西挺好的，就是刚买就降价，双十二前几天搞秒杀，亏了两百多，还说有赠品无法价保，无语?，双十一当天不搞活动，双十二搞很OK?，心情极差给个差评吧
深空灰色,WLAN版 128G,1,比官网贵，而且官网教育优惠还有送airpods耳机，这**的京东送的什么鸡儿辣鸡耳机，我真的是吐了，坑死
深空灰色,WLAN版 128G,1,差评，出了问题客服完全没有想着去解决，一直在说让我去找京东的客服，我找了好几次没用还是这样说，没有解决问题的态度为什么要有客服呢？
深空灰色,WLAN版 128G,1,收到货当天发现屏幕损坏。申请换货，结果说是人为损坏，不给换货。什么7天退货，15天换货都是**，人为损坏你们说了算。奉劝大家不要再京东买任何东西，避免上当受骗，我严重怀疑京东卖假货，早日倒闭别再坑害消费者了。这**让人感到恶心。祝**早日倒闭。
深空灰色,WLAN版 128G,1,遇到点问题想咨询一下，结果碰上这种客服，真**服了，苹果口碑下降有你一份功劳
深空灰色,WLAN版 128G,1,建议不要在京东购买，服务态度极差，刚买就降价700，来回踢皮球不解决问题，
深空灰色,WLAN版 128G,1,618买的，今天就充不进电了，申请售后说是正常维修周期30天左右。这也太不方便了
深空灰色,WLAN版 128G,1,"运行速度：太慢了
屏幕效果：显示效果屏幕出绿线

轻薄程度：一般般   太容易弯了"
深空灰色,WLAN版 128G,1,刚花6200买的iPad Pro，结果刚送到，下午教育优惠版就出来了，你说巧不巧，直接就降价5699，这京东自营可真是厉害??，我见过巧的，没见过这么巧的，真**牛逼
深空灰色,WLAN版 128G,1,屏幕效果：有光点，品控差，快递取件很晚，取件后隔几天才发货，售后极其慢，到京东售后什么用都没有，**还要返厂，时间太长。
深空灰色,WLAN版 128G,1,这是一次失败的购物，屏幕上多个坏点。换货后依然存在坏点问题，已经申请退货了，处理好后在追加评论，一星送给苹果。
深空灰色,WLAN版 128G,1,长时间没发货。客户电话过来就说系统问题。道歉都没有，太过分了。白白等了半个月
深空灰色,WLAN版 128G,1,送过来屏幕右下角就有异响，双十一前买的，早买早享受，结果因为质量问题换货，硬是给我拖到双十一之后了，店家还没个说法，果断差评
深空灰色,WLAN版 128G,1,外观材质：用了还不到一个月就弯曲变形，还不给保修，要在出一个电脑的钱换一个，都是骗人的。
深空灰色,WLAN版 128G,1,屏幕效果：屏幕左下角有突起，因为着急用，还需要检测单，很麻烦，窝火的收下使用了
深空灰色,WLAN版 128G,1,简直差到了极点，降价的速度都快赶上火箭的速度了！第一次对京东这么失望，对客服主管没有同理心的处理问题失望，除了抱歉连一句我能理解你的心情都没有，还不如普通客服。真是差，我会投诉到底。
深空灰色,WLAN版 128G,1,**，我的ipad呢？东西没送，系统显示已经夜里10点送给我了，你们好敬业啊！可是我的东西呢？东西呢？东西呢？
深空灰色,WLAN版 128G,1,1号买的，现在9号，才用了几天时间，居然就充不进电了？感情我花了几千块买了一个垃圾？？？
深空灰色,WLAN版 128G,1,快递员服务差，说好了时间不来，一直在说就在楼下在找货，四十分钟也没有反应，我自己下楼找到快递车发现人根本不在，非常差的体验。
深空灰色,WLAN版 128G,1,"产品很好，客服不行，买前问点问题吭哧吭哧说不上几句回复超慢，回答敷衍。
还有双11的保价就是个噱头，我1号买的，他们跟我说跟11号优惠没什么变化，现在11号便宜了将近300不给退，看评论有的买的机器加配件的套餐也不给退，京东苹果自营，你们可真行，我再来你家买东西我就是*好吧。
还有这么贵的平板你用**装呢？你咋不直接裸机给我发过来呢？"
深空灰色,WLAN版 128G,1,东西没问题，但是这客服的态度简直没法说。调货的信息愣是说查不到。难道我连知道我所购买的产品是那个仓发出的权利都没有了么？客服一问三不知，态度极差，没有专业水准。不知道的就是不知道，也不去问不去查。京东的客服真的服气
深空灰色,WLAN版 128G,1,包装到的时候已经损坏，里面封条已经开口了，客服说可能是撞的所以当时并没有退货，屏幕漏光（但是说这是这个屏幕的通病），按键严重松动（售后检测说没有问题），快递员在我没有确认收货的情况下，找我要了验证码自己签收，并且没有告诉我，总之很差的一次购物，能在官网买就在官网购买。
深空灰色,WLAN版 128G,1,**，醉了，2号买的，保价双十一，**，双十一便宜了，又不退款，醉了，垃圾，欺骗消费者
深空灰色,WLAN版 128G,1,产品被京东快递私自签收，私自打开过。封条贴都被划开了，后用胶带二次粘的。京东现在不可靠了，失望&hellip;&hellip;购买者小心吧&hellip;&hellip;，哎，等待京东平台给妥善处理结果&hellip;&hellip;希望能弥补京东的信誉吧&hellip;&hellip;
深空灰色,WLAN版 128G,1,真的差劲，昨天拍的6229元，新人抵扣券加上优惠券拍的6079元，今天降价，我是新人，新人券抵扣130元不退保价的钱，打客服电话也不退，最垃圾的一次购物！
深空灰色,WLAN版 128G,1,屏幕效果：差到极致 买到手不到一个月开始各种失灵断触  刚开始问题还没那么多直到现在 一晚上没停过断触失灵没反应  而且打游戏还掉帧
深空灰色,WLAN版 128G,1,到手发现其中三个边弯曲，然后换货，经历一个星期（我就不懂我重庆主城区为什么这么慢）。然后换回来的机子上面有汗渍和轻微划痕，很明显也是别人换过货的。不过好在边没弯，其他暂时也没什么问题，怕再换又得一个星期。就懒得再换了，不过京东售后是真的傲慢，换货周期太长了，而且以各种理由忽悠人。
深空灰色,WLAN版 128G,1,屏幕效果：买了没用一天就屏幕就有问题，重启了线条就消失，一解锁线条又出来了真的无语
深空灰色,WLAN版 128G,1,差差评，兄弟姐妹们，真的受不了苹果那种高傲，买了十天不到就降价了五百多，问了客服，那个态度也是爱理不理，真的差差评，擦亮眼睛哈
深空灰色,WLAN版 128G,1,外观材质：在购买新平板同时购买了手写笔，手写笔使用后ipad屏幕在灯光下全是手写笔的划痕！！！！！我已经联系宿迁的12345投诉这个问题了！
深空灰色,WLAN版 128G,1,两三天屏幕就出现一条红线。玩游戏也发烫玩游戏也还有点断处这个相机的像素哎，还不如人家一两千块手机的像素好。
深空灰色,WLAN版 128G,1,千万不要买换修无忧这些版本，隐藏霸王条款！页面里根本没说这是套装，三天就降价六百，然后申请保价会说这是套装不支持保价！
深空灰色,WLAN版 128G,1,千万别买 ，史上最坑ipad 玩吃鸡5分钟 热的可以煎鸡蛋，插耳机必须得是苹果的转接头，
深空灰色,WLAN版 128G,1,屏幕中间有一条印子。不按的时候没有按的时候就有很明显。找了客服。一天都没回复，真差劲
深空灰色,WLAN版 128G,1,非常差劲！送来包装就是破损的！本人未签收显示我签收！换货一直换不回来！钱也收了东西却没拿到！客服推脱！京东售后推脱！
深空灰色,WLAN版 128G,1,这个商家很黑，大家千万不要在这购买，出现问题说拆开机不能退，态度不好，大家千万不要上当，机子问题太多
深空灰色,WLAN版 128G,1,商品很好，没啥问题，关键平台有问题，我原价6229买的，用了还不到一个星期活动降价600？？  之前没一点透露的，售后无果，只能到工商投诉了。
深空灰色,WLAN版 128G,1,东西本来没问题 个人认为屏幕有问题 京东客服让我去苏州百邦或者天音检测 去了天音 工作人员态度很差 对我的产品也很不小心 导致磕碰掉漆 事后发现苏州中心有苹果直营店 为什么客服不给我提供这一检测方式？差评！！！
深空灰色,WLAN版 128G,1,要是能打零颗星就好了，我12.25号买的，保价到1.2号，1.1号商品降价，说我1.4号申请不可以，不给保价，所谓店大欺客就是这样吧。
深空灰色,WLAN版 128G,1,过了这么多天我才来评价，因为我懒的评价，实在是受不了这个气，平板刚打开然后就有一道口子，很明显这个是别人使用过的，我和客服说客服怀疑是我自己弄的，我这个自己认了，因为我没有拍开箱视频，好歹也是自营店，就这么个玩意，谁受的了图片我也懒得发了，认了，以后jindongqunimade
深空灰色,WLAN版 128G,1,差评差评差评，说好的现货，次日达，下单后一直未出库，三番五次问客服，除了会说加急，马上，正在处理，直到后面才说正在备货，迟了两天才送到。本来打算送人的礼物，就这样被耽误了，辣鸡辣鸡。
深空灰色,WLAN版 128G,1,虽然买了一个月了，但是打游戏的时候就死机两次，都不怎么用退货是不可能了，申请维修那就很麻烦?。
深空灰色,WLAN版 128G,1,打游戏老是断处；很差劲。贴脸的时候*总是开不出来；后悔买pro了！劝大家也别买了
深空灰色,WLAN版 128G,1,垃圾***，刚拿到手拆包装就感觉不对，包装盒特别破，打开之后发现机器保护膜里面有杂物，膜上还有脏东西。
深空灰色,WLAN版 128G,1,如果是正价商品谨慎入手，建议从苹果天猫官方自营和苹果官网下单（当然有直营店的买家幸福感满满），售后有很大的差距，一旦商品出现问题真的很糟心，亲身经历，虽然平台也表示给予了象征性的补偿，但不解决实际问题，权当自我安慰。总而言之作为京东的资深会员以后还会继续使用，但此次购物体验真的太差。
深空灰色,WLAN版 128G,1,外包装就用了一个洗发水的大箱子，里面如图直接一个iPad，你们收到都是这样吗?没有任何填充物，我一看我以为花了大几千买了一箱洗发水。购物体验极其不好。
深空灰色,WLAN版 128G,1,"客服态度极差，只会复制粘贴，随意搪塞，没有职业道德。
买了不到10天就降价，价保只有7天，呵呵，计算得非常好。
苹果平板没有那么香，就是大点的Iphone。而且一打开激活就收到个什么共享相薄的广告，真的无语
就这服务以后粉转路人了，随缘吧"
深空灰色,WLAN版 128G,1,给孩子买来上网课的，评论一小时掉电20％。今天跟苹果客服联系完，让更新到13.4.1，结果42分钟，掉电25％，还发烫。真垃圾。
深空灰色,WLAN版 128G,1,建议大家不要在自营店购买，这是第三方 出了问题维权非常困难，去官网和天猫上买都是从官网直接发货，京东自营店是京东自己开的店，质量参差不齐，客服一直在扯皮太恶心了。。
深空灰色,WLAN版 128G,1,产品一过包退换的期限就出现问题，问客服，客服的回答非常官方，没有任何参考意义，现在出现的问题是无法关机，无法关闭程序，平板真的成了一块板
深空灰色,WLAN版 128G,1,"买了不到一个月，用都没有用过几次，好家伙，充不了电，开不了机，退不了，换不了，发给维修又要10天，老子真的服了，火大！！！！
这个售后真的不行，产品本身也是不行！ 来京东买真的是个错误决定！！！！"
深空灰色,WLAN版 128G,1,外观材质：京东官方售后差，原本有质量问题却无法申请售后无忧服务。客服说，外观有瑕疵不属于质量问题不予受理，呵呵。12315安排。[这条评论如果被删了，你们就摊上事了。]
深空灰色,WLAN版 128G,1,我买的是ipad pro，才使用一个月，今天死机了，真怀疑是山寨货，出现的原因是解锁解不了，时间卡在屏幕上方不能动，最后强制关机才能正常使用，我问卖家怎么回事，就给我发个链接让我申请售后鉴定，希望以后想买这款平板的朋友慎重选择一下
深空灰色,WLAN版 128G,1,收到打开，无法激活，申请换货。售后要先查验才给回复，要么自己去实体店检验。很不友好，刚拿到货无法激活！赶紧仔细检查了一下，发现右边框缝隙很大！便宜的钱不多，觉得水有点深刻，体验差极了！
深空灰色,WLAN版 128G,1,好烦啊，根本开不了机！！！插上充电也没有充电图标反应，买了块砖，网上一搜真不少这问题，这品控这么差的吗，什么按音量键电源键强制重启，新机器这样不糟心？开了机不担心电池？太烦了，来回邮寄麻烦死了，浪费时间！大半夜光倒腾这个了
深空灰色,WLAN版 128G,1,外观材质：6月2号收到货，今天贴膜发现一个角有磕碰，正面屏幕还有一道划痕....问题我已经开机，客服说开机就不能换了...真是够无语的.....
深空灰色,WLAN版 128G,1,自己拿到了以后，推荐朋友买，写的是23号可以到，结果因为那个赠品耳机无货，说要等到耳机有货了再一起发。本来相对于苹果官方的教育优惠送的耳机，这个耳机就是鸡肋还，因为这个要多等1到7天？还说不能分开发货，客服也不知道变通，说急用就买相似的商品替代，或者去实体店。这就是服务？？？商品倒是不错。完全是因为京东那个赠品给的差评。
深空灰色,WLAN版 128G,1,"1.苹果品控确实不如从前，侧边磁吸明显凹陷，硌手
2.京东售后服务确实耍流氓，肉眼可见却需返场检测，耽误使用没有任何赔偿。电话里我跟客服讲是谁遇到谁认倒霉吗，客服讲是的。"
深空灰色,WLAN版 128G,1,"屏幕效果：刚拆开包装开机就发现屏幕有光点。
我已经在京东买ipad买三次了，每一次新机送来屏幕都会有明显的亮点，非要我申请换新的，请问你们是故意的吗？
而且，购买新机，第二天就能送到，但是申请换货要7-15天，绝了简直，我反正不怕麻烦，只要有屏幕有光点我就换货，有一次换一次，我不急着用。
网购就能不把控质量忽悠人？来嘛谁怕谁。"
深空灰色,WLAN版 128G,1,"外观材质：还行
屏幕效果：一般
质量太差才第几天闪光灯就不亮了也没有摔过重启什么的都没用，技术支持说可能是硬件问题，质量实在太差了"
深空灰色,WLAN版 128G,1,外观材质：买来平板弯曲 说是自己造成的 不让退换 苹果实体店说如果是在他们那里购买就可以无条件给退换 但京东就是不让退换 真的是醉了 以后再也不在网上购买电子产品了 劝大家还是去实体店购买比较好
深空灰色,WLAN版 128G,1,京东越来越让人失望了，包装非常差，一个大盒子里面ipad和笔在里面晃晃悠悠，没有任何包裹，购买时页面明明写有赠品，结果咨询客服又说我买的这款没有，问了问题也解答不上，要我去官网找客服，价钱都一样大家还是去官网买吧，我很少给差评的，今天太失望了
深空灰色,WLAN版 128G,1,"这就是***么？？？20号拿到的平板里面莫名其妙地多出一份5号就下载好的文件。比我拿到平板早了足足15天，然后说是技术问题去问苹果客服？？？？？？？？ 怎么？是京东的技术不过关，没有把平板彻底格式化后清理干净么？是京东的技术不过关所以把二手平板当新的卖却被客户发现了么？还是京东的技术不过关，没有把客户当傻子忽悠成功么？
这就是明州东哥做的京东么？？技术确实不过关。
而且包装就一个被挤变形了的盒子，连这边的京东的快递员都觉得不可思议的破烂包装，恶心。
用京东这么多年，第一次给这样的差评，实在是恶心人！！！"
深空灰色,WLAN版 128G,1,出场弯，结果申请换货告诉我弯曲要我掏钱修，建议大家拿到的时候都好好看清楚，不要像我看了一侧是直的，没看另一侧就激活了，不过在仔细也没用，你拆封了人家就不给你换，服了，我你拆封我咋知道有没有问题，我活该花5800买个弯的呗，建议大家还是官网买吧，慢点就慢点，起码不像京东这么狗
深空灰色,WLAN版 128G,1,其他特色：是轻薄，拿过手不到一天机身就弯曲变形，真真的质量问题，还不给售后保修，霸王条款，欺 诈 ！！
深空灰色,WLAN版 128G,1,已退，二手货，质量非常差，到手就有问题，退回去之后检测的确是平板硬件问题，和Apple pencil直接连接不上。在京东上买过最差的产品，最差的体验，建议大家苹果产品最好去店里和官网买才能花同等的钱得到更好的体验。必须要说的是，整个购买和售后过程体验非常糟糕?！
深空灰色,WLAN版 128G,1,16号下单，17号下午三点半左右签收，本来是很相信京东自营店，拿回来拆封激活查序列号都没问题就去上网课了。晚上拿起来刷剧，放桌上看到一边缝明显很大，询问客服，结果说什么是我自己用力过大还是怎么怎么样？，虽然是不影响使用，客服说套个壳看不出来，可是谁想买有问题的呢？。首次自营店翻车！！！，不匿
深空灰色,WLAN版 128G,1,"在京东买东西这么多年，第一次遇到这么坑的事情。拿到手就发现屏幕失灵的情况，以为是系统问题就进行了升级，第二天发现还是有问题，于是申请了换货。
货品寄回去，售后电话就告知我边框有磕伤，我就纳闷了，总共我拿到手不满两天，本来就为了防止出现磕伤，同时购买了键盘套，现在拿回去告诉我有磕伤，无非是两种可能性，一个是取回途中被磕伤了，一个就是当时发给我的就不是新品，反正是足够让人生气了"
深空灰色,WLAN版 128G,1,**。被以旧换新忽悠了，估价是600，补贴300，价测价格是2元。我的iPad air一直在使用，AppleID也能正常使用，在回收前也恢复设置以后寄出。没有沟通直接定价2元，不是**是什么？
深空灰色,WLAN版 128G,1,东西是好、就是看快手、抖音都不能全屏、看着好难受、看直播能全屏、我也是醉了。看爱奇艺也不能全屏、都有大黑边、哎。**的看个*啊
深空灰色,WLAN版 128G,1,十分十分十分糟糕的购物体验。第一次开机就发现屏幕下方时不时出现一条黑线，十分明显的硬件问题。打电话询问也被告知退换需要整整一到两周时间。由于是间歇性问题，我还被告知&ldquo;如果无法检测出问题，商品将会被原路返回&rdquo;。我都买到手的商品，难道就因为京东/苹果的问题，我需要两周之后才能真正开始使用？而且还不能保证修好？太荒谬了。
深空灰色,WLAN版 128G,1,2020-12-15号买的iPad买回来不到两天时间，用了不超过12小时，没有摔没有压，屏幕上面就出现一道绿线，寄回京东处理1-2天有结果，第三天了还是没有结果，一直在等，京东处理是真的慢，花几千块买的ipad买回来没有玩上两天就有问题，尤其是售后服务要多慢有多慢，一去问售后就是等，除了等还是等，
深空灰色,WLAN版 128G,1,买的pencil套装版，才用3天，pencil就连接不上，寄回处理，售后告知pencil是赠品，平板检测没问题，pencil不处理。**，我按套装版买的，出钱买的，忒不负责任。经协商，售后让重新提交pencil维修，提交后一直陷入补充材料死循环。**&hellip;垃圾&hellip;
深空灰色,WLAN版 128G,1,不要在京东买。屏幕有问题。退回去检测说没问题。然后退回来。我拿到手。开不了机。开了15秒。然后在申请退货京东告诉我已经过了7天退货了。霸王条款。我拿到手2天就出问题了。是你们自己物流和检测浪费的时间要消费者承担。然后我申请服务单到现在2天了 。还没有审核通过。客服踢皮球。我在京东消费了10万了。已经工商局投诉了。奉劝大家不要在京东买。回去检测还把我盒子搞那么脏。
深空灰色,WLAN版 128G,1,才用几个小时，屏幕就不能自动旋转了，怎么转都不动，没有锁，锁屏后再解锁都不行，有时又自己在哪里转，明明放着没动!我的第一台ipad就这么垃圾，直接不想要了!
深空灰色,WLAN版 128G,1,做为京东plus会员，本次服务体验超差，到目前为止，一周了还没有解决问题。一开始买了iPad套装，快递员未派送，客户没签收的情况下，快递员自行进行了签收，打电话询问，说是有指标，就自行签收了。第二天没收到货的情况下，一早进行退货，联系快递员，他跟我说直接在订单上申请，东西就不派送了，我以为事情就到此结束了，款项就能直接全额退款，结果我发现退款金额出现了差额，询问京东plus客服，说是apple music问题。请问，我本来就开通了apple music，因为购买了iPad套装，你们送了个赠品服务，根本没使用，合理吗？京东plus客服一直敷衍，说在处理中，核对中。我把我所有的相关记录，付款记录，退款记录，包括我在天猫买的air pods记录都给京东plus客服，一直说会核对，会进行处理，反复跟踪询问结果，一周了，还没有处理好，依旧没退差额，昨天打电话再次询问京东plus客服，说是送的一个赠品核桃什么学习服务问题，这个送的赠品，免费的，金额为0，本人根本未使用，退iPad商品的时候，这个赠送的服务还不能跟着订单退货，请问，京东是要坑客户的吗？赠品服务不一起处理，直接扣客户钱，可合理？
深空灰色,WLAN版 128G,1,**太坑人了，这款平板10月24日已经卖五一七九了，当时觉得等双十一可能会更便宜，没下单，10月28号过来，发现在搞定金膨胀，100抵700，但是总价却显示待发布，不知道他们葫芦里卖的什么药，又等了两天，到10月30日还是显示待发布，我考虑既然交定金，价格理应比前面的售价便宜，因为到1号就结束了，怕错过机会，就下单了，结果，到1号却发现，还需要支付五五二九才能买到，否则100就没了！各位看看，你们以后还敢支付定金吗？不给总价就让支付定金简直就是耍流氓！另外，我另一款使用定金膨胀购买的商品因为质量问题要退货，定金居然不退！还有比这更流氓的吗?
深空灰色,WLAN版 128G,1,说好的退换无忧 和客服再三确认 如果有问题直接退可以 包括激活 我五点多激活的 晚上到家十一点多只是在和平精英的训练场设置了一下键位就烫手了 烫手了 烫手了 关掉温度降下来后进虎牙直播看了十几分钟直播 发热了 发热了 发热了 买来就是吃鸡用的 结果还是烫手 xs Max 烫手是因为双层散热不好 新iPad也一个球样 找客服 客服说激活不能退 说了几遍我有退换无忧 结果还在那套话术 申请售后 居然说返厂检查 有问题给退 没问题给返回来 我说我有免费试用 退换无忧 之前确认过可以退 说是什么保险 要给他们打电话 我就京东买个iPad怎么和保险扯到一起了 还什么要第31天才可以申请 鬼知道你们还有什么幺蛾子 看着京东这次这么多政策 我以为改邪归正了 真的疫情期间做什么惠民政策 原来玩起了文字游戏  **就是** 无*不* 啥也别说 工商见
深空灰色,WLAN版 128G,1,真#辣鸡。刚买半个月就黑屏死机
深空灰色,WLAN版 128G,1,买完降价不要紧，一是不能保价，二是连降两次，真##
深空灰色,WLAN版 128G,1,没有教育优惠送airpods，小一千没了?，京东卸载了，还是用~吧
深空灰色,WLAN版 128G,1,大家千万不要在京东平台上购买第三方卖家的东西，售后极其麻烦，退换货审核期限三天打底，大家购买前一定要慎重！
深空灰色,WLAN版 128G,1,真的坑，买了十几天，就降了四百。也没有什么提示说有价格保护，看了评价才知道很多人被坑，比~差多了，~都会补差价。
深空灰色,WLAN版 128G,1,下单之后显示是第二天送货，等了一天，都没有配货。跟客服纠缠了一天，一直到第二天晚上8点半，专员介入后才配货。第三天才送货。购物体验实在是太差。京东主打的准时送货，就这个？
深空灰色,WLAN版 128G,1,其他特色：刚买几天就降价说的7天什么有价保但是我没收到消息今天才第8天。就不行了。辣#西。辣鸡客服。跟机器人一样。气死了?
深空灰色,WLAN版 128G,1,唉！京东真的#，总是变着法的降价，而且是刚买之后，大家要小心啊！电脑是没问题的。。
深空灰色,WLAN版 128G,1,不是全新机器！收到的是被别人退货过的！透明膜是后封的！显示屏有一个灰尘颗粒！#以后再也不会买。
深空灰色,WLAN版 128G,1,差评给京东客服吧，最近好几单，京东客服都没处理好，不专业，不敬业，全是套路话，服务质量的下降必然导致客户流失，希望引起重视吧，也勿怪隔~的市值超过京东了插上官方充电线无法正常充电
深空灰色,WLAN版 128G,1,pad整体非常好，用起来很舒服，可以给满星，但是#的京东我给-4星，刚买立降600不能申请价保？？？希望能给后买的同学避个坑！~还支持七天无理由退款呢！
深空灰色,WLAN版 128G,1,垃圾！卖商品补差价还要扣赠品的钱！当消费者是傻子么？赠品是无偿赠予！不是绑定销售！腾讯是京东的爸爸，在我们这啥也不是，不要把腾讯视频以赠送名义，绑定销售给我们！
深空灰色,WLAN版 128G,1,翻新pad，这个更可怕，太厉害了，打开图库，还有上一任主人的自拍照，~聊天记录截图，转账记录截图，视频。。。我人都看傻了。。。你倒是清空数据库啊，起码让我不知道这个是翻新的，我真是炸毛，发过来旧的，还这么打脸的。。。和笔一起买的，买的套装，笔是翻新的，pad也是，过来还是包装的好好的，我还是plus会员加钻石会员，我大京东#。。。完旧的，翻新当新的卖，然后你去卖二手的，京东再买回去，真是一套完整的的产业链。
深空灰色,WLAN版 128G,1,京东太烂了，太差劲了。销售图片严重误导消费者，发货的实物与销售图片严重不符，还以&ldquo;已拆封&rdquo;为由不予退换货。我不是无理由退换货，我是有理由的！是京东严重误导在先，我从8号要求退换货开始到12号，整整5天，你们一直不给予解决！11月7日从你平台购买苹果ipadpro套餐产品，含pro+pencil+键盘3个产品。购买该套餐是因看中了销售图片中的键盘故放弃购买air而选择了pro的这款套餐产品。11月8日收货后先拆封了最在意的键盘，拿出实物才发现与销售图片不是同一款产品，因而未继续拆封另两款产品并马上跟京东联系，告知对方实物跟图片不符，不是我想买的键盘，要求换货或退货，但京东苹果店售后以产品已拆封为由拒绝退换货。后马上跟京东售后联系，对方答应协调解决。从8日开始直到11日先后沟通多次，京东最后以赔偿100元京豆为解决方案依然拒绝换货或退货。在此产品的销售页面中，无论是价格旁边的销售图片还是商品介绍中的图片均为&quot;妙控键盘&rdquo;，而发货的实物为普通键盘（价格相差1000元）。该产品套餐的销售中京东平台存在严重误导，售后又不给予解决，侵害了消费者权益！我要求京东给我全部退货。祝京东距~越来越远，祝京东尽快被~赶超，祝京东被消费者抛弃！
深空灰色,WLAN版 128G,1,麦克风不管用，~，QQ，录不上语音，玩吃鸡队友听不到消息，给苹果官方打电话，根据在线客服的提示操作，检测是底部麦克风有问题，品控真的差，预约抢购，给我发了个有问题的机子，好烦
深空灰色,WLAN版 128G,1,同时在京东上买了iphone12和ipad，ipad目前暂时安全，iphone12在关后台关刷新关5g的情况下，每晚待机掉电50，打苹果400客服建议退货，七天内找京东客服退换货，要求自行上传检测报告证明经京东审核通过后才予以退换货。京东客服服务奇差无比，买了快七千的手机刚五天居然给我讲返厂和保修，只会像个机器人一样敷衍你不解决实质问题，我凭什么相信你们的检测机制？我使用有问题你们如果检测不出来是不是你们检测有问题？返厂的过程中调包或者磕碰这个后果我买单吗？你如果能解决我掉电离谱的问题我可以不退不换，~那个闲时间去跟你们折腾周旋？花钱不但消费了个寂寞还买了个难受，从此京东一生黑，再不在京东买任何东西。有购物意向的买家建议绕道避雷，没问题则已有问题就自己买单吃哑巴亏，还是直接官网多等几天起码买个安心，坑消费者的黑店估计也走不远！
深空灰色,WLAN版 128G,1,收到后，当天使用手电筒闪光灯不亮，点了几次都不亮，办理退货，京东售后反馈说根据他们正规的检查，平板没问题，不能退，交涉过程中一直强调平板没问题，是你使用的问题，#，苹果客服都承认的问题到这里变成了我使用的问题，说网上这么多闪光灯不灵的，和他们没关系。态度恶劣。多年在京东买东西，从今以后卸载了，京东已经不是原来的京东了。我已投诉到12315和北京工商局，如果问题还不能解决，我准备起诉了，咽不下这口气！奉劝大家买的话要慎重，要不要在这买，慎重考虑吧。
深空灰色,WLAN版 128G,1,"在京东购物十多年了，这次就是要给一星差评。主要是因为你们的官僚作风！经过如下:
    1.申请增值税专用发票资格，多个日期多次提交不能通过，耗时好几个个月，投诉后通过。
    2.下单前自营商品不能开专票，咨询客服，告诉我可以先开个人，再转成专用。下单，购买。
    3.结果个人发票迟迟不给开具，3个工作日后，投诉，开具了。
    4.个人发票界面又不能转专用发票，再次投诉，可以转了。
    5.客服给我打电话，完全不知道情况，不看之前的聊天记录，一顿问，结果解决不了，让等着。
    6.客服在后台电脑端给我转了专票，抬头是个人，税号是公司！
    7.再次致电客服，还是要向上反应，不能转接上级，让等着！
    8.后台修改完毕。
    9.好不容易来个专员，态度生硬，意思是，我都给你改好了，你还有什么好说的！？京东就这样了。"
