银色,WLAN版 128G,3,买前生产力，买后爱奇艺
银色,WLAN版 128G,3,包装简陋 其他还行
银色,WLAN版 128G,3,全网在涨价 这里买还得靠北京优惠券。。
银色,WLAN版 128G,3,PAD的质保期与我激活的时间不一致
银色,WLAN版 128G,3,我的已经弯了 你的呢
银色,WLAN版 128G,3,"外观材质：有点瑕疵，失望
屏幕效果：还行
轻薄程度：挺轻的"
银色,WLAN版 128G,3,刚拿上就这样，l**d
银色,WLAN版 128G,3,对于第一次使用apple产品的人来说，很**。**安装个app要死一样。
银色,WLAN版 128G,3,触屏体验没有想像中好，与实体店有差距，其他方面还不错
银色,WLAN版 128G,3,想换成12.9寸的，11寸的跟air没多大区别。推荐买12.9的。
银色,WLAN版 128G,3,"外观材质：整体造型完美
屏幕效果：屏幕有坏点
其他特色：包装真是的辣鸡。镜头确实不怎么样。"
银色,WLAN版 128G,3,买了几天就降价，差价也补不了
银色,WLAN版 128G,2,刚收到货，视频清晰度不高
银色,WLAN版 128G,2,有磕痕，京东给了补偿，但是已激活没法退了
银色,WLAN版 128G,3,电池续航差点意思
银色,WLAN版 128G,3,第一次买的有明显划痕，换货之后还算可以
银色,WLAN版 128G,3,买回来1个月 充不进去电了。返场检修了
银色,WLAN版 128G,2,第一收到外观有磕碰而且开不了机，换货了暂时没发现问题
银色,WLAN版 128G,2,包装盒有点不满意，其他还行吧，暂时没发现什么问题。
银色,WLAN版 128G,3,激活后才发现屏幕有划痕，建议到货后一定要看清楚，倒霉
银色,WLAN版 128G,3,为什么 看直播 屏幕画质不好、有点模糊、 不知道啥情况
银色,WLAN版 128G,2,昨天刚拆开盒子，无法开机，以为没有电，插上充电器，仍然没有反应。目前已经申请售后，等待售后回复！
银色,WLAN版 128G,2,质量不行，买来3天自动重启2次，玩王者普A经常出不来，而且麦也卡，听不清
银色,WLAN版 128G,2,第一次在京东买的iPad5代，用了三年续航还不错，这次在京东上以旧换新了iPadPro2020（11英寸），当时没第一时间拆开看，现在感觉很后悔也很失望。
银色,WLAN版 128G,2,开箱就是弯，换了一次开箱还是弯的，而且就用个拼凑的箱子寄过来，里面ipad盒子都有挤坏了，已经退掉了，是真的心累，折腾了10多天也没用上，微笑
银色,WLAN版 128G,2,"外观材质：手感不错就是有点重，加上保护套累手
运行速度：很流畅
老pro是白边框现在很边框是真难受，所有软件用起来都怪怪的，感觉一圈屏幕坏了"
银色,WLAN版 128G,3,感觉有点弯呢，不影响使用，留着用吧，用了9折最多减400的券，实际到手价5229，其实不如省点钱买低配点的，简单应用所谓的最强芯片体会不到有多好
银色,WLAN版 128G,2,我是凌晨下的单，晚上快10点才送到，这和白天12点前下单还有区别么？外包装各种破损，盒子都压外了，很难取出来
银色,WLAN版 128G,2,"经常死机，不知道怎么回事！买了两周就跌价600，真心觉得坑！不知道京东的苹果产品报价期限为什么只有一周
运行速度：经常卡死"
银色,WLAN版 128G,3,"屏幕效果：显示非常棒
轻薄程度：很薄，比我手机薄
但是买回来是弯的，还不给退"
银色,WLAN版 128G,3,一直是苹果的忠实粉丝，商品本身和包装都挺好，一个快递包装毁三观，这是网络购物以来见过最差包装，既然在京东见识了，好歹也是花了几千大洋买的东西，里面没有任何填充物，包装像垃圾一样的也好意思送到来，幸好产品没事，运输过程中产品经过怎样的折腾可想而知，直接影响买家对店家和平台的购物体验，以后电子产品再也不在京东买了
银色,WLAN版 128G,3,摄像头是真的**，电池耗电快，屏幕效果也很一般，暂时还没有出现弯曲变形情况。
银色,WLAN版 128G,2,差评差评差评！！买的airdrops套装，7198，没过两天，单买iPadpro只要5000多，亏了很多钱，而且不能申请保价，太难过了。以后绝对不会买套装。
银色,WLAN版 128G,2,总体不满意，用软件，直播直接卡死，换了HD版，活动页面又直接卡死，客服说是系统与软件不兼容，功能上有的功能也不支持，比如键盘九键。还有双十一刚买一周，马上又降价两百，价保只有一周时间过了不退差价，真是失望的一次购物！
银色,WLAN版 128G,2,一直等银色的iPadpro2020款，实体店也没有货，京东也没有，官方网站也要15天内发货，最后还是再京东等到了货。收到后就发现后面有些瑕疵，就很难过。放在一边没有用，等到晚上又看了看，发现机身有些弯，上网查说是都弯，即使换货也避免不了还会是弯的，而且又没货了，真的令人头大。
银色,WLAN版 128G,3,5800买的128g银色，这个边框缝隙挺大的，而且不知道为啥特别费电，满电打游戏120高刷和平精英最低画质90帧三个多小时就自动关机就算了，平时就刷个网页看个视频（不开弹幕的那种），电也滑滑的掉，我之前用的2018Pro同样也是高刷就没这么夸张。觉得对比Pro掉电也快的童鞋麻烦点个赞评论下
