11英寸128G深空灰色,,5,机子都是正品    没有任何瑕疵    用起来很舒服    特别好用   买到不吃亏   良心话   可以入手    快递也快  当天晚上买  第二天下午就到了
11英寸128G深空灰色,,5,信任京东，物流速度，当天买，隔天早上到，pad也是很完美，运行速度非常快，操作很流畅，赞
11英寸128G深空灰色,,5,物流送货很快！ipad pro 比较薄，运行速度很快！128G内存对不玩大型游戏，不下载大型连续，日常学习，看看新闻足够使用了！
11英寸128G深空灰色,,5,"外观材质：外观材质很不错，非常有只好

屏幕效果：屏幕没的说，苹果666

运行速度：运行很顺畅

轻薄程度：轻薄方便很是喜欢

其他特色：摄像后非常帅气，整体很喜欢，b格很好，非常喜欢。"
11英寸128G深空灰色,,5,"很爱哦
外观材质：完美
屏幕效果：我贴了纸类膜视频可能明亮度不高 但是原屏幕效果很棒
轻薄程度：薄！"
11英寸128G深空灰色,,5,"外观材质：外观非常漂亮，屏幕显示效果很好！
运行速度：运行流畅毫不卡顿。
现在还只是用来读读书看看剧，总之是很不错的平板。"
11英寸128G深空灰色,,5,拿到IPad Pro 的时候还是非常惊喜，质量非常好，而且系统用起来更快，现在买性价比也非常高，配置足够平时便用，而且有更多扩展的功能，很喜欢。
11英寸128G深空灰色,,5,外观时尚漂亮，很轻薄，屏幕显示效果不错。触控很灵敏，操作体验很棒。
11英寸128G深空灰色,,5,哈哈，拿到了手了，真不错，买的11英寸的，大小刚刚好，很轻薄，携带方便，画面感很棒，内存也够用了，新平板看着就好看，心情都好很多！
11英寸128G深空灰色,,5,"外观材质：简约且充满了设计感
屏幕效果：120hz刷新率很灵敏
运行速度：说实话比我xsmax速度快
轻薄程度：比我想象中的轻多了 太喜欢了哈哈哈"
11英寸128G深空灰色,,5,质量非常好，为了画画娱乐玩游戏买的。非常的nice! 发货速度特别快包装也很好，玩游戏特别流畅，用了几天很满意。非常不戳。
11英寸128G深空灰色,,5,物流很快！隔天就到了！活动价也很给力！pro真的很薄，一定要买壳！深空灰真的很高级！非常喜欢！买它！激活下来没问题！相信京东！
11英寸128G深空灰色,,5,一分钱一分货，比iPad Air好很多，Face ID很好用，配合Apple Pencil用起来很爽。贴了类纸膜，适合做笔记看书。
11英寸128G深空灰色,,5,"外观材质：外观漂亮，大气， 手感好。
屏幕效果：顺畅好看 漂亮，大气。
运行速度：运行速度快，
轻薄程度：是我想要的 和描述一样，轻薄好看。美丽大方。
其他特色：服务态度好，值得信赖。"
11英寸128G深空灰色,,5,"领券下单，非常棒
外观材质：外观很大气，漂亮，屏幕大
屏幕效果：屏幕看着很舒服，给孩子上课用的，很方便
运行速度：256的内存，飞一般的运行速度
轻薄程度：轻薄的很，放包里不觉得沉"
11英寸128G深空灰色,,5,北京调货，三天到，虽然是快出新款了，但是这个价位也很满意了，外包装完美，全新，a12z快到飞起，电子产品京东做的还是没毛病的
11英寸128G深空灰色,,5,质量非常好，为了吃鸡买的，非常nice！发货速度还特别快，包装也很仔细严实，运送速度也很快，很满意的一次购物，而且非常不错哦，挺满意的??
11英寸128G深空灰色,,5,快递很快，质量棒极了，建议购买挺好的，和想象中一样，随意搭都很好看，满意！正品，买的放心，价钱也公道，满意！很好，物流很快，东西很给力，性价比很高！
11英寸128G深空灰色,,5,朋友看我领了券买了一台，她也说要给孩子换平板，就让我帮她拍一个，拿到手很开心，省了几百块，说内存大，携带方便，有了平板，家里电脑都闲置很久了！
11英寸128G深空灰色,,5,"外观材质：材质挺不错的。
屏幕效果：效果非常不错?
运行速度：速度快的一批
轻薄程度：真的特别亲薄 太爽了
其他特色：价格实惠 性价比高 真的很不错?棒棒哒?"
11英寸128G深空灰色,,5,当天买，第二天到，不得不说京东物流真的爆赞!是全新未拆封的机器，激活后一切正常，推荐购买。?质量很好，买的很合我心意?，棒棒哒！?需要的亲们可以放心购买
11英寸128G深空灰色,,5,京东的物流真是没的说，很快就拿到了，都是原厂未拆封，迫不及待的激活，画面清晰，运行速度非常快，推荐大家购买，苹果的产品从来没让我失望！
11英寸128G深空灰色,,5,现在的平板真是越来越强大，也越来越轻薄，携带方便，使用更方便。拿到手都是原厂拆封的，激活了就可以畅快的使用，推荐大家购买！
11英寸128G深空灰色,,5,收到之后非常的喜悦，pro还是pro，一直都是那个定位，确实感受和其他的不同，再配上一支笔，我觉的五年之 内不会需要更换，完美！
11英寸128G深空灰色,,5,"新ipad不要太好用哦～
纠结了很久要不要换，刚好有活动，就换了，太划算了??"
11英寸128G深空灰色,,5,早上发货下午就到了，快递非常给力，拿到手开了箱，真的是爱不释手啊，质量非常好，耗电也合理，正常用十个小时应该没问题，待机一晚上百分之2，色彩感强，运行快，我姐给我买的生日礼物，太爱了！五星好评！！
11英寸128G深空灰色,,5,帅气，很不错的iPad Pro，性能很好，可以用来玩王者荣耀，一点也不卡顿，比起以前的iPad air2好多啦，真的很不错，我很喜欢。五五九九的价格也很不错，不过后来不就就又便宜了一百。估计下个月还要便宜几百。。。
11英寸128G深空灰色,,5,ipad很好，反应速度很快，京东快递很快第二天就到了，棒棒哒
11英寸128G深空灰色,,5,很清晰，画质特别好，很清薄，京东快递一如既往地给力，快递小哥服务特别好，陪着我验的货，百分百好评
11英寸128G深空灰色,,5,迫不及待地拿到我的板 外观高端大气上档次 运行速度极快 太棒了??
11英寸128G深空灰色,,5,高刷屏看起来很舒服，四扬声器看爱奇艺也比air爽多了，目前pro的性价比明显比air高
11英寸128G深空灰色,,5,iPad很好，屏幕很惊艳。很喜欢。
11英寸128G深空灰色,,5,"外观材质：很看好，喜欢
屏幕效果：显示很清晰，看电视很爽
运行速度：玩大型游戏，一点也不卡，总之很喜欢，还在摸索阶段，看看能不能做些其他的事，不要浪费了这么好的平板"
11英寸128G深空灰色,,5,11寸比7.9寸果然大很多，很好
11英寸128G深空灰色,,5,5449入手的（plus会员有满1200减50的券）很优惠很优惠，特别的喜欢，配合上笔。简直完美，不过个人不建议买键盘壳或者妙控，与笔冲突，带皮套就好了。
11英寸128G深空灰色,,5,"外观材质：很板正  手感很好
屏幕效果：屏幕一级棒不愧是苹果最好的屏幕
运行速度：地面最强芯片 你觉得呢 顺滑毫无卡顿。。
轻薄程度：很薄 很厚实
其他特色：摄像头赞 高刷太棒了"
11英寸128G深空灰色,,5,用了几天了，很nice！选了好几天了，到手狂喜，本来我的需求买个iPad就行，但是pro没有Home键看起来就莫名美观高级了些，嘎嘎，反正这几天用起来很快乐，看电子书做笔记都很方便嘎嘎嘎
11英寸128G深空灰色,,5,很喜欢，没有瑕疵，已经验过了是国行正品，第一次买iPad，这个价格很值
11英寸128G深空灰色,,5,11寸的iPad拿到手后意外的觉得好小啊，后悔自己当时没咬咬牙上12寸的，不过和我之前的new iPad 比，简直是没份量啊，厚度是真薄，到手后检查了一下外观，平整度，都很完美。
11英寸128G深空灰色,,5,买来给老婆用，晚上我自己玩玩吃鸡，真滴美啊，大屏幕真是酸爽，舒服 流畅的一批哦
11英寸128G深空灰色,,5,"外观材质：外观非常平滑，光滑有质感
屏幕效果：非常清晰，大屏看斗罗都非常的nice，看剧真是爽的一发不可收拾
运行速度：和我以前的mini4比真的是相差万里啊，这个真是舒服流畅度非常good
轻薄程度：比12薄点，重量还不错，和mini比这个就是一个手拿不下，看剧还是非常棒的。"
11英寸128G深空灰色,,5,速度快，颜色艳丽，非常喜欢?物流快递也相当给力，快递师傅给一万个好评！
11英寸128G深空灰色,,5,是正品，全新正品。快递也很快，包装没什么破洞。很不错。
11英寸128G深空灰色,,5,好评，原装正品，京东北京调货下单隔天送到，包装完整，激活后屏幕完美，儿子游戏淘汰了家里iPad6，儿子说iPad11pro吃鸡画面完美，支持京东商城。
11英寸128G深空灰色,,5,"很稳。上午买，下午到
5699买到ipad pro11寸还是很给力的
纠结了很久air4还是pro11
最后还是选择有高刷的"
11英寸128G深空灰色,,5,自己仔细检查过没有任何问题，非常好用，物流很快，好评！
11英寸128G深空灰色,,5,产品很不错，是全新未激活的正品，用起来也很流畅，屏幕看起来很棒，用起来也很舒适。
11英寸128G深空灰色,,5,屏幕很惊艳，系统速度很快，配合二代pencil笔画画很方便，作为媳妇的生日礼物，她很喜欢。
11英寸128G深空灰色,,5,官方正品，2021年2月份生产的，等不了2021款的啦，真香！快递也很快，用起来还是要看自己，我是看爱奇艺和生产力都用起来了！希望以后都在这家买苹果产品
11英寸128G深空灰色,,5,非常漂亮 很喜欢 运行速度也很快
11英寸128G深空灰色,,5,啦咯啦卡卡啊来?宝贝质量很好，收到货第一时间打开看了，很不错?，很满意?，客服也有问必答，感谢?
11英寸128G深空灰色,,5,"外观材质：?，手感好的不得了
屏幕效果：非常好
运行速度：快的不行
轻薄程度：薄的不要
其他特色：还买，还得在京东买"
11英寸128G深空灰色,,5,颜色超级好看 官网查了序列号 没有问题。
11英寸128G深空灰色,,5,运行流畅，不错，很薄，相机也很好。
11英寸128G深空灰色,,5,很漂亮，很丝滑，很好用，很喜欢
11英寸128G深空灰色,,5,"运行速度：速度很快。
屏幕效果：屏幕细腻，色彩好。
外观材质：质感很好，手感好。"
11英寸128G深空灰色,,5,还不错吧，送货很快，想买的可以入手，可以的
11英寸128G深空灰色,,5,外观设计很好看，屏幕分辨率高，值得推荐。
11英寸128G深空灰色,,5,可以，大胆冲。稳**。外观非常好看。优惠也特别奈斯
11英寸128G深空灰色,,5,非常好是正品哦太喜欢了当作自己的生日礼物了
11英寸128G深空灰色,,5,是苹果原装 因为是学习用途，想想没必要等21新版，20款入手满足了几乎所有学习需求，体验很好
11英寸128G深空灰色,,5,恐龙发货快，包装严实，商品质量非常好，比专柜便宜很多，客服服务态度也特别好，好评
11英寸128G深空灰色,,5,包装很好，发货也快，看电视打游戏做账都很方便
11英寸128G深空灰色,,5,非常好用  第二天就到了！不亏京东
11英寸128G深空灰色,,5,真棒，真的太爽了这平板，我也有了自己的平板了
11英寸128G深空灰色,,5,"屏幕效果：非常好
其他特色：不错
运行速度：考研盒子
外观材质：好看
轻薄程度：舒适"
11英寸128G深空灰色,,5,货收到了；很用心快递速度很快，体验一段时间再来评价
11英寸128G深空灰色,,5,"外观材质：手感超棒，
屏幕效果：显示清晰。
运行速度：速度快。
轻薄程度：很轻薄。"
11英寸128G深空灰色,,5,特别特别好用，真的很不错，就是屏幕比较粘指纹。
11英寸128G深空灰色,,5,用了一个多月了 体验很棒 买了不会后悔的东西 很好用
11英寸128G深空灰色,,5,正品，很好用，到手后出乎意料的薄和轻，非常喜欢
11英寸128G深空灰色,,5,用着太舒服了，比mini5强太多
11英寸128G深空灰色,,5,很流畅，看电影，音质很不错?&hellip;&hellip;
11英寸128G深空灰色,,5,非常好的机运行快速度快
11英寸128G深空灰色,,5,速度很快，苹果产品值得出手。
11英寸128G深空灰色,,5,没等上2021，趁着活动先入了，运行很快用个几年没问题
11英寸128G深空灰色,,5,非常满意，听课记笔记美滋滋，分屏简直不要太爽
11英寸128G深空灰色,,5,性能非常给力，便携性很高
11英寸128G深空灰色,,5,东西很好，比用了几年的老ipad流畅很多
11英寸128G深空灰色,,5,全新的，很nice。
11英寸128G深空灰色,,5,38节给女儿买的，用过后说很好。
11英寸128G深空灰色,,5,正品，很不错，很便宜，而且比官网快，不买这里的就亏死
11英寸128G深空灰色,,5,特点就是非常漂亮大气配置也非常牛很快一点都不卡顿那游戏也非常快
11英寸128G深空灰色,,5,不愧是京东快递，发货速度很快，已收到货
11英寸128G深空灰色,,5,发货快，包装也很好，分辨率很清楚，可以追剧打游戏
11英寸128G深空灰色,,5,很惊艳的外观设计，使用流畅，主要用来学习。
11英寸128G深空灰色,,5,今天早上买的下午就到了物流很快
11英寸128G深空灰色,,5,平板收到了  包装很好  系统流畅
11英寸128G深空灰色,,5,非常不错，好用，屏幕大，玩游戏也过瘾
11英寸128G深空灰色,,5,看上去很精致，还没怎么用，用了之后再反馈
11英寸128G深空灰色,,5,平板收到了 很喜欢 物流也很快
11英寸128G深空灰色,,5,机子很好，流畅，手感好，物流速度也一流！
11英寸128G深空灰色,,5,很快就收到了包装运输完好
11英寸128G深空灰色,,5,到货很快，包装完好。谢谢京东
11英寸128G深空灰色,,5,"外观材质：5星
屏幕效果：4.5星
运行速度：5星
轻薄程度：4星"
11英寸128G深空灰色,,5,给朋友买的，送货快，平板只认iPad。如果送外壳和钢货膜就更完美了。虽说要出新品了，但是旧款的性价比超高。
11英寸128G深空灰色,,5,京东一如既往的快，很好的一次购物体验
11英寸128G深空灰色,,5,ipad pro2020是正品，第一天下单第二天就到了，运行流畅顺滑，很赞。
11英寸128G深空灰色,,5,挺不错的，颜色外观都特别喜欢
11英寸128G深空灰色,,5,速度非常快，运行很好，分辨率好清楚
11英寸128G深空灰色,,5,"外观材质：很好，很喜欢
轻薄程度：轻
运行速度：感觉很快"
11英寸128G深空灰色,,5,非常好，便宜，但东西都是全新正品的 ，我已经推荐室友买
11英寸128G深空灰色,,5,还可以的，送货很快的
11英寸128G深空灰色,,5,机器很好，正品国行原封，相信京东品质，一次买了很多台
11英寸128G深空灰色,,5,嗯嗯，全新正品，非官换，有点后悔没在上一年双十一买；快出2021了，但是自己觉得值的东西它永远值，喜欢的东西永远无价，满足得了欲望的东西永远都是最值的
11英寸128G深空灰色,,5,给姐姐的生日礼物，很不错，姐姐很喜欢。
11英寸128G深空灰色,,5,速度快发货快京东物流很快
11英寸128G深空灰色,,5,很流畅，外观质感也很好，很喜欢
11英寸128G深空灰色,,5,手机是很不错的款式，喜欢这样的颜色
11英寸128G深空灰色,,5,宝贝收到了，确实很棒，大屏幕就是舒服。
11英寸128G深空灰色,,5,相当不错，很喜欢这款，哈哈啊哈
11英寸128G深空灰色,,5,挺好的，京东物流非常快，是正品，未拆封，未激活
11英寸128G深空灰色,,5,太好用了，物流又快，
11英寸128G深空灰色,,5,质感很好，画面很清晰，很流畅
11英寸128G深空灰色,,5,运行速度很快，很轻，方便携带。
11英寸128G深空灰色,,5,正品?很棒！昨天下单今儿就到了，太棒了，活动太实惠了，节省了700多啊(?ゝ&omega;??)
11英寸128G深空灰色,,5,很好 非常完美 到货很快 已经用上了
11英寸128G深空灰色,,5,"运行速度：很好不粗不粗不错
外观材质：很好不错"
11英寸128G深空灰色,,5,大品牌，质量好，价格优，非常满意
11英寸128G深空灰色,,5,特别特别不错的手机，外观很喜欢
11英寸128G深空灰色,,5,手机非常不错，用了感觉很流畅。
11英寸128G深空灰色,,5,很好，是正品，很喜欢，信赖京东，。
11英寸128G深空灰色,,5,收到了！很快，给小孩子上网课，加油，
11英寸128G深空灰色,,5,很好，手感很棒，性能很稳定
11英寸128G深空灰色,,5,正品没问题，孩子很喜欢
11英寸128G深空灰色,,5,好，很好用，用起来方便快捷。
11英寸128G深空灰色,,5,很喜欢，和我的AirPods很配哦
11英寸128G深空灰色,,5,外观很漂亮，运行速度超级快。
11英寸128G深空灰色,,5,性价比很高，平板电脑用起来非常顺手
11英寸128G深空灰色,,5,这款手机还是很不错的，买回来很超值
11英寸128G深空灰色,,5,很好，速度快，而且屏幕大
11英寸128G深空灰色,,5,用起来方便快捷，体验感很好。
11英寸128G深空灰色,,5,京东发货很快，隔天上午就收到了，平板是原封的
11英寸128G深空灰色,,5,非常喜欢 物流也快 确实不错
11英寸128G深空灰色,,5,高大上的一款产品、不错?
11英寸128G深空灰色,,5,很好很棒，性能优越！！！！！！
11英寸128G深空灰色,,5,很好，很喜欢，非常值得购买
11英寸128G深空灰色,,5,送货超级快，中午下单下午到，京东速度可以的。
11英寸128G深空灰色,,5,好，很好，非常好。下次回购
11英寸128G深空灰色,,5,很不错，用来考研的很方便。
11英寸128G深空灰色,,5,手机很不错，流畅速度快。
11英寸128G深空灰色,,5,发货快包装好可以追剧打游戏了价格也很便宜
11英寸128G深空灰色,,5,东西收到了，是正品，机器很好用！
11英寸128G深空灰色,,5,速度快，买来学习用很方便
11英寸128G深空灰色,,5,非常不错，nice，很惊艳！
11英寸128G深空灰色,,5,"外观材质：棒
屏幕效果：棒
运行速度：棒
轻薄程度：棒
其他特色：棒"
11英寸128G深空灰色,,5,很好用，记笔记特别方便。
11英寸128G深空灰色,,5,东西没得说 给妈妈买的 很不错
11英寸128G深空灰色,,5,很好，价格实惠，商家值得信赖
11英寸128G深空灰色,,5,价格太便宜了，非常优惠，合适
11英寸128G深空灰色,,5,很好，很好，下次还会继续购买。
11英寸128G深空灰色,,5,好，很好。值得购买你可以。
11英寸128G深空灰色,,5,相当好的一款手机，大大的赞
11英寸128G深空灰色,,5,很好，是正品，很喜欢。
11英寸128G深空灰色,,5,很不错，下次还会继续购买的
11英寸128G深空灰色,,5,很好用，下次还会继续购买的
11英寸128G深空灰色,,5,物流速度快  屏幕非常惊艳
11英寸128G深空灰色,,5,好用，性价比很高，值得推荐
11英寸128G深空灰色,,5,很好，是正品，买了好几回了
11英寸128G深空灰色,,5,价格很美丽，查过是正品不错哦。
11英寸128G深空灰色,,5,宝贝很不错，物流也很快，
11英寸128G深空灰色,,5,优秀 很棒啊 赞赞赞赞赞赞
11英寸128G深空灰色,,5,第一次买，非常棒我喜欢
11英寸128G深空灰色,,5,东西不错，很实惠，正品有保障！
11英寸128G深空灰色,,5,非常完美&hellip;&hellip;物流业给力
11英寸128G深空灰色,,5,很好用，值得推荐购买。
11英寸128G深空灰色,,5,价格便宜 正版原装 非常棒
11英寸128G深空灰色,,5,很好，跟苹果店的一样
11英寸128G深空灰色,,5,好，很好，值得推荐。
11英寸128G深空灰色,,5,非常棒很快就到手了谢谢
11英寸128G深空灰色,,5,一款很不错的手机！！
11英寸128G深空灰色,,5,东西很满意，送货很及时
11英寸128G深空灰色,,5,物流非常快早买早享受
11英寸128G深空灰色,,5,物流很快，东西也很棒。
11英寸128G深空灰色,,5,发货快，包装很好，价格便宜，可以追剧打游戏啦
11英寸128G深空灰色,,5,发货很快，东西也很不错
11英寸128G深空灰色,,5,大品牌，质量好，价格优，非常满意
11英寸128G深空灰色,,5,价格太便宜了，非常优惠，合适
11英寸128G深空灰色,,5,机器很好，正品国行原封，相信京东品质
11英寸128G深空灰色,,5,价格太便宜了，非常优惠，合适
11英寸128G深空灰色,,5,价格太便宜了，非常优惠，合适
11英寸128G深空灰色,,5,价格太便宜了，非常优惠，合适
11英寸128G深空灰色,,5,价格太便宜了，非常优惠，合适
11英寸128G深空灰色,,5,价格太便宜了，非常优惠，合适
11英寸128G深空灰色,,5,价格太便宜了，非常优惠，合适
11英寸128G深空灰色,,5,价格太便宜了，非常优惠，合适
11英寸128G深空灰色,,5,价格太便宜了，非常优惠，合适
11英寸128G深空灰色,,5,价格太便宜了，非常优惠，合适
11英寸128G深空灰色,,5,价格太便宜了，非常优惠，合适
11英寸128G深空灰色,,5,价格太便宜了，非常优惠，合适
11英寸128G深空灰色,,5,价格太便宜了，非常优惠，合适
11英寸128G深空灰色,,5,价格太便宜了，非常优惠，合适
11英寸128G深空灰色,,5,价格太便宜了，非常优惠，合适
11英寸128G深空灰色,,5,价格太便宜了，非常优惠，合适
11英寸128G深空灰色,,5,价格太便宜了，非常优惠，合适
11英寸128G深空灰色,,5,价格太便宜了，非常优惠，合适
11英寸128G深空灰色,,5,价格太便宜了，非常优惠，合适
11英寸128G深空灰色,,5,"外观材质：没有home键，但是一点都不影响使用，
屏幕效果：屏幕显示完美，看电影玩游戏都特别棒，4个喇叭，玩游戏很舒服
轻薄程度：感觉比之前的ipad2018轻，但是屏幕还大"
11英寸128G深空灰色,,5,比教育优惠的价格还低，换了用了两年的ipad2018。120hz屏幕真的用过后就回不去。买个imac的妙控键盘二代用得更爽也轻便。比妙控键盘套好用
11英寸128G深空灰色,,5,小孩画画用，据说pro比较适合，刚好有活动，抢着入手了，希望和专卖店品质是一样的!先用着看看
11英寸128G深空灰色,,5,看电影玩游戏比以前的air爽的飞起，配合键盘使用还算不错
11英寸128G深空灰色,,4,客服细心有耐心点赞。试用中，影视播放在屏幕显示中清晰度不高（我是会员开到最大视频质量）。照相机有颗粒感，清晰度，锐度不高。内置摄像头成像质量可以。进一步感受随后在发。
11英寸128G深空灰色,,5,"快递:还是一样快。
屏幕:看视频流畅清楚。玩吃鸡流畅，视野好。自带贴膜就更好了
电池:没有快充，但是也能接受。边玩边充还是可以的。
系统:确实比安卓的好用。"
11英寸128G深空灰色,,5,"东西可以，虽然秋季发布会要来了但也无所谓了，就当49入国吧，不玩啥不干啥爱奇艺A12Z适应刷新妥妥够用，运行速度和屏幕效果没得说，苹果的pro系列从来没有妥协。
11寸可以说蛮舒服，重量也没啥问题，相比12.9稳妥了许多，边边角角确实没有圆弧体验好，不过方方正正确实符合我的审美，蛮不错。
购买的时候多选了京准达，速度很快很棒棒。"
11英寸128G深空灰色,,5,记得上一个iPad还是五六年前买的。相隔这么久，买了一个新的power版的。这个这个价格便宜。嗯，性能良好。大。屏幕清晰。贴膜好贴。哪儿哪儿都行。就是一点。我玩不着。给媳妇买的。
11英寸128G深空灰色,,5,"外观材质：外观是真的漂亮，材质是真的垃圾（提心吊胆怕弯）
屏幕效果：120Hz高刷真的是众享丝滑，但是没有OLED屏清楚，美中不足
运行速度：6G足够用，但还是羡慕安卓的大内存，希望苹果也能堆猛料
轻薄程度：太薄了，虽然漂亮，如果换成不锈钢就好了"
11英寸128G深空灰色,,5,第一次使用苹果产品，慢慢适应摸索中。屏幕素质还有声音都很好。11寸还是挺大的。快递有点暴力，还好里面完好无损，希望卖家包装能够再多加一些防撞气泡什么的，以防万一。才用了两天，过段时间再追评吧！优惠六百也还挺好的。辅助孩子学习，自己办公看视频很实用。
11英寸128G深空灰色,,5,还可以吧。 就是送偶来的时候壳磕磕碰碰有点皱了。其他真的真的还可以 毕竟苹果产品确实pad不错。性能过剩了 不等新款 直接买了
11英寸128G深空灰色,,4,还在使用中，看着很不错，不过还是不习惯用IOS系统，先慢慢体验吧
11英寸128G深空灰色,,5,包装很好，发货快，就是平板盒角上有压伤变形了
11英寸128G深空灰色,,5,除了包装一点点破损 好像压了一下 其他很满意咯哈哈哈哈
11英寸128G深空灰色,,5,不错，手感很轻，薄薄的 很有质感，如果在air和pro间纠结的话 强烈建议买pro，不过听说pro要出新款了，不知道这款能降价不，等不了呀，早买早用，早用早快乐，对比了一下，京东的pro价格相对来说比较低了，还用保障。推荐！
11英寸128G深空灰色,,5,不错，价格划算，物流有快，高刷 四个扬声器的IPAD 用起来就是爽
11英寸128G深空灰色,,4,暂时没发现bug，新iPad就是香，电量还很持久，可以用一天多，我一直耍游戏，看电视
11英寸128G深空灰色,,5,元宵节买的，用了一段时间来评论。不错官网查询正品，屏幕清晰，轻薄程度让我有些惊喜但是加了外壳又厚了，不套又不放心。拿来做学习生产力，很不错。
11英寸128G深空灰色,,5,"真不错，自营虽然不是apple的但是都是自营，一样的。
新机真不错"
11英寸128G深空灰色,,5,值得推荐，运行速度快，轻薄适宜，携带方便。
11英寸128G深空灰色,,5,平板非常的好，5599入手，虽然新的平板电脑要发布，不过苹果尿性不会很便宜的，5599入手的128应该还可以，就算新版发布了，老款价格估计也不会降低太多哈哈哈
11英寸128G深空灰色,,5,"一直想买台生产力pad, 选了好久最后还是决定京东入手，价格比其他平台实惠，最主要质量有保证。出现问题的时候不担心，售后服务也好。"
11英寸128G深空灰色,,5,"总体来说还不错吧，平板还是苹果做的最好，入手价总体还算好，电子产品反正价格涨涨跌跌，用了10几天，偶尔有一次连续自动重启，其他都还可以。
外观材质：手感很好
运行速度：目前最好处理器很棒"
11英寸128G深空灰色,,5,外观好看，屏幕分辨率高，运行速度快。
11英寸128G深空灰色,,5,轻薄，颜值在线，便于携带，屏幕两眼！
11英寸128G深空灰色,,5,货收到了    东西正品    流畅   送货及时态度好     值得信赖
11英寸128G深空灰色,,5,我觉得还可以吧，毕竟送货还是挺快的，质量保证
11英寸128G深空灰色,,5,挺好，目前没发现有啥瑕疵，就是耗电有点快，但这应该是苹果产品本身的问题吧
11英寸128G深空灰色,,5,给老婆买的新年加情人节的礼物，看着还不错，给个好评
11英寸128G深空灰色,,5,把之前的老平板淘汰了！性能不错！
11英寸128G深空灰色,,5,秀，漂亮，流畅，玩游戏可以
11英寸128G深空灰色,,5,东西妥妥的，没毛病，京东自营踏实，售后比苹果直营还方便，别问我怎么知道的。
11英寸128G深空灰色,,5,"外观材质：外观漂亮
屏幕效果：显示清晰
运行速度：速度快
轻薄程度：手感无敌"
11英寸128G深空灰色,,5,外观完好！新机再用用。
11英寸128G深空灰色,,5,价格相对其他平台比较优惠，希望品质也一如既往的好
11英寸128G深空灰色,,5,女儿画画就要这个，京东物流真是?
11英寸128G深空灰色,,5,大屏玩起来就是爽，不管是游戏还是看视频都很舒服
11英寸128G深空灰色,,5,好用，物流速度快，值得信赖。
11英寸128G深空灰色,,5,到手后冲了一次电，各方面稳定，目前看还行
11英寸128G深空灰色,,5,用着还不错，安全下车
11英寸128G深空灰色,,5,有优惠火速下掉，比教育优惠还便宜
11英寸128G深空灰色,,5,京东自营 是正品 质量保证哒 是一次不错的购物体验 选pro准没错( &acute; ▽ ` )?
11英寸128G深空灰色,,5,不错，京东一如既往的快，价格也合适，用用看吧
11英寸128G深空灰色,,5,喜欢～就是没买到最便宜的，还是有吃亏的感觉，哈哈哈哈
11英寸128G深空灰色,,5,好东西 苹果的产品就是好用
11英寸128G深空灰色,,4,很好，物流很快，东西很给力。除了外包装有点磕碰 。
11英寸128G深空灰色,,5,价格便宜不少，之前有担心，用用看吧
11英寸128G深空灰色,,5,发货快，打包好！靠谱放心！
11英寸128G深空灰色,,5,正品，确实漂亮好用流畅，苹果产品值得拥有。
11英寸128G深空灰色,,5,还行吧不算太贵质量不错
11英寸128G深空灰色,,5,搞活动一次买了很多台，品质好原封机器放心
11英寸128G深空灰色,,5,好 哦小情绪屏幕清晰 速度快
11英寸128G深空灰色,,5,还行，用段时间再来，就是啥也没送
11英寸128G深空灰色,,5,"好，
外观材质：漂亮
屏幕效果：清晰可见光滑"
11英寸128G深空灰色,,5,感觉不错，用一段时间再来追评
11英寸128G深空灰色,,5,轻，薄！速度快，性价比高！
11英寸128G深空灰色,,5,还是挺不错的，价格也合适，希望好用
11英寸128G深空灰色,,5,用起来方便快捷，速度快，。。。
11英寸128G深空灰色,,5,感觉挺好的！用用以后再说吧
11英寸128G深空灰色,,5,不错的一款产品，价格实惠，质量好。
11英寸128G深空灰色,,5,好用不贵，便宜实惠，适合大众。
11英寸128G深空灰色,,5,验证成功，是正品，可以放心购买
11英寸128G深空灰色,,5,可能还可以吧，还是这样。
11英寸128G深空灰色,,5,产品还没看，但对物流神速点赞
11英寸128G深空灰色,,5,薄而轻巧，上网迅速快！
11英寸128G深空灰色,,5,手机不错，一直在用，感觉
11英寸128G深空灰色,,5,买很多次了，信赖京东，没毛病
11英寸128G深空灰色,,5,看起来还不错，没毛病
11英寸128G深空灰色,,5,性价比高，好用不贵，便宜实惠。
11英寸128G深空灰色,,5,买前生产力，买后爱奇艺了
11英寸128G深空灰色,,5,价钱实惠，性价比高，送货快！
11英寸128G深空灰色,,5,正品保障，信赖京东。还会回购
11英寸128G深空灰色,,5,苹果的产品一如既往的优秀
11英寸128G深空灰色,,5,是正品，信赖京东，不错
11英寸128G深空灰色,,5,看样子应该是全新国行正品
11英寸128G深空灰色,,5,一如既往的满意，继续支持！
11英寸128G深空灰色,,5,京东买的有保证正品无疑！
11英寸128G深空灰色,,5,物流快商品好赞谢谢商家
11英寸128G深空灰色,,5,物流速度快，小哥服务好！
11英寸128G深空灰色,,5,好用，好用，是正品！！
11英寸128G深空灰色,,5,送货速度，快服务周到！
11英寸128G深空灰色,,5,买前生产力，买后爱奇艺
11英寸128G深空灰色,,5,iPad Pro是一款强大的平板电脑，强大到超出大部分人对平板电脑的需求，比如我（看文档、记笔记、听音乐、看视频）。如果你恰巧财力雄厚，无脑选吧。不过我认为学生党应该选择的产品还是iPad Air 4 64G版本(256的那个性价比属实是屑，还不如加钱上Pro)完全可以满足以上需求，Pro无非是锦上添花罢了。当然， 64G不够用的人可以选择Pro。
11英寸128G深空灰色,,5,还在体验中。快递包裹确实&hellip;&hellip;
11英寸128G深空灰色,,5,期待了很久，新款的ipad拿在手上手感都不一样
11英寸128G深空灰色,,5,在air4和PRO之间犹豫，最后决定买air4，学习用没必要上PRO，但是**的京东必购码退出一次就没了恶心死了&hellip;&hellip;PRO还是香啊。
11英寸128G深空灰色,,5,确实是国行未拆封正品  暂时先用着，稍后再追加  ，最好让我再抢到一只华为x2 哈哈
11英寸128G深空灰色,,4,还好吧，不过充电要自动开机应该不是国行的？还好其实
11英寸128G深空灰色,,5,2.27早上8点5599价格拿下，开心，这种秒杀活动也不通知一下，幸好看到了哈哈哈
11英寸128G深空灰色,,5,京东购买的东西还是非常放心的，非常棒棒哒
11英寸128G深空灰色,,5,还没舍得拆开，先上个未拆封的视频
11英寸128G深空灰色,,5,还没怎么用 希望好用
11英寸128G深空灰色,,5,当天到货，产品很惊艳，已经通过验货，希望用的长久！
11英寸128G深空灰色,,5,还没弯，希望不要弯。贴了膜，加了壳
11英寸128G深空灰色,,5,屏幕效果：还行120hz，不伤眼。。。。。。。。。。。。
11英寸128G深空灰色,,5,太香了 性能很强
11英寸128G深空灰色,,5,小学弟睡觉了开发大道都比较纠结
11英寸128G深空灰色,,5,给你嘻嘻嘻姓名明明咦咦咦咦咦咦
11英寸128G深空灰色,,5,完美 打游戏很爽
11英寸128G深空灰色,,5,外观材质：吃鸡首选
11英寸128G深空灰色,,5,5499的时候果断入手，安全下车。
11英寸128G深空灰色,,5,很不错，
11英寸128G深空灰色,,5,上课效率+50%，推荐给大学生们
11英寸128G深空灰色,,5,好看好用
11英寸128G深空灰色,,5,大屏的、就是美滋滋
11英寸128G深空灰色,,5,非常棒
11英寸128G深空灰色,,5,全新正品
11英寸128G深空灰色,,5,挺好
11英寸128G深空灰色,,5,太好看了
11英寸128G深空灰色,,5,"很好，很不错
外观材质：好
屏幕效果：完美
运行速度：刷刷滴"
11英寸128G深空灰色,,5,京东一直在京东购买很好
11英寸128G深空灰色,,5,非常棒，强烈推荐给大家！！！
11英寸128G深空灰色,,5,xdm这家可以已安全下车
11英寸128G深空灰色,,5,用一段时间再来追评
11英寸128G深空灰色,,5,京东自营，买的放心
11英寸128G深空灰色,,5,外观材质：轻薄，丝滑
11英寸128G深空灰色,,5,这个流畅度绝了
11英寸128G深空灰色,,5,很好用，值得推荐。
11英寸128G深空灰色,,5,性价比高，非常好
11英寸128G深空灰色,,5,不错划算送货快
11英寸128G深空灰色,,5,非常棒，安全下车！
11英寸128G深空灰色,,5,给快递小哥点赞
11英寸128G深空灰色,,5,原封到货。非常快
11英寸128G深空灰色,,5,真品，信赖京东
11英寸128G深空灰色,,5,外观材质：大气！
11英寸128G深空灰色,,5,服务非常奈斯
11英寸128G深空灰色,,5,很棒，安全下车
11英寸128G深空灰色,,5,很好，是正品
11英寸128G深空灰色,,5,正品，没问题
11英寸128G深空灰色,,5,东西很好用
11英寸128G深空灰色,,5,没话说，强
11英寸128G深空灰色,,5,目前挺好
11英寸128G深空灰色,,5,放心购买
11英寸128G深空灰色,,5,可以，不错
11英寸128G深空灰色,,5,很快，不错
11英寸128G深空灰色,,5,挺好的
11英寸128G深空灰色,,5,蛮好的
11英寸128G深空灰色,,5,很不错
11英寸128G深空灰色,,5,是真品
11英寸128G深空灰色,,5,挺好的
11英寸128G深空灰色,,5,还阔以
11英寸128G深空灰色,,5,非常棒
11英寸128G深空灰色,,5,特别好
11英寸128G深空灰色,,5,服务好
11英寸128G深空灰色,,5,还不错
11英寸128G深空灰色,,5,很棒
11英寸128G深空灰色,,5,挺好
11英寸128G深空灰色,,5,很OK的
11英寸128G深空灰色,,5,真爽
11英寸128G深空灰色,,5,好用！！！
11英寸128G深空灰色,,5,收到
11英寸128G深空灰色,,5,嗯
11英寸128G深空灰色,,5,"外观材质：苹果是设计一直没得说，槽点优点并存。其实按价格来说，精致的东西不一定非要不经用，日常使用稍微刮蹭磕碰都是很正常的，但就是很容易留下痕迹。

屏幕效果：新版的LED看起来和LCD区别不大，不用专业的设备不做对比日常使用也感知不到。120的高刷也是买同价格AIR4顶配的理由。

运行速度：苹果有的不是速度，而是优雅，本身新版本软硬件的加持在自家的生态下也是毫无疑问的流畅。

轻薄程度：整机的薄大约有就是一本杂志的厚度，但是太薄了反而感觉不踏实，放床上会不会不小心压弯了。。

购买时的优惠力度让我直接放弃256G的AIR4，其实对于日常在家和公司之间的移动使用128G也是完全够用，而多出来的4扬声器、120高刷，简直没办法不剁手啊。"
11英寸128G深空灰色,,5,心仪苹果这款型号的平板很久了，一直在air和pro之间纠结，不知道多千多块钱值不值得，本想等21款出来老款降点价了才下叉，结果遇到移动送券搞活动，既然这样，就早买早享受咯，哈哈！不过苹果的配件太贵了，买个膜都是几十，这么贵的平板连防护套都不送一个太抠了
11英寸128G深空灰色,,5,刚开始拿到手，感觉很小。玩了一会，觉得是我手小了，很好用。就是快递这一块太让我失望了，电话也不给我打。直接丢在丰巢快递柜，等我拿完之后，下午才给我打电话要收获码。真的，让我没有当面验货真的很失望。快递小哥服务也不好。
11英寸128G深空灰色,,5,"苹果产品一直都优秀，这里买还有优惠券，真想。
平板有轻微弯曲，不过不影响，那么大的产品在所难免。"
11英寸128G深空灰色,,5,给朋友买来用于考研复习使用的，对于没有收入的学生党，这款平板就不太值得推介了，用于学习的话有点太过于了，感觉没有什么必要。唯一不足的是，太贵了
11英寸128G深空灰色,,5,重量有点重，除摄像头外都是平整设计，流畅度是真的无敌所有app都打开都不会卡顿秒开
11英寸128G深空灰色,,5,反应速度和电池很好，音质也不错，外观看着还行，就是太轻了，总感觉自己一不小心就能把它弄弯了。屏幕显示和预期有差距，颗粒感还是比较明显的，网上查了一下，他们说都这样才放心了。外包装太差了，拿着包装盒我怀疑自己是不是买了翻新机，快递包装更不好，连防撞泡沫都没有，京东小哥心真大，就不怕过程中给压弯了呀。好歹也是大几千的东西，不能好好包装一下吗？
11英寸128G深空灰色,,5,老公给买的，太好看了，没发现白点黑点阴阳屏之类的，买了个壳看电视，买了个手提包，因为我的都是迷你包，平板对于女生手来说有点大，抱来抱去怕手滑，无意中瞎逛，发现降价了，自己弄了保价，几十秒就申请成功了，开心?
11英寸128G深空灰色,,5,"五五四五,下个月出新款，这一代的价格也就这样了，平时看视频翻网页，使用率挺高，但pro的性能对我来说是过剩的，奈何air的价格太过分。三千卖了华为，加了两千多买了这个，对比matepadpro，两个平板各有千秋吧，苹果的价值体现在iOS系统的丝滑，但并不是华为有多卡，也很优秀了，只是还有提升的空间。我想请问谁知道哪里卖后悔药啊。。。？（*＾3＾）"
11英寸128G深空灰色,,5,iPad pro不愧是pro，屏幕和喇叭还有体验都是一流的，就是调货时间太长，希望以后能本地多备货，手感轻薄，非常舒服
11英寸128G深空灰色,,5,为了孩子学习，买了这个平板，朋友介绍的这款，有点小贵。无意间看到这个店铺有优惠，就下单了。总体使用感觉，很流畅无卡顿。电池续航能力一般，一直使用就3个多小时，屏幕耗电有点厉害。
11英寸128G深空灰色,,5,收到后玩了会关机，第二天就无法开机了。申请换货，目前使用正常。品控问题很大
11英寸128G深空灰色,,5,太爽了，学习的利器。我爱了爱了。接下来怕是要弄个耳机，弄个笔了。我的钱啊！
11英寸128G深空灰色,,4,舒服的一批  连夜上的无敌战神  读书游戏两不误
11英寸128G深空灰色,,4,费电，玩游戏iPad Pro只能用3个小时，这是不是正常现象？
11英寸128G深空灰色,,5,商品还没用，应该没问题，当时看到页面有赠品，但实际到货是没有的，咨询京东客服，客服极其差劲，一直让提供截图，谁能买东西都先截图呢？反复跟他表述当时没留截图，希望他帮助查一下，他的标准话术就是要截图证据，完全不去核实商家有没有这个活动，体验最差的一次京东购物。后面看看商品怎么样再来追评吧，
11英寸128G深空灰色,,5,买个ipad运气真差，平时使用无问题，用pencil屏幕有一小块无反应，京东立马换新了，好评
11英寸128G深空灰色,,5,收到了  包装没有破损  序列号也查了  没问题
11英寸128G深空灰色,,5,外包装太差了，寄过来的时候箱子都烂的。机器还没用，用了之后再回来追评，唉
11英寸128G深空灰色,,5,无瑕疵，使用几天再来
11英寸128G深空灰色,,5,东西没问题，但是买了才发现怎么跟京东中国移动要发票、日常咨询，？这连个客服都不设合适吗？希望有人回复我，把发票给我开了！
11英寸128G深空灰色,,4,是正品的，但是边角被挤压过了
11英寸128G深空灰色,,4,刚买完就降价，这，有点痛苦?
11英寸128G深空灰色,,5,11寸没有想象中的大，不过也够用
11英寸128G深空灰色,,5,正品，这种店不敢卖假，客服直接找京东客服就好，大家放心买
11英寸128G深空灰色,,4,开完两天就不让退了&hellip;还说7天无理由呢，知道无理由什么意思么？哎
11英寸128G深空灰色,,5,包装完整，确定的是未折封的。可惜买早了，降价了。
11英寸128G深空灰色,,4,信号线开槽有瑕疵
11英寸128G深空灰色,,4,使用中，耗电有点猛
11英寸128G深空灰色,,5,等不了2021版了?
11英寸128G深空灰色,,5,很好用，我很喜欢，你历史最~，太合适了
11英寸128G深空灰色,,5,很好用，我很喜欢，你历史最~，太合适了
11英寸128G深空灰色,,5,很好用，我很喜欢，你历史最~，太合适了
11英寸128G深空灰色,,5,很好用，我很喜欢，你历史最~，太合适了
11英寸128G深空灰色,,5,很好用，我很喜欢，你历史最~，太合适了
11英寸128G深空灰色,,5,很好用，我很喜欢，你历史最~，太合适了
11英寸128G深空灰色,,5,很好用，我很喜欢，你历史最~，太合适了
11英寸128G深空灰色,,5,很好用，我很喜欢，你历史最~，太合适了
11英寸128G深空灰色,,5,很好用，我很喜欢，你历史最~，太合适了
11英寸128G深空灰色,,5,很好用，我很喜欢，你历史最~，太合适了
11英寸128G深空灰色,,5,很好用，我很喜欢，你历史最~，太合适了
11英寸128G深空灰色,,5,很好用，我很喜欢，你历史最~，太合适了
11英寸128G深空灰色,,5,很好用，我很喜欢，你历史最~，太合适了
11英寸128G深空灰色,,5,很好用，我很喜欢，你历史最~，太合适了
11英寸128G深空灰色,,5,很好用，我很喜欢，你历史最~，太合适了
11英寸128G深空灰色,,5,很好用，我很喜欢，你历史最~，太合适了
11英寸128G深空灰色,,5,很好用，我很喜欢，你历史最~，太合适了
11英寸128G深空灰色,,5,很好用，我很喜欢，你历史最~，太合适了
11英寸128G深空灰色,,5,很好用，我很喜欢，你历史最~，太合适了
11英寸128G深空灰色,,5,很好用，我很喜欢，你历史最~，太合适了
11英寸128G深空灰色,,5,宝贝已收到一周了，没有及时评价是因为还想多体验一下。先说说包装吧，收到时外包装盒有一处有破损，当快递小哥面打开后检查了内包装和Ipad本体后才放心。说实在的过去京东快递还没发现这个现象，不过京东快递总体感觉还是很棒的。再说说Ipad的本身吧，由于第一次使用苹果产品，激活操作是在别人视频指挥下进行的，一番忙活后总算是初步激活使用了，感觉操作还是比较好掌握的。现在的体验是操作人性化，反应灵敏，画面悦眼，音质很棒，外形美观，初步先安装了~和西瓜视频试了两天，感觉很舒适，电池也很耐用，视频一天应该没问题。
11英寸128G深空灰色,,5,运行速速度快，很轻薄，充电快。看~文本字大，给眼睛减少很多压力。拍照功能也很不错，屏幕分辨率高。京东自营送货快、质量可靠，值得购买。
11英寸128G深空灰色,,5,买了后第二天就到了，很爽很快。终于收到货了，非常非常喜欢，做工精致漂亮，已经被很多人夸了，真的太开心了，已经是他家的忠实粉丝了，以后还会继续买买买的
11英寸128G深空灰色,,5,店家发货非常快，服务态度很好，应该是正品，一次很愉快的购物很精致，质量非常好，很满意的一次购物。谢谢店家！
11英寸128G深空灰色,,5,大品牌，用起来很放心，质量非常好，赶上活动购买非常的划算材质结实，手感好，很得劲，物流也快，性价比很高，值得购买
11英寸128G深空灰色,,5,宝贝和介绍的一样，质感很好，功能强大，用了感觉不错物超所值，商品设计完美，外观也很高大上，让人爱不释手。客服更是热情的没话说，这次购物很满意宝贝已收到，是我想要的，手感很好，质量也挺好，有问题客服也很快就解决了，态度非常好，一定好评！特别特别满意，超级好看，客服很有礼貌，很客气，良心商家，支持！本来还很担心东西不好，拿到手发现完全多虑了，五星好评包装很完美，颜值很高，感觉物超所值！客服也非常耐心细致，发货快物流给力，以后还会再来??
11英寸128G深空灰色,,5,刚激活几个小时，全新，还买了保护套和钢化膜150块，免费送了。尺寸不适合，我想买12.9存的。有人想要吗？5399卖了，亏几百就几百吧。要的留言，~
11英寸128G深空灰色,,5,发货超级快，到货超级快，包装很精致，真的是开启了新世界的大门&hellip;&hellip;价格也非常公道，还会继续买买买！
11英寸128G深空灰色,,5,物流很快，物品完好无损，用起来很舒服，喜欢?是理想中的产品?，质量不错，物流也很快，值得点赞！?看起来还不错，包装的很仔细，价格也非常公道，还会继续买买买！?
11英寸128G深空灰色,,5,挺好的，就是物流摔得有点重，包装盒都破了
11英寸128G深空灰色,,5,很好用，我很喜欢，你历史最~，太合适了
11英寸128G深空灰色,,5,好货
11英寸128G深空灰色,,5,很好用，我很喜欢，你历史最~，太合适了
11英寸128G深空灰色,,5,还可以
11英寸128G深空灰色,,5,非常好
11英寸128G深空灰色,,5,可以
11英寸128G深空灰色,,5,可以
11英寸128G深空灰色,,5,不错
11英寸128G深空灰色,,5,不错
11英寸128G深空灰色,,5,好
11英寸128G深空灰色,,5,好
11英寸128G深空灰色,,5,很好用，我很喜欢，你历史最~，太合适了
