11英寸256G深空灰色,,5,平板收到了，外观很棒！没贴膜，舍不得用。刚刚查过了，保修期刚好一整年。仅仅三天就到了。看看效果，是不是很好啊！
11英寸256G深空灰色,,5,哈哈，新平板终于拿到了，儿子放学回来肯定很开心。平时给他上网课查资料，非常好用，原来的内存不够，这回绝对够了，运行速度快，再也不怕卡了！
11英寸256G深空灰色,,5,非常好，触感很强，操作也很快，很合适办公娱乐同时使用，京东的速度超级快服务也很好，还可以有券
11英寸256G深空灰色,,5,"续航焦虑无，电池充满可以连续使用8-10个小时，大小方面，出门携带特别实用
多任务dock很清爽，生态完善的平板，只要想要的应用都能找到"
11英寸256G深空灰色,,5,这个ipad用起来很舒服，轻薄，质量不错，选的内存也可以，买了几天价格有出现变动，跟客服沟通后很快解决了，对服务和送货速度还是很满意的！
11英寸256G深空灰色,,5,不错                       效果很好              运行很流畅         大小也行
11英寸256G深空灰色,,5,非常不错，11寸比较便携式，同事买的12.9寸看着大的拿着沉再拿不起11寸的感觉这款好轻便不错再配上笔今天用着不错。
11英寸256G深空灰色,,5,不错不错                    物流也很快             效果很好       软件也很流畅
11英寸256G深空灰色,,5,全面屏iPad pro使用很方便，反应速度很快
11英寸256G深空灰色,,5,不错              手感很好                大小也很合适          快递两天就到了
11英寸256G深空灰色,,5,这是买的第三个苹果平板了，一直想等新的平板出来，但还是没有控制住，收到货迫不及待的开箱，感觉真的很棒。
11英寸256G深空灰色,,5,"前两天领券购买的，很划算，给儿子上课用，内存大，携带方便。
外观材质：外观不用多说，好看大气
屏幕效果：屏幕清晰，非常清晰，看着舒服
运行速度：运行速度超级快，很酷"
11英寸256G深空灰色,,5,很好用，屏幕分辨率高，运行速度快，轻薄适宜。
11英寸256G深空灰色,,5,购买当天收到货，对苹果平板很满意，价优惠，给好评。
11英寸256G深空灰色,,5,很好用，以前有个mini年纪大了。就又买了个，好评
11英寸256G深空灰色,,5,漂亮的外表，给力的内涵，运行的流畅，质量的轻巧，价格也很到位，尤其是快递的速度啧啧称赞。
11英寸256G深空灰色,,5,"外观材质：完美，深空灰的高级感你值得拥有

屏幕效果：高刷流畅清晰
运行速度：这个不需要多说

轻薄程度：经常户外使用的确实是轻薄方便"
11英寸256G深空灰色,,5,"iPad用起来特别好 pro还是pro
和air没差多少钱
屏幕效果：清晰
运行速度：快速
轻薄程度：相对比较轻的没有想象中重
整体体验很不错"
11英寸256G深空灰色,,5,京东很好，我看啥的都没货而且更好，果断下手京东，不管产品还是物流，非常好。
11英寸256G深空灰色,,5,外观设计很好看，运行速度快，轻便快捷
11英寸256G深空灰色,,5,"外观材质：苹果的品控一直很好
屏幕效果：显示细腻
运行速度：流畅
轻薄程度：很好
其他特色：做为平板中的佼佼者，可以用三到五年。"
11英寸256G深空灰色,,5,入手效果还可以，挺期待的，到手之后第一感觉是完美，运行流畅没得说，总的来说很奈斯
11英寸256G深空灰色,,5,"屏幕效果：色彩真，感觉舒服
外观材质：有质感
运行速度：速度快
轻薄程度：特别轻薄，一点不重"
11英寸256G深空灰色,,5,保护壳的手感很好，吸附力也很强，值得购买
11英寸256G深空灰色,,5,应该是正品，打开后都很好，很快就能用了
11英寸256G深空灰色,,5,用起来方便快捷，很时尚的苹果款。
11英寸256G深空灰色,,5,好很好用，买了送给朋友。都说很好。
11英寸256G深空灰色,,5,孩子学设计用，急忙买了iPad寄过去，比手绘板好用很多，很棒哦
11英寸256G深空灰色,,5,外观材质：超级厉害的平板电脑 轻便 反应即时 外观令人心动
11英寸256G深空灰色,,5,收到货还是很惊喜的，全新一台机器！值得拥有！
11英寸256G深空灰色,,5,还是很不错的，外观很好看，喜欢这个颜色
11英寸256G深空灰色,,5,"外观材质：不错，
屏幕效果：很好
运行速度：很快，
轻薄程度：合适"
11英寸256G深空灰色,,5,很好用，用起来方便快捷，不会有卡机。
11英寸256G深空灰色,,5,快递很快 东西很喜欢 不错
11英寸256G深空灰色,,5,价格优惠速度很快 赞赞赞
11英寸256G深空灰色,,5,很不错，外形很漂亮，喜欢这一款
11英寸256G深空灰色,,5,非常不错，轻重合适，价格优廉，必须好评
11英寸256G深空灰色,,5,物流速度很快，试用了一下，手感不错
11英寸256G深空灰色,,5,用了快一个月  没问题，非常好
11英寸256G深空灰色,,5,满意的一次购物，东东很好哦，发货也很快呢
11英寸256G深空灰色,,5,物流很快，机子超级好用 价格优惠好多
11英寸256G深空灰色,,5,入手，很快很好，一如既往，加油
11英寸256G深空灰色,,5,非常好看一下买两，很是喜欢
11英寸256G深空灰色,,5,搞活动买的，性价比很高，性能很强大
11英寸256G深空灰色,,5,发货快，用起来很流畅，不错
11英寸256G深空灰色,,5,很不错哦！如果再轻点就好了
11英寸256G深空灰色,,5,物流很快 不愧是京东自营的物流
11英寸256G深空灰色,,5,超级棒棒糖，比上次好很多，
11英寸256G深空灰色,,5,很好，非常正品，性价比高
11英寸256G深空灰色,,5,大品牌，买两个，非常好看
11英寸256G深空灰色,,5,最新款的，性能非常不错
11英寸256G深空灰色,,5,目前用起来感觉很好。
11英寸256G深空灰色,,5,东西不错，划算，6399很划算
11英寸256G深空灰色,,5,孩子心仪已久，很珍惜
11英寸256G深空灰色,,5,很好的产品，京东物流快。
11英寸256G深空灰色,,5,第一天下单，第二天到，用了几天，现在性能就过胜了，感觉，玩王者有点大，做笔记，画画，啥的挺好
11英寸256G深空灰色,,5,"本来想贪便宜买IPAD2018款的，但老婆说儿子用的平板来上网课还能做做其他功课，而且儿子大学里面东西也能爱惜，毕业后还能再用上几年，因此考虑到将来的发展，要留有余地才行。
这才忍痛买了这款256G内存的ＩＰＡＤ　ＰＲＯ１１寸的，其实12寸的更好，但太贵了。苹果的东西真的是必须果粉才能痛快出手啊。东西是京东自营的，品质保障没的说，快递服务也非常好，我用惯了安卓平板，苹果的不会用，就让儿子折腾去吗。
希望能用正途上，这些钱花着也值了，游戏功能必不可少，闲暇时免不了开几局放松一下，大内存可显优势。一直说的看书看图功能也是ＩＰＡＤ的强项，视网膜屏可真不盖的，满意的一次购物。"
11英寸256G深空灰色,,5,在京东买东西就是快&hellip;&hellip;基本隔天就会到，这个平板是买给孩子用的，因为要的急，官网买时间来不及，时间上京东就不需要担心了&hellip;&hellip;平板使用起来速度快，屏幕大。孩子用来学习足够了&hellip;&hellip;
11英寸256G深空灰色,,5,"-500,所以下手了，完整封装，不错的。上网课，应该够用几年的。"
11英寸256G深空灰色,,5,"今天是个好日子，哈哈哈。2021314～玩个谐音。
周五在环球港苹果旗舰店，无货，原本计划今天去南京路购，结果早上打开京东竟然有活动，立马下单。
下午三点多已经送到，棒棒的啊。"
11英寸256G深空灰色,,5,用于和公司设备同步使用，出差时携带方便，目前使用还不错。不过出现一次从上午开始使用，到下午突然变得有点卡，也不确定什么原因。
11英寸256G深空灰色,,5,好用，值得推荐的产品，屏幕轻易度可以，速度快。
11英寸256G深空灰色,,5,耐用，电量持久，屏幕分辨率高。
11英寸256G深空灰色,,5,好用方便快捷，外观设计更加时尚。
11英寸256G深空灰色,,5,很好用就是没有，耳机和转接器
11英寸256G深空灰色,,5,不错不错，国行新机！买了算全网最低价了吧
11英寸256G深空灰色,,5,正品，安全下车，就是快递包装不够严谨。
11英寸256G深空灰色,,5,苹果产品值得信赖，用了快十年的这款产品。
11英寸256G深空灰色,,5,京东商城自营的产品值得信赖，京东物流值得肯定
11英寸256G深空灰色,,5,还可以的，我觉得不错吧
11英寸256G深空灰色,,5,比较沟宝和京东价，虽然京东贵了一百来块，但给我十足信心！这还是值得的
11英寸256G深空灰色,,5,挺薄的，拿在手里感觉轻轻的，大小正合适。
11英寸256G深空灰色,,5,运行流畅，外观漂亮，画画用大小正合适。
11英寸256G深空灰色,,5,速度与激情同行，其他的暂时也没感觉到有不满意的地方。
11英寸256G深空灰色,,5,挺好看，是正品，目前还没发现什么瑕疵
11英寸256G深空灰色,,5,挺好的，外形好看，运行流畅。
11英寸256G深空灰色,,5,"外观材质：完好
轻薄程度：薄
屏幕效果：完好
运行速度：不错"
11英寸256G深空灰色,,5,东西还不错就是不知道是不是正品充电头也不是苹果手机那种的
11英寸256G深空灰色,,5,"外观材质：全新
屏幕效果：好
轻薄程度：便捷
运行速度：快"
11英寸256G深空灰色,,5,"外观材质：满意
屏幕效果：满意
轻薄程度：满意
运行速度：满意"
11英寸256G深空灰色,,5,商品值得信赖，小孩比较喜欢，
11英寸256G深空灰色,,5,常买的，所以肯定是好东西
11英寸256G深空灰色,,5,运行挺流畅的感觉还不错
11英寸256G深空灰色,,5,苹果的质量，京东的服务，不用多说
11英寸256G深空灰色,,5,正品全新未激活，真香了
11英寸256G深空灰色,,5,价格决定品质希望能好用
11英寸256G深空灰色,,5,价钱实惠，性价比高，送货快！
11英寸256G深空灰色,,5,犹豫了好久到底是128G还是256G，但后来看了网上各种评论，为了长期使用，果断256G。买来看网课刷题用，新的一年，做崭新的自己。
11英寸256G深空灰色,,5,想入手的，可以去买的
11英寸256G深空灰色,,5,配套设备还在路上，最近用的少，期待后续
11英寸256G深空灰色,,5,刚收到，兔兔跑分72w。先用用看吧
11英寸256G深空灰色,,5,非常好?
11英寸256G深空灰色,,5,芭娜娜擦干阿卡玛巴巴爸爸哈哈哈哈
11英寸256G深空灰色,,5,Pad大小适合小孩，端的动
11英寸256G深空灰色,,5,东西很快，是正品
11英寸256G深空灰色,,5,搞活动6399入手的，超赞。如果打包apple care+一起打折的话就更好了。
11英寸256G深空灰色,,5,到手临摹了一幅，快乐↖(^&omega;^)↗适合新手学画画
11英寸256G深空灰色,,5,京东一直在京东购买很好
11英寸256G深空灰色,,5,大品牌，值得信赖。
11英寸256G深空灰色,,5,非常好，很满意
11英寸256G深空灰色,,5,很好，很舒服
11英寸256G深空灰色,,5,运行速度：快！
11英寸256G深空灰色,,5,还不错
11英寸256G深空灰色,,5,是正品
11英寸256G深空灰色,,5,无敌
11英寸256G深空灰色,,5,nice！真香
11英寸256G深空灰色,,5,满足
11英寸256G深空灰色,,5,完美，
11英寸256G深空灰色,,5,非常奈斯  之前有些顾虑，害怕掉电太厉害，其实还好。看部电影20个电以内很OK。
11英寸256G深空灰色,,5,"外观材质：手感和颜值无可挑剔
轻薄程度：要不是我去官网查了一下这个板500克都不到，我都怀疑我买了个假的
运行速度：无敌
其他特色：反正我爱了"
11英寸256G深空灰色,,5,系统还是一如既往的好  就是有一点不好  就是不能熄屏后台下载  这点希望以后能改下  笔书写  让我回到以前上学时候的感觉  棒棒哒
11英寸256G深空灰色,,5,屏幕效果：太震撼了 120赫兹刷新率的频幕 4扬声器 地表最强娱乐神器
11英寸256G深空灰色,,5,除了耗电太快其他都还满意。快递包装太不走心了，这种电子产品居然直接放盒子里寄过来了
11英寸256G深空灰色,,5,有点小瑕疵，但是因为已经激活了，没办法换了，暂时看不影响使用，挺好的
11英寸256G深空灰色,,5,海上工作快递不方便，买的时候不知道没有膜，暂时只能拿来看看电视
11英寸256G深空灰色,,5,刚买了两天就降价了，真的是无语至极！！！包装也有点简陋，关键是降价降得是不是有点太快了？！
11英寸256G深空灰色,,5,"真的很喜欢，完全超出期望值，发货速度非常快，包装非常仔细、严实，运送速度很快，很满意的一次购物
质量很好，收到货第一时间打开看了，很不错，很满意
正品店铺，放心购买，客服态度也很OK，整个购物过程非常顺利！下次还会再来的！赞！"
11英寸256G深空灰色,,5,在这里选购安全方便快捷?，快递小哥态度非常好，这个价格非常给力?，十分推荐，会继续回购宝贝已收到，是我想要的，手感很好，质量也挺好，有问题客服也很快就解决了，态度非常好，一定好评！东西质量还可以，快递速度也很给力包装好，物流快，价格实惠，比超市便宜多了?心仪已久，果断下手，用过之后感觉很不错，是正品，快递也很给力，果然名副其实?
11英寸256G深空灰色,,5,非常好
11英寸256G深空灰色,,5,还可以
11英寸256G深空灰色,,5,非常好
11英寸256G深空灰色,,5,好评
11英寸256G深空灰色,,5,好
