深空灰色,WLAN版 128G,3,屏幕有灰尘，已经换货了。好在售后不错！！
深空灰色,WLAN版 128G,2,全新就是开封就有屏幕划痕？***??！
,,3,屏幕进了两粒灰尘 品控很一般 边缘封胶还有溢出
,,3,屏幕上有个坏点，售后申请换货都过了半个月了还没给我发货，问客服什么都不说，只会说抱歉和请耐心等待，这售后服务我真的是服了，真的不想再到京东买苹果产品了。
深空灰色,WLAN版 128G,3,屏幕有一个很小很小的灰，一般情况下都看不见，贴膜的时候就有一点了，反应快，屏幕也就那样吧
深空灰色,WLAN版 128G,3,有电流声 用了一段时间有变大的趋势 因为需要用就一直留下了 品控一般般吧 电流声有时间会吵 很烦是真的
深空灰色,WLAN版 128G,3,平板看起来还是挺好的，用着也很流畅，就是不知道~验机的准不准激活日期显示比今天早了两天也不想和客服争论是不是正品了对付用吧不坏就行
