金色,WLAN版 128G,3,电池寿命没有满....
金色,WLAN版 128G,2,屏幕有灰尘，换货要挺久
金色,WLAN版 128G,3,屏幕下有瑕疵，去换货了，再看看吧
金色,WLAN版 128G,2,一般般吧，用了一个多月，说说问问，系统问题挺多，遇到一次卡死，重新启动一下好了，竖屏横屏有时反应不过来，需要息一下屏才能好，行该是系统问题，第一次用苹果，不是很惊喜，也就那样
金色,WLAN版 128G,3,屏幕效果：屏幕真的不行，非全贴合真的抠脚，体验不好，后悔
金色,WLAN版 128G,3,至今不知道到手是不是新机 问了客服 客服也很鸡肋  iPad一定要配笔 不然还没手机电脑使用率高
金色,WLAN版 128G,3,机器还没用，不知道怎么样，但包装是真的差，运回来的时候箱子都烂了，平板包装好几处碰撞，看着就不像新的，虽然是教育机，但是这对待态度也太差了。
金色,WLAN版 128G,2,"太不满意了，左等右等等来的平板电脑想要换个颜色，客服也不允许。明明是前一秒刚下单后一脚想要的颜色就有货了，让其换货人家不给换。唉，现在平板儿弄到手里了，只能将就用了。
反正大家谨慎购买吧，如果说有需要的也可以去官网。"
金色,WLAN版 128G,3,我也是无语了  屏幕进灰 非全贴合屏也可以接受  但是home键这里有阴影不知道什么情况  问客服 客服二话不说直接让售后 售后又售不过去  在河北等十几天才到 不过也不影响使用  这种东西最好还是从官网买吧 可以无理由退货
金色,WLAN版 128G,3,我才买回来，只要看电视啥的就充不了电，刚插上显示充电，一会就没了，送到售后，快递说不给退换，只能维修，我才买的就不太行了，这么惨的吗？一个新的才到手一个星期不到，让我修，说不定拆机啥的，不给新的这么坑的吗？有点生气，我室友的都可以充电就我不行，这是人品吗？
