【MatePad 10.4】6+128G/WiFi/灰,,1,一天就黑屏无限重启开不开机
【MatePad 10.4】6+128G/WiFi/灰,,1,屏幕效果：屏幕色彩不均匀，严重发黄
【MatePad 10.4】6+128G/WiFi/灰,,1,双十一也不保价，买了就降价
【MatePad 10.4】6+128G/WiFi/灰,,1,教育中心，没用。
【MatePad 10.4】6+128G/WiFi/灰,,1,裸机，带充电线，一般般。京东plus会员还不能用券
【MatePad 10.4】6+128G/WiFi/灰,,1,没有的东西不要在详情里面描诉，会误导消费者&hellip;&hellip;华为现在也来这套
【MatePad 10.4】6+128G/WiFi/灰,,1,这款产品有质量缺陷，屏幕易碎，刚使用10几天屏幕就碎了，唉，新推出的产品不要随便尝试。
【MatePad 10.4】6+128G/WiFi/灰,,1,刚开始几天用着可以，用着用着就黑屏了，屏幕也是要点几次才有反应，等发现问题的时候已经退不了了，只能换货，第一次产品就这样，换了也不觉得好，那个什么无忧试用，到后面退的话是需要扣钱的，真的不介意买，
【MatePad 10.4】6+128G/WiFi/灰,,1,差评送给发货，太太太慢了。
【MatePad 10.4】6+128G/WiFi/灰,,1,屏幕不是太好，包装太简陋了，快递盒子里面一点减震措施都没有，最主要是定金不能退，差评！
【MatePad 10.4】6+128G/WiFi/灰,,1,差评， 别的平台都有配外套，买的时候和今天又相差50元，主要是没有配外套差评
【MatePad 10.4】6+128G/WiFi/灰,,1,买了9天，就又便宜了100，还抢购简直就是个幌子，都能买到好吗想，以后别拿抢购赚老百姓的钱了，京东个大**，**，**
【MatePad 10.4】6+128G/WiFi/灰,,1,12月16日收货就是这样子，感觉品控有点差哦，这种都能合格发往市场。17号申请换货，到现在也没给个说法，新平板也没发过来，有点儿失望。
【MatePad 10.4】6+128G/WiFi/灰,,1,"调货买的  等了很久才到11.3下单的 本来想着 等几天收货，双十一就算降价也可以保价的。现在双十一真的降价了。说送了免费试用，就不接受保价。真狗。退又退不了 。那你买平板 肯定会激活的啊。
而且快递盒也挺破的  都破了一个角"
【MatePad 10.4】6+128G/WiFi/灰,,1,京东七天无理由退货是广告语而已吗？平板电脑 退货时客服以有划痕为由不给退（划痕肉眼无法看出，需要在特定灯光下）要退几天只能折旧，新手机电脑在家放两天就折旧了？这说法是要求以后在收货的时候也用特定仪器检查才能确认收货吗？
【MatePad 10.4】6+128G/WiFi/灰,,1,垃圾华为，横屏下，软件打开全是半屏，搞毛线，我本来只是买来看视频，华为浏览器打不开那网页的播放页面，用UC去是半屏的，用星尘HD网页也打不开，哎太失望的一次购物了
【MatePad 10.4】6+128G/WiFi/灰,,1,"就**是个**，买的第二天就这样了，视频下载到平板里，然后就打不开了，一点就不动了，然后过几分钟就是华为视频打开失败。第一次对华为这么失望，啥也不是，**
运行速度：二的一批"
【MatePad 10.4】6+128G/WiFi/灰,,1,很明显的插口使用痕迹和按键旁磨损，从小哥上门取件到检测完耗时4天，完后发过来一个依然是插口磨损和按键旁划痕，我很好奇京东是不是把检测完的直接又给我发过来了？还是你们的货品都是这个质量？客服只会机械的重复 我们的商品都是全新货品，但是我觉得，只要眼睛好使，都能看出来这个商品被人用过吧？在京东购物也小十年了，plus会员也开了好几年了，第一次对京东的购物体验失望至极。
【MatePad 10.4】6+128G/WiFi/灰,,1,买回来第三天发现屏幕上一条直上直下的裂纹，请注意，是贯穿得非常直的裂纹，然后联系京东客服坚持说外观问题需要24小时反馈，不给退换。小白在此请教下大神们，这个是产品质量问题吗？如果产品屏幕没有问题，人为损坏会造成直线贯穿上下的裂纹吗？
【MatePad 10.4】6+128G/WiFi/灰,,1,购物体验非常差，售后跟我说机身有轻微弯曲肉眼看的不是特别清晰，请问我还要去专业的地方去鉴别一下机身有没有弯曲么？我有那个时间我网购干什么，还说有质量问题要在24小时内反馈，我不是在24小时内退的货么？只不过是理由不一样而已，说我弄弯的也行拿出凭证来，我要拆包视频验机报告也没有，是想让我自己猜么，所谓的客服专员，也不给我打电话，给售后打电话还说让我等专员电话，我等了48小时了，也没给我打电话，打给12345投诉也没用，就这样的售后一点解决问题的意向都没有，大家千万不要在京东上买东西了，我用了3年京东了第一次退货就遇见这样的事情真是对京东失去信心了。
【MatePad 10.4】6+128G/WiFi/灰,,1,运行速度：太慢了屏幕效果：一般般说实话模糊外观材质：摸起来不舒服轻薄程度：厚度太大其他特色：客服太一般关键是什么东西都不送里面什么时候都没有还不如去实体店买要是不放心就去~或者是实体店京东亏了
