2020款金色,128G WLAN版【标配】,1,居然降价了，我也是醉了
2020款金色,128G WLAN版【标配】,1,不满意，以后都不会买了。
2020款金色,128G WLAN版【标配】,1,开个发票都那么慢，一发票不都和机子送过来？也没提前说
2020款金色,128G WLAN版【标配】,1,喇叭不好有杂音
2020款金色,128G WLAN版【标配】,1,京东怎么审核的，这店铺有病
2020款金色,128G WLAN版【标配】,1,下单时注明了要发票。 店家还磨磨唧唧不开发票。 给客户制造麻烦！
2020款金色,128G WLAN版【标配】,1,拿到手里挺轻的，就是屏幕小了点，可惜是个2手的
2020款金色,128G WLAN版【标配】,1,答应送的东西也没有送！而且东西到手的感觉也不行，边角也有被撞击过的痕迹
2020款金色,128G WLAN版【标配】,1,收到货后发现有翘开屏幕的痕迹，要求退货，不退，理由是未现场验收，快递柜收货，申述没用。被逼接受，大家自己看着办。
2020款金色,128G WLAN版【标配】,1,收到货第一天就是坏的，已提交退款申请17天了，没任何进展，也没地方投诉。
2020款金色,128G WLAN版【标配】,1,刚收到货迫不及待的来看剧，看着看着发现内屏有一粒灰尘，联系客服也没解决，就说让我自己找售后，这是本身质量问题为什么要我自己找？烦
2020款金色,128G WLAN版【标配】,1,东西假的很，还不让退货
2020款金色,128G WLAN版【标配】,1,物流太慢，发票一直不给
2020款金色,128G WLAN版【标配】,1,个人认为：比官网贵真的就是过份了，真不是那几十块钱的事
2020款金色,128G WLAN版【标配】,1,一打开就包装里面有几个灰尘颗粒，望大家谨慎在这家店购买。
2020款金色,128G WLAN版【标配】,1,太@了，#商家。
2020款金色,128G WLAN版【标配】,1,很不愉快的一次购物，店家服务态度最差，啥也不说了，看看这么多差评你懂的！
2020款金色,128G WLAN版【标配】,1,买电子产品还是要在京东直营店有保障，第三方价格没保障且不说，服务还不好，一拖再拖避而不答，要求给五星好评才解决客户问题，本来就购物体验很糟糕了，又怎么给得了五星好评呢，很糟糕的一次购物体验
2020款金色,128G WLAN版【标配】,1,垃圾店铺，
2020款金色,128G WLAN版【标配】,1,外放就有杂音滋滋滋，影响我心情，购物体验太差了，还要自己去售后，烦人。
2020款金色,128G WLAN版【标配】,1,物流显示24号可以送到，结果在我一直催促下和投诉的情况下，25号晚上给我送到了，打电话给客服说怎么还不送，说会给我处理，到后来直接和我说他也无法处理，东西没问题，但是京东快递真坑，还不如普通快递呢
2020款金色,128G WLAN版【标配】,1,特别差的一次购物体验 在明确表示没有拆包装 没有激活的情况下 客服说查过确认已经激活，明摆着是子虚乌有的事情，找各种理由不给退款，直到联系京东官方售后，才给解决，不要在这家店铺购买，别上当受骗
2020款金色,128G WLAN版【标配】,1,"声音不纯不咋好
轻薄程度：轻薄
我怀疑他们欺骗消费者
当时说的20款有定制笔和蓝牙耳机结果什么也没
换家再买吧
就是一裸机"
2020款金色,128G WLAN版【标配】,1,买IPAD一定要买自营， 买IPAD一定要买自营，买IPAD一定要买自营，重要的事情说三遍，宁可多等等也不要买这种第三方的店铺，自营和第三方的去别是自营如果有售后，立刻就处理，第三方，例如这家店如果收到货没有问题那是消费者的运气，但是如果有售后，真是百般阻挠，万般推卸，这种店铺可能到现在真是奇迹，奉劝给一句，不要买他家的东西，一定要在自营买
2020款金色,128G WLAN版【标配】,1,屏幕有杂质，看着很不舒服，想退换和我说拆开了不能退换，这不是在扯淡啊，不拆开咋知道有问题，还说要退要出检测报告，跑了一天专卖店，说这种出不检测报告，这不是明显@，以前还相信京东，现在感觉和~一个样。
2020款金色,128G WLAN版【标配】,1,挺差劲的，没看好不是自营的，还没一个月了就经常不出声音，我都怀疑买到了假的，不过店铺给了发票，还没拿去修，不管谁买了一个月坏了都会很失望的，就买来给孩子玩的，没想到这么差劲，链接产品都改了，有点此地无银三百两的感觉
2020款金色,128G WLAN版【标配】,1,东西今天刚收到还没开封，说说这家的发货速度吧 11号0点下单 今天18号才到货 中间我催促了无数次 客服一直说在处理中在安排中 14号我问 他们说昨天已经安排了 等待物流刷新就可以了 结果第二天我看物流还没刷新就问他们家客服 他们就回答说仓库没货了 我说没货了你也不主动告诉我 还是我自己主动找你 等了好几天你来一句没货了 还你昨天说什么等物流更新 已经安排了呢 结果还是一直重复那几句 复制粘贴的那几句说辞 16号我又问 还是回答在等机器入库 意思是没货了 百般无奈之下投诉到京东客服那 客服介入交易那天 他们才主动打电话说承诺今天一定发货 还是会哭的孩子才有奶吃？我也不知道其他客户今天收到货没有 如果看到这条 不要相信他们客服说的 直接去京东 客户服务 发起纠纷 等待京东平台客服介入。 今天送货也未经允许把平板这么重要的东西放到京东派 外包装就一个纸盒子 里面填充物也很少。
2020款金色,128G WLAN版【标配】,1,二手机当新机卖！3月12日购买的机器，拿回来查询已在2月份激活了！而且明明是2月激活的，而我在官网查询的保修日期也是2月份，然后投诉到京东，京东给的答复是商家提供的是保修到3月份的！投诉无门！不要受骗了，咨询过官网客服，机器出现一两天的误差是有可能的，一个月是不可能的！商家不承认，京东也支持商家，认为我的查询是无效的，是证据不足！一定不要受骗！一定！相互包庇没法说理！京东认可商家，消费者就得认！作为一个消费者，没必要撒谎，对我没有什么好处，发出来大家自己看吧！
2020款金色,128G WLAN版【标配】,1,#才用了没几天屏幕就失灵了
2020款金色,128G WLAN版【标配】,1,我第一次在京东上破口大骂，想着京东上面买的东西应该挺靠谱的，毕竟京东这么大的一个购物平台，即使不是自营的店铺，那毕竟也是京东给负责的，这个ipad好不好用咱不说，就这个售后处理真****，我当时购买的是金色的，然后好几天不发货，我问客服客服给我说目前金色的需要调货什么时候有还不知道，他让我换成灰色的，我就换了，换了颜色又等3天才到的，另外我看了那个激活码，我是11月17号签收的，但是我在苹果官网上搜了一下保修日期到2021年11.16日，我也不知道这个是不是翻新机，还没去验机呢，但是我让他们给我开了发票，我收到发票后上面写的是金色的，我想着后期如果维修啥的是不是会有别的影响，然后我让他给我重新开一张发票让他给我改成灰色的，客服当天就说好的给我重新补发一张，第二天让我把发票退回去，我说收到当天和客服说好后就撕掉了，客服又没说啥，到了后面几天给我发发票撕掉了，不能补发让我自己承担风险，我第一次网上买，我怎么知道不能撕掉，当天又没有和我说，现在他们就是不想给我补发发票，然后就一直推脱责任，第一次遇到这么**的商家和客服，千万别买，买前把你当爷爷，买后你得把他们当爷爷
