2020款 金色,128G ( 官 方 标 配 ),1,才买几天就降价几十，还没有保价
2020款 金色,128G ( 官 方 标 配 ),1,价格多花了十元，也没有优惠活动。
2020款 金色,128G ( 官 方 标 配 ),1,屏幕效果：屏幕不到一个月出现亮点
2020款 金色,128G ( 官 方 标 配 ),1,一个月不到就降价一百多，还不给保价，厉害了。。。
2020款 金色,128G ( 官 方 标 配 ),1,外观材质：有磕碰
2020款 金色,128G ( 官 方 标 配 ),1,快递包装盒好好的，平板盒子这样了，发货之前就给发个破损的
2020款 金色,128G ( 官 方 标 配 ),1,第三方的就是不能买，没有信誉
2020款 金色,128G ( 官 方 标 配 ),1,不给开发票，屏幕看视频停顿会有闪烁，推脱不开发票。
2020款 金色,128G ( 官 方 标 配 ),1,就这样 客服态度委婉
2020款 金色,128G ( 官 方 标 配 ),1,客服挺烂的
2020款 金色,128G ( 官 方 标 配 ),1,没到手几天就降价，不补差价，尽量不要在京东的第三方买吧，京东也不是唯一选择了
2020款 金色,128G ( 官 方 标 配 ),1,买回来还不到一个月的时间，就降价了，还说什么不保价，不推荐购买
2020款 金色,128G ( 官 方 标 配 ),1,买了不到一个月，第一次把电用到25%时充电就充不了，啥质量啊
2020款 金色,128G ( 官 方 标 配 ),1,客服态度差，问他为什么活动会越来越贵，不但不回答，还嘲讽我。快递也不快。赠品啥的一个没有。
2020款 金色,128G ( 官 方 标 配 ),1,"店家售后的处理一般，买完东西就这个样子，我服了
一买到机子就有瑕疵"
2020款 金色,128G ( 官 方 标 配 ),1,屏幕大。但是没啥用。因为只有中间显示。上面和下面都是黑的
2020款 金色,128G ( 官 方 标 配 ),1,有点意思，买了一个月，没用两次，开不开机了，需要返厂维修。
2020款 金色,128G ( 官 方 标 配 ),1,商家服务态度 差！处理速度 慢！如果要送人之类的别在这买，因为你不知道送过来的是否完好，不会帮你与物流协商包装问题，只会说这就是物流弄的，与我们无关并且回你几个表情敷衍你。在这买只会影响你的好心情，信不信你自己决定，一个字黑 &mdash;&mdash; 来自在他家消费了6000元的老用户忠告 别买！
2020款 金色,128G ( 官 方 标 配 ),1,快递员态度太差，送快递敷衍。还不想送货上门。
2020款 金色,128G ( 官 方 标 配 ),1,用了不到一个月就坏了，残次品太多
2020款 金色,128G ( 官 方 标 配 ),1,这降价也太快了。。。
2020款 金色,128G ( 官 方 标 配 ),1,刚买的就坏，现在售后，还不给维修，假货，
2020款 金色,128G ( 官 方 标 配 ),1,差评，降价也太快了，下单到收到货三天时间就降价几百块
2020款 金色,128G ( 官 方 标 配 ),1,开票非常慢
2020款 金色,128G ( 官 方 标 配 ),1,垃圾不让退货
2020款 金色,128G ( 官 方 标 配 ),1,用几天iPad 声音就有问题，质量也太差了，难道返修
2020款 金色,128G ( 官 方 标 配 ),1,差的要死、买完货还没收到呢就降价、回来第三天就卡死了，要不是孩的学习用真不该从这里买，后悔的要死
2020款 金色,128G ( 官 方 标 配 ),1,太垃圾了。。。。。。zzzzzz
2020款 金色,128G ( 官 方 标 配 ),1,价格浮动太厉害，买了没几天就降价了，商家也不处理。体验太差，以后不会再光顾。没下次。
2020款 金色,128G ( 官 方 标 配 ),1,差评，买之前说有赠品，电脑到家赠品就跟着发货，结果买完了，告诉我没有赠品，还换着客服敷衍我
2020款 金色,128G ( 官 方 标 配 ),1,一定要差评他家！保价返款的时候就降价了50元！商家按我还没收到货的时候掉的价格反！我拍的时候3189！还没收到货3169！收到货不到24小时3139！只给我反了20元！
2020款 金色,128G ( 官 方 标 配 ),1,本来感觉挺不错  出现个小黑点 我也没太当回事 不影响用 我去问客服 他就开始拖  之前随叫随到 买给你之后就开始拖 就因为这点本来不生气也被他气到了
2020款 金色,128G ( 官 方 标 配 ),1,商品无误，2021年1月4号到货，五号就便宜了，4号3169五号3099一天便宜几十块。无所谓，关键是找客服反应客服居然回避。貌似口吐芬芳了，因为客服撤回速度太快只看到撒啥啥的。垃圾店家
2020款 金色,128G ( 官 方 标 配 ),1,一时照相机不能用需要重启才好，然后视频总黑屏也是需要重启才好，动不动就是需要重启，哪有电子产品总需要重启的啊！用的烦！
2020款 金色,128G ( 官 方 标 配 ),1,好牛逼的客户，上来一句就是，不能退货，昨天刚下单，今天刚拿到，中间黑团说是虚拟背景。也许是从没接触过，不知道，有没有类似的。比起淘宝，天猫，京东上的卖家服务不得不说非常牛逼。不要相信什么无理由退货，这T M是对你付钱前。
2020款 金色,128G ( 官 方 标 配 ),1,使用了大概三四天，没征兆的突然卡了，关机关不了，按啥都没反应！慎入&hellip;&hellip;要不是官方没货了，绝对不会找这种店铺来购买&hellip;&hellip;吃一堑长一智
2020款 金色,128G ( 官 方 标 配 ),1,我真的觉得奇怪，这个新机，我收到100的电，我就下载几个软件就烫的不行，耗电快，我都没连续玩儿，都没连续几个小时玩，都是玩个20分钟就不敢玩儿。耗电太快了，一直发烫。今天中午收到的，就冲了一次电10点过充了97的没玩儿多久又是发烫的电只有70了无语啊！这个不正常吧问客服客服让我清理后台，最后不鸟我了
2020款 金色,128G ( 官 方 标 配 ),1,才买了十几天，声音按键就坏了，平常除了孩子上课其余都是收起来的，总共用的时间加起来半天时间都没有，关键是按键，音量调好后基本不怎么触碰的健居然坏了，这难道不是质量问题吗？虽然可以修好，但是刚买的东西就要去维修吗？对于我们消费者来说公平吗？
2020款 金色,128G ( 官 方 标 配 ),1,我是2020年12月15号买的，看着商品还合适就下单了，快递很快，收到后，教家里老人配置好后开始使用，因刚开始不会用，只下了微信聊天，过了一周后我们给下载了腾讯视频观看电影时，外放有爆破音，可以观看下面视频，和店家沟通，店家说让拿去苹果官方检测，并且不承认自己商品问题，于是没办法，只能从老家寄到北京去检测，检测后我的机器被返厂，经过了三周的等待，今天pad寄回来了，被官方换了个新机，被告知之前的机子有问题，怀疑之前的机子是翻新机。本人就是一个打工人，快过节了给老家父母买个pad娱乐，结果遇到这么个事，希望大家在他家买东西之前擦亮眼睛，不要再步我的后尘，这是最差的一次京东购物体验
2020款 金色,128G ( 官 方 标 配 ),1,这店#到我了，到手第二天降价。大家建议多等等吧，我3249买的，最~是3000，高出这个价入手，恭喜你们交智商税了，我已经先交为敬。吐了
2020款 金色,128G ( 官 方 标 配 ),1,杂音有点重，打~语音或者是打游戏。就跟在火车轨道一样，回音也比较重。我一开始还以为是耳机问题，结果换了4/5条耳机了。还是同样的效果，联系客户，他叫我拿去修？
