2020款 深空灰色,128G ( 官 方 标 配 ),3,东西是好的，就是没懂为啥还比官网正常价格贵200
2020款 深空灰色,128G ( 官 方 标 配 ),3,买完就降价可还行，大数据杀熟针不戳?
2020款 深空灰色,128G ( 官 方 标 配 ),3,线是坏的，充不上电，我又花了149买了一根
2020款 深空灰色,128G ( 官 方 标 配 ),2,卖了才给我说键盘，壳膜要配套买，补还不允许
2020款 深空灰色,128G ( 官 方 标 配 ),3,刚买没几天就降价了，如果不急还是建议去官网购买，这里不保价，加价也没有任何礼品赠送
2020款 深空灰色,128G ( 官 方 标 配 ),2,使用起来大部分都可以，就是屏幕上有到杠。杠买来的时候天气挺冷，以为是冻得，但过了一周多还有。
2020款 深空灰色,128G ( 官 方 标 配 ),2,很不好的，一次购物体验，问题百出，客服的态度很好，但并不能解决问题，可能是自己的原因，有些强迫症，都是些小毛病，不影响使用，还是建议实体店购买吧，有什么不对的地方可以马上发现，并且可以迅速解决。
2020款 深空灰色,128G ( 官 方 标 配 ),3,太沉了
2020款 深空灰色,128G ( 官 方 标 配 ),2,就是一买完就降价差价一百多，客服处理问题一点都不满意，很不喜欢
2020款 深空灰色,128G ( 官 方 标 配 ),3,其他都还好，就是屏幕有点不好用
2020款 深空灰色,128G ( 官 方 标 配 ),3,还可以
2020款 深空灰色,128G ( 官 方 标 配 ),3,客服果然是人间真实，购买前顾客是爸爸，购买后顾客是#。好傲娇的客服，厉害了。
