红色,128GB,1,下单等了半个月才发货，呵呵
红色,128GB,1,这个信号真的差死了，后悔
红色,128GB,1,不用苹果了以后
红色,128GB,1,打电话有电流声
红色,128GB,1,发货不及时，不投诉都不发货
红色,128GB,1,刚刚查到有激活过还是半年前
红色,128GB,1,打开发现磕碰，掉漆现象。***不是白叫的
红色,128GB,1,雙11買的。結果比現在1125的價格貴快100？
红色,128GB,1,个人认为不是原厂包装，包装被打开过。请各位给掌掌眼。
红色,128GB,1,比**平台贵了160 感觉血亏
红色,128GB,1,6月8日商品购买时打着618标签，结果618日当天手机价格又下降了200元，同活动不同价，误导消费者。
红色,128GB,1,买的时候可以保价，降价了居然不让申请！！！
红色,128GB,1,静音键松动，作为消费者无法接受
红色,128GB,1,无法激活。耐心等待客服回复中。
红色,128GB,1,充电时，机壳有发麻的情况，难道是翻新机？！
红色,128GB,1,减价算快了，一个月降价400元
红色,128GB,1,买完就掉价，同样是618活动，价格都不一样，别说什么7天保价，想笑
红色,128GB,1,sim卡使用过程中不断报告未安装
红色,128GB,1,质量有问题，喇叭是坏的
红色,128GB,1,根本不能播放视频13小时（充一次电）
红色,128GB,1,六一买的，朋友16号买的直接少了300块
红色,128GB,1,买了没两天就掉价200大洋，强烈要求618维价
红色,128GB,1,买来几天等价格保护过了就降价，以后不会京东买了
红色,128GB,1,没想到质量不怎么好，尤其是客服极差
红色,128GB,1,屏幕音效：特差
红色,128GB,1,才买半个月降价三百，**
红色,128GB,1,用了不到一个月白苹果了，笑死我了
红色,128GB,1,买了几天就降价了！！
红色,128GB,1,手感不行  反应也不好
红色,128GB,1,店大欺客！！
红色,128GB,1,双十一买3400，昨天11月23日满三千减五百，今天11月24日满三千减四百，呵呵
红色,128GB,1,更新那个iCloud设置，更新半小时，跟NT似的
红色,128GB,1,不是吧？啊sir！3799买完就3399啦？
红色,128GB,1,电池不耐用，
红色,128GB,1,机子有问题不解决不要买他家手机
红色,128GB,1,待机时间：待机时间差
红色,128GB,1,通话时电池发热，且待机时间不到8小时。
红色,128GB,1,触屏坏了才用了一个月
红色,128GB,1,刚买完3499  现在立马就3299了   一股的气
红色,128GB,1,屏幕已经碎了  一碰就碎
红色,128GB,1,亏了400元.
红色,128GB,1,降价很快
红色,128GB,1,新的 更新系统后开不开机了
红色,128GB,1,其他特色：这手机特色就是，买回家必须刷机一次才能用!实测
红色,128GB,1,"拍照效果：还可以
外形外观：不好说是不是正品，外观什么的做工不是很精致"
红色,128GB,1,上网慢，耗电快，发票是广东晶东贸易有限公司的。为什么
红色,128GB,1,不建议买 贼卡 如果不是因为激活后不能退货  早退了 以后脱粉苹果了 买国产机  京东买东西除了到货快 其他优点真找不到了
红色,128GB,1,待机时间：不介意待机时长的可以选择?其他都挺好，客服态度很好，但是回复消息是真慢，等待十分钟，回复一小条?
红色,128GB,1,一个月不到，便宜300，
红色,128GB,1,蓝牙连接有问题，尝试了好多设备，都连不上
红色,128GB,1,这手机真差，要买的需要谨慎，我的手机用了几天电池寿命就少了，
红色,128GB,1,用了10天不到，变成这个样子，退货叫我弄点ld，我都点不动，我弄**啊**京东
红色,128GB,1,2月20号买的，3月2号才发货，然而我买的时候啥赠品也没有。现在不止有蓝牙耳机赠品，还有60的优惠劵。
红色,128GB,1,电流声听筒，触摸屏不灵敏！！！
红色,128GB,1,手机才半个月就跳屏，打开手机摄像，有杂音。
红色,128GB,1,打电话杂音，语音杂音，信号不好
红色,128GB,1,手机买到没一个月，闪退，黑屏，按键不灵，是翻新机吗？
红色,128GB,1,机子上屏幕上膜有灰尘气泡出现，你说这机子原装未拆我不信！苹果品控都这样了吗
红色,128GB,1,触摸不响应，运行程序不响应，返回检测哈哈查不出问题，迟迟不给处理，
红色,128GB,1,听筒有问题！！！！！！！！
红色,128GB,1,用了没几天，充电有时候没反应，售后一周检测说没问题，回来还是一样，说自己线下再检测，有问题联系。有视频，人家不认可
红色,128GB,1,一分价钱一分货，感觉摄像效果及屏幕色彩，和6s没法比，差一截，先凑活着用吧。
红色,128GB,1,通话有电流声，拨号码破音。以换货，受理中
红色,128GB,1,东西是好东西，京东辣鸡，几十万京享值，几年老会员，会员都不给来，老用户与狗不得参与！！！
红色,128GB,1,不要相信什么直播下单送一年延保，你加了他们微信。你会发现对面是个死人。**。
红色,128GB,1,看了一眼就变二手了？？没激活都不给退货？枉我这么多年，电器都在京东买的了。我又不是不买，退货换个别的都不行？
红色,128GB,1,"外形外观：和iphone8一模一样
屏幕音效：同上
待机时间：比较短"
红色,128GB,1,关注好久了最后决定拿下它知道他的缺点就是掉电快，但是没想到掉这么快哎    除了费电别的没毛病    凑合用吧
红色,128GB,1,运行速度：偶尔触屏没反应，上下左右滑动没反应，什么情况，已申请换货，实在不行退货！
红色,128GB,1,24号说发货，一直拖。20号交钱预订，下月5号才发货。扯呢。一个手机买了，半个月不发货，一问就是没货。没货别说什么时间有啊？时间点改三回
红色,128GB,1,左边屏幕有黑色阴影，今天刚开机，两台机器，白色没问题，红色有问题，不是脏和角度问题
红色,128GB,1,看看有水印吧！仔细看了之后现在是两处水印。女售后服务太差劲，男售后不错。但总感觉这手机水印让人不舒服，其他手机问题懒的发照片了。好想退了，买华为。
红色,128GB,1,"待机时间：电池不耐用，早上八点充满电，到了下午 1 点左右只剩百分之四十的电，就是看了一集40分钟的电视，其余时间都是放在抽屉里。
屏幕音效：触屏不是很灵，反应有点慢，有时候点好几下都点不开！
外形外观：手感还不错
拍照效果：拍照效果很好"
红色,128GB,1,"外形外观：屏幕比想象中的要小，用惯了大屏的人会不习惯
拍照效果：慢动作只能在光线好的地方拍，不然会闪屏
其他特色：保值换新服务简直就是骗人，我4.17预售的第一天就买了结果问客服说我不包含保值换新的服务，预售的时候不说清楚，这个是要指定时间抢购的
包装拿到的时候就是烂的，还有激活的时候显示已经被机器已经被创建过了，不知道是不是翻新的手机比较担心，后续使用过程中要是还有什么问题我会在补充"
红色,128GB,1,续航能力太差劲，不想多说一句话，垃圾
红色,128GB,1,"信号超级差、差的太厉害了，都不如我6s,烂手机买的真后悔"
红色,128GB,1,客服服务态度差！手机真辣鸡
红色,128GB,1,一个星期就降价100块，太坑了吧
红色,128GB,1,主要是发货太慢了，手机跟7差不多
红色,128GB,1,发烫严重，我怀疑买到假的
红色,128GB,1,这降价也太快了吧，刚过两天就便宜200
红色,128GB,1,饥饿营销 电池太差
红色,128GB,1,刚到手10天就又降200.气死我了
红色,128GB,1,差评差评差评差评差评，拆了外包装不给退货
红色,128GB,1,开不了机，快递员还不执行退货申请，差评
红色,128GB,1,差评，以后再也不在京东买东西了。客服也超级差评。。。
红色,128GB,1,我朋友买的送蓝牙耳机，我怎么没送，差评
红色,128GB,1,超级超级差的体验，京东太让人失望
红色,128GB,1,才买9天就降价300 差评！充电感觉发热还挺厉害的！
红色,128GB,1,买完就降价，赔了500，以后真不能再用京东了！
红色,128GB,1,"待机时间：短
运行速度：手机连续2天死机卡，崩溃"
红色,128GB,1,买完就降价，极度差评
红色,128GB,1,新买的电池就不行，不给退也不给换，最后一次购物了
红色,128GB,1,se听筒通话噪音非常大
红色,128GB,1,刚买几天就搞活动降价，体验非常好&hellip;&hellip;，保价各种坑
红色,128GB,1,"待机时间：太差
其他特色：充电发热，烫的很。都不敢用了。"
红色,128GB,1,最差的一次网购，推迟半个月发货，赠品不合理，沟通无果，不讲道理。最差评分，0分。
红色,128GB,1,手感很差，发热严重，大家谨慎选购吧
红色,128GB,1,手机电池不耐用，半天就没电了，很容易发烫
红色,128GB,1,下单第二天到，未激活不给退官方太坑了，那还说七天无理由退货。再也不在京东买东西
红色,128GB,1,不好用，反应慢，垃圾
红色,128GB,1,我只能说这是我网购以来最不开心的一次。4月23号下单。5月5号发货，5月6号才收到。
红色,128GB,1,待机时间：超级短。垃圾手机。一天要充两次电 我也是服了
红色,128GB,1,买回来还没用呢就降价那么厉害，找客服办理价保，就这态度，差的要死，
红色,128GB,1,售后太差了，一直找不到人，充电器寄的是一个坏的，一直不解决这个问题。
红色,128GB,1,屏幕音效：屏幕亮度不够，耗电太快，充电严重发烫
红色,128GB,1,网络非常差，偶尔无法充电，劝大家千万不要买，买就后悔！！！
红色,128GB,1,这次购买非常失望，没想到买到有瑕疵的产品，不敢相信这家的产品了
红色,128GB,1,垃圾玩意，刚到货还没激活退格键就不好使，建议大家谨慎购买。
红色,128GB,1,非常不好的一次购买体验，同款手机有两个链接，一个直播的，一个普通多，价格相差一百多
红色,128GB,1,京东太可恨了！明明说的618全程保价我才买的，结果到了618当天又降了200，太他酿的@了，猪一样的京东。
红色,128GB,1,差评一星都不想给，买的新手机保修时间只有半年，感觉是别人退回来的手机，不应该是一年吗，客服全**机器人，永远不回复，必须差评
红色,128GB,1,老婆不喜欢&hellip;闲屏幕太小了。想退货，又拆开了&hellip;&hellip;&hellip;不高兴
红色,128GB,1,新买的手机开箱两个小时就死机了，我还能说什么，售后打电话说没有问题原路退回，**玩意
红色,128GB,1,你们也太狠了吧，短短10天居然又降了好几百，618活动期间能有这么大的差距？
红色,128GB,1,买了才一个月就掉价，还不支持保价，服！手机信号贼差，英特尔的基带果然不能信，王者一直一百多延迟&hellip;
红色,128GB,1,当天买了，有赠送耳机，我说退掉重新买，客服说到了货后可以补发，结果货到了，签收完，赠送的耳机不给补发了！骗人玩吗？？？
红色,128GB,1,部分app无法设置网络权限，联系京东，不能更换新手机，请大家慎买
红色,128GB,1,屏幕音效：听所有来电话的人声音太小！调最大了，还是特别小！
红色,128GB,1,双十一买的iPhone se 价格3399，今天一看价格降到3299，不知道什么原因，降价也太快了，一查保价到11月19日 ，11月20日就降价。
红色,128GB,1,"待机时间：差
外形外观：小
屏幕音效：差
拍照效果：还好
运行速度：费电垃圾."
红色,128GB,1,商品收到后无法开机，换货说还得等到取回商品工程师验证后才能补发，3-7天。太失望了，直接退货了！大家慎买。。。
红色,128GB,1,其他特色：垃圾调配系统，发货超慢，**都次日达，京东要用一个星期。。。
红色,128GB,1,早买一天就损失200，2部手机一共损失400，价保由于是优惠券申请不了，**，我**
红色,128GB,1,还没用，2月16号订单，3月2号还没发货，2号重新下单，3号立马收到货了，真是没天理了
红色,128GB,1,京东都是**，说的给保价了，结果不给保，有赠品了，结果啥也么有收到
红色,128GB,1,同是618活动期间买的！才几天就降价了！玩大家的么？？电池真不耐用，超出想象！！
红色,128GB,1,买了没几天就降价200元  欺骗消费者权益  太垃圾了
红色,128GB,1,新手机无法开机要求换货，却被告知检测无问题，必须愿返，找京东客服投诉多天也是无果，目前已投诉到12315平台
红色,128GB,1,差评！差评！差评！超级差劲的一个手机，各种小问题我也是醉了，不建议购买
红色,128GB,1,标签感觉被人撕开过，问卖家，卖家说是运输过程中震开的，骗谁呢！
红色,128GB,1,真是**，商家严重欺骗消费者，买了几天又降价了两百，还不给补差价，严重不合理，请大家谨慎购买
红色,128GB,1,再也不会用京东了！！！短短几天就降价400!保价也太坑了，谁买了后还天天盯7天有没有降价！体验太差！
红色,128GB,1,"买完后7天内降了两百，明明记得贵公司口口声声宣传618期间是保价的，所以当时直接买了。
结果客服发了一堆规则过来说商品不参与保价，还不支持7天无理由退货。懒得麻烦了，以后电子产品尽量还是去友商买。"
红色,128GB,1,其他特色：所谓手机日买的结果618又降价了，感觉存在虚假营销。同时手机的耗电量非常快，严重怀疑买到了翻新机。
红色,128GB,1,****购买，打着提前618口号，结果真的618到了还便宜一百。，还只保价一周，刚好过了时间，套路太深
红色,128GB,1,才买了一天！！！！！！！！！立刻降价！！！！！联系客服估计都是机器人不理睬！是朋友推荐来京东自营买的，第一次这样的体验！对京东自营没有好感了！今天气到发朋友圈！辣鸡！
红色,128GB,1,手机到手一个礼拜这样，昨天买了个风扇，看到手机降价了，跟我朋友说，帮他买的手机降价了，我朋友说可以申请保价，找客服，跟我说保价时间过了，不能申请保价了，降价有保价，京东也没有发信息让申请保价，用京东这么多年，我今天才知道还可以申请保价，用京东真的是越来越失望了，
红色,128GB,1,网购10几年来，第一次给出的差评，京东保价618骗局，6月1号凌晨买的时候页面上写了大大的保价618，今天凌晨拍下只要3199，找了客服保价，凌晨给了订单号之后一直说在查询，一个小时后又让我给订单号帮我查询，瞬间火大怼了客服，客服一开始说不行后来又说是她弄错了已经帮我申请了让我等待审核结果，今天早上另外一个客服又说过了保价期，果然一家的**，害我还推荐妹妹也买了，6月1号到现在陆陆续续剁了不少手，以后不会专宠京东了，也不会推荐朋友京东了，太**的坑
红色,128GB,1,奉劝大家千万别买，买了绝对后悔，服务差到极点，还有有色差，各种都很差，下单了就不可以退，卖不出去了强加给顾客的，下单了都会后悔！
红色,128GB,1,如果没有一星。我会打无星。手机用了一上午就烫的厉害 问客服说发热正常、现在退又退不了 真糟心
红色,128GB,1,10月28号买的3799，11.1今天降价200再送200卷，少了400啊，申请价格保护只退了200元，不是应该退400的吗，差评差评
红色,128GB,1,没别的意思，手机本身挺好的。买完两天出活动降价，一没通知二没推送，差一天硬生生卡死了价保。就很迷京东这规定，我买完了东西就还得再每天回过来看呗？
红色,128GB,1,5月6号买的，22号就频繁死机，连关机都关不了。怀疑买到翻新机。售后说只能维修，说什么接受维修的话给我送京豆，我要你京豆干嘛？难怪别人都说京东就是假货大卖场，真是见鬼
红色,128GB,1,其他特色：在京东最差的一次购物体验，售后人员竟然理直气壮的回复拆开包装不支持七天无理由，多次毫无理由的驳回我的退货申请，这和强卖强卖有什么区别？
红色,128GB,1,差评，7天无理由退货旗号喊的不赖，当天收到拆开看了不喜欢，申请退货磨磨唧唧，还拆封了不给退，我不拆封我知道你邮寄的是不是翔，净丢京东的人。
红色,128GB,1,很不爽，预售订的货，直到5月7号才收到货，中途找客服一点用都没有，都是预售定的货别人4月26号就用上了，现在京东自营都是大爷
红色,128GB,1,"屏幕音效：差
拍照效果：模糊
待机时间：短
外形外观：不好看
其他特色：差
运行速度：很慢"
红色,128GB,1,"很早就定了手机，我看评价别人比我晚很多天买的都早早收到货，我这边缺等了半个多月。
手机一般，老婆指定要的。"
红色,128GB,1,垃圾东西千万别买，感觉像是用过的。手机反应特别慢。联系客服不给退货。换都不给换。客服打电话让我寄回去返修。修好了再邮过来。只能自认倒霉。3000多买个垃圾。
红色,128GB,1,电池不耐用，充电不好使，反应不灵敏，很鸡肋的一款机子，苹果要衰落了
红色,128GB,1,插入耳机后出现无法拨打电话，给个检查单说没问题。用户买个手机使用有问题还不能退了！！！客服根本解决不了啥问题，对京东越来越失望。
红色,128GB,1,差评 差评 差评  差评     谁买谁后悔 这就是一窝**  收到看了一眼  就是拆开包装了  我不知道谁买还不看一眼  东西好不好你就得要了  因为钱到了他们手上 就不想退了 最后回电话说如果你答应不退货送给你100块钱的什么豆  可以在京东买抵扣   我呸  我不知道他们的评价几十万是花了多少钱刷出来的
红色,128GB,1,"为什么最少也得选1个星？不值！
手机到货后把手机原有的电量用完，当晚充满电，第二天早上6点左右开机，中午12点多的电量已经只要这么多了。
用了不到一周就降价，客服说没有做保价申请，算了吧！"
红色,128GB,1,开抢3秒买的换修无忧，应该手速很快的，连换修无忧服务都吃了我，100%以旧换新肯定也吃了！今天客服发电话让我按流程去补办连商品都没有根本没法点出来，乱来！从来在京东买东西这么久都不写评价的这次实在是太不满意了！
红色,128GB,1,外包装上有标签被撕掉的痕迹，京东的标签贴的也有问题，很轻松就把塑封带标签完整的拿下来了，问客服为什么有标签被撕掉的痕迹客服说是快递磕碰我也是无语了，快递磕碰能弄出这种效果？客服给不出合理的解释，发货很慢，快递员送货的时候也没说要提货码，不知道是不是翻车了
红色,128GB,1,我前天下单，昨天收到苹果京东自营旗舰店的se和无线耳机套餐，套餐中手机价格为3799，耳机优惠后是749。收货后发现手机降至3599，套餐价格未变。我的耳机的价格变成了949。无法申请补差价，因为套餐的价格并未调整。申请特事处理也说抱歉。请购买手机耳机套餐的朋友注意这个坑。
红色,128GB,1,京东太坑了，6月1号买的，竟然不支持618保价，辣鸡，买的时候考虑到京东可以保价，就没有考虑其他平台的。没想到，还是失望
红色,128GB,1,京东买东西越来越垃圾了，4月21日下单，然后系统通知4月24日到货。等到4月24日，还是备货状态，电话客服说是4月30日到货。等4月30日还是备货状态，期间各种找借口推脱。要求进行延期交货赔付，只说最高50元赔付，然后再问具体到货时间，说不知道，京东自动回复变成5月3日到货，电话给客服说5月10日还没货的话再联系。最后5月4日到货，延期多次，不知道京东对商家30%延期赔付和自营最高50元的双标赔付是否合法！最后答应5月6日进行赔付，到了5月8日赔付才到账一半！一个赔付延期然后都要分期付款，最垃圾的购物体验！不知道伴随着的全额抵扣下一代iPhone服务到时候还会有什么坑！
红色,128GB,1,手机还没过10天就接受不了信号，质保和品控太差了，售后也太慢了，耽误太多事了，兄弟们顶我上去，谨慎购买
红色,128GB,1,我是非常少评价的，这次体验感，极差 手机买回来 打电话有沙沙的声音，京东换了还是如此。
红色,128GB,1,用手机注册新ID，提示该机已创建过多ID，请联系苹果公司解决，这是一手钱买二手货的节奏吗？4月上的机这么快就有问题，京东你转了几手了
红色,128GB,1,差评，手机有问题，不退也不换，也没有电话回访，手机就还不知道在那，也找不到联系人，我再也不会来买手机了，??????
红色,128GB,1,6.7号签收128g红色，6.16又便宜了200，劝买的人慎重，同一个618活动，都能两种价格，我就服这种操作，618前期买的人都是韭菜是么？？？问个售后，人话就  没有  这两个字，厉害。
红色,128GB,1,耗电非常快，检修客服说没有问题，不给退换，充电头用了不到一周就坏了，体验度极差。
红色,128GB,1,手机充电有问题 回声特别大 客服爱理不理的 竟然以这款手机不怎么买了为借口推脱责任 我都无语了
红色,128GB,1,手机耗电，买回来的充电器都未用居然就是坏的，联系客户居然又甩球叫我自己找售后，你们内部的事情就不能内部处理好吗？申请售后还审核，下订单的时候怎么不来人审核一下，体验极差，不建议再买。
红色,128GB,1,好垃圾呀，手机语音有重音，买了不到10天就返厂，告诉我没有问题有原装寄回，现在还是一样的问题，又重音！！！
红色,128GB,1,大家千万别买这家手机，信用购是骗人的，我搞了398套餐，竟然每个月还要我分期还钱，问厂家，问移动，问京东都在推皮球，都不给我解决，都说不知道，我在这里强烈投诉！大家千万别买！！！！！！京东，移动，还有厂家合伙骗我钱！
红色,128GB,1,完全被骗了，说是以旧换新估的是600最后手机到了只给低200完全是**行为，手机续航不行，满满的塑料感，大家不要相信，手机买了之后售后就不管了，垃圾中的战斗机
红色,128GB,1,赠送的东西问过去，有没有兑换代码？怎么使用？客服**跟死人一样机械，就是复制、粘贴、发送一些没用的，操......
红色,128GB,1,买了2部se，有一部没怎么用，一部今天用了2个小时电量直接掉到百分之30，打客服说是厂家具有权**，顾客自己肉眼看的不准确，没有权**，决定自己检测，太差了
红色,128GB,1,买了一个月不到，出现死机，重装系统不行，说是主板问题了，花个几千就这质量了，就让修，很不爽
红色,128GB,1,产品详情里写 充满电能播放视频13 小时：是骗人的还是我的手机有质量问题?，只用半天就快没电了好吧
红色,128GB,1,差评差评差评，服务态度非常差，手机单到货当天，发现手机有问题，不给换说我拆了就不能换，废话我不打开包裹我怎么知道手机有问题，还说我打开了就不能换了，没有这么无理的商家，**商家，真的非常生气，大家别他们家东西
红色,128GB,1,2月12日预售，说24号发货，24号到期，还欺骗我说已经发货，物流会更新，结果追问后才说没货，等到3月3日才发货，欺骗消费者，手机电池也垃圾，没看视频也就只能用一天，建议大家不要买
红色,128GB,1,待机时间：电用的非常快！电池太小了、而且SE掉价非常快，不到一个月降了好几百！买这个手机老铁们要三思呀！京东的客服我是服了，反馈的问题一直未解决！一说报给上一级，一级一级的报！什么时候才是头呀！
红色,128GB,1,非常差劲的体验，首先价保7天就是假的，我昨天买的3799，不到一天就3699，并且我申请退差价，客服不让退差价，本来对比下来很相信京东平台，结果这种情况谁还敢买，能不能有点诚信，差评都不解气！！！！！
红色,128GB,1,"待机时间：电太不耐用了，一天充三四次的电，太差劲了，之前一直用苹果都挺好的，现在出的新机越来越差，这次铁了心得换品牌了，路过的千万不要买这个手机
屏幕音效：一般，整体来说很失望"
红色,128GB,1,手机达到三分之二左右显示屏有明显的震动感，其实音量超过三分之一就可以感觉到。玩游戏的时候直接给你震崩溃。原来申请换货处理结果就是手机没问题，现在是第二次翻修检测 从下单到现在都十来天了看你这个问题能解决到什么时候
红色,128GB,1,首次购，第一次在京东购买东西就出现问题，第三天就发回手机，现在打售后打电话来说没有问题，要给我退回来，我都有视频证明，就是手机有质量问题，不知道是软件还是硬件问题，现在手机还在给我检测中，不知道会不会因为这个评论为难我，无所谓了。
红色,128GB,1,收到还没用，就开了机卡，下东西又下不了，退回去又说没问题，不退，说你拆了包装，我收到不到几个小时，太坑了，直接给你退回说没问题 ，修好了，以后绝对不会在上面买了
红色,128GB,1,服务极差，欺骗消费者。2月的单子，拖到3月才发货。发货时我发现同样的价格增加了耳机赠品，希望取消订单再次下单，骗我说不用，收货后自然补发。现在又反悔，说我的订单没赠品。这是欺骗消费者！
红色,128GB,1,"待机时间：待机时间短，充电超级慢！
运行速度：运行起来发热厉害，后盖烫手！
很一般，不值得买"
红色,128GB,1,刚收到货，手机体验效果特别差，新机还有点卡，而且连个自带手机壳都没有，申请售后，客服打电话说新机拆封就不可以在退，而且态度特别不好，真的是特别差的一次购物体验。
红色,128GB,1,购买的时候预计2.18到货，后面告诉我2.23，心想赶得上元宵节也行，后面2.22打电话告诉我3.5号才到货，买来送给家人的，没赶上元宵节，也想问问，现在物流这么发达，采购一个什么东西需要半个月？
红色,128GB,1,通过拍拍回收置换的，四月二十二日付款，五月九日拿到手机，拿到手时因新机降价，回收站扣了我260元！还说在我之前已经卖出去几百部了，我几次打电话给京东客服，一而再再而三的承诺发货，还是一直等到五月九日才拿到手机，被扣260。请问，诚信还要不要！
红色,128GB,1,屏幕自己闪，电池也一下就没了，跟翻新机一个样，也不给换了，只能维修
红色,128GB,1,真的垃圾 第一次京东差评 这手机肯定很多人用过 回收加工iPhone8 出炉就成了iPhonese2 秀的一匹
红色,128GB,1,手机电池不耐用  触屏有问题  接电话免提有杂音  15天申请了换货  不给换  应该是给换了换电池  现在触屏还是有问题   免提也没解决  垃圾服务
红色,128GB,1,产品描述上没有适配器，然后自己花了100多买了适配器，手机配货配了10来天。到货了发现有适配器，自己买的适配器应该手机延期已经超过7天，退不了货了。我能说是欺诈行为吗？苹果也就靠这点手段&ldquo;骗&rdquo;点钱了
红色,128GB,1,2020年12月24日激活的新手机，显示质保到2021年6月1日，打电话去说是官网显示异常，还不让退货，严重怀疑是2手手机，各位想买的自己看一下我发截图。
红色,128GB,1,"外形外观：奇怪，第一次用苹果手机，真的不好用，
运行速度：慢，手机带电低。
待机时间：时间短，，经常息屏
拍照效果：效果不行，说要退，压根没激活不给退，要退就只能九折退给我。太黑了吧，不退的话就给我100元无门槛券，想了半天不退，试试用吧，联系优惠券无果，气氛，气氛。"
红色,128GB,1,真的垃圾这个手机，发烫严重，而且我只是拿它来聊天，看个短视频，烫的很，想入手的慎重考虑吧
红色,128GB,1,"手机屏幕左边凸起割手，右侧就没事，申请京东售后，然后售后告诉我，1.退回检修，但检修没问题的话还得退给我。（嘴长了你们身上，你说有就有，没有就没有？）2.补偿5000京豆（即50元）3.到二手平台卖掉。
这是人干的事？是人出的点子？
手动@***，看看京东服务如何没落。"
红色,128GB,1,手机第一天正常'第二天发现显示无服务，后来关机重启也没办法，拿到苹果专卖店'人家说硬件问题，休不了'要不换要不返厂。这是什么手机，京东怎么还能卖这种低级问题的东西。请大家注意'千万注意。
红色,128GB,1,垃圾售后。手机刚买不到三天。出现用导航就会自动关机。玩游戏什么的也会卡顿，要退出锁屏开锁后才能继续用。还有几种小问题，明明上面写着15天内可以退换货。现在售后说等检测还要十几天。耽误时间耽误事！本想着在京东买能够买的好一点。没想到也是@。差评！售后打电话开车没接到就说联系多次没有联系上。要等一个礼拜才能再联系。真的是#商家！
红色,128GB,1,昨天到货，今天用手机，充满电用2小时就没电了！找不到客服，扯*不？想取消差评就联系老子，****！
红色,128GB,1,最low的一次购物，20号和朋友一起预订的，25号朋友拿到手，我足足等到5号才给发货，三番五次问客服，一直不给明确的时间，30号左右，过了30号就又说5.10左右，先买的手机，过了一礼拜手机壳都回来了也看不到手机，真是让人失望到底，刷新了对平台的认识
红色,128GB,1,其他特色：苹果手机第一次买，用了几天之后。竟然发热量很大，拿到手放到裤子里都很烫，找京东叫他换新的，他说要修，我说我不要了，退货行不行？怕会爆炸，又说不行，是不是太坑了？
红色,128GB,1,手机发热非常严重，用着用着怕爆炸，另外电池非常不耐用，看视频半个小时电量从97%掉到61%，感觉电池非常虚电。不建议买，买了后悔，比iphone6差太多。
红色,128GB,1,这个一星是给京东采购和客服的，这个手机我是2月14日下的单，28号才拿到手机，而且找他们客服的时候都是一句还在采购中，实在抱歉呢这类的话，没有实质性的解决问题，这应该是我在京东购物最不愉快的一次体验
红色,128GB,1,产品电话卡处放了进去取不出来，经过几个小时后多次尝试以各种方法最后是硬拔出来的，表面都刮掉漆；最后去问客服说产品没有质量问题。不知道大家有没有遇上同样的问题！
红色,128GB,1,才买了几天就降了四百块钱，还不给申请保价，不给补差价，一直在京东买的手机，已经买了几部了，真的很差距，价格幅度太大，想买的还是考虑一下吧，不建议购买，六月份买的XS充电时会有兹兹响，不敢用了，这次换个ES，没想到这价格，还是很被动啊，一直不会轻易评论，这次很认真的在评论，给想买的亲们建议
红色,128GB,1,建议不要买，电池不行，一天充三回电，拿到苹果线下售后检测没问题，这样都不叫问题，手机很烫，烫的不行！苹果售后告诉我是正常反映，我是服了，这么多好的评价不知是从哪里来，难道就我运气好！不过京东客服还是不错的！
红色,128GB,1,才两天就坏了，保护套一直套着，后面竟然裂了。客服气人，说开了包装就不能退，而且也不能换，不免费维修。大家谨慎京东的这些小伎俩。
红色,128GB,1,"京东最差产品，没有之一，
充电12小时，用时2小时，
除了打电话，其他软件基本不敢用，
现在超级后悔，愿意低于京东200元出售，
2899元(12月13日收到的货)"
红色,128GB,1,差评！差评！差评！手机有质量问题，还不给退货，说工程师检查没有问题，还不是他们自己说的算，手机静音键有问题，接触不良，拨动没有反应，返回去检查偏说没有问题，本来就是有问题，只是后来好了就说没问题不给退货，接触不良难道不是有问题吗
红色,128GB,1,待机时间：刚买回来用了不到两天，手机待机时间不到半天，一天最少充3次电，且持续开钉钉会议不到一个小时手机发烫，提出退货，到现在还未处理，提出3种可笑的方案，1.买家自行线下检测，（检测费用买家出）2. 买家只能收回9折钱款，我只用了不到两天，说的7天无理由退换货是怎么体现？3.线上技术检验，上海电话02161791000打了几次，最后也不知道检测结果。到现在一周过去，还在售后这儿复制黏贴，不断拖延时间！不知道如何解决？京东这么大的平台，就这么欺人嘛！！！
红色,128GB,1,"待机时间：差劲
屏幕音效：失望
外形外观：一般
拍照效果：不好
运行速度：一般
其他特色：没有
总结:从不评论的我，今天用自己的实际购买感受建议想买的朋友，千万不要买，买了保证会后悔。在室内最好的状态只有一个信号，有时还没有，联系了售后说要寄回检查15天左右，还说了一堆官方的话，反正就是不给退，这个价格可以买一个很好的国产机。我用了3年的国产机都比这个好，千万千万要谨慎购买。"
红色,128GB,1,特意用了一个月才来评价的。手机屏幕滑动不流畅。玩王者、人物总是走着走着就停下来。原以为是贴膜太厚。后来拆了贴膜还是一样。用另一台安卓手机玩就没这种情况。客服自动回复。等了半天没人理。
红色,128GB,1,"待机时间：差，放一晚上少30%的电
屏幕音效：拍***有杂音，时有时无
运行速度：什么ios13的系统，和我的小6差别不大，外观和运行速度。
其他特色：想退退不了，耗电的问题看怎么说，怕到时退回去来一个说苹果手机的通病就是续航差，给手机拆开检测说没问题又退回来，杂音又是时有时无，维权难，旧手机苹果6用了几年也是一天充两次电，新手机也是这样，使用效果和我的6几乎没用差别，除了新一点"
红色,128GB,1,现在的手机真的不如以前的好用，各个功能都不如以前好，以前真的用得没那么糟心，总之，以后苹果手机不太敢买了，运行速度真的是太慢了，和以前的比差远了，以前移动切换无线，真的是秒，现在手动都得好一会，各种不好的体验
红色,128GB,1,"其他特色：信号不太好，尤其是WiFi，连了好几次才连上，重启3次才连上WiFi，也不知道为啥，废了3个多小时才激活，体验太差了，准备退货。
记住啊，不给退货，只要是拆封了，就不退了，我死活要求的，才九折退款。
第一次买苹果，恶心透我了。以后一定要去官网。官网上拆封，激活等都给退。"
红色,128GB,1,因为我旧手机坏了前天才买的苹果手机，太相信自营店，结果3300的苹果手机刚收到不到半小时，第一个电话打过来，我才发现在中午安静的房间里居然听不清，而且杂音，声音很小，跟我以前在官网实体店买的手机音质不一样，官网的苹果手机通话非常清晰，顿时好感全无，马上申请，居然需要7到15天工作日，手机没得用，搞得麻烦死了，想去实体店买一个也不成，不买也不行，以后再也不在京东自营购买手机，官网实体店也贵不了多少。前车之鉴，还是提醒大家去实体店官网购买，买的放心，真是糟心的一次
红色,128GB,1,"待机时间：超级短，超级超级短，晚上充满电不用早上掉电百分之二十，晚上充满，用到下午就没电，这正常吗？不正常吧，我都没咋用，没有一直看电视或者刷视频，产品质量问题吧，已经申请换货了，售后说的需要检测。等检测结果吧！我觉得这手机有很大的质量问题！买后悔了，特别特别后悔的那种！
其他特色：特色没有，惊吓倒是。我是个商家，不管是美团还是饿了么，来单都是只响一声，这个问题让我特别奔溃，设置都是合适的，再说了，任何一个手机都不需要刻意的去设置它来外卖总会正常的一直响吧！"
红色,128GB,1,刚到手听筒就出现问题，视频可以正常播放，但接听电话时就有声音撕裂的现象，严重影响正常通话。之后申请换货，寄过去最后检测结果说没问题，是系统没更新的原因。首先手机刚出来就预购了，难道不是预装最新系统？其次系统和硬件有什么关系？最后手机被原返，收到后更新完系统后问题依然存在，没有解决任何问题。之后再打售后电话没人接，机器人客服只会复读，根本联系不上任何人。这次消费体验很糟糕！
红色,128GB,1,手机在承诺到货日期的14天之后才到货，从一开始的满心期盼，到忧愁，到焦虑，到彷徨，到失望，到愤怒，到无比绝望。这是我在京东商城购物的十年历程中，经历的最不满意的一次购物。我认为这是对我智商、人格和忍耐的一种侮辱。当初4月21日（最早是19日下单）下单时，商城购买页面显示&ldquo;预计最迟4月24日发货&rdquo;，结果付了全款满心期待，但是到货日期一拖再拖，之后客服承诺最迟4月30日到货，未到，到之后接着承诺5月10日到货。我从下单之后，用一个备用的诺基亚旧手机度过了风雨飘摇的十几日。在期间也曾与ipple客服联系，客服说如果不想等太久，建议取消订单处理。我觉得这是一种店大欺客的服务态度。商品供货不足，本可以不要附加一些做不到的承诺，没必要说最迟什么日期发货这种虚假的说法。当pdd，tb等渠道的果粉已经在炫耀的时候，我只能不甘的遭受冷落，造成这种结果的原因，就是平台上所谓的最迟几月几日到货的虚假宣传。我感谢PLUS客服热情周到的服务，也感谢快递小哥第一时间的送货，但是这次购物本身，如果有零分可以选，我认为我毫不犹豫会给零分。大厦将倾。
红色,128GB,1,在京东买了几次手机都没问题这次收到没想那么多结果过了7天退换期打开用 结果无S IM卡 基本的打电话功能都没法用 赶忙售后退回维修说没法换新 一说就要10天半月的发原厂维修 花正价买个坏手机 手机摸不到这边还要付着分期 维修专门查了激活时间到维修厂满共三天时间 只认定我是错过了退换期 可能也是我了因为太信任京东的品质了 收到没马上试 如今涨个这经验 惊醒希望不要像我这样这么冤屈和被动 不然就被规则钉死到那里 ...
红色,128GB,1,2.1买的新机，2.2收到货激活使用，2.25出现无服务故障，2.27送检返场维修，结果检查出更多问题（更换了主机、电池、麦克风）。找京东售后客服询问及索赔，都是以产品是正品，保修期内可以免费维修这些说辞搪塞。买新手机但一个月内主要核心元件都有问题进行了更换，按京东说法，提供免费维修，那只能自己吃哑巴亏。劝大家谨慎购买！！
红色,128GB,1,真的无语了，服务态度太差，新的一年刚开始，在这家买一部苹果SE2代，客服1月2号和我说包装里面只有一根快充线，说是产品20年4月份出来的，是新包装，然后我就从网上买了苹果PD线的快充头，因为另外一头不是USB的接口，普通的充电头根本用不了，就相当于和苹果12的包装一样，不包含耳机，充电头，结果收到货，给我发的还是老包装，我就立马联系客服，结果和我说是新旧两个包装，给我发了旧包装，我当时就无语了，我买的时候，提前问你了，你怎么不说，太坑了，建议大家不要来这家店买东西，谁愿意花钱买旧包装？对不对，毕竟我是提前问你们客服的，你无论想什么理由，我有聊天记录，有证据，半天也没给出解决方法，都是自动回复的快捷短语，售前客服根本不熟悉产品，瞎介绍，出了这样的事情，也没给出解决方法，害的我还花钱买了充电头，什么叫做新旧包装，我可以理解为你把厂家发给你们的机器拆开，然后把老款的充电器放进去售卖，是这个意思吗？苹果出厂的产品会有两个包装吗？诚信坑买家，就这种服务态度，只能给你差评！！！
红色,128GB,1,用了一个月不到，本来不想评论的，实在是忍不住了，必须吐槽一下！感觉真是使用体验很差。首先是电量，之前用过很多苹果手机，从来没有感觉新机器的电池可以这么不耐用，基本上用半天就消耗完了，很不耐用！而且，最最最让人气急败坏的是，只要使用一下拍照功能或者录视频功能，手机立竿见影马上发热，狂热、巨热到爆炸的那种，让人真的是难以接受！还有一点就是手机的home键，有明显的下倾现象，整体感受评估下来，感觉完全不是新品，不知道是不是二次售卖的，感觉太坑了！建议买还是去实体店买，不然买到手真的是买来添堵的！
红色,128GB,1,敬重警告后面想到这家店买手机的消费者注意，一定要注意，里面卖的都是次货，新到手的机器home跟屏幕不是完全契合，有毛糙的地方，做工问题，就是从屏幕上面滑下来到home键时有一点突起，影响手感。针对此问题，京东、苹果以你已经激活无法退货为由，强行你进行机器检测，结果只检测机器性能，性能好就不存在问题。我这明明反应的是做工细节问题，完全在坑消费者，千万别到这家买。大家可以看我第三张照片，home键处有明显的往上突出的黑毛糙，严重影响手感，这是次货。
红色,128GB,1,1星给了外观和尺寸！散热系统极差，发热严重，烫手。信号极差，爬个小山头，信号能一直断，可能是通病吧！京东自营店也不行了，服务与售后也都不行了。全折与7折保值换新，要么手机有货的时候刷不到，要么刷到了手机没货，在第一时间抢，抢不到我认，但刷不出来，只能是平台在作假了。因散热问题申请了售后，售后检测说没有问题，却把延保服务的入口给关闭了。检测报告真是干净，过程什么都没有，只有一个简单的检测结果！申请售后的时候不在预约时间取件，一直拖延，不是打电话催估计可能都不来取件！什么PLUS会员一点用都没有！以前很信赖京东的服务，现在看来也不过如此！价格呢是真香，但还是建议想好后再买！
红色,128GB,1,我想说京东真的可以啊！首先搞了这个保值全额换新的活动，然后并没有在店内上保值换新这个链接，只有下单抢到名额的才能在订单显示，我问plus400的客服工号305878和304102，他俩说把链接发给我。我反问到，那个顾客会知道有这个链接，然后304102告诉我可以用编码搜索，我又反问他难道他在网络买东西都是用编码搜索吗？不都是在放大镜?旁边的搜索里打字找自己要的物品吗？然后他们在搞活动的时候并没有在系统设置每个用户只能保值换新一台机器，而是在我刚刚说的必须你要下单的那个订单里找保值换新的链接。最有意思的，搞活动不在活动界面写上限制换一台，和顾客玩套路吗？我承认我贪便宜，买了俩寻思能换两个，五月六号下单，六号问在线客服客服回复我两个都有名额。31号，也就是还不到一个月，我询问客服六一降价活动的价格会不会影响保值换新的价格，结果客服告诉我只能换一个。说现在改的，内容是变得。我致电plus客服，那个305878，别怪我说话难听，你那嘴是租来的吗？说话快听不清，态度不耐烦，还和我抢话，并且告诉我回复我两个都有名额的是厂家客服，和他们没关系。请问下没关系干嘛要把她放里面？我另一个评论已经被京东
红色,128GB,1,用了几天也来说说自已真实感受吧。一直用6s跟6sp，6是我备用机用了六年只是内存不够用，一点都不卡。因为有五六年没换手机了，SE是老公买来送我的，红色幸运色手机，平时店里很忙，不玩游戏不看电视，后台也就一个微信***收款播报，这个手机竟然发烫，并且还烫得厉害，没带手机壳，是不是那个环节出错了？也就偶尔聊天，总的聊天加起来不超过半个小时，平时就***微信收款，电池还没有6sp经用。一天不到就给我耗得只剩百分之40电量，真的好想哭。6sp我至少要到第二天早上才会再次充电，6s用了6年除了内存不够，SE跟6sp.6s相比SE运行速度并没有6sp快，说得版本比6sp更高级，SE真的反应太慢了。真的好想哭，为什么会发烫烫成这样。不是黑，只是发表我的使用感受。
红色,128GB,1,有谁想~要~，我买了没拆
红色,128GB,1,刚买完两天又降价了#这套路真不错
红色,128GB,1,黑屏，#，这什么鬼啊
红色,128GB,1,一般
红色,128GB,1,用了不到一周，~经常间断性卡机，要等半分钟才能恢复，体验感一般，
红色,128GB,1,运行速度：烂，是真烂。下载个APP起码要3??分钟，用个~还无法更新，烂到爆了，最差的一次购买体验，想退还不行。
红色,128GB,1,指纹解锁功能不是很好，偶尔会有软件闪退.~支付用指纹的时候经常会失败
红色,128GB,1,买了你要后悔～非常小卡顿，~登上去半天没消息，重启就有了，这个机型有问题！
红色,128GB,1,电池不耐用，换了一个还是不耐用，产品介绍充一次电可看13小时视频，你这玩~4，5个小时就没电了
红色,128GB,1,买了2部se，有一部没怎么用，一部今天用了2个小时电量直接掉到百分之30，打客服说是厂家具有权**，顾客自己肉眼看的不准确，没有权**，决定自己检测，太差了
红色,128GB,1,手机质量有问题差评，差评，差评才买一个来月三次质量问题，第一次充电充不进，线拔了自动充满电第二次，玩~时键盘打不出字第三次自动死机关机
红色,128GB,1,除了#不知道怎么形容安装流程安装一天问他什么问题说不是专业的不知道就一句话钱不退问题不解决给你一个号码让你打电话问反正他什么事都不管只收钱其他事和他没有一点关系自始至终没有遇见过这么不负责的
红色,128GB,1,电池不耐用，跟介绍差距太远，拿去换了一个，还是一样不耐用，产品介绍可最长看视频13小时，我不开~，4，5个小时就没电了
红色,128GB,1,特别容易烫，不推荐购买。作为8年资深的果粉，很失望。最简单的，~通话聊天都能聊到烫手，还能玩游戏吗？不敢试
红色,128GB,1,别买！！就算要买也去实体店试手机烫的都可以当作暖手宝，买这么多次东西头一次这么生气，不玩游戏不看视频，就聊个天刷刷~，就烫的不行，还说检测正常，我没用过手机么？？随便逛逛就烫成这样？还跟我说正常？反正你们检测你们怎么说都有道理，但还是劝各位慎重，我也不知道是这款Se问题还是单单我都手机，反正最好还是实体店吧
红色,128GB,1,敲一下后盖还会响，竟然会响而且摄像头下方经常会发烫，就只聊个~也会烫手，实在忍不住给差评了。好生气这个手机客服让去线下检测最重要的是竟然会响
红色,128GB,1,待机时间：3小时没见过待机这么差的手机运行速度：太慢了买东西~付钱卡在那里不动无语了其他特色：充电也太慢耗电太快了开机得2分钟太差了不建议买声音电话对方反应太不清楚了
红色,128GB,1,体验感非常差，续航非常非常差晚上百分之五十的电量，没充电就没电了#，按键也是，感觉时好时差，严重怀疑是二手机，不知道怎么退货，好想退货，又嫌麻烦，用起又不顺手，无语无语，都说京东自营的保真，不知道该吐槽苹果还是京东，希望官方看到帮解惑吧&hellip;&hellip;
红色,128GB,1,就这个包装？京东一直是以服务为优势，当然主要就是物流服务，你这我在~买得了？在京东买不就是图个放心嘛？你这怎么越干越回旋呢？电子产品不放减震包？搞笑呢啊？！！！这是包装嘛？电话这是就这么装？我就是懒得去整事，你这样我就退货重新发！有点破损我就重新发，我看咱们谁合适！
红色,128GB,1,妹的，使用了不到两个月，屏幕就开始失灵了，屏幕中间出现一排方块，滑动点击没有响应，而且特别卡顿，就不怕乔布斯被气的从#里跳出来嘛
红色,128GB,1,手机刚收到没用几天就经常死机，卡顿，~发信息突然就死机，按啥都没反应，过两分钟又自己好了，售后说只能拿回去检测或返厂维修，没问题就退给我，有问题就换手机，请问我拍了死机视频都不能证明有问题吗，你们拿回去拆了检测一番回来说没问题，我能拿你们怎么办，新机子都变旧机子了，还号称最新款处理器，怎么会出现死机情况，用京东这么久好失望，现在逼的我取消换货申请，严重差评，希望没买的慎重
红色,128GB,1,买了有点后悔，用一下~严重发烫，真烫手！又不能退！网上有人说重启一下没那么烫，没用！还是很烫。而且续航非常差，基本上两天充三次
红色,128GB,1,真的不知道京东是怎么想的，买个手机，既然还卖个坑，现在手机各种毛病都有，手机买回来第一天体验，手机都没有怎么玩，也没看电视，刷~，也没打游戏，电用的老快，而且手机发烫，跟你小米没什么区别，建议大家不要买，太坑，关键是还退货不了，实在是难以接受，到后还被老婆说了一餐，我太难了
红色,128GB,1,大家千万不要在网上买手机，尤其是京东平台。本人年前在京东买了一部3799苹果SE手机。用半天充不了电，立马申请退货。第二天就退回去。结果京东售后说充不了电是因为充电接口的针脚坏了，苹果官方检测维修要花2189元，属于人为不在维修范围，本人不接受，才用半天的手机又不是半年，而且我们压根就不知道什么针脚在哪里。不可能额外支付2189。这个明明是手机本身质量有问题，所以我要求要么退货要么发一个能正常使用的手机。结果京东售后为了让我们接收没有维修的退回手机，居然慌称手机修好了，还特意拿别人的手机录个可以充电的视频发我们。年后2月16号，我们收到手机，还是一样不能充电。然后又是好几个京东客服给我们打电话说手机没有维修，因为你们自己不出2189费用，所以手机是直接退回。。。。。通过这个，真的又一次让我对京东平台刮目相看，太#了
