羽墨黑,6GB+128GB,3,新机子反应速度也不快
羽墨黑,6GB+128GB,3,暂时看还行用一阵在追评
羽墨黑,6GB+128GB,3,一般吧！买给老人家用的。
羽墨黑,6GB+128GB,3,物流挺快，值得拥有
羽墨黑,6GB+128GB,3,还好吧，第一次使用红米的手机
羽墨黑,6GB+128GB,3,刚用。还不错，就是机身会发烫
羽墨黑,6GB+128GB,3,还行吧，用后在追评，用着看
羽墨黑,6GB+128GB,3,6000毫安电池还没有5020的红米10耐用?
羽墨黑,6GB+128GB,3,一般还行吧，只能当个备用机
羽墨黑,6GB+128GB,3,给老人买的，用着还行，但是背壳太丑了
羽墨黑,6GB+128GB,3,这个价格算不错，能用，电池真是超大容量！
羽墨黑,6GB+128GB,3,一般 一般
羽墨黑,6GB+128GB,3,还可以吧
羽墨黑,6GB+128GB,3,外形外观：还行
羽墨黑,6GB+128GB,3,经常断网
羽墨黑,6GB+128GB,3,照相还好
羽墨黑,6GB+128GB,3,也就及格
羽墨黑,6GB+128GB,3,还行吧唧
羽墨黑,6GB+128GB,3,还行吧
羽墨黑,6GB+128GB,3,用着还行 待日后评价
羽墨黑,6GB+128GB,3,照相不错，游戏不行，老人家用不错，毕竟一分钱一分货，
羽墨黑,6GB+128GB,3,刚到手，打开每个app都要缓冲半天??希望是刚启用需要适应的缘故，希望明天变顺畅，实在懒得退换，希望能凑合用一年
羽墨黑,6GB+128GB,3,运行速度：一般
羽墨黑,6GB+128GB,3,还可以，用用看。。。
羽墨黑,6GB+128GB,3,摄像头不好，拍照效果真差，其他的还行吧，给老人用的，将就吧，年轻人要拍照，千万别买
羽墨黑,6GB+128GB,3,还可以吧  我这部到手上手并不是像新机一样的流畅  但是长辈嫌麻烦  就随便吧
羽墨黑,6GB+128GB,3,手机不错，性价比高。但是选好可以货到付款的，店家没做到，也不通知，还得庞买家费神费时间去跟踪处理。最后还是选择货到付款却得先付款后发货。真恶心，只能说辣鸡，不行别**。
羽墨黑,6GB+128GB,3,千元机，还行，给父亲当老年机用，也用不上那么多功能，待机什么的都还可以。
羽墨黑,6GB+128GB,3,备用机，电池真的很耐用，手机信号也还可以，但做工真的需要改进了，外壳明显有划痕
羽墨黑,6GB+128GB,3,"飞行模式7小时3%电量，功耗异常!？6000*3%/7=25.7mA
充电电流1.7A左右，不到所谓的2A
再观察&hellip;&hellip;不行得换"
羽墨黑,6GB+128GB,3,"拍照效果：扫个码够了
屏幕音效：还行
外形外观：一般
运行速度：卡顿明显
待机时间：正常使用一天半
其他特色：没有特色"
羽墨黑,6GB+128GB,3,"外形外观：可以接受
屏幕音效：可以
拍照效果：一般，夜晚开灯时，屏幕会闪
运行速度：一般，有些卡顿
待机时间：可以
其他特色：无"
羽墨黑,6GB+128GB,3,感觉一般般吧系，没想到新机也会这么卡顿 ，而且一些网页进步去，用另一台手机可以，总的来说，还没我上一台note7好用
羽墨黑,6GB+128GB,3,"商品特点:
1.性价比高！
2.手机个头大，现阶段运行流畅,满足日常应用！

ps:美中不足的一点就是这款手机没有呼吸灯，充电和来消息都黑着屏幕！这个做的还不习惯！！！！"
羽墨黑,6GB+128GB,3,"拍照效果：前置拍照视频模糊，后置还可以
运行速度：人 不玩游戏，运行速度可以，不卡
待机时间：不像是6000毫安的电池，虽然不玩游戏，但是耗电速度快"
羽墨黑,6GB+128GB,3,实话实说，各方面视觉感官都还可以了。就是屏幕分辨率不行。不过是给老年人用也无所谓。最dt得一点是新机也会卡，桌面来回切换，返回。都会卡。应了那句话，便宜没好货，年轻人就别买这手机了，用着生气，给老人买用着还可以
羽墨黑,6GB+128GB,2,手机灰尘特多，像旧手机
羽墨黑,6GB+128GB,2,丫的突然流量断流，火大
羽墨黑,6GB+128GB,3,手机反应有点慢，上网也慢
羽墨黑,6GB+128GB,2,才买10天多点，屏就摔坏了
羽墨黑,6GB+128GB,2,外形外观：还可以
羽墨黑,6GB+128GB,3,回来之后开不开机
羽墨黑,6GB+128GB,2,感觉手机有点卡
羽墨黑,6GB+128GB,2,用一段时间在说
羽墨黑,6GB+128GB,3,手机反应慢，信息接收不及时！
羽墨黑,6GB+128GB,3,一般，没有理想中那么好
羽墨黑,6GB+128GB,3,感觉有点卡，手机怀疑是不是正品
羽墨黑,6GB+128GB,3,减配，赠品没有，还不如去实体店了。
羽墨黑,6GB+128GB,3,信号不稳定，电池续航短
羽墨黑,6GB+128GB,2,用了半个月，死机两次了。
羽墨黑,6GB+128GB,2,一般，手机比较卡，拍照一般
羽墨黑,6GB+128GB,3,一般般吧，还是有些延迟的情况
羽墨黑,6GB+128GB,2,满999就有电动牙刷，我没问，店家就没说。
羽墨黑,6GB+128GB,3,接触屏滑动手感差，反应有点迟钝
羽墨黑,6GB+128GB,3,买了有一个多月 触摸屏总是失灵今天返修了
羽墨黑,6GB+128GB,3,"还不如加两百块钱买note8pro真实体验，但是一分钱一分货，
拍照效果：一般摄像头"
羽墨黑,6GB+128GB,3,刚开机有点卡 没有耳机。一般
羽墨黑,6GB+128GB,2,买来居然一点点都没有   问客服全是自动回复
羽墨黑,6GB+128GB,2,为什么没有耳机呢！！！！不配钢化膜呢？？？
羽墨黑,6GB+128GB,3,都没有带耳机啊？就一个手机，啥也没有
羽墨黑,6GB+128GB,2,后置摄像头边框处有破损，疑是不良产品发给我了
羽墨黑,6GB+128GB,3,京东就这？盒子上有个不是我弄的垫痕，就不能退了？
羽墨黑,6GB+128GB,3,没有耳机配送，贴的膜居然还是普通软膜不是钢化
羽墨黑,6GB+128GB,3,一般，还是有顿挫感，不是特别流畅
羽墨黑,6GB+128GB,3,电掉的太快，不像6000mA，其它还好
羽墨黑,6GB+128GB,3,说是有耳机耳麦的，打开就带了一个充电器
羽墨黑,6GB+128GB,3,塑料感比较强，希望耐用一点，毕竟定位就是老人机???
羽墨黑,6GB+128GB,2,一般般，不推荐购买了。
羽墨黑,6GB+128GB,2,一般吧，毕竟这个价格
羽墨黑,6GB+128GB,3,小米通病，还没有解决，电池发热问题。
羽墨黑,6GB+128GB,3,"运行速度：有很明显卡顿。
待机时间：一般，掉电有点快。"
羽墨黑,6GB+128GB,2,没有想象中的好，而且像是二手的，没有说的那么好
羽墨黑,6GB+128GB,3,快递限制了送货范围，不能送货到家，还要到定点的地方自取
羽墨黑,6GB+128GB,2,运行速度：卡顿
羽墨黑,6GB+128GB,2,不是很好
羽墨黑,6GB+128GB,2,运行速度：差
羽墨黑,6GB+128GB,2,不怎么好用
羽墨黑,6GB+128GB,3,电不抗用
羽墨黑,6GB+128GB,3,手机有点卡
羽墨黑,6GB+128GB,3,客服真的差啊
羽墨黑,6GB+128GB,3,手机声音小！
羽墨黑,6GB+128GB,3,没有耳机
羽墨黑,6GB+128GB,2,没有耳机，没指纹解锁，电池基本可以用一天
羽墨黑,6GB+128GB,3,感觉一般般，wf老是断网
羽墨黑,6GB+128GB,2,入手感觉就稍微有点延迟，用了几天之后情况更突出了
羽墨黑,6GB+128GB,2,耳机配件被吃掉了吗，送的手机卡和流量有啥用，都不知道怎评价了。
羽墨黑,6GB+128GB,2,外形外观：刚买回来 还没用就 发现后盖变形的 退货中
羽墨黑,6GB+128GB,2,像素低  当老人机可以 家里农村冰天雪地退货实在麻烦
羽墨黑,6GB+128GB,3,一分钱一分货，总体还可以。不过怀疑**，还是这小米客服的态度。。。三星吧
羽墨黑,6GB+128GB,3,不知道是我人品不好还是咋的，新机比note7还卡，还偶尔出现死机，醉了
羽墨黑,6GB+128GB,3,2号下的单，5号下午才到，每次提问都是机器人，催了也没反应
羽墨黑,6GB+128GB,3,电池实际待机不够长，拍照真的很一般，运行速度不打游戏够用了
羽墨黑,6GB+128GB,2,码的，，才用半个月吧就卡机，反应迟钝了      我只能呵呵了
羽墨黑,6GB+128GB,3,使用一段时间还是比较容易划花，金属边框和钢化面粘贴不紧脱落。
羽墨黑,6GB+128GB,3,手机感觉买的有点贵，总体来说还是一般，比较穷，感知不太好
羽墨黑,6GB+128GB,2,手机为什么会自动接听呢，响一下就接通了，，这是什么情况？
羽墨黑,6GB+128GB,3,第一次买小米的机子一般，运行速度一般，拍照一般，感觉都一般没有哪里比较好的。
羽墨黑,6GB+128GB,3,一般，除了电量大，如果不需要这么大电池，推荐同价位红米的其他手机，一千多这个处理器真的没有性价比
羽墨黑,6GB+128GB,3,运行速度：运行速度较慢，与华为的千元机相比还有不少差距。但京东的售后服务，是我认为是跟得上，也是最好的
羽墨黑,6GB+128GB,2,买回来用了**天 手机没有贴膜  还卡看个视频一卡一卡的  一分钱一分货能理解理解 理解
羽墨黑,6GB+128GB,3,使用一周评价，手机电量足，可以使用两天，遗憾的是网路信号不好，特别是wifi。
羽墨黑,6GB+128GB,3,一直给老妈买红米系列的手机，第一款红米8仅仅用了一年，就主板烧了。第二款选择这个1099，贵了三百块，但是感觉没有特别明显的优势，没有想象中那么好
羽墨黑,6GB+128GB,3,"电池容量大，但不是很省电，没有官方宣传的那么好，个别软件有时卡顿
运行速度：一般"
羽墨黑,6GB+128GB,3,这次是退换重新发的手机，手机表面还是有灰尘，充电口也有，我想拍照，再想想算了。。以后手机不在京东买了。
羽墨黑,6GB+128GB,3,价格挺好。产品一般吧，软件里一堆的小广告。打开包装看着有点像二手的，后壳有两道小伤痕，屏幕和后盖也都有尘点。
羽墨黑,6GB+128GB,3,设置动态壁纸之后显示一片黑，显示不出来，不知道咋回事，给老人人用的也无所谓了，总之一句话，便宜没好货呀
羽墨黑,6GB+128GB,3,怎么说呢，买给老人用的，性能也还行，就是充电很慢，前摄像头不太行，后摄像头还可以
羽墨黑,6GB+128GB,2,小米居然连耳机都不配备。我还是第一次买不带耳机的手机。反应多少有点迟钝。不过老年人应该用也还行吧。至于其他等使用两天再说
羽墨黑,6GB+128GB,2,"不到一个月，手机就就黑屏，有时还卡。不太理想
运行速度：不好
其他特色：不到一个月手机就突然黑屏"
羽墨黑,6GB+128GB,3,信号接收不好，充电的时候手机会发烫，正常充电，还不是边玩边冲，手机都会发烫
羽墨黑,6GB+128GB,2,性能有问题，一个app里，自动切换各种界面，比如QQ音乐里会下一曲，马上又上一曲。外卖骑手订单页面也是频繁弹窗遇到问题界面，或者自己跳出来转单界面！别人的不知道，我就遇到这样的产品，已在退货中！
羽墨黑,6GB+128GB,3,性价比各方面也可以。就是装配工艺一般般啦，可以从图片看出来有些。边角屏幕安装不上到位。还有一点点磕碰的痕迹。
羽墨黑,6GB+128GB,2,第一次买到新手机电池是没有任何电的，插上充电器10分钟才反应过来，希望不会买到个坏的，留字作为证据，作为一个忠实的米粉，这次购买的体验不太好
羽墨黑,6GB+128GB,3,"标称4,800万像素。，与其他品牌手机1,300万像素的相差无几，拍拍摄效果一般般，可以用来扫码。完全足够。不过最大的优势，电池有容量大。，其他就找不到什么优点了。"
羽墨黑,6GB+128GB,3,运行速度：刚入手的，一些功能运行正常，但是玩炉石传说在进入页面卡着不动，要不就是进不去，不知道是手机的原因，还是啥，卡着不动
羽墨黑,6GB+128GB,3,没有耳机，像素很虚，这么高参数的摄像效果都不如之前的6sp，唯一满意的就是电池续航跟声音，声音大
羽墨黑,6GB+128GB,2,反应比较慢，有时候用的时间长了会比较卡顿，偶尔会莫名奇妙出现卡机。外观还是不错的，手感也特别好。
羽墨黑,6GB+128GB,3,手机充电速度一般般  屏幕不知道为什么有点暗  耗电速度 居然和红米note8 一样
羽墨黑,6GB+128GB,2,手机本身没什么问题，又是急用就没有选择退货了，但问题一定要指出！手机里面有灰尘，明显使用痕迹，猜测是退货后再上的货。第一次在京东遇到这种情况，希望认真对待，至少把灰尘清理干净啊。
羽墨黑,6GB+128GB,3,我已经遇到3次晚上插好充电，第二天早上一看显示的还有充电标志，但是一点电都没充进去的情况，后两次还专门确认是不是自己插头没插好。这是第一次碰到有问题的小米产品，中奖啦凑合用吧。
羽墨黑,6GB+128GB,2,手机刚好用了15天，然后右边框上出现一个黑点，不知道是不是质量有问题？找了售后，需要退回去检测，关键我退回去，我没得手机用啊，上班生活都需要用手机，自己也没有多余的手机用，想想还是先用着吧，，总体感觉一般般吧，毕竟这个价钱了也没必要介意那么多了，希望后续别出问题就好，毕竟今天过了就没有15天内换货了&hellip;&hellip;
羽墨黑,6GB+128GB,2,用了十来天了，充了几次电，每次充电都是三个小时以上，说好快充呢，这还是在我什么都没玩的时候，就插上电，什么也不动。需要三个多小时充满
羽墨黑,6GB+128GB,3,"京东配送还是一如既往地快。拆开包装感觉有些像是被开封过的机子，卡槽边上有点小划痕。现在的手机包装都不用封条，也不知道是不是退换的货物，希望厂家能用特制一次性封条。
说说手机本身，手机屏幕显示还可以，使用的反应速度中规中矩，没有超乎想象的快，所以说这个价位并没有什么性价比，装了一些常用的app给长辈用，所以并不会占用很多内存，期中偶尔有点卡住，所以说并不是一款含有性价比的产品。"
羽墨黑,6GB+128GB,3,"运行速度：一般，系统卡顿，程序切换很明显卡顿
待机时间：待机时间长，没毛病
屏幕音效：屏幕一般般
外形外观：马马虎虎
后台程序多了，会自己清除，前一秒后台的，直接所有后台全清除。切换程序经常出现只显示一半，另外一半黑色的。分屏可能是我不会玩，操作不来。并且有时候从下面往上滑显示后台程序会不显示"
羽墨黑,6GB+128GB,3,手机还不错，虽然我不太会看手机，但感觉差不多吧，1000块左右的手机。这个性价比能买到这样的手机，还行了，看后期咋样吧。可是真的好烦，每次有问题就推给系统。真的贼无语了， 一般买贵重物品我都上京东，因为售后有保障。但是经过这一次我觉得也就那样吧。不期待售后，估计是做一次性生意。要不就是推来推去。真的好气啊，天呐。买个手机真的是太难了
羽墨黑,6GB+128GB,2,屏幕挺大的，这一点儿挺喜欢的，但是我买的时候说是新品没有评价啥的，就看着官方说辞感觉还不错就买了，但是真的感觉有被夸大其词，打个视频电话，像素像是黑白电视机一样的。拍照的时候最大可以放大八倍，但是只要放大拍就是黑白电视机? 一样的像素，绝了，电池容量应该也没有这么大，最多可能就4000毫安，有点儿卡。
羽墨黑,6GB+128GB,3,"红米手机很不错，电池给力，还自带贴膜又送透明软壳。
三颗星是给***的，外包装完好，但拆开后发现手机背板有多处指纹，正面的原装屏幕贴膜周围能看到白色的颗粒和絮状灰，盒内一纸板上也有折痕。京东现在虽然设立了拍拍处理一些退货，但目前看还没有完全告别这段黑历史，估摸着我收到的应该是7天无理由退货商品。
但是给长辈买的，长辈又着急用，只能先不计较了不退了，但一个中评免不了了。"
羽墨黑,6GB+128GB,3,待机时间：掉电太快。不耐用。
羽墨黑,6GB+128GB,2,送货速度太慢！！！超时送货！
羽墨黑,6GB+128GB,3,手机太厚了，送的壳也很难装
羽墨黑,6GB+128GB,2,感觉运行内存没有6G，太慢
羽墨黑,6GB+128GB,3,屏幕音效：屏幕太小
羽墨黑,6GB+128GB,2,前置摄像头很不清楚
羽墨黑,6GB+128GB,3,通话声音太小了
羽墨黑,6GB+128GB,3,手机漏电有点严重
羽墨黑,6GB+128GB,2,像素实在是太次了，完全不敢恭维！
羽墨黑,6GB+128GB,2,锁屏密码解锁，延迟很严重
羽墨黑,6GB+128GB,2,真不想给好评  卖了三个 都是激活过的
羽墨黑,6GB+128GB,3,不知道是怎么回事，连wifi的下载的速度非常非常慢
羽墨黑,6GB+128GB,2,外观不好看，信号接收太差了
羽墨黑,6GB+128GB,2,"拍照效果：拍照效果真的很差
运行速度：一般吧"
羽墨黑,6GB+128GB,3,掉电太快！都找不到功能在哪里！
羽墨黑,6GB+128GB,3,快递速度太慢，外包装破损，手机包装也撞变形了，还不知道手机怎样
羽墨黑,6GB+128GB,3,"运行速度：一般
其他特色：系统辣鸡，还不如799的红米9"
羽墨黑,6GB+128GB,2,太卡
羽墨黑,6GB+128GB,3,用的很不方便，很多界面连复制粘贴功能都没有。
羽墨黑,6GB+128GB,3,屏幕太大了。
羽墨黑,6GB+128GB,2,手机充电速度太慢了，一个小时充了不到百分之二十
羽墨黑,6GB+128GB,2,"后置摄像头还行，前置摄像头效果太差了！
拍照效果：前置很差"
羽墨黑,6GB+128GB,3,像素太差，前摄像头视频都是蓝色的，不真实
羽墨黑,6GB+128GB,2,差评，耳机也没送，手机膜也没有送。最重要的是开卡的那那那个针也没有送。
羽墨黑,6GB+128GB,2,差 安装卡没有信号 客服半天也说不明白 退换货超级慢
羽墨黑,6GB+128GB,3,充电太慢了 而且手机整体有点大 份量特别重
羽墨黑,6GB+128GB,2,拍照效果：拍照太差了，家人不满意还闹一顿别扭，唉。真没有到拍照这么差劲
羽墨黑,6GB+128GB,2,发货太慢了！！！7号下的单，13号晚上才送到！以为京东自营店送货快，才在京东买的，没想到陪送居然出奇的慢！！！
羽墨黑,6GB+128GB,2,"接接电话尚可，太卡！比不上同价位的荣耀play
运行速度：慢、卡"
羽墨黑,6GB+128GB,3,太耗流量了，一小时就正常玩手机，没下软件没看视频耗了1G流量
羽墨黑,6GB+128GB,2,拍照效果：前置摄像头太垃圾了，还不如几百块的手机照的好。第一次用小米，心凉了。。。
羽墨黑,6GB+128GB,2,打电话总是掉线，售后让换卡，换了卡还是一样掉线，超过了退货时间，不知道那么多好评是哪来的？
羽墨黑,6GB+128GB,3,手机还没用，咱不评价，当是现在京东这配送服务越来越差。之前送到指定地点然后通知去取。现在直接放在代收点然后给你打个电话人家就走了！和普通快递有什么区别？所以快递服务给差评！
羽墨黑,6GB+128GB,2,特意用了一段时间才来评价的  真的不好用 反应慢  充电还发热 以后再也不会买这个牌子的手机了
羽墨黑,6GB+128GB,2,给老爸买的手机，老爸开始没注意，今天准备登录QQ的时候发现竟然有其他人的QQ账号在上面，还可以直接登录，明显有人用过的痕迹，问客服给看了图片后，客服一边说着自己的是正品一边让我去网点检测，是对自己的产品都没信心，不敢给出一个确定的解释？！
羽墨黑,6GB+128GB,2,手机才用了两天就出现了顿卡的现象，一点也没有说的那么流畅，感觉多少对小米手机有点失望
羽墨黑,6GB+128GB,2,第一次买小米，挺失望的，可能是一分价钱一分货，不能太高期望，但系统广告，系统自带应用太烦人，手机突然废了，，先拿他备用。
羽墨黑,6GB+128GB,3,这款手机收到打开一看就是别人退货的商品，打开就是图片上这样，出厂的贴膜标识都没有，问京东客服只说让去售后店检查真假，对于是退回商品这件事不作任何回应，即便是退回的货物再重新卖给其他客户，你们最起码得保持和出厂时一样，最起码让客户看不出来吧？谁愿意花钱买个二手的？
羽墨黑,6GB+128GB,3,刚到手开不了机，还以为坏了，结果没电了，充电发烧，第一次用小米，好坏以后再说
羽墨黑,6GB+128GB,2,怀疑是否买到假的小米，家里还有华为和oppo，小米屏幕反应速度还没我买了三年的oppo反应快，无线网络别品牌手机都能连上，小米连不上，技术问题还是真假货问题，请店铺解释下
羽墨黑,6GB+128GB,3,"拍照效果：很清晰
外形外观：还行叭
去实体店买人家还送个卡针和耳机呢，这里买，耳机我就不说了，连个卡针都没有，难道要用手扣吗"
羽墨黑,6GB+128GB,2,给爸爸买的，我个人觉得不是很好用，比如想下载一个消星星，结果下了几个都不行，还有很多其他设置问题，很麻烦，可能买这一次就不会再买小米了
羽墨黑,6GB+128GB,3,全家一直用小米，这次给老人家买的个note9，1月29日收货，前几天就出现屏幕无故黑屏，然后闪烁，有点失望。不到一个月，又退换不了。
羽墨黑,6GB+128GB,3,屏幕虽然不怎么粘灰，但是一擦灰就跑边缘缝隙去了，强迫症表示很难受。然后就是电量，并没有想象中那样持久。
羽墨黑,6GB+128GB,2,卡的很厉害，如果以前用苹果手机，就别买这个了，价钱相差太大，不在一个等级，如果以前就用的千元机，那选它就没错了，续航很厉害
羽墨黑,6GB+128GB,3,额，感觉的话有点厚重，系统的话，有待完善，偶尔的话，揣在兜里面发热，有点严重，没在实体店看过现货的话，下次还是不在网上买了
羽墨黑,6GB+128GB,2,"拍照效果：差
待机时间：一般
运行速度：一般
手机也就只能接打电话，充电时或者开个游戏。大冬天的手机烫手！！！！想象一下，夏天会是啥样子！没法用，不建议购买"
羽墨黑,6GB+128GB,3,送给老妈的手机到手一看都是指纹屏幕上还有灰盒子里面破损的真的膈应人勉强用着祝你们摸摸党全家boom
羽墨黑,6GB+128GB,3,刚买回来给老妈用的，看了一下像素太差了，视频效果不理想，别的目前没看，直接关机过两天给老人让她们感觉感觉怎么样
羽墨黑,6GB+128GB,3,我是真没想到这机型连呼吸灯都省掉了，未接来电提示，充电状态提示怎么弄？6.5寸的屏连个呼吸灯都没地方放，小米你家是故意的吧，没指纹解锁我能接受，连呼吸灯都省，真是没想到，
羽墨黑,6GB+128GB,2,"用了两天了来评价一下，和我一年前的荣耀9x，4+64比
优点:外形好看，续航长，内存大，手机很轻，拿着舒服
不足：拍照很一般，虽说4800万，还不如一千万像素的9x，手机屏幕很不好，玩游戏能明显感觉到屏幕看着很难受，发黄，最不好的就是侧面指纹！解锁慢的不是一点半点的，至少慢两三倍，影响正常使用体验，想买的自行考虑吧"
羽墨黑,6GB+128GB,2,"这个处理器真的很**。手机整体反应慢，屏幕有时候会闪退回桌面。不如一年前的1400买的华为，华为现在用起来还还不卡。
这流畅度和我的预期相差太远了，下次还是买华为吧。"
羽墨黑,6GB+128GB,2,"刚开机就一堆毛病 :
有电话过来只听到铃声，看不见接电话显示来；
通话无声音  试了几次
锁屏后打开，卡顿
锁屏的时间没有
没有下拉框
新年换机麻烦，说是重启一下就行了。"
羽墨黑,6GB+128GB,3,相机搞这么复杂干什么？外形难看不说了，前置像素太低了，光影效果太差，都不如5年前魅族metal。搞这么多花里胡哨的还不如做好单摄像头。唯一看中的电池，用了一个月的时间就和别人4400的没啥区别。其他地方还好，如果相册图片能提供压缩功能就好了。还有，摄像头真的没有必要搞三个孔，纯粹浪费资源，前一后一对普通人来说完全OK了。画蛇添足在摄像头造型上下功夫，不仅影响美观，还增加了手机负担。
羽墨黑,6GB+128GB,3,反应慢，网速慢，干什么感觉都慢半拍，比我爸的小米MAX3还要慢，骁龙662真的很拉胯，电池能满足一天重度使用，为了大电池放弃了5G版本，但续航也没有想象那么强，备用机还算对付。边框处理不是很好，为了视觉上薄一点牺牲了手感，很割手，LCD屏挺柔和的，很养眼。真的只能当备用机，主力机不推荐，给老人用都不推荐。
羽墨黑,6GB+128GB,2,商品有瑕疵，切换到护眼模式后，滑动菜单字体周围会出现模糊，看的眼晕，联系小米客服返修，工程师检测该款手机都存在类似问题，后面几次客服联系都强调这是该型号手机都存在的问题，不算问题。但红米或者小米手机其他型号无此现象，市面上其他品牌手机（华为、荣耀、oppo等）也无此现象发生，作为消费者不能接受这种解释，要求其对此类现象进行书面说明或者邮件说明，客服不答应，要求换同价位无此现象手机（刚买20天），客服以要请示为由推诿中。
羽墨黑,6GB+128GB,3,刚拿到手，手机一点电都没有，我买手机第一次出现这情况，以为大电池都没有，我充了大约两个半小时才满，198克，比想象的重，全身都特别特别特别粘指纹，还有就是耳机孔在上方，有点不舒服
羽墨黑,6GB+128GB,3,"外形外观：外观中规中矩，经典水滴屏，塑料机身+边框
屏幕音效：屏幕素质一般，让我有点失望，如果有高刷就好了
拍照效果：拍照一般，这个价位就不用要求摄像素质了
运行速度：骁龙662是让我最失望的，MIUI12运行起来都卡，日常使用都掉帧，更别说大型游戏了，说实话这么差是我没想到的，推荐同学们再加点钱入手天玑700.800系列处理器或骁龙700系
待机时间：龙662+6000毫安大电池，使用起来和7**芯片+5000毫安的没太大差别，可能是骁龙662工艺落后导致功耗偏高
其他特色：双扬声器声音大，自带极为先进的收音机，插耳机就能用，老人狂喜"
羽墨黑,6GB+128GB,3,手机还可，就是快递慢的离谱
羽墨黑,6GB+128GB,3,现在用着还行吧，就是有点重。
羽墨黑,6GB+128GB,3,#商家给了我一个电话卡，想坑我
羽墨黑,6GB+128GB,3,一般
羽墨黑,6GB+128GB,3,还可以
羽墨黑,6GB+128GB,3,京东配送就是快，就是此款手机分身不好用，~分享就闪退
羽墨黑,6GB+128GB,3,很少写过差评，本是写着送货上门却不送，不送就算了，去~拿快递还要我们自己出钱
羽墨黑,6GB+128GB,2,买来当热点手机，热点经常断，蓝牙经常断，成了鸡肋，#?啊
羽墨黑,6GB+128GB,3,不知道是不是老人用得关系，买回去说~和~运行卡顿，?但是售后服务说没问题，又给返回来了，
羽墨黑,6GB+128GB,2,手机今天刚到手，~消息界面＋号点不了，有时候~聊天界面#机，懒得退了，给我爸用的，他一般也不用那个反正，有点失望，其他这个价位第一天还没啥毛病。
羽墨黑,6GB+128GB,3,外形外观：塑料感强屏幕音效：屏幕还是挺不错的拍照效果：一般，整体较差运行速度：适合老人家用肯定没毛病，年轻人想都不要想待机时间：#其他特色：整体还是较为一般的，但是价格摆在这，要啥自行车
羽墨黑,6GB+128GB,2,电池6000毫安，刷个~看着掉电，我现在用的三星手机同样操作习惯，没想到红米note9堪称6000的大电池掉电这么快，我把所有应用程序设置为后台关闭，夜间定时开启飞行模式
羽墨黑,6GB+128GB,2,小米老用户一个，~来信息的时候，通知栏和屏幕都没有显示，权限管理也打开的，拍照和note7一对比，气的想扔，拍照质量完全没有note7好，千万不要买，手机外观一看满满的廉价感，拿在手上也很轻，原本是冲着6000ma这个卖点来的，现在准备退货了
羽墨黑,6GB+128GB,3,用的很不舒服。电量大确实没错，但和4000+毫安时的电池相比没有太大差别，重度使用也是一天一充，用不了两天。电池就是仅有的优点了，缺点就是，卡，小问题多。卡，就是各种应用很不流畅，除了处理器问题还有触屏问题，经常触屏没反应，导致要划两次，和游戏的高延迟一样搞人心态。小问题包括：录视频音画不同步（这个更新系统解决了），用应用拍照无反应/强退。这里应用主要是企业~，在应用内拍照经常无响应，而且是长期无响应（即多按不能解决问题），目前还没解决。总之不建议购买，虽然便宜，但也不过是电子垃圾罢了。
