蓝水翡翠,全网通（8GB 128GB）,1,希望物流公司以后仔细点，不要让货物到处旅游。
蓝水翡翠,全网通（8GB 128GB）,1,商品才买10天，就降价100元，一点都不划算！
蓝水翡翠,全网通（8GB 128GB）,1,可以只有一个颜色，有点坑
蓝水翡翠,全网通（8GB 128GB）,1,手机无配置耳机
蓝水翡翠,全网通（8GB 128GB）,1,联网速度一塌糊涂
蓝水翡翠,全网通（8GB 128GB）,1,刚十天就降价在，再也不京东买手机了
蓝水翡翠,全网通（8GB 128GB）,1,充电冲了一晚都没有充满，
蓝水翡翠,全网通（8GB 128GB）,1,刚买不到两个月就坏了，晕
蓝水翡翠,全网通（8GB 128GB）,1,比音漂亮，也比较适用，一次不错的购物。
蓝水翡翠,全网通（8GB 128GB）,1,运行速度：慢，选择退货
蓝水翡翠,全网通（8GB 128GB）,1,外形外观：弯曲变形，
蓝水翡翠,全网通（8GB 128GB）,1,屏幕音效：声音杂质
蓝水翡翠,全网通（8GB 128GB）,1,坑跌，送了一个耳机比店里面买的多了40块钱?
蓝水翡翠,全网通（8GB 128GB）,1,收到的手机不是原封包装
蓝水翡翠,全网通（8GB 128GB）,1,手机明明有电，但是一开机就自动关机！！！
蓝水翡翠,全网通（8GB 128GB）,1,手感和屏幕都不理想，屏幕宽度不够
蓝水翡翠,全网通（8GB 128GB）,1,买了不到一个月就降价了！
蓝水翡翠,全网通（8GB 128GB）,1,指纹和人脸识别是摆设！
蓝水翡翠,全网通（8GB 128GB）,1,比想象的小，又轻又薄，还没有耳机
蓝水翡翠,全网通（8GB 128GB）,1,其他特色：一般般
蓝水翡翠,全网通（8GB 128GB）,1,这是换了的手机屏幕还是闪烁，什么东西
蓝水翡翠,全网通（8GB 128GB）,1,手机被打开过，不是全新机，
蓝水翡翠,全网通（8GB 128GB）,1,外形外观：没有配耳机开个耳机孔干嘛的？
蓝水翡翠,全网通（8GB 128GB）,1,外形外观：这个印子是手机套用过的痕迹吗
蓝水翡翠,全网通（8GB 128GB）,1,为什么没有耳机？
蓝水翡翠,全网通（8GB 128GB）,1,就这，还屏幕指纹。根本不灵的
蓝水翡翠,全网通（8GB 128GB）,1,618最后一小时又降了最1249呵呵
蓝水翡翠,全网通（8GB 128GB）,1,数据线用了不到一个月就不能快充了，还老断电。
蓝水翡翠,全网通（8GB 128GB）,1,没有耳机，没有耳机，没有耳机，现在都这m省了吗？
蓝水翡翠,全网通（8GB 128GB）,1,不推荐
蓝水翡翠,全网通（8GB 128GB）,1,才几天就降价200&hellip;&hellip;&hellip;&hellip;
蓝水翡翠,全网通（8GB 128GB）,1,荣耀
蓝水翡翠,全网通（8GB 128GB）,1,手机反应慢
蓝水翡翠,全网通（8GB 128GB）,1,地方送错
蓝水翡翠,全网通（8GB 128GB）,1,所谓&ldquo;调货&rdquo;不知道是从哪儿搞来的。不像是京东自营的包装。没空退货，当买个教训了。
蓝水翡翠,全网通（8GB 128GB）,1,新手机偶尔卡顿正常吗  第一次遇到  第一次用荣耀
蓝水翡翠,全网通（8GB 128GB）,1,出厂是2018年的。，不满意，比自己的手机还差。
蓝水翡翠,全网通（8GB 128GB）,1,"评价啥东西一直给我发错货我
要6.3发过来是5.5寸我看这些人不清楚"
蓝水翡翠,全网通（8GB 128GB）,1,你好商家  我想咨询一下我拍的手机应该是整套的为什么没有耳机
蓝水翡翠,全网通（8GB 128GB）,1,赠品耳机不送
蓝水翡翠,全网通（8GB 128GB）,1,才几天显示屏坏了，之前的怎么弄都不坏，质量不好
蓝水翡翠,全网通（8GB 128GB）,1,指纹识别有点慢 屏不结实 半个月 已经碎了
蓝水翡翠,全网通（8GB 128GB）,1,这手机屏幕不行！模糊刺眼，都不如我的旧手机好用！
蓝水翡翠,全网通（8GB 128GB）,1,啥也没有赠送
蓝水翡翠,全网通（8GB 128GB）,1,我要退货，可快递说没有纸板不能退，全部重要的东西都有，就一个纸板没有，为什么不能退？
蓝水翡翠,全网通（8GB 128GB）,1,店里买了一款，感觉不一样，都拆开了，质感差，不像正品
蓝水翡翠,全网通（8GB 128GB）,1,为什么手机视频的时候就卡住了，只有声音，画面不走？
蓝水翡翠,全网通（8GB 128GB）,1,"运行速度：慢，又卡，滑动效果也不好

拍照效果：真实也不是很清"
蓝水翡翠,全网通（8GB 128GB）,1,确实不怎么理想，反应有点迟钝，该不会翻新机我中奖了？？？
蓝水翡翠,全网通（8GB 128GB）,1,运行速度：用了一段时间以后，这个手机那是卡得昏天黑地的。劝大家没买的就不要买了
蓝水翡翠,全网通（8GB 128GB）,1,不好用，不知道是不是买假了，老是滑动开不了锁，动不动死机
蓝水翡翠,全网通（8GB 128GB）,1,手机不错，就要不买耳机就缺货，手机是Type-c接口，配圆孔耳机，差劲！
蓝水翡翠,全网通（8GB 128GB）,1,说下感受，一般般，没有NFC，没有呼吸灯，充满电没有显示，
蓝水翡翠,全网通（8GB 128GB）,1,"运行速度：慢
拍照效果：差
屏幕音效：差
外形外观：差
待机时间：差"
蓝水翡翠,全网通（8GB 128GB）,1,充电线不像是原版，问客服只有官方回答，和以前在外面买的山寨充电线几乎一样
蓝水翡翠,全网通（8GB 128GB）,1,刚买回来第一次充电，充电器头就着火了，而且没有几天手机就开始卡，
蓝水翡翠,全网通（8GB 128GB）,1,"1、反应不够灵敏，拍照美颜失真
2、价格比手机实体店还要贵
3、6.18号以为会便宜同时买了两部手机，没想到618以后更便宜"
蓝水翡翠,全网通（8GB 128GB）,1,怎么硕呢手机还可以就是屏下指纹太鸡肋了 一般的情况下一次就成功解锁是不可能的
蓝水翡翠,全网通（8GB 128GB）,1,"玩游戏卡，拍照效果没有那么好，而且双十一还降价了，刚买几天
运行速度：卡卡卡"
蓝水翡翠,全网通（8GB 128GB）,1,手机收到拍照有一条横线，快递什么时候到的都不知道，直接就投柜了，东西拿回来，就发现问题，速度是挺快。但是很让我恼火。退货又要耽误好几天真的是
蓝水翡翠,全网通（8GB 128GB）,1,想要购买的慎重了，刚买完没几天就降价了，申请保价提示该商品有赠品不支持保价，手机使用十天也没下什么软件偶尔有卡顿，总得来说差强人意
蓝水翡翠,全网通（8GB 128GB）,1,才用不到一个月。就开不了机。手机屏幕黑屏。加屏幕闪烁。是不是假货
蓝水翡翠,全网通（8GB 128GB）,1,外形外观：屏幕有划痕，发货都不检查的吗？打官方客服电话客服说要给50块的补贴，嫌麻烦就没认真。补贴呢？让客服给吃了？手机还是比较好用的，反应速度挺快，性价比很高。
蓝水翡翠,全网通（8GB 128GB）,1,手机锁屏以后再解开屏幕，屏幕总是不停的闪，光亮度很轻微的闪动，但是能看出来
蓝水翡翠,全网通（8GB 128GB）,1,各方面都不错，用了几天发现系统缺少一些功能，比如最好用的密码保险箱，这种功能竟然阉割！！！差评！！！
蓝水翡翠,全网通（8GB 128GB）,1,这不是因为手机问题，这是第二次选择，第一次选了个黑色，六天了不发货，也不能换颜色，只能退款，第二次买价钱还涨了一点，我能给好评吗
蓝水翡翠,全网通（8GB 128GB）,1,白条套现被骗1700，**
蓝水翡翠,全网通（8GB 128GB）,1,看来是华为和荣耀分家之前生产的，用起来很不错，但是预安装的无聊app太多了，许多华为系的还不能删除。拜托，我只想要个简洁功能的手机，凭什么不可以自己选择？？？？？？
蓝水翡翠,全网通（8GB 128GB）,1,我现在是插着电源的 充不进去电了 昨天刚买的 第一次充电就充不进去！！！不知道是充电器故障还什么！！！申请退换货
蓝水翡翠,全网通（8GB 128GB）,1,感受哈，新手机到手就有划痕我还检查包装完好了！不知道是膜还是屏幕，联系不到京东售后，始终弹出来的的就是加入购物车，！！！！京东已经不是曾经那个放心的京东了，这个手机绝对退换机，屏幕有划痕不处理又拿出来送货！！！！
蓝水翡翠,全网通（8GB 128GB）,1,一周内连续收到的两部手机都有问题&hellip;京东自营店虽然不能保证产品质量，但也应加强抽检&hellip;京东自营店的服务真的做得很好，也够专业，效率也很高，发货也快，选择京东自营店应该没错！【希望能保证下产品质量就更好了】
蓝水翡翠,全网通（8GB 128GB）,1,手机还可以，就是有一点不满意，我都和客服说了送我的电信卡我不要，没有用，客服说可以退掉，然后我已经退了，怎么又发过来了呢，再说了我已经点退了，不满意
蓝水翡翠,全网通（8GB 128GB）,1,出差手机坏了，买了这个手机，今天才发现导航有问题，导航位置不跟随移动。开启了位置信息，可以退货吧
蓝水翡翠,全网通（8GB 128GB）,1,一星多是多余，做为华为荣耀六七八还有其他几款华为手机的使用者，感觉华为手机的没之前好用了，电板发热这款手机分辨率设置最高了，还没有8max视觉舒服。显示的礼品也没有了。
蓝水翡翠,全网通（8GB 128GB）,1,我是个外卖员抢单需要手机灵敏度高的手机，这个手机用了几天感觉还没有我那个破的手机灵敏度高呢，手机卡顿，一点也不灵敏
蓝水翡翠,全网通（8GB 128GB）,1,其它都还行，问题就出在指纹解锁上，解锁成功率不到20%，微信、***的指纹支付很难成功，看着人家老板心都急了，这个比较尴尬，人脸识别还行，就是带了口罩比较麻烦。
蓝水翡翠,全网通（8GB 128GB）,1,一周内第三部手机，质量实在太差太差太差了，简直可以称得上是垃圾产品手机；好在京东自营店售后服务真的很好，很专业，效率又高，而且京东快递实在快，服务也很不错，虽然这样但也要保证产品质量啊&hellip;？？？【这款手机闪屏很严重】
蓝水翡翠,全网通（8GB 128GB）,1,用了两三天，说下感受。拍照的话主摄像真对不起宣传的4800像素，毫不客气的讲跟以前诺基亚5230类似的感受。音质还可以，一般也不听歌，能满足日常使用。最后吐槽一下京东自营所谓的赠品，满满的套路，原则是反正不送。原装耳机也没一个。总体来说不是很满意
蓝水翡翠,全网通（8GB 128GB）,1,太不靠谱了刚买有跌??8G内128
蓝水翡翠,全网通（8GB 128GB）,1,垃圾快充！！20％充满需要1个小时！！
蓝水翡翠,全网通（8GB 128GB）,1,才买了2天就降价100元，太让人寒心了
蓝水翡翠,全网通（8GB 128GB）,1,用了7天无法开机，太差了
蓝水翡翠,全网通（8GB 128GB）,1,什么鬼。刚买完就送耳机了价钱还一样
蓝水翡翠,全网通（8GB 128GB）,1,这手机居然不配耳机，简直无语
蓝水翡翠,全网通（8GB 128GB）,1,拍照效果：像素真的很垃圾，拍的有点昏
蓝水翡翠,全网通（8GB 128GB）,1,第一次差评，非常后悔，没有陀螺仪
蓝水翡翠,全网通（8GB 128GB）,1,一点都不好，烂手机烂手机
蓝水翡翠,全网通（8GB 128GB）,1,套路，骗人的根本送没有耳麦
蓝水翡翠,全网通（8GB 128GB）,1,垃圾手机，就这？还支持国产？支持个屁啊
蓝水翡翠,全网通（8GB 128GB）,1,前置屏幕指纹非常不好用，个人不建议购买，
蓝水翡翠,全网通（8GB 128GB）,1,搞不懂京东的价格，才买1天，就降价100，双11太@了
蓝水翡翠,全网通（8GB 128GB）,1,这是我购物最差的一次，没有之一
蓝水翡翠,全网通（8GB 128GB）,1,分辨率太低了，妥妥低端机的感觉
蓝水翡翠,全网通（8GB 128GB）,1,屏幕太闪了，这是想要弄瞎用户？
蓝水翡翠,全网通（8GB 128GB）,1,手机太卡了，新的比旧的还慢，
蓝水翡翠,全网通（8GB 128GB）,1,网速好慢，耳机套餐真坑，不如买裸机
蓝水翡翠,全网通（8GB 128GB）,1,12小时不到就降价100，国产手机真心不能买，不知道1年之内会不会卡
蓝水翡翠,全网通（8GB 128GB）,1,手机可以，这个差评给京东，价格太不稳定，刚买就降价
蓝水翡翠,全网通（8GB 128GB）,1,差评，新机就死机，黑屏，退货还得自己送驿站
蓝水翡翠,全网通（8GB 128GB）,1,手机一般，电池待机时间太短，反应也很慢。
蓝水翡翠,全网通（8GB 128GB）,1,刚买完一天就降价！客服还不给处理！伤心！大品牌也不是值得信赖的！！！！
蓝水翡翠,全网通（8GB 128GB）,1,太垃圾了，一个月就自己花屏了
蓝水翡翠,全网通（8GB 128GB）,1,质量非常差，用了不够一个月就坏了
蓝水翡翠,全网通（8GB 128GB）,1,说好的赠品，差不多一个月了没消息，知名品牌也是这样，完全没诚信可言
蓝水翡翠,全网通（8GB 128GB）,1,说好有电信流量卡送的，收到货后却取消了。超级差的售后
蓝水翡翠,全网通（8GB 128GB）,1,服务极差  问个问题  鸟都不鸟你
蓝水翡翠,全网通（8GB 128GB）,1,指纹解锁太差劲，五次都不能识别一次
蓝水翡翠,全网通（8GB 128GB）,1,买的时候明明写了价保2020年全年，为啥双11降了100块，申请价格保护又说过期了？太@了
蓝水翡翠,全网通（8GB 128GB）,1,"拍照效果：极差
屏幕音效：显示特差
其他特色：没有特色"
蓝水翡翠,全网通（8GB 128GB）,1,屏显颜色怪怪的，音质超烂。怀疑假货
蓝水翡翠,全网通（8GB 128GB）,1,外包装的封签被人撕开过，怀疑是二手机，退货申请中，太让人失望了
蓝水翡翠,全网通（8GB 128GB）,1,物流非常差，本来昨天就可以送到，说是弄混了没送，第二天送还是客车代送，还要自己骑车去客运站拿
蓝水翡翠,全网通（8GB 128GB）,1,草 刚买了就悄悄降价 100 我含特意申请了降价通知 没想到这么套路人 京东保价到底是一个月 含是七天
蓝水翡翠,全网通（8GB 128GB）,1,这手机刷半小时眼睛就胀疼、头晕！！！OLED坑货
蓝水翡翠,全网通（8GB 128GB）,1,京东现在也太慢了，说好是3号到结果5号才给到的货，居然给我发错站点了，?????
蓝水翡翠,全网通（8GB 128GB）,1,"运行速度：手机有点卡，反应太慢
屏幕音效：喇叭不太正常"
蓝水翡翠,全网通（8GB 128GB）,1,和客服沟通好6.1-6.18保价才下单的，结果说有赠品不能保价，赤裸裸的欺骗！
蓝水翡翠,全网通（8GB 128GB）,1,刚买两天就降价200，申请价保，说赠了耳机，就不可以价保，气愤的不得了，差评，真差评！
蓝水翡翠,全网通（8GB 128GB）,1,连个耳机都没有，手机很一般！用起来也很一般。
蓝水翡翠,全网通（8GB 128GB）,1,待机时间：直接是旧手机，还直接连不了无线网，大家不要买都是骗人的
蓝水翡翠,全网通（8GB 128GB）,1,差评 卡机
蓝水翡翠,全网通（8GB 128GB）,1,客服告诉是合约机，我跟谁合约的，哪里有标注是合约机，是不是欺骗消费者？
蓝水翡翠,全网通（8GB 128GB）,1,无故在后台自动播放音乐，还查不到播放源，流氓功能，差评！
蓝水翡翠,全网通（8GB 128GB）,1,什么破售后，屏幕破了，联系客服，全是推卸责任，都是客户的责任，什么破服务，坚决要投诉
蓝水翡翠,全网通（8GB 128GB）,1,非常垃圾，买回来，过两天屏幕就烂了，还说要800修一下，我买才1600，第一次上京东买踩雷了，以后去实体店买
蓝水翡翠,全网通（8GB 128GB）,1,差评，手机盒不是原包装，而是贴了标签  明显之前拆开过
蓝水翡翠,全网通（8GB 128GB）,1,如果不是你们京东发邮件给我，让我来评论区，我还忘了呢，请问你们客服给我到现在一个多星期解决问题了吗？你们这个忽悠消费者，你们服务理念又在哪里，我对你你们现在服务只能说一个烂到根了，我会在以后持续对你们这次的服务进行投诉，看看你们烂到根的服务态度，我真想骂人
蓝水翡翠,全网通（8GB 128GB）,1,京东多少购买  出现2次这样的问题了 最离谱的事维修说直接快递回来让消费者买单 强烈建议购买需谨慎
蓝水翡翠,全网通（8GB 128GB）,1,买了不到一个月，降价1000，体验感太差了，糟心啊。PS：京东跟高通合作了，放弃了华为。
蓝水翡翠,全网通（8GB 128GB）,1,物流特别慢，7个小时，物流都没动静。客服也什么都干不了，除了推脱。
蓝水翡翠,全网通（8GB 128GB）,1,"其他特色：京东自营真有特色，手机不同色价格也不同，这是在向汽车销售学习？下一步应该加价买手机了。
还有一个问题就是价格打着倒计时销售，全年价格最低的一天，第二天看看价格还是原价，说什么促销，实际上跟平时一样。"
蓝水翡翠,全网通（8GB 128GB）,1,电池不耐久，特别是指纹返应很慢很慢，给一星是给快递的。。。。一天就到。。。
蓝水翡翠,全网通（8GB 128GB）,1,送个手机真差劲，4/15 号下单说4/18送到又给我改22，不打电话投诉21号也出不了库
蓝水翡翠,全网通（8GB 128GB）,1,非常垃圾的一款手机，指纹解锁非常不准，每次都需要按好几次才能解锁
蓝水翡翠,全网通（8GB 128GB）,1,买手机就几天就 出现降价 太不合理了  还说什么保价 我家电 手机什么都很相信京东的 这个购买太失望了 真是一天一个活动 一天一个价格 真是让消费者权益受不到保障
蓝水翡翠,全网通（8GB 128GB）,1,收到手机上面有一碰撞痕迹，联系售后，说是人为造成，我人为造成会找你们售后吗，态度恶劣，以后不打算在京东买东西了
蓝水翡翠,全网通（8GB 128GB）,1,我只想说 客服就和没有一样 啥事处理不了 修改和地址磨磨唧唧最后货都送到原地址了，回头问客服竟然让我又自己联系物流，客服太差劲，我见过最无语的客服。
蓝水翡翠,全网通（8GB 128GB）,1,第一个差评给了他家，手机还没收到，系统昨天就自动收货了，客服也说不出来个所以然来，看来只能投诉了
蓝水翡翠,全网通（8GB 128GB）,1,垃圾  太**差了   不小心床上掉下去 屏幕就碎了  太差了
蓝水翡翠,全网通（8GB 128GB）,1,手机没有指纹解锁，使用起来性能很差，关键是没买几天就降价了，还不能补差价，慎买
蓝水翡翠,全网通（8GB 128GB）,1,服务态度太差了，咨询问题，几天了都不回答，最起码的素质都没有，网购最失败的一次，想买的人注意了
蓝水翡翠,全网通（8GB 128GB）,1,机内部设计常提示系统升级，烦了丶比V10差好多，指系8G运行，后悔买这死机了
蓝水翡翠,全网通（8GB 128GB）,1,下单时候问了客服，是不是钢化膜，他说是结果呢！就是一个普通的塑料膜，起了好多泡泡
蓝水翡翠,全网通（8GB 128GB）,1,拍照效果：了第一个刚几天就坏了，要求退货还退不了，又给我换了一个，这手机不行 太差了
蓝水翡翠,全网通（8GB 128GB）,1,刚刚打开就很脏，而且有划痕。一直在京东买东西，终于被坑了一次。***你好！
蓝水翡翠,全网通（8GB 128GB）,1,手机怎么样我还不知道。但所谓的赠送耳机，就是给你发一个京东提示有风险的连接，让人不敢点开。赠送的电信卡是让一个月交19元钱?。我C，这不摆明了欺诈吗？
蓝水翡翠,全网通（8GB 128GB）,1,手机就没问题，快递到了一个电话都没有，直接放在那里。不管贵不贵重，首先都要打一个电话跟别人说说快递到了，签收还是放在那里，交代一下吧。
蓝水翡翠,全网通（8GB 128GB）,1,通话过程中经常听不到对方声音，和多个人打电话都是这样。差评！差评！
蓝水翡翠,全网通（8GB 128GB）,1,手机第二次充电就发现充不了电了  也不知道是手机坏了还是充电器坏了   真是的  京东上都买到这么差的产品 太倒霉了吧
蓝水翡翠,全网通（8GB 128GB）,1,京东的爱回收，以旧换新手机活动，难道就是这么@吗？我的旧荣耀9系列按照你们的标准说值130，现在十多天过去了，我新手机买了你们家，你们确说我的旧手机换的屏不是原装的，不予回收，退回运费还要算我的。原来京东就是这么个骗人的套路。
蓝水翡翠,全网通（8GB 128GB）,1,对你的好感已经没有了！诚信全无！产品靠吹！最后两部荣耀产品手机！我要带我所有的客户远离这个品牌！一个没有诚信的企业能走多远！反馈问题都解决不了！还要客户解决问题！心寒啊！
蓝水翡翠,全网通（8GB 128GB）,1,京东售后真是垃圾，越来越垃圾，服务越来越不好，手机寄过来没有新机膜，边框有划伤，果然是***，***，***，换货要七天，以后在京东买东西要慎重
蓝水翡翠,全网通（8GB 128GB）,1,非常伤心的一次体验，本来一星都不想给，19号中午11点就到顺义营业部了，一个下午不分拣，客服给的一个手机号打到顺义营业部服务态度极差，这就是京东，20号周六早上送到单位，我周六休息还的去拿一趟，你们就这服务，明明19号到的货要等到20号早上才送。对你们非常不满意，送货时间不安规定送
蓝水翡翠,全网通（8GB 128GB）,1,服务态度差，五一节之前买的，问卖家是否享受五一的活动，不给明确回复，叫问京东客户，后面联系卖家就一直敷衍，说有人会联系我，两天了都没有人联系，希望大家下单之前问清楚，别被坑了，这家卖了货之后就什么都不管了。
蓝水翡翠,全网通（8GB 128GB）,1,第一次在京东给差评，自营店的手机送到手，足足4天，先不说手机好不好，单评这一点，负5星的差评，你问为什么，我爽，我舒服。
蓝水翡翠,全网通（8GB 128GB）,1,运行速度：我连个无线网都连不上，搁家只能用移动数据。破壁玩意。没多钱，懒得换。
蓝水翡翠,全网通（8GB 128GB）,1,手机刚拿到指纹解锁就不好用，现在刚十天，屏幕就开始闪烁，找售后一大堆的理由，体验非常不好。
蓝水翡翠,全网通（8GB 128GB）,1,手机挺流畅，但是下滑出智慧搜索而不是状态栏的脑瘫体验还是让我忍不住给了差评
蓝水翡翠,全网通（8GB 128GB）,1,"屏幕音效：表现一般
外形外观：凑合能看
待机时间：不行 不到一天
其他特色：不咋滴
拍照效果：很垃圾
运行速度：一般"
蓝水翡翠,全网通（8GB 128GB）,1,这就是所谓的新机器，包装是京东后封的，里面还有污渍，别人退货的拿来当新机器销售，都是着急用手机才买，现在换货还得第二天才能取货，收到货之后才能再发货，确实欺诈消费者了，退换货速度实再不好，在京东上买手机就是图送货快，但是这种欺诈消费者的情况实再让人心寒
蓝水翡翠,全网通（8GB 128GB）,1,手机电量极低，退货过程很叼难，最后因为京东手机货的原因换货，还要求把赠品耳机退给京东。
蓝水翡翠,全网通（8GB 128GB）,1,昨天下单前看了产品页面明明写着赠送耳机的，当今天收到手机后并没有赠送！联系客服，客服各种说法！页面压根就没有说明赠送耳机活动起止时间点！购买电子数码产品我都是首先京东的，这次选购很失望！欺骗消费者，我准备投诉到12315
蓝水翡翠,全网通（8GB 128GB）,1,其他特色：@！早以为商家说的能装储存卡，收到货后结果根本不支持装TF储存卡。既然要专门的**储存卡才支持。家里的128TF又派不上用场啦
蓝水翡翠,全网通（8GB 128GB）,1,就凭我手机都没任何信息，都没收到，物流没打电话没发信息，就让我点评？问人工客服都是机器人回答，那还设置人工客服来干嘛呢？请问
蓝水翡翠,全网通（8GB 128GB）,1,京东真是坑，买这款手机的时候，我还专门问了下客服降价的问题，客服说是可以申请价格保护，于是我就马上下单了，结果我买完手机，第二天就降价了，等我申请价格保护的时候，提示我价格没降，原来是同一款手机，包装成了两个产品，为了双十一有包装成新的一个产品进行秒杀，明显的欺负老百姓
蓝水翡翠,全网通（8GB 128GB）,1,感觉不好，没有隐私空间，振动很小没感觉，不能用小米手环，闹钟不能提前关闭&hellip;&hellip;&hellip;
蓝水翡翠,全网通（8GB 128GB）,1,"连联系都不联系一下，快递柜里面是空的，还能搞出这么多幺蛾子 。 
买个货还得操那么心 ，  打快递员的电话，也不接，"
蓝水翡翠,全网通（8GB 128GB）,1,拍照，录像清晰度很差，还没我现在用的小米5x好，不知道是摄像头没调试好还是本来就这样！另外指纹解锁每次要5遍以上才能好，已经申请退货了！
蓝水翡翠,全网通（8GB 128GB）,1,钢化膜不好配啊！要不就是比手机大，要不就比手机小，真的太难了?，手机也很不满意
蓝水翡翠,全网通（8GB 128GB）,1,"之前问卖家客服说6.1-6.18之间有价保，所以就提前买了，现在要降价了，问卖家客服能不能价保，又让我去联系京东客服，问了京东客服价保规则是有赠品或者申请价保时与买手机时的赠品不同，都不能申请价保，果然现在的赠品和之前不同，赠品就是卖家的坑，一个破耳机值100吗？卖家能不知道价保规则吗？这点信用都没有，垃圾
其他特色：没有语音唤醒功能，垃圾
拍照效果：一般"
蓝水翡翠,全网通（8GB 128GB）,1,买完就降价100元，然后因为有赠品，价保就不通过，价保就太坑了，手机屏幕白色背景的时候屏闪，客服说是正常，手机大部分应用基本都是白色底，怕是对眼睛不好
蓝水翡翠,全网通（8GB 128GB）,1,买这部手机垃圾要死！信号差，反应慢，都没有59元的老人手机好用，现在我后悔要死，见这部手机就烦！
蓝水翡翠,全网通（8GB 128GB）,1,其他特色：刚买的第一个手机当天就自动关机，然后换了一个，又自动重启？亏我还支持华为？居然有这么辣鸡的机子？真是后悔买华为，我只能呵呵呵呵&rarr;_&rarr;以后再也不会买了，我会把这种情况告诉所有人知道，真的很气愤&hellip;
蓝水翡翠,全网通（8GB 128GB）,1,双11买的，昨晚莫名的黑屏，无法使用，超级差，还没用到一个月
蓝水翡翠,全网通（8GB 128GB）,1,真垃圾  开个蓝牙，老是自动关  打开就关，打开就关，啥玩意儿啊？是在调戏我吗？辣鸡  找个客服半天也不理人
蓝水翡翠,全网通（8GB 128GB）,1,明知道存在屏幕闪烁问题居然还在售卖，这算不算欺诈？不是个例，网上很多人反应这款手机存在屏幕闪烁问题，居然没得到解决的前提下还在售卖？这是消耗国人对华为的信任。
蓝水翡翠,全网通（8GB 128GB）,1,太坑了，请看好下图价格与我付款价格，我选择耳机套餐1599购买，找了人工处理，结果说我购买的是官方套餐，请看好我选择套餐的价格与付款的价格，从来买东西就没给过差评，但玩我呢，真让人很无语，价格变了，就不认帐了？？？再次重申，请看好我选择耳机套装的价格与我付款的价格。。。。。。
蓝水翡翠,全网通（8GB 128GB）,1,"这手机太差了：
1.屏幕有刮花
2.指纹感应不灵
3.屏幕分辨率低
4.颜色失真"
蓝水翡翠,全网通（8GB 128GB）,1,新买手机发现有别人购物记录，我还没有注册就显示有别人信息，太吓人了想退货，等了三天一直推脱，就是不给退，还7天无理由退换货，都是骗人，还说一大堆理由，以前从没请假过，这次忍不住吐槽一下，让买手机的看清楚再购买，别买个旧手机就不好啦！
蓝水翡翠,全网通（8GB 128GB）,1,运行速度：网络太差信号太差我都怀疑我买了个假手机，以前用的oppo从来没有出现过这种杂音，换上荣耀微信语音都听不清电话还能凑合音质很差，卖家忽悠人坑人的东西说有赠品结果说送完了，现在的京东真的不可信不靠谱呀还自营旗舰店呢**！就当花钱买个教训了下次买手机一定谨慎
蓝水翡翠,全网通（8GB 128GB）,1,呵呵一笑，昨晚下的单，今天送到的，打开后，掉地下了，然后屏幕碎了。我就醉了，打售后说不在质保范围内，需要自费维修，价格690。
蓝水翡翠,全网通（8GB 128GB）,1,客服根本就不理人     相机处还有异响    把手机房子桌子上面的时候就能听见    一开始以为是音量键    按住了还是有    问客服根本就不说话
蓝水翡翠,全网通（8GB 128GB）,1,一千六百块钱的手机用了一个月零六天，期间没摔没进水，现在屏幕完全没反应了，太垃圾了，购物这么久以来的第一个差评，这质量真的无语了
蓝水翡翠,全网通（8GB 128GB）,1,运行速度：刚到手打字时感觉屏幕不太灵敏，后来行了，手机偶尔卡一下还不如9x呢，喇叭音效也不怎么样，朋友们想买这手机你还不如在看看别的呢，京东快递现在也差劲了，系统显示1号送达，到晚上六点我催单了显示晚上九点送达，到九点联系客服说下班了，等到2号中午才送到。总之这手机不咋地！
蓝水翡翠,全网通（8GB 128GB）,1,破东西，刚买完就降价，10.27买的机器，明明当时没有规定时间，直接写的的全年价保，现在竟然说必须11.1-11.11才行，我又不傻，如果写了我会买？我不等双十一？垃圾，真的太垃圾了，京东真不行，价格浮动没谱，说理的地方都没有
蓝水翡翠,全网通（8GB 128GB）,1,破手机！大家别买！我刚用两个月手机充电插上充电器后面就特别热！都感觉快烫手了！前两天不小心屏碎了！所有的手机店没有这个型号的屏！说这是什么华为给企业定制的机型！大家以后网购的时候千万当心啊！
蓝水翡翠,全网通（8GB 128GB）,1,差评差评差评，重要的事情说三遍，首先买这个手机裸机等了半个月没有货，最后买了一个耳机版的还预约等了好几天才拍到，饥饿营销玩的不错，然后京东自营物流垃圾，超时两天，投诉没人理，到了货派送也没打电话，送货超时物流超时，垃圾，京东现在越来越不把用户当回事了，京东客服敷衍了事，沟通很费劲，一颗星都不想给，太差劲了
蓝水翡翠,全网通（8GB 128GB）,1,指纹解锁成功率太低，经常打不开，一旦出现指纹验证不成功再怎么试都不行了，必须输入密码才行
蓝水翡翠,全网通（8GB 128GB）,1,屏幕可视范围太小，软件按钮都无法全部显示，而且不留空间，操作起来很辛苦，还不如之前买的畅玩8C的，华为这到底怎么了，怎么约设计越差劲呢，罔顾国人支持国货啊。。。
蓝水翡翠,全网通（8GB 128GB）,1,声音忽高忽低，像素更是扯淡，标的像素感觉高大上，实际连锤子都不如，**手机连个耳机都不配，烂的一比
蓝水翡翠,全网通（8GB 128GB）,1,618买的，不到半个月，卡的要死，根本用不了。垃圾产品，华为也不过是徒有虚名而已！垃圾产品，系统卡到它妈都不认识！
蓝水翡翠,全网通（8GB 128GB）,1,屏幕色彩不对，分辨率很低，图片那些看起来雾蒙蒙的。屏幕太狭长，长宽比例不协调，看起来很奇怪。价比太低。
蓝水翡翠,全网通（8GB 128GB）,1,无塑封，卡针处有明显取针褶皱，塑料袋全部不平整各种褶皱，取出手机，贴了膜，没了原装封膜，膜旁边都是灰点。***名不虚传，果断退货。
蓝水翡翠,全网通（8GB 128GB）,1,质量超级差，买了才30多天。就出现了拍相。图像有裂痕。如果调到。还有可以拍的，你说可不可恨。你要换一个新的机子，超过30天的你做梦。兄弟们慎重慎重，别的我不多说。你们自己看着办。
蓝水翡翠,全网通（8GB 128GB）,1,极差，买了几天就出问题，老人用，没在意过了七天就不能退换了，机子卡，充电还充不了，根本就不是新机子，想买的还是看别款机子吧，或者线下买！买了必后悔的！！！
蓝水翡翠,全网通（8GB 128GB）,1,差评！才用了几个月的时间，还买了两台！后悔！！锁屏后打开网络也会连接不上，有的时候连短信都收不到，然后重启，重启之后才进来短信。虽然价格不是很高，但是我觉得连这些基础功能都不行，这还能算是手机吗？
蓝水翡翠,全网通（8GB 128GB）,1,手机质量特别差，照片拍出来特别黄，而且一点儿水都不能粘，跟纸一样，一粘屏幕就坏了，最差的一次购买经验，
蓝水翡翠,全网通（8GB 128GB）,1,拍照效果很一般，我一下买了两部，一部带耳机，一部没有，并且还没有优惠，现在真有点后悔买这个手机，找客服都是自动的，没用，不建议大家买这款了
蓝水翡翠,全网通（8GB 128GB）,1,指纹解锁就是摆设，毛作用没有，手电没有快捷键，还有捆绑销售，不知道荣耀哪儿来的自信开始膨胀了，捆绑销售是违法的他也不管了，还有快递，以前一直以为韵达最慢京东最快，现在才知道京东比韵达都慢！
蓝水翡翠,全网通（8GB 128GB）,1,手机信号很差，同样另外几个手机在一起，无论WIFI还是数据信号，都没法和其他手机相比。用了段时间评价，还觉得华为可靠，有点坑
蓝水翡翠,全网通（8GB 128GB）,1,选手机的时候选的不是绿色的，是梦幻色的，然后下面给出配件套餐，以为套餐只是加两个配件，加38元，于是就选了，结果其实是个陷阱，收到货根本就不是我选的颜色，加个配件连主机颜色都给调换了，换成了绿色的，绿色的在我们这边的商店比其它颜色要便宜100到200，而且收到的充电器是发黄发旧的二手货，很气，很气，一收到就想退，但迫着急用手机就被迫认坑了，不会有第二次回购
蓝水翡翠,全网通（8GB 128GB）,1,新到的手机，里面京东号居然登录了？？可见这一定是别人用过的手机，第一手机居然不是全新的，这让我觉得有点气，第二这手机是不是有问题，很难说，毕竟是用过退过的，第三，商家极其不负责，即是对我，也是对上一个用过这手机的人，京东里的信息一目了然，可能还可以打白条呢，当然我不会那么做，不过提醒大家，买这家手机的人要小心
蓝水翡翠,全网通（8GB 128GB）,1,本来不想吐槽的，实在是受不了了，指纹验证识别几率低，还能接受，还能密码输入。忍无可忍的是在浏览器看个视频要卡一会，有时候声音有了，图像还是静止的。我别的手机999 块钱都是视频秒开。手机体验差的超级稀烂。
蓝水翡翠,全网通（8GB 128GB）,1,"外形外观：摄像头太突出
屏幕音效：一般
拍照效果：不是很清晰
运行速度：反应很快
待机时间：还行
其他特色：实测断网后台应用全部关闭，不玩手机情况下，一个半小时才充电83，手机充电，包括有信息都没有呼吸灯提醒，很不满意的一次购物。"
蓝水翡翠,全网通（8GB 128GB）,1,经常手机放口袋误触被锁，而且输入密码还要等半小时，还时不时的在口袋拨打紧急电话，用了一段时间发现是&quot;指纹解锁&quot;和&quot;拿起手机亮屏&quot;的事，只要把这两个功能关掉就不会出现上述情况，现在屏下指纹只能付款时用下，太垃圾了，我劝大家别买，以前用的同等价位的手机没出现过这么低级的问题，慎重考虑
蓝水翡翠,全网通（8GB 128GB）,1,"待机时间：非常短
屏幕音效：打电话听音乐声音非常小
运行速度：刚开始半个月很顺，15天后出现卡顿，现在连屏幕都经常出现失灵
外形外观：很垃圾的保护膜，跟一层胶带似的
拍照效果：还行
其他特色：我真想退了算了，用着一个月才感到心酸"
蓝水翡翠,全网通（8GB 128GB）,1,"很生气，非要给哥搞个耳机?，强卖，不要就没货。哥买了后第二天又有货了，今天还有标准版的不带?，玩哥呢&hellip;&hellip;哥很生气后果不堪设想，哥也就会个差评了，说说哥为什么给你差评吧！
     哥以前用的锤子手机2，6加64GB运行和你8加128反应一样快，这还是用了4年。再说电池，锤子简直是吊打你，你冲满要一个小时多，使用一天到晚上绝对不行，锤子冲满可用2天到3天，特别是快冲那是真的快，半小时冲满80个电。再说指纹解锁和人脸解锁，锤子又吊打你，你的指纹堪比垃圾，人脸还马马虎虎，可能是哥长的比较帅吧，好识别！算了不说了，荣耀，哥希望你加油，真的能把产品做好，给老百姓实惠。套用马总的一句话：耗子尾汁"
蓝水翡翠,全网通（8GB 128GB）,1,手机电池非常不耐用，我把该设置省电的逗设置了省电，1%的电只能撑7分钟，问客服就跟我打太极，听不懂人话，就说三包就让去检测，三包成了他们的保护伞了。新手机竟然有两个闹钟，问客服怎么回事，客服说出厂就默认待闹钟，还默认带俩闹钟，真***奇葩，严重怀疑是翻新机，或者别人退回来的机子。我要维权！
蓝水翡翠,全网通（8GB 128GB）,1,"这垃圾手机竟然不支持tf内存卡扩展,没有人脸识别屏幕常亮,没有红外功能,要么装两张卡没有内存,要么装一张卡一张专用的特别贵的那种小卡。不支持将手机号码储存在电话卡，运行速度一般，屏幕触感迟钝，尤其是相机功能看起来有三摄像头，可是太垃圾了，垃圾华为华而不为。第一次也是最后一次购买其产品。就**吹牛能吹破天。女儿也找不回来。坑消费者呀！待机也非常的差。 偶尔使用也就能勉强用一天。"
蓝水翡翠,全网通（8GB 128GB）,1,垃圾，这**是翻新机么，还是质量这么次，新手机特别卡，上网页面缓冲不出来，视频看着就卡，优酷视频的视频封面又缓冲不过来，文档没有编辑功能，视频全屏就显示不了时间，指纹解锁需要用力按压，还有很多烂地方，我都懒得一一打字了。气死我了，将近1800买了个垃圾，新买的手机比我用了四年的oppo手机还慢，本来因为华为是国产，最近又比较火，就想试试的，垃圾中的战斗机，上当就这一次了，我再也不会买华为了。垃圾！！！
蓝水翡翠,全网通（8GB 128GB）,1,"深感失望，与想象中有差距。触屏有时候不太灵敏我有所感受了，个人不太在乎这个，就算了。
首先发热！！！是手机散热有问题吧？充电快充，热我还可以理解，但滚烫的感觉，不应该吧！啊？还有随便玩玩打局游戏就发热，手机没有散热功能吗？我其他手机起码玩了很久才会热啊，你倒好，碰他就热,呵呵了。
网速慢，不知道你手机什么问题。我同一张卡同一地方同个浏览器，就你手机慢，浏览网页别的手机正常1M以上,你100K-500K，其他程序都关了的，到底什么原因，有解释的话给我个解释？？
照相，非专业，够用就行，但是你这个最大分辨率不支持变焦让人很不爽，支持的默认的分辨率看着清晰度不行啊！！！让我这种业余拍照人士怎么能够快乐的拍照？什么4800w万高光3射也就这样，还没我之前4000万的用着舒服。
你们也就8+128的内存占价值了吧，，，
等再发现问题后续追评~"
蓝水翡翠,全网通（8GB 128GB）,1,才买20几天，没摔，没磕，没碰，突然间就这样了，我还以为这手机自带换屏保功能的呢，等我去按的时候没有反应，才意识到坏了，京东拿走快一个星期了，给出的答复是自费维修458，我不同意他们说法，我才买几天，也不是人为的为什么要自费，，服务太差，出了问题不管
蓝水翡翠,全网通（8GB 128GB）,1,#
蓝水翡翠,全网通（8GB 128GB）,1,#商家，刚买三天就降价，难道平台就不管吗，无语?
蓝水翡翠,全网通（8GB 128GB）,1,快递箱里有一张电信星星卡，充钱没用，退不了，找电信客服说叫我找华为客服，找华为客服，华为客服说找京东客服，京东客服说找电信~。绕来绕去浪费我几个小时时间
蓝水翡翠,全网通（8GB 128GB）,1,第一次买手机没耳机，~上今死机半分钟，屏幕指纹不灵敏
蓝水翡翠,全网通（8GB 128GB）,1,信号差，~语音通话总是提示信号差，换成旧手机后通话很流畅。
蓝水翡翠,全网通（8GB 128GB）,1,打电话外音非常小，远远比不上一加魅族等小众品牌，这是我用过最#的手机
蓝水翡翠,全网通（8GB 128GB）,1,垃圾的京东，#的华为！手机过来居然连密封膜都没有，手机2020.11.05就被激活过了。不是我们不支持国产，是国人专门搞国人。如果一切顺利你们是看不到我的评论与图片
蓝水翡翠,全网通（8GB 128GB）,1,我买的新手机下载京东后，就使用本机号码登录，然后居然是别人的京东号，想买个笔记本看了几天，决定买的时候一看登录账户真吓人！差点儿给别人邮过去了。下面天地良心，有图为证，我认识这人，我是#。
蓝水翡翠,全网通（8GB 128GB）,1,买了手机配耳机，多了40元，单买49，一起跟手机买多了40元。差评。第一次给差评，差评，差评，差评，差评，差评，差评。
蓝水翡翠,全网通（8GB 128GB）,1,收到货后发现手机屏幕变形有点桥，就联系客服一直没处理，联系客服了说要联系人工服务，可人工服务一直就不搭理我，运行速度太慢了，看个~都转圈圈，
蓝水翡翠,全网通（8GB 128GB）,1,说实话一星都不想给的，这款手机比我上个手机贵了300元，网速比以前买的差多了，上个~都卡，我当时怕网速不好还特意买的8g网速的，现在看来还没有华为20s的6g网速好，拍照就更不用说了，比华为20s差多，还比20s贵那么多，快递速度还是没话讲的，一直说来评价一直没时间！
蓝水翡翠,全网通（8GB 128GB）,1,垃圾，强卖强买，赠品需要买家花钱购买，而且杀熟，下单之后才能发现最~，才能发现没有捆绑套餐的销售链接！这个差评给京东！
蓝水翡翠,全网通（8GB 128GB）,1,手机有点差，触摸和人脸识别不灵敏，经常无效，看个~直播卡出来无数次，感受很差，不建议买
蓝水翡翠,全网通（8GB 128GB）,1,我不想说了，刚买的手机，保存的照片手机像素可以显示，想直接从~发给朋友，不显示，买这个手机就是为了工作发照片，如果这样，那我还买这个干嘛，就不能及时处理吗？质量极差
蓝水翡翠,全网通（8GB 128GB）,1,屏幕音效：还可以外形外观：还行拍照效果：一般般运行速度：一般般待机时间：待机时间特别差，掉电特别快，从晚上开启省电模式待机到早上掉了百分之8左右的电，刷刷~QQ的话电量是蹭蹭蹭的往下掉，真的特别差，我怀疑这电池是不是有问题？这还是新手机还不如我用了两三年的手机稳电唉其他特色：特色就是掉电特别快，电池不耐用
蓝水翡翠,全网通（8GB 128GB）,1,指纹识别不是很灵敏，大概三次能成功一次。屏幕下巴太大，不好看。系统还是有点卡顿，同时打开浏览器，~，~，~有时就卡一下，屏幕滑动没反应。其他方面还好，希望能用个一年
蓝水翡翠,全网通（8GB 128GB）,1,外形外观：放手机透明保护套里不过几天就磨损掉色了，做工差屏幕音效：屏幕发黄就不说了，关键是闪屏！闪屏！拍照效果：这个手机最垃圾的就是拍照，像素颗粒感根强，自带美颜，拍出来图片失真非常大，看视频颗粒感太强，不高清，很所谓官方数据表太远了待机时间：电池不耐用，基本一天一充，如果刷~，半天一充！不满意，退货自己给运费！！
蓝水翡翠,全网通（8GB 128GB）,1,垃圾，叉开快递，手机盒居然只贴了两个胶带，没有塑封膜，根本无法区分是新机还是翻新机，打开手机盒，手机松松垮垮的放在里面，摇一下盒子，能听到剧烈晃动的声音。手机屏幕居然给我贴膜了，#，这服务到位啊，这一波操作，一下不敢用了，谁知道是不是翻新机
