羽墨黑,6GB+128GB,1,手机不行，服务又差
羽墨黑,6GB+128GB,1,确实是一分钱一分货
羽墨黑,6GB+128GB,1,现在买手机都不用带耳机的吗？
羽墨黑,6GB+128GB,1,我等了六个小时还没到
羽墨黑,6GB+128GB,1,"一般般不怎么样
拍照效果：一般般"
羽墨黑,6GB+128GB,1,小米9这手机常黑屏死机
羽墨黑,6GB+128GB,1,买了才三天，就开不了机，也不知道啥情况
羽墨黑,6GB+128GB,1,辣鸡搞活动应该挺好车友会堵不堵v给
羽墨黑,6GB+128GB,1,没想象中的那么好。
羽墨黑,6GB+128GB,1,内存很快用完的，有点卡
羽墨黑,6GB+128GB,1,外形外观：要划痕不给退货。
羽墨黑,6GB+128GB,1,这手机总觉得不是新的一样，还不如在店里拿
羽墨黑,6GB+128GB,1,怎么没有耳机。给个说法
羽墨黑,6GB+128GB,1,运行速度：卡的一笔
羽墨黑,6GB+128GB,1,经常听不到对方声音
羽墨黑,6GB+128GB,1,手机自己裂屏，还不在保修范围内
羽墨黑,6GB+128GB,1,刚买就降价，一直是这个套路，我不嫌麻烦，我退货行吧！
羽墨黑,6GB+128GB,1,妥妥老人机玩游戏卡的要死
羽墨黑,6GB+128GB,1,暗角明显，客服扯半天，还是解决不了。
羽墨黑,6GB+128GB,1,Gps信号弱，同时同地，其他小米型号就正常。。。
羽墨黑,6GB+128GB,1,手机用了10多天就黑屏，打不开也不给退货
羽墨黑,6GB+128GB,1,服务不好，产品来时候刮花了，质量不行。
羽墨黑,6GB+128GB,1,购买20天，使用不到10天，音量按键坏了，闹心
羽墨黑,6GB+128GB,1,通话好差，家里有信号都听不清楚。
羽墨黑,6GB+128GB,1,不是很好，反应慢
羽墨黑,6GB+128GB,1,配件不齐全，退货不给退
羽墨黑,6GB+128GB,1,又慢又卡机，象旧手机
羽墨黑,6GB+128GB,1,货物还可以，就是价钱比我们镇上实体店里的还贵！唉，，以后再也不网上买了！
羽墨黑,6GB+128GB,1,问客服没人理，手机用着反应迟钝
羽墨黑,6GB+128GB,1,手机不怎么样 不好用 掉线 电池不禁用
羽墨黑,6GB+128GB,1,通话有杂音，信号不稳定，打电话自动接通
羽墨黑,6GB+128GB,1,老是WLAN断网，客服是系统回复，解决不了问题。
羽墨黑,6GB+128GB,1,"照相
拍照效果：不是像素问题，照出来的是变态校果"
羽墨黑,6GB+128GB,1,质量不行。通话过程中经常会出现听不清的情况
羽墨黑,6GB+128GB,1,手机信号不好，经常卡
羽墨黑,6GB+128GB,1,没耳机！怎么回事？！
羽墨黑,6GB+128GB,1,很一般
羽墨黑,6GB+128GB,1,辣鸡手机
羽墨黑,6GB+128GB,1,卡的要死
羽墨黑,6GB+128GB,1,反映慢
羽墨黑,6GB+128GB,1,不是特好用
羽墨黑,6GB+128GB,1,不到一个月就充不进去电了，京东买的两个手机都不行
羽墨黑,6GB+128GB,1,手机膜没贴好
羽墨黑,6GB+128GB,1,辣鸡手机
羽墨黑,6GB+128GB,1,网速慢
羽墨黑,6GB+128GB,1,手机特别卡
羽墨黑,6GB+128GB,1,质量不好
羽墨黑,6GB+128GB,1,有点卡
羽墨黑,6GB+128GB,1,这手机用不了电信，商家可不可以给我一个满意的答复
羽墨黑,6GB+128GB,1,莫名其妙没有网。电话时不时打不通  牛批
羽墨黑,6GB+128GB,1,两个手机 连个填充物都没有  真服了   本来预计24号到   然后今天26号才到
羽墨黑,6GB+128GB,1,手机不管那个APP都是应用商城，那还要应用商城干嘛
羽墨黑,6GB+128GB,1,不推荐，样式差，浏览网页容易卡，体验差。
羽墨黑,6GB+128GB,1,没有耳机，现在的手机都这样子的吗？都不送耳机的吗？唉
羽墨黑,6GB+128GB,1,连个充电器都没有，我以为我搞错了，接过找了一圈还是没有
羽墨黑,6GB+128GB,1,这个18瓦快充好差劲，充满一次要5个小时，怎么回事
羽墨黑,6GB+128GB,1,为什么手机电用完，充到百分之46就充不到电了。
羽墨黑,6GB+128GB,1,发错货了
羽墨黑,6GB+128GB,1,我这台居然马达没有 不知道是漏装还是坏了  这品控
羽墨黑,6GB+128GB,1,不行，才用10多天，就卡屏，死机，无法关机，无法开机。
羽墨黑,6GB+128GB,1,不知道哪来的那么多好评，感觉就是用过的手机，收到时都有手印，外壳也不干净！
羽墨黑,6GB+128GB,1,新买的手机刚到手里就卡顿   感觉是翻新机 再也不相信了。
羽墨黑,6GB+128GB,1,一言难尽，换了两次，具体的就不说了，客服态度还好，快递也不错。电话外放杂音不小，嗤嗤嗤
羽墨黑,6GB+128GB,1,wifi链接中途老是中断，客服让找售后或者恢复出厂设置，新买的，图片是正在恢复出厂设置
羽墨黑,6GB+128GB,1,"手机一般，反应也不怎么快，电池容量是6000A,但是用了一天就显示没电了"
羽墨黑,6GB+128GB,1,先说明我不是米粉，别上来就亲爱的米粉，不是送人的谁买你，系统各种广告，新手机刚用就出现过卡顿的现象，好好抓抓品控吧
羽墨黑,6GB+128GB,1,什么赠品都没有，联系其他平台购买！ 盒装里面的保护壳套上手机后挂手 影响操作   自己还要去重新买一个
羽墨黑,6GB+128GB,1,不好用语音信号都不稳定，手机分身也没有华为商城的方便，还得要交钱vip才能分身
羽墨黑,6GB+128GB,1,其实手机不错，快递也快，就是因为看中快递那么快才买，然后我买的是绿色的，给我发黑色的，又忙着工作用没办法。所以给个差评
羽墨黑,6GB+128GB,1,手机个头有点大，用了不到一个星期不知不觉掉了一个镜头片，售后建议这样使用
羽墨黑,6GB+128GB,1,有时候不能连网，刚用没多久就卡顿了。虽然是给老人买的，也不能这样呀，下次绝对不会再买红米了。
羽墨黑,6GB+128GB,1,22号买的手机   里面有张17号的手机号码截图   店家能解释下吗
羽墨黑,6GB+128GB,1,质量有问题，插入手机卡，无法打电话，无法接电话，基本功能没有支持
羽墨黑,6GB+128GB,1,刚拿到手机  不知道是手机出厂就有问题 开视频里面好像大海波浪一波一波的， 马的
羽墨黑,6GB+128GB,1,这是怎么回事儿？联系客服发不了视频给他看&hellip;&hellip;屏幕怎么会不灵敏，之前用的小米手机都挺好的，对小米印象也挺好的，这次有点让人失望了
羽墨黑,6GB+128GB,1,才用一两个月，好二十几次电才用百分之50自己重新开机，确定是正品吗，确定不是回收旧机卖给客户，一天起码有一两次自己重新开机
羽墨黑,6GB+128GB,1,品控好差，密封胶屏幕上没擦干净，新手机还有指纹留痕感觉不是新的
羽墨黑,6GB+128GB,1,手机有问题  关机重启没解决  打开相册疯狂闪退  我自己就是米粉  给亲戚推荐 结果就这问题   已经退货了  让他们换个牌子吧
羽墨黑,6GB+128GB,1,除了电池大，没有其他优点，拍照不清楚，还经常聚不到焦，直接拍不了，才用一星期就感觉反应慢了
羽墨黑,6GB+128GB,1,"卡顿
外形外观：塑料外壳一般
屏幕音效：差
拍照效果：模糊晚上更是看不清
运行速度：卡，
待机时间：没有官方描述那么好
其他特色：无"
羽墨黑,6GB+128GB,1,质量不行，接打电话时经常自动弹出录音或者备忘录等其它界面，脸已经离手机三厘米以上距离了。用别的手机从来没出现过这种问题。
羽墨黑,6GB+128GB,1,耳机插口接触不良，不是耳机问题，森海塞尔的耳机，插别的手机就没事，换了3个耳机插还是断断续续的， 找客服 全是机器人自动回复
羽墨黑,6GB+128GB,1,电池不是很耐用，一天有空的时候玩玩，第二天就不够用。拍照效果不好。不玩王者之类的大型手游不知道效果怎么样。声音满意。
羽墨黑,6GB+128GB,1,屏幕老是自己跳转，差评
羽墨黑,6GB+128GB,1,京东平台服务太差劲了。
羽墨黑,6GB+128GB,1,说是送过上门，快递员态度极差。
羽墨黑,6GB+128GB,1,非常辣鸡，价格贵！
羽墨黑,6GB+128GB,1,那手机是翻新机吧也太卡了劝告大家别买
羽墨黑,6GB+128GB,1,1千多买个手机，连耳机也没有，差评
羽墨黑,6GB+128GB,1,垃圾，谁让你寄电话卡的
羽墨黑,6GB+128GB,1,找售后都没人管，从网上买东西就是不好，太差
羽墨黑,6GB+128GB,1,品质非常差，不建议购买，对小米手机非常失望！
羽墨黑,6GB+128GB,1,现在的京东服务效率真的，售后维修差的很。
羽墨黑,6GB+128GB,1,无线网可差劲?差劲?差劲?差劲
羽墨黑,6GB+128GB,1,"质量非常差
信号接收有问题"
羽墨黑,6GB+128GB,1,在户外开最大亮度屏幕显示还是很暗
羽墨黑,6GB+128GB,1,售后咨询服务极差！
羽墨黑,6GB+128GB,1,发货的时候给的手机套特别小，根本装不下
羽墨黑,6GB+128GB,1,第一次网上买手机屏幕太昏了，不清楚拉圾
羽墨黑,6GB+128GB,1,我严重怀疑这个个翻新机子，里面有以前用过人的账号
羽墨黑,6GB+128GB,1,手机，太差了，视频聊天模糊得要命，运行速度也不怎么流畅
羽墨黑,6GB+128GB,1,太垃圾，卡的要死，动不动就直接死机了
羽墨黑,6GB+128GB,1,售后不太行，什么七天无理由退换都是骗人的，坏了也不管
羽墨黑,6GB+128GB,1,处理器很卡 反应迟钝
羽墨黑,6GB+128GB,1,打不了王者打不了吃鸡，连日常的阴阳师都卡，差评
羽墨黑,6GB+128GB,1,很卡很差劲
羽墨黑,6GB+128GB,1,不是一般的卡，基本就用不了，太卡了不值
羽墨黑,6GB+128GB,1,手机连上wifi后网络很卡，这是怎么回事？
羽墨黑,6GB+128GB,1,很差劲的一次购物，手机质量有问题，商家不诚信，赠品不翼而飞。
羽墨黑,6GB+128GB,1,垃圾，第一次给评价，小米的手机就是垃圾，6g的手机还没有4g的荣耀快
羽墨黑,6GB+128GB,1,本评论没任何参考性。某米的东西，习惯差评，用了别的自然会知道
羽墨黑,6GB+128GB,1,"一直都是米粉，但是note9真**的失望，才半个月，手机卡的要死，活活的交了一波智商税
运行速度：卡的一笔"
羽墨黑,6GB+128GB,1,小米的手机越来越垃圾了，跟华为比起来真不是一个层次的，无语了，唯一让人宽慰的也就是京东物流了
羽墨黑,6GB+128GB,1,音量键是失灵的，新机出厂都不检测好才出售的吗？难不成是二手翻新机？
羽墨黑,6GB+128GB,1,前置摄像头很差，和人视频的时候感觉画面感很糟糕
羽墨黑,6GB+128GB,1,打开程序经常卡死，app经常临时隐了几分钟就给关了
羽墨黑,6GB+128GB,1,手机使用第二天就出现故障花屏！！！！！！！！！没想到小米千元机这么不靠谱，差评！！！
羽墨黑,6GB+128GB,1,"差评 
赠品莫名其妙的就取消了 

坑坑坑坑坑坑坑坑坑坑坑坑坑坑坑坑坑"
羽墨黑,6GB+128GB,1,运行速度：太慢   适合老人用  典型老人机  反应迟钝
羽墨黑,6GB+128GB,1,手机太轻，玩游戏平均每小时百分之六十左右、差！
羽墨黑,6GB+128GB,1,垃圾手机，再也不会买小米了   信号差得很 祝小米早日倒闭
羽墨黑,6GB+128GB,1,客服工号76265   服务特别差  特别差  特别差  出现问题不解决
羽墨黑,6GB+128GB,1,差评，用了不到几天wifi连接上老是说没服务，其他手机连了又没问题，客服找半天不解决
羽墨黑,6GB+128GB,1,真的很不好用很卡，个方面和同价格手机比起来，真不太好用，
羽墨黑,6GB+128GB,1,太垃圾了，没用多久距离感应器就坏了，打电话挂不了
羽墨黑,6GB+128GB,1,"wifi信号很差，小米的品控怎么这么差了。
离路由器5cm，信号是-43；-45达不到自己说的-35至-15"
羽墨黑,6GB+128GB,1,质量太次，最基本的通话使用中会中断。太不稳定了。
羽墨黑,6GB+128GB,1,前摄像晚上拍太暗，根本就看不到人，太垃圾，不建议购买
羽墨黑,6GB+128GB,1,智能手机不能连接wifi，而且下载速度真的很慢，已经申请退货
羽墨黑,6GB+128GB,1,垃圾！配的数据线都错，**还不给我补发！差评，京东也越来越垃圾了！
羽墨黑,6GB+128GB,1,大家得注意，系统预装垃圾软件太多了，各种收费提示，从小米商城买的就没有这么多垃圾软件，不知道什么原因。
羽墨黑,6GB+128GB,1,像素太差了，建议买时考虑一下，30岁拍成四十岁，没皱纹都拍出有皱纹
羽墨黑,6GB+128GB,1,竟没耳机线，买手机不都是有标配嘛！差劲以后再也不买！！！
羽墨黑,6GB+128GB,1,真心不太好. 耗电快，屏幕自己开程序，就第一天用
羽墨黑,6GB+128GB,1,在保障期15天内，手机出现黑屏关不了机，申请售后换货，寄回去居然不换新机，浪费了一个星期的时间，寄回来原来那个。真棒！
羽墨黑,6GB+128GB,1,差评：12月6号买的机子，激活日期是11月5号，用到12月22号手机开不了了，经小米售后检测手机是有问题的。
羽墨黑,6GB+128GB,1,你拿到的是一个二手机，拆开以后，很明显是别人用过的，有很多灰尘和指纹
羽墨黑,6GB+128GB,1,电池充电很慢，充满用不到一天就没电了，号称 6000mA，该不会就3500mA吧
羽墨黑,6GB+128GB,1,屏幕看着刺眼，不能用，退了，现在的小米已经没有什么性价比了，以后红米的机器不会再买了
羽墨黑,6GB+128GB,1,用蓝牙传通讯录，每次到第12个都自动结束，试了多次依然如此，找店铺客服，店铺客服让找京东客服，找京东客服，京东客服说得问问店铺客服，真难，以后应该都不会在选择小米了
羽墨黑,6GB+128GB,1,用了一段时间了感觉很不好，屏幕有时候点击没反应，还有收到货好多指纹，真的让人不爽
羽墨黑,6GB+128GB,1,1号才买的，4号凌晨就又送碎屏险又送耳机，咨询客服可以补吗，小米客服让我找京东客服，京东客服说啥都没有，体验真糟糕，本来看中京东的服务，还不如在淘宝**旗舰店买，还便宜10块钱
羽墨黑,6GB+128GB,1,刚收到货打开后发现手机有道划痕咨询客服后检查是屏幕划痕还是手机膜划痕，经检查后是手机膜划痕但已经把膜揭下去了让客服发新膜过来客服居然说轻微磨损正常。第一次碰上买的新手机可以是磨损的非常不满意对京东印象太差了以后在也不在京东买东西了
羽墨黑,6GB+128GB,1,第一次发的货已是二手的，换一台，发现信号特别差，打电话经常断或对方听不到我说话。
羽墨黑,6GB+128GB,1,运行太慢了，新手机运行加载半天，体验效果一点不好，太垃圾了
羽墨黑,6GB+128GB,1,手机翻新机， 质量也不好，七天内要求退货，商家说一句我把手机弄进水了一句话解释了全部，  你们手机问题说我弄进水，欺骗消费者，翻新机卖不出去当新手机卖，
羽墨黑,6GB+128GB,1,差评，使用第一周开始黑屏，使用一个月手机死机，重开机后才能正常使用。
羽墨黑,6GB+128GB,1,垃圾的要命！给老爸买的手机，还没开始用呢，卡托不见了，找旗舰店客服，她说只负责售前，让我找京东客服售后，结果京东客服也不管，到处找不到卖卡托的，手机成废铁了
羽墨黑,6GB+128GB,1,屏幕有漏液，新买的拆了一看有个小透明点，一千多的手机，我也懒得换，品控太差了
羽墨黑,6GB+128GB,1,手机用的没有半个月充电头就坏了  让给换个充电头还必须整机检测换   最后态度就是给我方案让我自己看着办  京东真是牛
羽墨黑,6GB+128GB,1,连接wifi信号时断时续，不知道是运气差还是小米品控太差，买这个手机真的折腾。
羽墨黑,6GB+128GB,1,京东买的比其他平台贵50，对比图片，客服说只保京东降价补差价，其他平台无效，一直信赖的京东对价格方面没有保证，同样的手机，凌晨买的居然还贵了，对京东失望，非常不愉快的购物体验，对价格和处理意见不满意，差评！
羽墨黑,6GB+128GB,1,拿到手只有一个感觉，这个是个二手的。包装盒里面的卡纸都是用过的，我先试试，如果效果还好就无所谓，如果有问题，我也用几天就退了。
羽墨黑,6GB+128GB,1,挺差劲的 不喜欢 哎 电池很不耐用 而且手机容易热不是好东西
羽墨黑,6GB+128GB,1,"垃圾  手机太卡  别买这种手机上当货
运行速度：卡卡卡卡
拍照效果：一般
外形外观：手感不好"
羽墨黑,6GB+128GB,1,商家有欺骗行为，买手机赠送废弃的手机卡，你赠不起可以少来这虚晃的一套，购机只是看重手机才会下单，整的这信誉让我有点担心手机质量
羽墨黑,6GB+128GB,1,没买过这么垃圾的手机，可以的话一星都不想给 ，买来先更新系统，不行在恢复出厂 ，还是不好使  垃
羽墨黑,6GB+128GB,1,用了一个月手机听筒坏了寄过去修好了，维修员又把屏保弄坏了明知道弄坏了还寄给我了我也无语了，这也太不负责了麻烦
羽墨黑,6GB+128GB,1,1.用过的拍照最垃圾的手机！空有数据！2.6000毫安大电池就这样？一天不到就得充电！
羽墨黑,6GB+128GB,1,垃圾得不得了，第一次看见屏幕能和机身分离的手机，谨慎购买，垃圾小米公司，垃圾红米
羽墨黑,6GB+128GB,1,非常差的购买体验，送的流量卡，特别坑，千万别开卡。 开了卡，就不能退，各种费用。
羽墨黑,6GB+128GB,1,真的很卡受不了，第一天就卡，触屏也不灵敏，最差的一次体验 之前买过红米六百左右的手机也没觉得这样，难受
羽墨黑,6GB+128GB,1,自拍效果太差了 开视频能吓死人 照着人脸苍白 远近对焦一会白一会红 太有点什么了 已退货
羽墨黑,6GB+128GB,1,这就是全新未拆封？一打开背面全是灰，充电头金属部分这样子的，用京东快10年了，这是第二次买到这样的二手产品，上次算了只是申请换货了，这次忍不了了，已经打北京的01012345举报了，看看怎么处理。这两年京东越来越差了，为了赚钱已经没有良心了。
羽墨黑,6GB+128GB,1,一点也不好，就这样凑合着用吧。就一老年机。小米难道就没有人工客服？问东答西的智能机器人
羽墨黑,6GB+128GB,1,第一次在京东上买小米，结果很失望，往下拉想打开电筒，拉下来却是白屏，以后买手机还是去实体店，安全可靠。
羽墨黑,6GB+128GB,1,不是黑这个手机，用了不到一个月，下面三个按键中的返回键和释放内存的键自己动，根本就没办法用，差评，差评
羽墨黑,6GB+128GB,1,一颗星给物流，质量非常差，过了7天还不让退货，电话瞎警后，自动关机，无法开机
羽墨黑,6GB+128GB,1,真的好无奈啊！新手机刚拿上没电！充上充电灯也不亮，客服说需要充半小时，充了后可以开机！心里总觉得是翻新机
羽墨黑,6GB+128GB,1,买到手4天就出现黑屏，家里老人不懂，几天后我回家申请换货，商家以过了退换货一天为由拒绝退换货，只能走维修，真是糟心，买个新手机，几天就出问题，还拒绝退换货。以后坚决不买小米，大家别上当。
羽墨黑,6GB+128GB,1,第一次买这么次的手机，打电话自动挂机，打视频自动挂断，联系客服无尽的机器人各种推脱，重启了不起作用，换卡了还是不起作用
羽墨黑,6GB+128GB,1,想打零分的，可惜没有，前前后后买了五六个小米的手机了，就这个最垃圾，充不了电？我*，充不了电？什么玩意？
羽墨黑,6GB+128GB,1,"拍照效果：不清楚真不怎么样
运行速度：游戏超级无敌卡卡卡，有时候还闪退无语了，屏幕老是一暗，一亮的
待机时间：玩游戏的话三个差不多，
屏幕音效：真不怎么样，不建议买"
羽墨黑,6GB+128GB,1,千万不要买note9，其他款不知道，但是note9是有问题的，经常性打不进去电话，但是又不是一直打不进电话我感觉是这一款的信号接收不好，我换了一次，本来以为就这就可以了，但是第二个依旧是出现这种情况，关键是还没法退货，只能换货，现在我连换货也不能换了，只能售后维修。太坑啦！
羽墨黑,6GB+128GB,1,"这个手机是我用小米系列里面最差的一个，卡的飞起，感觉解锁划开屏幕都要十秒以上
运行速度：极其垃圾的一个运行，买来就成为只用来收验证码的机子了，早知道还不如买个诺基亚的老年机，收验证码至少比他快！！！"
羽墨黑,6GB+128GB,1,相当新的一部手机，新发布的手机，新买的手机，新新的。果然是廉价手机，新手机也没装几个软件，新手机老卡了，新手机像素老差了，太感谢老雷了！
羽墨黑,6GB+128GB,1,手机卡顿，主要照相太差，太差，相机跟老年相机是的，还特别沉，太垃圾了，还1099，最失败一次购物
羽墨黑,6GB+128GB,1,手机刚买WiFi连不上，打电话经常无故自动挂断。京东售后也挺差，一开始申请换货，手机收走后说少说明书和卡针让我重新申请换货。 重新申请换货又说过时限，不给换，现在我手机被收走了，售后显示还没上门收货。在京东消费上万，还充了会员，售后还这样。我现在真不知道怎么办了。
羽墨黑,6GB+128GB,1,在京东也算是老用户了，疑似买到了二手机，屏幕有明显的拆卸痕迹，换货需要等，又没有手机用，想着续航还不错就懒得换了，以后再也不买就得了。
羽墨黑,6GB+128GB,1,新机到手后无法开机，插上充电器才可以开机，更离谱的是充电显示有一半的电，试了2次都无法开机，插上电就可以，果断退货，第一次买小米也是最后一次！
羽墨黑,6GB+128GB,1,"视频颜色不清晰，一分钱一分货吧，来电声音能振动手机，没有调振动哦，声音也很吵杂
不清楚，朋友买的一千的也没这么差啊，6G运行还卡，搞笑了"
羽墨黑,6GB+128GB,1,小米手机连接家里无线网络，其他一部手机连接正常可以上网，这台小米手机不行。声明一下，无线路由器没有超连接最大用户数，密码输入正确。大家谨慎购买，别被骗了，维权太难了。
羽墨黑,6GB+128GB,1,电池太辣鸡了，充满电待机一天一夜就没电了，网都没连，号称6000的大容量电池总共才耗电600多mAH却显示就已经显示百分之11的剩余电量了！一颗星给京东老刘吧。产品太垃圾
羽墨黑,6GB+128GB,1,这是我用这么多年手机中最难用的一个，反应慢不说，总是死机，玩着玩着就点不动了，应用程序点半天没反应，自己流量转换WiFi很慢，要过好一会儿才能变化过来，第一次用小米系列的手机，太难用了。
羽墨黑,6GB+128GB,1,15天换货12.12买的，然后卡在15天后触屏失灵只能维修，维修就说明断则七天多则30天看不到手机相当于白买了，现在人手离不开手机，只能说不考虑是不是给客户带来了不便，我理解你们的规则，但是差评必须要给，这个手机我觉得不会是正品，大家谨慎点还是去店里吧，纯粹是因为我不在家没法去店里，为了方便相信京东，相信京东自营，长个教训吧
羽墨黑,6GB+128GB,1,手机收到了，非常失望，哈一口气就能明显的看到屏幕上有很多指纹，而且保护膜边缘有大量灰尘，手机明显有使用过的痕迹，保护膜上还有刮痕，咨询客服还说是全新未拆封正品，无语了。
羽墨黑,6GB+128GB,1,垃圾手机，通话经常自动断，有时候还打不出电话，本来就是个问题手机，因为是老人用，他们不太懂，我没有在身边，反馈给客服就晚了2天，死活不给换，说是超期了，京东的服务也是扯淡，售后跟没有一样。
羽墨黑,6GB+128GB,1,"外形外观：板儿砖
屏幕音效：大喇叭
拍照效果：AV画质
运行速度：6G不如我之前的4G
其他特色：小米是越来越垃圾了，需要的功能一点都不好用，基本用不到的功能出一大堆，想设置的东西没有，没用的设置一大堆，像素还有脸号称4800万，照出来和av画质一样，不吹不黑，真是越来越垃圾，以后不会买小米手机了"
羽墨黑,6GB+128GB,1,"手机一收到就开不了机，客服说要检测什么什么才能退机，说好无理由退货变成有条件，呵呵，
小米手机是垃圾货，一到手就开不了机，
售后各种扯，叫你找谁找谁，总之东西与他们无关，
再也不会买小米手机
京东估计是同伙卖垃圾产品，
1200买个教训，
第一次差评
垃圾货
再不愉快的一次网购！
不要买小米手机，衷心奉劝大家一句！
售后维修又差
开机一直显示如下
还来一句要我证明不是我认为
还说只能等他们工程师检测后确定是谁责任
请问我刚买的手机刚拿到手一开机就这样，
反过来要证明不是我搞坏的，而且还是他们自己人判定，
果断不去做检测，
差评
希望你们能看到这个烂手机
烂服务
不要买小米手机
以后也不要在京东买东西了
1200元买的教训"
羽墨黑,6GB+128GB,1,真的是够了，第一次京东买小米买个锤子。。 体验超差      新机卡都没插连无线装软件下载一个死机自动重启一次，客服说恢复出厂设置  恢复下载还是这样 ，下一次死一次机点开软件下载又死  装几个软件还没有开机时间长 ，现在客服没影了， 差评差评
羽墨黑,6GB+128GB,1,这家店是**，年前我在他们家买了2部手机，结果有一部充电器是坏的，我申请售后，他们要求我把坏的充电器寄回去，我寄了。结果等了半个月来电告诉我说没有充电器了，要我把手机全套寄回去，我当时人都傻了，我手机已经贴好了钢化膜，拿着用了这么多天了，把手机寄走多不方便，但是我信赖京东，于是便寄走了，呵呵。寄完之后没影了。。。。一直不给补发，联系客服，客服却一直忽悠我，说什么24小时解决，我信了。。接着又忽悠明天。。。接着忽悠两小时内。。。。。我真的愤怒了。大不了这手机我不要了，但是我再也不会买他们家东西了，不知道去哪里投诉。。。哎
羽墨黑,6GB+128GB,1,买手机带的套餐钢化膜和手机壳，就一起买上了，结果回来贴上膜距离传感器就不起作用了，还以为手机问题，咨询售后说膜太厚了取掉试试，结果取掉好了，折腾了半个月。就想问问卖家，不是原装的你带啥套餐搞得功能都不正常了还往套餐里加
羽墨黑,6GB+128GB,1,"为什么给差评，买的新机，给妈妈用的，价格也不是很便宜，1099买的，妈妈不小心掉水里了然后马上维修站去修，维修人员告知无法修理，机子里面零件生锈，维修人员很确定是二手机，后来找京东客服理论，客服的意思不是京东有关人员拆开无法退换，客服后来说得好听说是帮忙检测新机开机时间，最后检测结果敷衍了事，就是把手机掉水里然后引起零件损坏无法开机，根本就没有手机第一次开机时间是什么时候，也没有说机子本身问题，我没有因为机子进水了就想找京东讹一下，我气不过我买的新机就变成二手机，而是是一般手机维修店维修不了的，另外我妈找的维修店也不是什么一般的，人家什么品牌的都可以修，也不会说骗我一个修不了小米，本来一直很信赖京东的，一次就被彻底伤害了，以后就算京东东西白送都不要，挂羊头卖狗肉！
要买的慎重，还是多去实体店看看，至少有保障！！！"
羽墨黑,6GB+128GB,1,谁买谁后悔。以前一直都是用荣耀手机的，现在没芯片了，买不到荣耀手机，就换了小米。小米真的无法比，甚至可以说真的不在一个档次。操控不方便，也许是习惯问题，那就算了，但是连基本的通电都不行，那只能说真的非常垃圾，在同一个地方，打三次电话，居然有一次是打不通的，这是何等垃圾！本来我买东西都不习惯评论的，但这次买了这手机，用的真是非常气人，这口气不吐不快。
羽墨黑,6GB+128GB,1,电池虚标，都没有我的4500mAh的待机时间长，我还玩游戏，一天基本都再用，给我老爸买的这个手机，他只是偶尔看视频 小说，一天用不了多长时间，电池耗电还比我的快，而且刚买完几天还死机一次，WiFi的网速还没有别的手机快，和客服沟通，都是机器人回复，能气死个人，再也不会购买了
羽墨黑,6GB+128GB,1,备用工作机，没下载几个软件，卡的不行，我以为小米用的不习惯，忍了，这几天信号时断时续，用的少，我以为特殊情况，我忍了，今天通了几次电话，每次都断断续续，换了手机立即没有这种情况，这种工业辣鸡怎么好意思给到消费者，
羽墨黑,6GB+128GB,1,"建议大家真的别买了，太廉价了，后壳塑料的，反应也慢，拿在手里没质感，而且质量太差了。
我用另一个手机玩游戏时，打游戏输了，把手机磕到note9了，开始没注意，后来解锁时发现花屏了，简直惊呆我了，这质量。
申请的返回检测维修，说要自费，我也打电话问了附近的维修点，300元左右，这家还建议我以旧换新抵五六百。
我买来第一天，刚冲满电，然后就稀里糊涂花屏了，糟心吗？糟心吗？"
羽墨黑,6GB+128GB,1,这手机真的是交智商税了，我买的是6+128，外观过得去，和红米8A差不多一样重。广告说的电池多好多好，还没有红米8A电池好用，耗电量特快。运行速度也不行啊，充电也慢，下一个王者下到一半手机后面发烫，真的不骗你们
羽墨黑,6GB+128GB,1,用~拍视频声音只有听筒大？
羽墨黑,6GB+128GB,1,手机莫名的#机，自动拨打电话。
羽墨黑,6GB+128GB,1,#东西，买给老人的，视频没声音的，小米的通病！
羽墨黑,6GB+128GB,1,打着视频，~自己闪退，垃圾手机，我怀疑是假的小米
羽墨黑,6GB+128GB,1,充电器坏的，充不了电。问客户能不能补发，全是智能客户，人都找不到一个。早晓得就不在这买了。#人。
羽墨黑,6GB+128GB,1,真的是太差了给父母买的几天就卡死机了~运转也慢懒得换了
羽墨黑,6GB+128GB,1,现在越来越觉得#了，真的上次手机有问题，这次是旧手机。真的#，手机刚打开盒里面还有毛发。
羽墨黑,6GB+128GB,1,##，使两天就卡，破手机外形外观：难看运行速度：慢其他特色：没什么特色
羽墨黑,6GB+128GB,1,屏幕音效：很糟心的一次购物，给妈妈买个礼物，到了屏幕差的要死，很影响心情，才买了几天，我没有确认收货就自动收货了，真无语，现在在换货，不知道结果会怎么样，想去投诉了，第一次在京东上买手机就这样，还不如~~，超级差评
羽墨黑,6GB+128GB,1,物流没的说！可是为什么收到的新机连开机的电都没有，我都怀疑你这是不是新机！充电快20分钟了还是1％电量！很#的一次购物体验。
羽墨黑,6GB+128GB,1,手机收到第二天试通话有非常大的回音和波浪音，这个杂音比通话的声音还要大，~的视频通话语音时断时续。已经要求换机。
羽墨黑,6GB+128GB,1,第一次买小米就碰到这么#的事情刚拿到的手机里面竟然有一张2019年八月份的照片第一次就买到了二手手机小米旗舰店就这？问客服机器人回复答非所问笑死人失望
羽墨黑,6GB+128GB,1,捆绑销售的手机卡让人感觉#，感觉让人吃亏了，还是自营的，让京东消费者失望，你就算价格提高点也没必要搞这种事，整的别人好像占多大便宜，其实就是玩文字游戏。
羽墨黑,6GB+128GB,1,质量太差，跟店里的质量差远了，手机没有网络，接不到电话，老是出现断网，商家过了十几天还不给换新，内部问题还要自己去店里修理，太差了！！！！！太差了！！！跟~售后差远了
羽墨黑,6GB+128GB,1,感觉不太好&hellip;跑电太快了，就看个~耗电特别快，像素一般&hellip;收到货打开时有点脏脏的&hellip;而且为啥没有耳机？？？
羽墨黑,6GB+128GB,1,500块都不值，还是个千元机，~视频通话声音都没有，电池也对不起这个容量，要不是家里老人不会换卡等我回去才换卡使用，过了退货期早就给退货了，垃圾产品！
羽墨黑,6GB+128GB,1,太差了，刚买下不到一个月就卡的不行了，一玩~就显示无响应，怎么联系客服，还是机器人在和我对话，无语。。。
羽墨黑,6GB+128GB,1,手机质量有大问题。买来开机联网自动下载东西分明是有人用过的。联网以后~无法加载。其他手机用着网络正常。和客服说话客服不回复。
羽墨黑,6GB+128GB,1,之前买了小米10，发歌切软件声音会停顿，然后买了红米K30也是一样的问题，申请了换货，然后还是一样出现问题，然后懒得退了，买了个红米note9，手机出现不能锁应用，然后清除后台，一键清空，我就一个月接触的三个手机，全是故障机，？？？确定是正品的正规店吗，这故障频率也太高了吧？？
羽墨黑,6GB+128GB,1,第一次给差评，是真的不好用，刚开始开机，相册里有其他视频。这个就没关系了，反正是用来工作的手机，现在刚用了一周，特别卡。我还不玩游戏，不看视频，工作备用机。上个~都卡。。。谁用谁知道。
羽墨黑,6GB+128GB,1,这是一次非常差的网上购物了，因为家里老人手机坏了，着急，所以选择了在京东买手机，确定好手机型号的时候准备付款，出来一项加钱换购手机壳的，就直接选了，然后一起付款的，结果收到货后，发现手机和手机壳型号不一致，联系卖家客服，卖家客服说找京东客服，找京东客服，京东客服说找卖家，真#烦死了，本来就十来块钱的事，没多大的事，不管什么原因出错了，只要能解决，好的态度就行，结果客服都不给力差差差差差差差差差差。
羽墨黑,6GB+128GB,1,声音很散音质不好噪音很重的感觉手机色彩也不行很黄屏幕就好像隔了层东西刷~视频那颜色都不正并且也不是太清晰给手机实际写的配置不搭也不知道是不是因为一千多的手机就这样左边是本手机给右边小米手机得对比差异很大要买的参考一下吧
羽墨黑,6GB+128GB,1,其他硬件方面还可以，就是~视频直接太过模糊，粗糙，联系了线上客服，让联系当地的线下客服，机子拿过去后，线下工作人员，先升级，不行，再卸载~重新安装也不行，最后说没办法，要不申请退货吧&hellip;&hellip;从来没用过红米的手机，给老人买的，主要是~视频，结果太无语&hellip;&hellip;本来都申请退了，想着都买了，嫌弃麻烦，最后又取消了，很无语&hellip;&hellip;
羽墨黑,6GB+128GB,1,在他家买了个手机现在用了一个月不到手机有质量问题应用点不开电话也接不到~的扫一扫也扫不了上午都好好的突然就这样找他们客服根本不管事很#。他们家主播打小米商城电话有什么用？手机在你这买的你就撒手不管事了是吗？我都怀疑你们家的手机是假货有问题就不能解决吗？我是在你们家买的手机好吗？他们家售后真的很垃圾
