蓝影,6GB+128GB,3,手机还可以，就是少了一部分的配件！
蓝影,6GB+128GB,3,本机音乐不能用其它还可以吧
蓝影,6GB+128GB,3,还行吧，像素特别差
蓝影,6GB+128GB,3,手机一般般吧，能用
蓝影,6GB+128GB,3,还行吧刚开始用就是电池不耐用
蓝影,6GB+128GB,3,一般般吧，先试一下再评！
蓝影,6GB+128GB,3,屏幕挺大，新机子没什么毛病
蓝影,6GB+128GB,3,外观还可以，其他功能也还行吧
蓝影,6GB+128GB,3,"刚买完就有优惠券了，
外形外观：挺好"
蓝影,6GB+128GB,3,还好吧，给家里人用刚刚好
蓝影,6GB+128GB,3,物流快，挺好的
蓝影,6GB+128GB,3,勉强过的去
蓝影,6GB+128GB,3,感觉一般&hellip;&hellip;&hellip;&hellip;&hellip;&hellip;&hellip;
蓝影,6GB+128GB,3,一般般一般般
蓝影,6GB+128GB,3,有卡机问题
蓝影,6GB+128GB,3,还不错
蓝影,6GB+128GB,3,手机好厚重
蓝影,6GB+128GB,3,刚用，好坏时间来考验
蓝影,6GB+128GB,3,外形外观：各方面还可以吧，就是没有赠送手机壳，希望商家你能提高服务意识吧。
蓝影,6GB+128GB,3,屏幕音效：刘海哪里有问题，使用聊天工具就可以发现
蓝影,6GB+128GB,3,"拍照效果：挺好的
其他特色：不错哦
外形外观：挺好看的
屏幕音效：个人感觉良好"
蓝影,6GB+128GB,3,手机还可以，乞丐版本的，连一根耳机线都没有！物流很快！
蓝影,6GB+128GB,3,一分钱一分货，不可能跟几千上万的比，总体还行。
蓝影,6GB+128GB,3,手机收到了，物流挺快的，就是外包装的箱子缺了个角，不知道手机后面用怎么样。
蓝影,6GB+128GB,3,手机使用过程里，***图标莫名消失，怎么也找不回来。问了客服，让我去修&hellip;&hellip;&hellip;&hellip;&hellip;&hellip;&hellip;&hellip;妈了个巴子！其它都还成
蓝影,6GB+128GB,3,手机各方面都不错，性价比很高，但面部识别不太准，另外送的耳机太差。
蓝影,6GB+128GB,3,"外形外观：一般
运行速度：一般
屏幕音效：一般
拍照效果：还可以
充电太慢"
蓝影,6GB+128GB,3,"屏幕音效：可以
拍照效果：凑合
其他特色：无
待机时间：可以
运行速度：垃圾
外形外观：凑合"
蓝影,6GB+128GB,3,确实不错，待机很久，像素也可以，而且运行很快，总体来说很不错，不过客服感觉不咋滴
蓝影,6GB+128GB,3,"外形外观：本人觉得一般
屏幕音效：较好
拍照效果：像素不好
运行速度：较快
待机时间：长"
蓝影,6GB+128GB,3,"包装简陋，不知道是不是次品，暂时没有问题，以后使用了再看看好不好！整体还行，发货速度，点赞京东物流
外形外观：不太好看
运行速度：一般"
蓝影,6GB+128GB,3,这是隔了几年后再次买的OPP0了，很多功能都不完美，没有以前用过的好，记得以前用过的OPPO，比这款功能好太多了，最主要的是听歌时音质真的不行，很失望的一款手机。
蓝影,6GB+128GB,3,"外形外观：手机外观都那样，没什么好说的

屏幕音效：屏幕很清晰
运行速度：运行很流畅
其他特色：性价比很低，不推荐。隔壁更便宜且配置更高的。
买给父亲用的，不知道为什么我爸这么执着于oppo。虽然性价比不行，但老爹用着开心就好。"
蓝影,6GB+128GB,3,手机打眼一看，给我一种像是女孩子一样，纤长的感觉，用了几天，还是有点卡的，手机是新机，开机时需要选择语言啥的，充电特别快，用电还可以，王者的话，满电能到好久好久，我只要还是打游戏用，王者的话玩起来还可以，就是刷快手费点一点，像素还可以吧，音质也就那样，都没有什么亮点，一般般，快递送到很快，小哥态度也很好，OPPO手机，还是比小米的电池能抗用电吧，照片就不拍了
蓝影,6GB+128GB,3,下单就第二天就减价，郁闷
蓝影,6GB+128GB,2,手机收到扬声器有回音，
蓝影,6GB+128GB,2,有**的充电宝和大王卡
蓝影,6GB+128GB,2,送的东西一个都没看见手机也不好用
蓝影,6GB+128GB,3,凑合用吧不是太喜欢
蓝影,6GB+128GB,2,性价比差  而且不怎么好用
蓝影,6GB+128GB,3,屏幕色差不是很好
蓝影,6GB+128GB,2,运行速度比较慢
蓝影,6GB+128GB,2,一分价钱一分货 屏幕都不灵敏
蓝影,6GB+128GB,2,画质烂到家了，模糊不清
蓝影,6GB+128GB,2,就那样吧，这个价格也不能要求太高
蓝影,6GB+128GB,3,其他特色：买了不到一个月，手机都充不进电
蓝影,6GB+128GB,3,软件商店打不开，下载麻烦，
蓝影,6GB+128GB,2,草率了，还是实体店靠谱！
蓝影,6GB+128GB,3,运行速度：没有想象中的那么好和4G的差不多
蓝影,6GB+128GB,3,用了一段时间，声音偶尔有杂音。
蓝影,6GB+128GB,2,没搞错换了新的手机移动数据还是用不了！
蓝影,6GB+128GB,3,不是高通骁龙处理器，屏幕也不理想
蓝影,6GB+128GB,3,? 16号到，今天降价，这落差，什么鬼才两天节奏。
蓝影,6GB+128GB,3,手机使用效果不太理想，网速有点慢
蓝影,6GB+128GB,3,信号不是很强，电池没有之前买的耐用
蓝影,6GB+128GB,2,快递包装简陋包裹内填充物少泡沫垫没有完全包住商品容易对商品损坏风险
蓝影,6GB+128GB,3,高价低配，一般般，除了照相闪充没有特长
蓝影,6GB+128GB,3,送的移动空白卡，激活不了，客服也不会激活。
蓝影,6GB+128GB,3,"屏幕音效：反应慢
运行速度：一般
外形外观：有点厚"
蓝影,6GB+128GB,2,开机后相册中有照片。
蓝影,6GB+128GB,3,手机有点厚，不够轻薄
蓝影,6GB+128GB,2,运行速度：慢卡
蓝影,6GB+128GB,2,不喜欢
蓝影,6GB+128GB,2,待机时间短
蓝影,6GB+128GB,2,体验一般般?
蓝影,6GB+128GB,3,连耳机都没有，体验中
蓝影,6GB+128GB,3,反应迟钝
蓝影,6GB+128GB,3,连耳机都没有
蓝影,6GB+128GB,3,电池不奈用
蓝影,6GB+128GB,3,没送耳机?
蓝影,6GB+128GB,3,一般般，下载慢
蓝影,6GB+128GB,3,耳机都不送
蓝影,6GB+128GB,2,宣传的时候明明写了预定送充电宝，结果没有。恼人
蓝影,6GB+128GB,3,一般般，，就是玩游戏差了点，，其他也就一般般???
蓝影,6GB+128GB,2,购物体验不行，线上线下价格一样，耳机没有，连屏保都没有送一张
蓝影,6GB+128GB,3,手机收到了还可以，就是送货太慢太慢了，货品离我只有5.5公里即然送了四十多个小时才送到我手上
蓝影,6GB+128GB,3,好容易卡死机哦，一卡就得关屏幕，有点心累
蓝影,6GB+128GB,2,手机不行  充电会发烫 玩游戏久了也会发烫 有时还卡顿
蓝影,6GB+128GB,2,屏幕音效：屏幕素质一般，音频质量不好，发闷不清楚，让人难接受
蓝影,6GB+128GB,3,感觉不太好吧，刚买的手机，有时候退出一个软件会卡顿。
蓝影,6GB+128GB,2,屏幕音效：一般般，感觉就是原来卖不掉的老机子，换个名字接着卖
蓝影,6GB+128GB,2,物流很快，包装还可以就是手机反应慢有时候信号不怎么好，送的耳机不是原装耳机问题是送的耳机还没有声音，
蓝影,6GB+128GB,2,手机刚收到，不知怎么样，看后期用了才知道，就是配个流量权益卡大坑了，
蓝影,6GB+128GB,3,屏幕音效：喇叭音效不怎么好，听起来没有一种舒服感。其他都没问题，用用再追评&hellip;
蓝影,6GB+128GB,3,手机有点卡顿，看来处理器很重要，凑合用吧，毕竟价格在那放着呢
蓝影,6GB+128GB,3,感觉一般，电池又不耐用，不怎么玩，也不看视频一天充一次电
蓝影,6GB+128GB,3,手机长，厚，重，放裤袋能漏个头出来。送的耳机9.9能包邮。
蓝影,6GB+128GB,3,19号买的 没送耳机，只有手机和充电器，20号买就有，啥意思
蓝影,6GB+128GB,3,商品一般，没有想象中的好，屏幕清晰度和照相比K5差太多，照相效果也没有vivo z5的清晰
蓝影,6GB+128GB,3,根本不保价，说是不符合条件，就是因为有赠品，一个破耳机，一个小小的充电宝，也不值钱，但手机可是一降价就50 100的，套路太深，不满意
蓝影,6GB+128GB,3,老出现卡机的情况，一天最少有2次，浏览网页看看就不动了，或者是直接关掉了，也不知道什么情况
蓝影,6GB+128GB,3,"外形外观：挺好看的  

拍照效果：拍照还好吧！没有太在意
运行速度：不知道是什么原因   有时候会有些卡顿
而且显示也有点问题    偶尔会出现图片或者视频某一块出现马赛克      
退出重新弄一下就没有了   下面贴图了
待机时间：待机时间没的说  牛
其他特色：一分钱一分货吧！"
蓝影,6GB+128GB,2,手机照相太差色相头昏昏的
蓝影,6GB+128GB,3,音质超级不咋地
蓝影,6GB+128GB,3,"我昨晚去买柚子，跟那个人确认再三&ldquo;不是苦柚吧？&rdquo;
他说不是，结果买回来苦得我想哭(┯_┯)

我前天买这个手机，问客服的第一个问题就是&ldquo;接近价位里面 哪款手机像素更好点？&rdquo;他告诉我就这个了，结果回来后这个像素根本不能用&ldquo;一般&rdquo;来形容，简直就是：
&ldquo;渣&rdquo;。md?"
蓝影,6GB+128GB,2,我只想给差评，居然没有耳机子。
蓝影,6GB+128GB,3,耳塞都不送一个，太抠了，叫我怎么继续支持OPPO？
蓝影,6GB+128GB,3,欢太商场城才1449，?京东贵五十
蓝影,6GB+128GB,2,运行速度：太差了，刚4.5天就卡，真无语
蓝影,6GB+128GB,3,差评，送货员到货后不通知客户取货直接放地上&hellip;&hellip;&hellip;
蓝影,6GB+128GB,2,反应速度太慢，拍照效果不好，
蓝影,6GB+128GB,2,什么破手机，离开无线网移动流量不能用啊
蓝影,6GB+128GB,2,手机卡的要死，发烫可以做煎蛋了，交定金活动欺骗消费者
蓝影,6GB+128GB,2,手机反应慢卡  差劲
蓝影,6GB+128GB,2,商家太坑了，连耳机都没有给带，早知道就不买了
蓝影,6GB+128GB,3,一般，太重
蓝影,6GB+128GB,3,12.10下的单，是1499元，当天到，今天12.12一看就有优惠圈50了只要1449。。。。。。嗨，这心里落差啊拨凉凉的的。。。。。? ? ? ?
蓝影,6GB+128GB,2,别的不说了 充个电老费劲，3个多小时才充了百分60不到。逗我玩呢！！！
蓝影,6GB+128GB,2,网速是真心的差&hellip;&hellip;还不如之前的旧手机网速，经常动不动就是断网？
蓝影,6GB+128GB,3,过年配送很快，但是手机用了一个星期发现手机的Wifi信号很差，路由器在卧室，客厅手机会连接不到Wifi
蓝影,6GB+128GB,2,卖手机不带耳机，说得好听，有一部分是赠品，本款没耳机，你们糊弄人吧，我就给你差评
蓝影,6GB+128GB,3,"刚到手两天，不知道是网络问题还是手机问题，真的好卡，
运行速度：非常慢，打开一个照片都卡"
蓝影,6GB+128GB,2,同等价格不如华为，京东物流客服很有耐心回复解释，商家客服就是一个大乎悠，下单前这行那行，下单后你发信息试一下，这个找物流那个是手机方定的，服务急差，被商家乎悠发恒邦物流邮政第一次，实在太慢了，三天没出西安，这物流也没有客服电话，商家客服也不管，
蓝影,6GB+128GB,2,卡，卡死，每天一到两次卡死，机器卡死人烦死，又赶上疫情出不了门。
蓝影,6GB+128GB,3,oppo打王者真的是垃圾得很，完全没得手感，想打游戏的别买，买啦后悔
蓝影,6GB+128GB,3,为嘛连原装耳机都没有，oppo一直不都有白色原装耳机嘛，太让我失望了，本以为在手机盒子里，一看啥也没有，唉
蓝影,6GB+128GB,3,一分钱一分货，玩游戏感觉不怎么样，赠送的耳机，最后联系客服说赠送完了，忽悠人的，现在页面还是赠送耳机。太忽悠人。
蓝影,6GB+128GB,2,镇的是卡到无语，要不是开来数据不能退我在退了，比我掉过水的华为还卡，一建优化才87分，为旧的华为都88了。无语。
蓝影,6GB+128GB,3,说实话这个手机手感很差，买了给妈妈用，不太满意，手机一圈都隔手，反正手感极差，有点坑，
蓝影,6GB+128GB,2,手机拿出来就是花的，有擦伤，不喜欢搞差评。但是要实话实说。向商家投诉也没用，没有损失赔偿。在京东上买了几个手机和一些电器了，这次失望。。。
蓝影,6GB+128GB,2,"很一般，建议看看别的吧，一旦联网就不退不换，
之前看评论好多差评，没太在意，结果就是网购十几年的我第一次给差评！"
蓝影,6GB+128GB,2,"买部手机发生太多插曲，双十一原本是买华为Play4tPro的，因为京东一拖再拖，要25号发货，我原手机严重损坏。所以就退款转向买了这部OPPO K7X。
货已收到了，但打开京东的用户名是福建的机主！我朋友说是翻新机。于是我急急联系了京东客服，也拿旧手机去手机店将原数据资料转移到这部手机，京东客服打电话来了解情况的时候，手机实体店已经将我的资料转了过来。客服问我要不要退货，我说不必了。原京东APP的用户名我已叫手机店改过来了，京东客服一味地道歉和保证是原厂新手机！我也说能用就好了！
但是本手机的客服承诺送加湿器迟迟没有到位，令我有点失望！！"
蓝影,6GB+128GB,2,跟客服说话客服都不理手机不能打游戏卡，只能平常使用，各方面配置也不行，只能当备用机，没有性价比，5g网络也不行还不如苹果4g呢，都是唬人了，就电池还算耐用
蓝影,6GB+128GB,2,如果玩游戏就别选这款了，特别王者吃鸡，握法很难受，两颗星给拍照和视频美化=_=。
蓝影,6GB+128GB,2,刚用一个月，从前几天开始老掉网，重启后又可上网，一天至少掉六七次网，有时拿出来一看没数据信号，都不知是什么时候掉的网，太烦了！
蓝影,6GB+128GB,3,这手机不太好，我刚买了几天，用起来反应有点慢，不知道是我的原因还是什么，就感觉这个触屏不太灵敏，而且这个手机用4G卡就很垃圾，网速太慢了，反正对这款手机是我挺大的?
蓝影,6GB+128GB,2,手机最大的设计败笔就是没有顶头上的那个LED指示灯，这样当充电时没有灯指示，有时还以为插头接触不好，没充上电呢，而充满电也不知道，有信息来了也没有LED灯指示，超级的不方便，另外指纹解锁设计在侧边按键上也不好操作。
蓝影,6GB+128GB,2,没有实体的的好！原来说送耳机?，结果到了什么都没有，就充电器，其他的什么都没有！充电器，针，不需要送，本来手机自带的，算了，过年退也退不了，以后还是在实体店买，还有就是9号下单说送耳机也没送，9号就到了，结果10才送到，打两个电话都不接，还是实体店买好些，价格都是一样的，没有什么差别还不如在实体店买好了，外面可以选选看看，这次真的是买亏了！
蓝影,6GB+128GB,2,性能差了一点。老是限制正常的软件后台运行。像我们开拼多多网店的老是收不到消息。微信，***，淘宝都可以收的到，就是拼多多收不到。所有权限都打开了，都是不行，同样的设置。这个就是机器本身限制了。用了好多种方法都不行。对于我们开网店来说，这款机一点都不适合。跟厂家咨询也没有作用。其他的常用功能还行。开拼多多店铺的话容易丢生意。来了消息根本就不响，非要开了屏幕，过了一两分钟才有反应。这一点让我很恼火，怎么调都没用。都想换掉了。真心麻。
蓝影,6GB+128GB,3,还行，就是用久了有点点卡
蓝影,6GB+128GB,3,还行
蓝影,6GB+128GB,2,一般般
蓝影,6GB+128GB,3,一般
蓝影,6GB+128GB,3,不错
蓝影,6GB+128GB,3,还可以，目前没什么卡顿，就是~用了一次闪退，希望不要再有闪退这情况。
蓝影,6GB+128GB,3,手机还好，使用后再作评论吧。当天商家活动说一月一号1499，我第二天一看这个型号价格已经变成1到3号1499，而且还送充电宝？才隔一天啊。商家这种活动做法真是太让人无语了，这次购物觉得京东商家并没有比~上靠谱
蓝影,6GB+128GB,3,好用是好用，为啥就有磕碰？我怀疑不是新手机，#还老回避这问题！老说二十四小时，不是贴钢化膜谁能注意到！
蓝影,6GB+128GB,2,手机拿到下载了~，锁屏状态接收不到~信息提醒，当时正常该设置的都设置了，申请了换货，没给换，邮寄过去的邮费也没退，这个手机不值得入手
蓝影,6GB+128GB,2,~近距离视频出现尖叫，申请退货后厂家不知道怎么检测的，原物返回了，在这个过程中厂家没有任何技术人人联系我，还说如果产品确实存在问题让我去线下检测，对这种操作方式很无语，明明是产品问题，已申请退货还让客户自己去检测
蓝影,6GB+128GB,2,信号特别差啊，跟我原来的华为相比，前面丢了就打算换一款，选了这一款，网络信号不行，显示也一般般吧，~视频老是卡信号，反应不咋地，信号差的跟苹果有的一拼
蓝影,6GB+128GB,3,这个手机我同时买了两个准备给爸妈用，同时都在派送，一个5小时就派送到了，一个距离我0.0公里整整配送了一天都没到。问客服，哦吼，不问不知道，一问吓一跳，说联系不上我。我手机一直畅通，要不然另外一个手机怎么送到的？？而且你们之前也有快递员直接送来不打电话的，我们家一直有人啊，送上来很难吗？？客服也是各种踢皮球，就说已给快递站下发文件但未回复，然后转移话题说补偿2000京豆可以吗？每次在京东买手机都这样，派送中能派送个两天，全程离我2km不到，嘿嘿～就是不送到，你拿我有什么办法～这次我也不退款了，我就看这个0.0公里能配送多久～好家伙，今天直接换快递员了，换了昨天送到的快递员，不过没事我有截图啊。和客服强调了三次送上来，结果还让我妈跑下去，欺负老年人？要你客服何用？
蓝影,6GB+128GB,3,用了没几天发现指纹跟面部识别不能解开锁屏，但是~指纹支付不影响，重新设置，重启，都没用，隔一会又这样。其他倒是还好，家里老爹觉得锁屏而已无所谓，嫌麻烦不让我退换??
蓝影,6GB+128GB,3,外形外观：还可以，旗舰机的外观，就是这外壳啥的。大家都懂得！屏幕音效：一般，主要是A屏用多了，对眼睛不好。回归lcd拍照效果：够用了，比华为#的30s好多了，拍出来的没那么虚化暗影！运行速度：联发科720不给力啊，感觉比不上骁龙710，跑分再高，你不优化有个屁用，虽然和麒麟810同一档次，华为9x比它流畅多了，没用过某米，用过9x，希望别有水军喷我，实话实说而已，不过对我来说不玩游戏当个备用机够用了，看看小说啥的！待机时间：5000大电池很给力，不吹不黑，中度使用一天一充，就冲大电池才买的。不然1499元不值这价，我1399入手的！其他特色：备用机专属，看小说，视频，够用了。打游戏的话劝你耗子尾汁，游戏买oppoace2，买oppo主要是系统好用，人性化。毕竟是高价从魅族那里挖来的程序员，做出来的系统很棒，上一部手机oppoace更新后耗电增加了，这回打死不更新了。
