海蓝色,256GB,3,运行速度：没想象那么快
海蓝色,256GB,3,F开头，听说最差，目前没有问题
海蓝色,256GB,3,用着还行吧，速度算快的
海蓝色,256GB,3,各方面都可以，为什么摄像头进灰
海蓝色,256GB,3,软件无响应，你值得拥有。
海蓝色,256GB,3,产品很好，就是近距离拍摄有些问题
海蓝色,256GB,3,第二天换后台应用   有一部分会卡在那里
海蓝色,256GB,3,外形外观：我就比较好运、买了个里面有污点的。
海蓝色,256GB,3,还行吧
海蓝色,256GB,3,目前还行
海蓝色,256GB,3,屏幕颜色感觉比较暗，其他外观没问题，系统也流畅
海蓝色,256GB,3,什么手机啦，用了magsafe 充电发热 手机还卡，**
海蓝色,256GB,3,已經開始綠屏。。。。
海蓝色,256GB,3,"发货来的有点快，真没想到，手感很棒，没有绿屏，没有划痕，运行很顺畅，拍照没感觉出啥，其他还有待体验，不过还是不错的
其他特色：发货快"
海蓝色,256GB,3,相对来说，信号比其他苹果手机的信号有点差，电池还是挺耐用的，不适合女孩子这么大的手机，必须双手操作才行。
海蓝色,256GB,3,"外形外观：还行吧 有点厚
屏幕音效：屏幕有点暗 绿屏明显
拍照效果：一般 没有P40 por 拍的好
运行速度：还行 

                      唯独就是手感还行"
海蓝色,256GB,3,"外形外观：不错
屏幕音效：看电视剧电影杜比音效真不错
拍照效果：像素很高
其他特色：就是音量键不怎么好用  影响整体  我是懒得换了 就这样吧"
海蓝色,256GB,3,"其他还好，电不太够用，手机发烫
运行速度：还行
外形外观：将就
屏幕音效：屏幕挺不错的，音效也行
拍照效果：还没有拍，比8p绿
待机时间：发发消息，正常不玩的话一天
其他特色：发热"
海蓝色,256GB,3,看到网上的评论，才知道翻车了，手机序列号是：G0PDQ的，手机屏幕下方，靠近充电口的位置间隙过大，可见里面的金属卡扣，可插入A4纸。
海蓝色,256GB,3,"外形外观：还不错
屏幕音效：比其他的好一些
拍照效果：比11好些
运行速度：还可以
待机时间：真的是很奇怪 充好电一晚上不用可以掉30%的电 问了客服也解决不了 就说没问题 我就搞不懂没问题会这么掉吗 感觉买到了残次品 还一直给我拖着 让我试试这个 试试那个 最后都没啥用
其他特色：暂时没发现"
海蓝色,256GB,3,"外形外观：外观自然是没得说有一种复古的感觉因为我手比较大 握持也舒服 刚来就去买的保护壳 所以不存在割手硌手这一说 买的是海蓝色的虽然有点烂大街但是还是比较新颖的
屏幕音效：刚开始买的时候看着网上还有视频上说屏幕发绿 心里也是有点慌 不过到手以后到现在还没发现这个问题 只不过60HZ的刷新率实在是&hellip;&hellip;&hellip;这是一个扣分项
拍照效果：还可以 近距离确实不对焦 扣分
运行速度：挺快的 毕竟是骁龙的基带
待机时间：还行 刚买了到现在玩了几局小游戏 还有50多因为在看电视 估计重度使用的话不到一天
其他特色：是真环保啊 啥也没送好在之前用过苹果 到手以后特地去当地售后测试了一下 只到他们说没问题心里这才踏实"
海蓝色,256GB,3,"京东快递小哥不负责任，上次在京东上买了华为mate30pro手机送货过程手机摔伤了，处理的结果让人百思不得其解，难以接受。
外形外观：一直使用苹果多年，感觉系统好用，外观设计回到iphone4设计风格，屏幕大，拿在手里大气上档次，喜欢。
拍照效果：拍照像素也提升了，有了4K录像，拍视频画质也高，拍照还是手机方便。
运行速度：运行速度快，喜欢苹果的系统，多年了一直在用。
唯一不足的电池用一年都不行，待机不长。"
海蓝色,256GB,2,东西还好 有问题联系不到客服
海蓝色,256GB,3,双十一下的单现在才到 不太开心
海蓝色,256GB,2,手机一上游戏容易发烫
海蓝色,256GB,2,出现闪屏现象是怎么回事？
海蓝色,256GB,2,跟客服说换成白色，没有更换
海蓝色,256GB,3,有明显拆封痕迹
海蓝色,256GB,2,快递还能送错站牛批
海蓝色,256GB,2,没有耳机和充电器及线，上当了！
海蓝色,256GB,3,手机收到，可惜外观有轻微掉漆，
海蓝色,256GB,2,收到的货盒子标签有撕开，不知道是什么原因
海蓝色,256GB,2,触屏不灵敏，偶尔会断网
海蓝色,256GB,3,充电要转接头，不含在里面
海蓝色,256GB,3,外形外观：一般般，不值不值！！！
海蓝色,256GB,2,刚买完就降价   反馈情况无人回复
海蓝色,256GB,2,连接蓝牙耳机不稳定经常会自动断开
海蓝色,256GB,3,看视频会自动退出APP，这是什么原因
海蓝色,256GB,3,也就那么回事吧！炒冷饭已经吃够了！除了4S的直角边框也就没啥设计语言了！浴霸相机是真的丑！夜景模式也被菊花手机吊打！性能有所提升，都塔玛上万了性能还不有所提升？！那么这时候就有杠精要问了：那你还买！不好意思，百特曼讲话儿了：I'm rich！所以付款时选择了十二期免息！买它不代表一定喜欢它，只是还没有找到更好的替代品而已！
海蓝色,256GB,2,手机还有缝隙的。缝隙经常会有灰尘
海蓝色,256GB,3,电源开关按键弹性弱，锁屏时困难。
海蓝色,256GB,2,买了有轻微的掉漆，这次体验不好。
海蓝色,256GB,2,还不错，就是太忽悠人了，没有充电头
海蓝色,256GB,2,外形外观：很漂亮的一款手机，和11差别不大
海蓝色,256GB,3,花集物流园是炸了吗，仓库打包好之后至少还要等24小时才能发出
海蓝色,256GB,3,外形外观：有点宽，其他还好，下载软件是真慢。。。。
海蓝色,256GB,2,越来越不好了 最近死机 闪退都来了
海蓝色,256GB,3,没有耳机没有充电器，有点轻微的小划痕
海蓝色,256GB,3,手机系统流畅，电池耐用！就是信号差点
海蓝色,256GB,3,外观感觉一般，摄像头突出真心丑，操作流程还行
海蓝色,256GB,2,我手机壳呢？  我花钱买的手机壳又不是你们送的   为什么  不给我发货
海蓝色,256GB,3,拍完的照片跟录完的视频都会突然的闪一下强光然后变暗
海蓝色,256GB,3,我都怀疑是水货了，信号差爆了，反应迟钝的没谁了
海蓝色,256GB,2,还行吧，也没那么好.
海蓝色,256GB,2,这么贵的手机充电器，耳机，一样都没有，
海蓝色,256GB,3,凑合 不咋滴
海蓝色,256GB,3,电池是硬伤！
海蓝色,256GB,3,感觉小了点，
海蓝色,256GB,2,没人配送
海蓝色,256GB,3,信号?不好
海蓝色,256GB,3,不咋样
海蓝色,256GB,3,截图死机
海蓝色,256GB,2,有点卡，还闪退
海蓝色,256GB,2,电量不行
海蓝色,256GB,2,手机还可以，就是京东这15天不到就多送一个20W充电头，变相降价，跟客服申请补偿也没有
海蓝色,256GB,3,有点绿屏
海蓝色,256GB,2,一般般吧，信号差了点
海蓝色,256GB,3,客服态度差
海蓝色,256GB,3,摄像头夜拍有的时候会花屏，关机重启又会好了...
海蓝色,256GB,3,用机一个月电池健康掉了百分之三，其他还好。让我很难受，其他还好！！
海蓝色,256GB,2,手机都有录视频怎么有抖兹声，还偶尔发不了语音不介意买
海蓝色,256GB,2,只想给一星，本来就是有黑点发过去又说没有。第一次买苹果体验感很差。手机还行，但是好像比较容易发热
海蓝色,256GB,3,"不配充电器，不理想
手机重量有点重，拿久了手不舒服。"
海蓝色,256GB,2,一万块钱连个耳机都不配？就一根数据线，电源插头也没有
海蓝色,256GB,2,手机很不错～就是没有官网的分期功能。人家12期免息也才和你价格一样
海蓝色,256GB,3,手机倒还可以，这个快递呀，真心的不想说，说加3块钱，第二天9点到11点送达，结果呢，下午俩点多才送达，还给我搁快递柜了？？？
海蓝色,256GB,2,拍照效果：拍照很差，没有店铺的机子效果好，和朋友对比一下，下次还是从官网买吧
海蓝色,256GB,3,海蓝色还是看起来漂亮一点，其他没什么不妥，中规中矩，没什么亮点
海蓝色,256GB,3,出现两次重启，不知道会不会影响以后的使用，咨询客服说定期清理后台......
海蓝色,256GB,2,玩游戏刷视频断触，玩游戏掉帧，花了我一万多?
海蓝色,256GB,3,屏幕左上角没反应，重启好了，用用看吧～但愿别赶上破机子。
海蓝色,256GB,3,整体还行吧，不过在第三天卡了一次机，让我很不爽，而且没有说明书，呵呵
海蓝色,256GB,3,手机续航时间不行 ，有好多次充电  好像手机漏电 被电过两三次 害
海蓝色,256GB,3,开机闪屏，大家注意一下，另外对OLED屏幕敏感的人，谨慎购买，看久了眼睛疼
海蓝色,256GB,3,一般。手机发热。电根本不够用一直看电视只能看七个小时。感觉还没有xsmax电量好呢
海蓝色,256GB,3,"网络超差，而且不稳定，还不如苹果7，不知是不是就我一个人中招了
运行速度：没感觉比7快多少"
海蓝色,256GB,2,先搞预售，交定金付尾款的，结果第二天就有现货可以直接拍，套路满满。快递服务也是活久见。
海蓝色,256GB,3,这手机外观确实很惊艳，就是不锈钢边框镜面很难达到百分百的无瑕疵，正面和侧面都研究过，还是有那么几个点点，不知道是掉漆还是什么
海蓝色,256GB,3,是正品，但是正面屏幕的底部缝隙有点大，仔细看能隐约看到里面金属的闪光，担心防水性会差，不知道属不属于质量问题
海蓝色,256GB,2,"屏幕音效：很好
外形外观：很差
拍照效果：很好
运行速度：很好
其他特色：差，居然为了节省成本，没有电源适配器"
海蓝色,256GB,3,一般吧！屏幕不太灵敏，没觉的比我原来的X快，并且一万多的东西第一次送没见到货都默认签收，第二次送包装盒一侧里外都是直接是破的，以后还是在官网买吧
海蓝色,256GB,2,一万块钱的手机电话都没打给我放门口了，回家看到才发现只发了个短信，之前每次都是，只不过都是普通日用品。这次是手机，起码打个电话吧&hellip;
海蓝色,256GB,3,还行吧，就是有点重，12系列通病，有点绿屏，但还好不是特别严重不太影响使用，懒得换了
海蓝色,256GB,2,蓝牙搜索不到其它设备，按照售后提示操作也无法使用，还有就是机身莫名发热，未使用没开启其它软件情况下
海蓝色,256GB,3,没问题，还是没问题，除了作为手机贵到这个价格有点过分了，其他都挺好。充电器被取消，需要另外买，真是有点鸡贼了
海蓝色,256GB,3,手机一直用的苹果的，这次体验有点不开心。开机logo出现闪屏，系统升级也没解决，不过平时到不影响使用。每次开机这小小缺陷，偶尔给你来一下，影响心情！
海蓝色,256GB,3,前置摄像头，晚上还是渣 ；电池还是不够用，看视频打电话浏览网页确实待机久，但玩游戏很快就没电了。
海蓝色,256GB,3,之前用的xmax，说实话，不是为了5G，没必要买12，感觉提升有限，电信的卡在家里依然没信号，信号真是不如华为的好啊。
海蓝色,256GB,2,手机的确很好，但套餐是在沙雕，丫的配个联想充电宝，没USB-c 输出，有啥用，跟12pro max根本不搭，浪费我68块钱
海蓝色,256GB,3,付款后大概等了10天左右收到，包装就是很薄，没有充电器和耳机，外观整体还行，摄像头设计感觉有点突兀，不是太好看，目前还没发现绿屏问题，整体一般吧。设计上无特色
海蓝色,256GB,2,"外形外观：无瑕疵， 非常耐看
屏幕音效：没有绿，播放声音很大声
拍照效果：一如既往的好，就是夜晚拍照有绿点?
运行速度：没啥感觉
待机时间：一般般
其他特色：回归原始感觉不出来"
海蓝色,256GB,2,"屏幕音效：第一单买的黑色开箱屏幕有划痕退了，这次蓝色边框有划痕，到手的朋友一定要看仔细
拍照效果：拍照效果：夜拍不错，对光拍有绿影，强迫症考虑好
运行速度：快，没高刷遗憾
待机时间：不玩游戏，中度使用一天没问题
外形外观：拿久了真的硌手，不适合玩游戏
其他特色：绿屏之王，等待优化"
海蓝色,256GB,2,"外形外观：挺好看的
屏幕音效：音效棒
拍照效果：不知道为什么！有一次老是频闪不拍照！
运行速度：快
待机时间：一般，一天两冲，充电发热厉害，朋友的65w充电都不热
其他特色：没有安卓方便没有安卓方便没有安卓方便"
海蓝色,256GB,2,哎！咋说呢。外观完美，也不耽误使用，只有一个缺点就是开机画面的苹果图标闪logo ，在开机的时候会闪屏，然后过3-5秒就进入桌面。反正也不耽误使用，就懒得联系售后技术人员了。就这样吧 但不能给好评了
海蓝色,256GB,2,"外形外观：海蓝色是磨砂的，还不错
屏幕音效：用的第二天微信发语音，QQ音乐播放有杂音噪音。客服让我找苹果售后，后面过了好几天又没噪音了，一万多买的手机用的有点没安全感。
运行速度：苹果的运行速度挺好的。
待机时间：一天一充有时候两天一充。
没有充电头还是很不方便还好以前有买其他款苹果手机有充电器。"
海蓝色,256GB,3,"手机非常大，速度一般，海蓝色没有想象中的那么惊艳！底部导航线瞅着不怎么顺眼，续航还行！
最大的缺点就是苹果品控变差了
重要的事情说三遍：边框缝隙有点大，四边框都有缝隙！！！我的玻璃心碎了一地
外形外观：一般
屏幕音效：还行
拍照效果：不如别的品牌
运行速度：不错
待机时间：挺好
其他特色：边框缝隙大"
海蓝色,256GB,3,"上万的东西，只有长期使用苹果生态无法摆脱的人买来还勉强算是好用。【实际还是十三香】反正是给别人买的，不用我掏钱，我只在意能拿到多少豆豆去抵扣别的商品。
外形外观：就那样吧，但是海蓝说实话还是好看的。
屏幕音效：不过如此，和Android动辄90Hz、120Hz甚至144Hz的高刷没得比。
拍照效果：能拍清楚文档和付款码就足够了，相机模组依然做的像英国特种空勤团的面具一样诡异。
运行速度：这个没的说，A14和iOS基本算是苹果最后的两个优点了。有TSMC 5** EUV工艺加持，不会差。可怜了华为，还没长大就被断了粮，同样的好工艺想用用不上，令人悲痛。
待机时间：肯定不如安卓的某些机器，尤其是那些支持120瓦充电，带着充电头随便浪的机型。
其他特色：没了乔布斯的苹果，不过如此，迟早要完。但软件生态终究是苹果一直以来的优点，就算是买给老人用也完全不用担心会被装上奇怪的软件（来源于误触各种恶心的弹窗和广告，点名批评并夕夕）。上一台给小弟的12 Pro已经镜头密封不良中奖了，就等进灰。这台给他爹的谁知道能坚持多久，这么小的品控问题能出在苹果身上着实可笑。"
海蓝色,256GB,2,几点不足：1 是双卡时其中一个号接打电话另一个号就&ldquo;无服务&rdquo;，意味着这时有人打另一个号时会提示&ldquo;用户已关机&rdquo;。2 是太贵，一万多。其他方面，没有可挑剔的。
海蓝色,256GB,3,玩游戏很容易发烫
海蓝色,256GB,2,网络太差了，信号一点都不好！
海蓝色,256GB,3,信号?真的是软肋，也很无语
海蓝色,256GB,2,夜间拍照和录像有鬼影，手机发热。差评！
海蓝色,256GB,2,外形外观：手感差，很笨重，玩着累
海蓝色,256GB,3,待机时间：太垃圾了手机电池满满得电睡一觉醒来关机了
海蓝色,256GB,2,刚拿到手的第一天就出现绿屏，真后悔买这个手机
海蓝色,256GB,2,客服真的一点不耐烦 我拍错型号 不给我换 说了半天就几个字回复我
海蓝色,256GB,2,绿油油！！信号差！！差评～
海蓝色,256GB,3,iphone 12 pro max太让人失望了
海蓝色,256GB,3,掉电简直不要太快，比华为续航差了不是一点半点
海蓝色,256GB,3,收到货的第二天才发现开机键处有一块磕碰和掉漆。严重怀疑是退货机 ，奉劝大家不要在京东买手机，我会投诉京东的
海蓝色,256GB,2,苹果手机没有想象中的好，买过两次苹果，应该不会再买第三次了！没有华为mate20拍照清楚也算是最新款
海蓝色,256GB,3,看了那么多差评搞得不敢拆封直接退了，万一有毛病还要花费时间监测什么的，专心等等官方货么好了。
海蓝色,256GB,3,包装也太简陋了吧，特别不满意，填充物都漏气了，根本不当用
海蓝色,256GB,2,为什么手机里面没有保修卡和卡针  询问客服客服不搭理人 解决不了问题  失望
海蓝色,256GB,3,苹果手机我一直都喜欢可是这次一万多的手机拍照背景居然变成绿色的了，无语了能退不
海蓝色,256GB,3,机器是挺好的就是这个电池充满100一天也不玩也没什么电话基本就是开机待机状态就能掉了10个电。真心希望大家都别在网上买这买贵重的物品了。
海蓝色,256GB,3,手机偶尔有卡顿，充电发烧，网络信号不稳定！手机太大！手小的建议放弃！
海蓝色,256GB,2,毕竟一万多的东西，包装太不严谨，盒子内充气包破损，拿快递时东西就随意弃在地上，盒子也有几处外物压破的。作为京东plus老用户，这是第一次给出差评
海蓝色,256GB,3,拍照效果：很不稳定，聚焦都聚不明白，后面中文贴纸有磨损，感觉是被打开过后包的
海蓝色,256GB,2,差评，加60买了带充电器的，现在手机降价300这个套餐不给保价，等于360买了个充电器，@
海蓝色,256GB,2,屏幕充电口这个边缘，仿佛有点不严实，不知道是我这个特别一点呢，还是都一样？（没摔过哦）
海蓝色,256GB,2,我的天呐，用过最容易发烫的手机，没有之一，比小米还烫，游戏都不敢玩，我好怕哪一天会爆炸
海蓝色,256GB,2,信号差，近距离摄像不对焦，触屏不灵敏，手机发烫严重，开机按两次才行
海蓝色,256GB,3,反应不太快，为啥反应这么慢呢，奇怪！不太好用，能不买就不买吧！后悔没买华为了！哎，是华为一直没货，没办法买了这个烂苹果！在一个华为浪费我的银子?
海蓝色,256GB,2,"玩游戏严重发烫，一发热玩游戏就卡
还有一次莫名其妙就卡死
插耳机不稳定，体验极差"
海蓝色,256GB,2,我媳妇苹果12左上角返回键有时不管用，我的12max今天也出现了这种情况～这次没来急录制视频，下次追加视频。小概率出现。我以前的x也是这样。联系客服，客服让我去线下检测。还是算了没时间。4-12。全部用的苹果，苹果x-12，12 max让我失望。其他还好。等我追加评论，如果有遇到这种情况的告诉我。
海蓝色,256GB,3,刚开封 刚把进网试用那层白贴纸揭开 就发现左下角屏幕边上机身部位有个白色小点 开始以为是灰 擦一下才发现是机身掉漆&hellip;第一次在京东给差评  本来想换货 但想想时间还是算了  带壳看不出来
海蓝色,256GB,2,激活后百分77的电。因为裸机，后买了一个原装充电头，试了下两个多小时充满电，中途手机发烫。使用的几天里出现一次卡机。很多小细节地方用着不放便。总体评价：太一般，一万的价格&hellip;&hellip;
海蓝色,256GB,3,收到很失望，手机有很多地方不尽人意，首先留海显示遮挡屏幕，右上角没有电池百分比显示，还有一些不方便的地方。总之这次没有惊喜。现在苹果?做的越来越不如国产了。还不支持7天无理由退换货。这么贵的产品真是遗憾。
海蓝色,256GB,2,买完了，赠品单独派送，但是一直不送，说疫情影响，但是为什么手机到了，一起发货并到派送点，只送来了手机，赠品不一起送，点击只有在线客服，反馈了很多次，无效，不给投诉电话号码，因为在线推送我让我退货退款，但是加价买的带赠品无线充，无线充显示0元，我怎么退货退款，这是什么理论，一直不愿意在京东买东西，但是想送家人一步手机，才定的，后悔了，后悔了，之前不说因疫情影响，差东西了就开始说疫情的事了，一起到派送点，有的就能送，有的就不能送。
海蓝色,256GB,2,手机没有使用，打开一看，1w多的手机，没有耳机没有充电头，话称要环保要低碳，叫单独拍，单独拍就低碳就环保了吗？环保就是要多花钱呗，真会赚钱，就这一点就不得民心，得民心者得天下。
海蓝色,256GB,2,手机收到了，没有充电头，手机店买了充电头，一会儿能充电，一会儿充不了，去手机店找人家，现场试换了一根数据线，就能充了，搞不清楚是充电头的问题？还是数据线的问题？还是手机的问题？苹果自营店就给发了个链接，让自己去当地去检测！京东客服很负责，给了好几个解决方案。
海蓝色,256GB,2,质量超级差，第一次用不到一个星期因为经常卡顿，死机，申请换货，重新换了一个，卡顿，死机的现象还是有，同时拍照有绿光，并且绿光留在照片里，手机左上角返回键也经常没反应。
海蓝色,256GB,3,怎么说呢，我第一次买苹果哦，以前买的手机贵的也就是5K，好家伙，一万多买回来的苹果，打电话，视频通话，刷抖音，都有电流的沙沙声，售后说本来就跟腾讯的应用不兼容，换句话，修不了也换不了货，也退不了，因为人家说硬件没毛病啊，再也不入苹果的坑，也不知道为啥大家都是好评没问题，可能我倒霉吧
海蓝色,256GB,3,说实话不太喜欢，买了有不高兴去退，价格贵，有点败家，手机单手操作不了，边框不舒服，黑边也宽，相同尺寸大小的这个难受的多，要不是看在这个带5G首选还是11的好，要是再选择一次估计会选11，这机子除了系统和电池真没别的优点，跑分还没小米、三星的高，不知道是不是安装的东西太多，机子背面有点脏，怀疑会不会人家退货的，看保修日期没问题
海蓝色,256GB,3,"屏幕偏黄，非常难受，两个平台换了三台都是一样的，只能自己调色，可能批次不同，换新也是偏黄，
A14的确很强，快充的时候会发热，如果边玩边充更烫手，
游戏很顺畅，一定要开启省电模式，非常稳定。"
海蓝色,256GB,3,拿到手第一天发现播放视频就像划了碟的DVD一样，有时声音正常，图像卡，有时音频卡在某一个字上，一直鹅鹅鹅鹅喝个不停，只要拆了包装就不给退，申请换货，售后说拿去检测，告诉我检测结果机器性能没问题原返回来了，用了半个月暂时没啥大问题，网上看网友吐槽，这一代12问题挺多，我个人用起来觉得耗电挺快，整体没啥惊艳的地方，以前6SP也是在京东买的，用了5年，到现在还特别流畅，就是前段时间拍照拍视频画面总是抖抖抖，拍出来的图像特别模糊所以才决定买一个新的，劝大家观望观望吧，非要买的话别在线上买，店里买吧，可以退货。
海蓝色,256GB,2,"首先颜值方面是很赞的！打开盒子后一眼就爱上了！机身颜色喜欢！尺寸够大！（我喜欢大手机）他们吐糟的硌手我觉得还好！因为我不玩手游！后壳磨砂玻璃一看就有质感，本不想留下的心也动摇了！虽然有好多用户吐糟手机这个那个的毛病！我想可能少数吧！我应该不会那么&ldquo;幸运&rdquo;碰到！于是留下来用了几天！??事实上我是毫无疑问的中招了！一万多的手机不带耳机我认了！充电头也不送我忍了，但是充电?发烫，续航一般！我是彻底无语了！我除了晚上刷会儿快手！白天工作基本很少了看手机！电池也撑不了一天！?常常是两个三个！很少满格！！可以说，网友们吐糟的毛病我都中了！说实话要不是一开始花花抢不到我是不会买?！后来悲催的?拿到手了，花花也抢到了！无语的是到现在为止十几天了花花都不发货！我买?不是因为我爱?而生我买不着花花！如果说?哪里好！装13绝对的一利器，仅此而已！
华而不实！这是我的购物体验
拍照效果：可以
屏幕音效：音质不错
外形外观：非常满意
运行速度：可以
待机时间：差
其他特色：无"
海蓝色,256GB,3,"终于收到货了，但是电池容量好小，不如华为mate 40 Pro的信号和续航 
现在仍然是双卡情况下只能一张卡发短信。甚至他那个热点每分钟都会断。充电龟速 而且没有送充电器 也没有我喜欢的高刷新屏幕，而且玩儿起来手机很烫。有这钱可以买一个华为mate 40 Pro再买个小米k30s 再买100斤排骨。他不香吗？？"
海蓝色,256GB,3,比~多花800块，特别不爽
海蓝色,256GB,3,一般
海蓝色,256GB,3,运行速度：~消息太慢，有延迟呢！网还不如华为的，太卡
海蓝色,256GB,3,刚拿到手机，登陆了~没有刷~，玩游戏也没充电、手机发烫。
海蓝色,256GB,2,打游戏，机身发烫，刷个~，上个~都会发烫！不建议购买，我都想出手了！~~！
海蓝色,256GB,3,信号有点差，其他还好，待机时间还可以，就是去掉耳机，充电头有点不厚道
海蓝色,256GB,2,为什么12max打开~发语音按住按钮后直接说话前两三个字总是录不上到底怎么回事或者只能按下语音按钮等待半秒之后再说才能全部录上不知道你们有没有这种情况
海蓝色,256GB,3,"外形外观：镜头有点小瑕疵，不影响使用也就不换了。
屏幕音效：一般
拍照效果：一般
运行速度：可以
待机时间：一般
其他特色：一般"
海蓝色,256GB,3,刚好一个月了，外形外观：还不错吧拍照效果：拍照可以hdr还不错运行速度：有时候会卡，拍摄0.5的视频现在好一点了，之前也会卡。点击拍摄的时候，要是有~消息提示可能也会卡，问过客服让我重新开机。一个月的时间就便宜了800左右，降价也太多了?
海蓝色,256GB,2,给媳妇买的，拿到之后感觉还行吧，手感不是太友好，有点大了，尴尬！可能是安卓用习惯了，试了一下感觉也就那样，可能是不习惯吧！为了体验好，特地买了promax，屏幕拍照感觉没有~上那么清晰，不知道是不是个例，反正就是感觉一般般
海蓝色,256GB,3,从8p升级过来的，其实一直在等苹果把那个#的额头去掉，结果到12也没有解决，只好入手了。应该说苹果手机真的是除了系统已经毫无出彩的地方了，12的触碰体验竟然比8p还差，尤其是退回的那个地方触屏要比8用力才有反应，有时要点多次才行，实在是体验太差。没有Home键也是感觉各种不方便，下一部手机应该不会是苹果了。
海蓝色,256GB,3,有时候点左上角返回按钮会出现反应慢的情况，要点几次才能返回，不知道是App不兼容还是啥原因，其他的方面感觉还行，Max是真的大，想单手操作的话起码身高180以上，反正我175的手是单手驾驭困难的，电池也挺耐用，反正网上说的各种问题我都暂时没发现，重量是真的有点重，躺床上玩的话，一不小心掉下去......其他问题暂时没发现，再用几天时间再来评论看看......真人，非刷子。有什么问题可以留言，看到了就回复外形外观：还可以，镜头突出有点多...屏幕音效：声音挺大，感觉都快赶上老年机了拍照效果：像素也并没有网上说得那么#，夜景下照片效果确实突出运行速度：运行速度这个确实没得说，#！待机时间：不玩王者吃鸡那种游戏的话，一天一充没毛病其他特色：iPhone一直都这样，特色说不出来
