国风雅灰,8GB+256GB,1,外形外观：的灰色寄一蓝的
国风雅灰,8GB+256GB,1,其他特色：新机激活后就黑屏了
国风雅灰,8GB+256GB,1,装两个卡会有一个卡老是突然没信号
国风雅灰,8GB+256GB,1,这不是正版手机跟我朋友买的手机完全不一样，还是一样的价格
国风雅灰,8GB+256GB,1,听歌时切换应用短信锁屏断音
国风雅灰,8GB+256GB,1,货都没看到也不联系就被签收了
国风雅灰,8GB+256GB,1,天变冷了，还可以当暖手宝挺好的
国风雅灰,8GB+256GB,1,这充电的时候发热的有点怕
国风雅灰,8GB+256GB,1,***，玩**呢，
国风雅灰,8GB+256GB,1,刚买一个星期，就降价四百
国风雅灰,8GB+256GB,1,给的转接头都是坏的
国风雅灰,8GB+256GB,1,买了没一个月音量键坏了
国风雅灰,8GB+256GB,1,不知道为什么老是卡顿，无响应
国风雅灰,8GB+256GB,1,有时候会出现卡屏的现象
国风雅灰,8GB+256GB,1,新买不到一个月不开机
国风雅灰,8GB+256GB,1,买了不到一个月 就降价400
国风雅灰,8GB+256GB,1,唯一不好的就是没耳机
国风雅灰,8GB+256GB,1,屏幕音效：换来换去还是绿屏已经放弃了
国风雅灰,8GB+256GB,1,质量不好，像有人用过的。
国风雅灰,8GB+256GB,1,其他特色：不是三星屏，为什么不可?选择
国风雅灰,8GB+256GB,1,服务不好，体验差劲
国风雅灰,8GB+256GB,1,刚买就降价，而且不支持报价，呵呵
国风雅灰,8GB+256GB,1,还没买一个月就降价这么多。谁还敢买你们家东西？
国风雅灰,8GB+256GB,1,换了几次货都有不同程度的瑕疵
国风雅灰,8GB+256GB,1,除了绿屏哪儿都好
国风雅灰,8GB+256GB,1,吃鸡都玩不了  卡
国风雅灰,8GB+256GB,1,手机还可以，但降价太快了，不划算，下次还是继续苹果吧
国风雅灰,8GB+256GB,1,屏幕音效：听筒都没用几天就坏了，
国风雅灰,8GB+256GB,1,自带摸都没弄好
国风雅灰,8GB+256GB,1,买了不到一个月降价400.我分期才还的1期
国风雅灰,8GB+256GB,1,不知道选择的套装手机卡是什么意思，次次提交订单次次都取消
国风雅灰,8GB+256GB,1,"屏幕音效：非常好用
运行速度：重启就完了"
国风雅灰,8GB+256GB,1,闪退黑屏，打游戏开到最高还掉帧给我整乐了
国风雅灰,8GB+256GB,1,京东发错货，订单里是国风雅灰，错发过来蜜桃金。
国风雅灰,8GB+256GB,1,用了没几天，频繁出现断流现象
国风雅灰,8GB+256GB,1,买了才十几天就降价400元，真的厉害
国风雅灰,8GB+256GB,1,手机OK，就是刚买就降价了，补差价还不行，非常生气
国风雅灰,8GB+256GB,1,手机充电器大头不到七天就坏了，奥利给。
国风雅灰,8GB+256GB,1,**的耗电賊快刚买的新机
国风雅灰,8GB+256GB,1,diao丝们都给老子哭呜呜呜呜呜呜
国风雅灰,8GB+256GB,1,刚买十几天就这样了
国风雅灰,8GB+256GB,1,机身里面有异响，什么情况？
国风雅灰,8GB+256GB,1,屏幕音效：用几天屏幕保护膜就都起泡了！客服就是电脑。唉。。。
国风雅灰,8GB+256GB,1,才买了几天屏幕乱跳闪烁
国风雅灰,8GB+256GB,1,祖传断流，不想说啥了，系统是稳定版
国风雅灰,8GB+256GB,1,送回检查说是正常，不知道其他朋友会不会这样，不给换货
国风雅灰,8GB+256GB,1,屏幕抖动 屏幕不咋灵敏 经常按不动
国风雅灰,8GB+256GB,1,用了半个月玩王者黑屏一次，刷朋友圈卡屏一次
国风雅灰,8GB+256GB,1,刚过保价就少了200，不过保价还不降价。无语
国风雅灰,8GB+256GB,1,断流有点明显，有时候突然就卡了
国风雅灰,8GB+256GB,1,拍照一言难尽&hellip;想把文档的字拍清楚基本不可能 退了
国风雅灰,8GB+256GB,1,锁屏照片有阴影，谁能给我一个答案
国风雅灰,8GB+256GB,1,买了没多久就。降价500多。
国风雅灰,8GB+256GB,1,音效严重影响使用
国风雅灰,8GB+256GB,1,发烫的厉害，电用得快
国风雅灰,8GB+256GB,1,刚用了二十天电源键下陷失灵，去小米之家还说维修要花钱。
国风雅灰,8GB+256GB,1,一亿像数就是个噱头，手机比较厚重，
国风雅灰,8GB+256GB,1,小米为发烧而生玩一会发烫太严重了，其他还好
国风雅灰,8GB+256GB,1,充不进去电
国风雅灰,8GB+256GB,1,"买了没一个月，现在降了500，店家不给处理。
伤心了"
国风雅灰,8GB+256GB,1,屏幕顶部漏光
国风雅灰,8GB+256GB,1,运行速度：差
国风雅灰,8GB+256GB,1,颜色都发错了。。。
国风雅灰,8GB+256GB,1,屏幕有问题
国风雅灰,8GB+256GB,1,卡到死
国风雅灰,8GB+256GB,1,小米10吊打小米11怎么想？？？厂家怎么想？？？还想耍猴
国风雅灰,8GB+256GB,1,摄像头有问题
国风雅灰,8GB+256GB,1,买完降价了&hellip;客服全是智能回复 一点问题都解决不了
国风雅灰,8GB+256GB,1,无法评价
国风雅灰,8GB+256GB,1,刚打开app就自动秒退 什么情况 第一次用小米就给我这么差体验
国风雅灰,8GB+256GB,1,没有赠品
国风雅灰,8GB+256GB,1,屏幕上下发红
国风雅灰,8GB+256GB,1,10s出来直接被耍猴，怕了怕了 以后买华为
国风雅灰,8GB+256GB,1,屏幕失灵
国风雅灰,8GB+256GB,1,辣鸡的一批
国风雅灰,8GB+256GB,1,有赠品不能价保，吃相真好看，买手机的人注意吧
国风雅灰,8GB+256GB,1,出现卡顿黑屏，点击软件打不开的现象
国风雅灰,8GB+256GB,1,"小米就是一个流氓手机升级miui12,广告十分活跃."
国风雅灰,8GB+256GB,1,到手就降200，不要逼脸。价保不可以，因为送了散热背甲。太搞笑了。
国风雅灰,8GB+256GB,1,物流挺快的就是包装变形了，相比其它平台价格贵了不少，所以差评
国风雅灰,8GB+256GB,1,**手机，跟苹果比差远了，安卓还是那么落后
国风雅灰,8GB+256GB,1,发票都没有，买了才几天打开相机直接黑屏，重启后才好！
国风雅灰,8GB+256GB,1,你让我怎么说，刚下载一个APP打开就卡死了，平时用着还好
国风雅灰,8GB+256GB,1,活动3499买的，现在还分期却要还3599?????活动有什么意义
国风雅灰,8GB+256GB,1,"手机包装盒连个薄膜都没，手机盒还有开箱过的划痕
二手机"
国风雅灰,8GB+256GB,1,手机能用wif上网，但不能下载东西，下载必须用流量。
国风雅灰,8GB+256GB,1,用了一个月   手机有时候失灵   根本没法控制屏幕
国风雅灰,8GB+256GB,1,我只想说一句话：谁**买小米儿啊。比起前年4K买的mate20还差，相机对比下来更不用说了。
国风雅灰,8GB+256GB,1,京东快递很给力，一星给小米品控，外包装完好，机器上直接一个大缺口
国风雅灰,8GB+256GB,1,贴合处有多余的胶质。比较多。手机性能good。没得说。忠实米粉。
国风雅灰,8GB+256GB,1,具备无线充电功能，但不给配无线充电器，拍照一亿像素，也没有比之前的5000的好到哪。
国风雅灰,8GB+256GB,1,手机用着还可以，但是赠品和手机价格做捆绑，个人感觉不是特别好。这分别是前天和今天的价格，差别就是赠品不一样。导致手机的价格也不一样，个人对于这次的购物体验非常不好。套路深。。。。
国风雅灰,8GB+256GB,1,开机那天只有不到60%的电，我忍了，现在充会儿电就热得不行。
国风雅灰,8GB+256GB,1,已脱粉，小米10s配置更好，还和这个卖一样的价格，看不懂官方，怎么看刚刚买小米10的用户。
国风雅灰,8GB+256GB,1,顶配2999，直接亏大发
国风雅灰,8GB+256GB,1,售后怎么查&hellip;&hellip;
国风雅灰,8GB+256GB,1,就跟鬼一样  才买10天  降价500  针不戳
国风雅灰,8GB+256GB,1,刚买不久，今天就降价500，小米一如既往的耍猴，屏幕还时不时的乱跳
国风雅灰,8GB+256GB,1,主摄像头居然有灰，申请换货又要等发货。这块华星光电屏幕色温不均，上下边泛红，不知道是赶工还是技术不行。
国风雅灰,8GB+256GB,1,大家千万不要买  买回来第八天屏幕上出现黑色的不明印记  也已经过了七天退货的时间了   谁家手机买回来几天就这样?   说是系统没有更新  人家小米10系统没更新怎么不这样  一直让更新  而且买回来几天降价了400 手机一点不保值
国风雅灰,8GB+256GB,1,这个小米不讲口德！来损，来笑，我这个低收入的小同志。我大意了，他已经被我拉黑了。希望小米公司耗子喂汁，不要再犯这样的聪明。不说了，，，下次选华为。
国风雅灰,8GB+256GB,1,当天晚上下完单，第二天就优惠100元还不能保价，坑到家了，够够的了。再也不用京东了。还年会员呢，坑的就是年会员！够了
国风雅灰,8GB+256GB,1,手机是已经被激活过的。刚开机电池显示都使用52分钟了！不知道上个买家是不是觉得这款机器不好退货了！第一次碰到这种事情
国风雅灰,8GB+256GB,1,"待机时间：待机时间短
其他特色：收到两天自动关机，手机后台没运行，看个学习通视频就热的不行，售后也不给换"
国风雅灰,8GB+256GB,1,买了不到两个月，降价500。开白条买的，降了两个月的月供。JD就是个**玩意。
国风雅灰,8GB+256GB,1,手机就是个残次品，屏幕和中框缝隙，后壳缝隙都可以塞进好几张A4纸
国风雅灰,8GB+256GB,1,"外形外观：进水了，没有使用。
屏幕音效：不清楚
拍照效果：进水了，没法用
运行速度：芯片已烧"
国风雅灰,8GB+256GB,1,包装里面只有充电器，说明书、插针、入门指南、三包凭证、转接线都没有；另外快递包装破损。
国风雅灰,8GB+256GB,1,手机买回来激活还没超过30小时，在正常使用前提下屏幕中间出现一条绿色的线，在更新系统和重启机器的情况下仍然没有得到解决目前以协调换货。耽误行程不说，还浪费许多的精力。
国风雅灰,8GB+256GB,1,体验差，触屏平均每天失灵一次，手机晃动里面有碰撞声，退货迟了，只能维修！！！
国风雅灰,8GB+256GB,1,发货慢，手机盒四个角挤压变形，客服答应赔付京豆，后来又不补偿了，说一个订单只能给一次，为啥当时不核实就答应呢？
国风雅灰,8GB+256GB,1,手机好用，但是，横屏拍照聚焦一下一下的，不知道为啥，找客服，客服说不知道怎么处理，他们看不见评价，那我就评价了
国风雅灰,8GB+256GB,1,"外形外观：还行
屏幕音效：没有三星好
拍照效果：一般般
运行速度：很快
待机时间：很短，一天充三次才够玩"
国风雅灰,8GB+256GB,1,"拍照效果：垃圾这个像素简直是个**
待机时间：差
外形外观：一般
屏幕音效：还行
运行速度：还行"
国风雅灰,8GB+256GB,1,充电有问题，极速快充时有时无，要多次拔插充电线，不知道是否是坏的
国风雅灰,8GB+256GB,1,20天降价500！！！
国风雅灰,8GB+256GB,1,蓝牙连不上，电用得贼快，信号接受比不过华为，触屏不灵敏，夜景拍摄不行，辣鸡!!!!!!!!
国风雅灰,8GB+256GB,1,打开包装屏幕上就侧边漏光好像有划痕照片看不出来，视屏可以看出来，已经退换了不知道能换不，心情太不好，以前从没遇到过
国风雅灰,8GB+256GB,1,屏幕坏点，出了问题本身没什么，但是快递点就是硬拖着，什么准信也不给，明明马上就回家了，就是不肯上门取件，原本定的时间一而再再而三的变卦，说清楚哪怕自己送去售后点，结果就喜欢整人。
国风雅灰,8GB+256GB,1,新机器后面有擦拭的痕迹，缝隙里面全是灰尘，膜还是贴歪的，手机缝隙依然大，建议各位都到小米商城去买
国风雅灰,8GB+256GB,1,用了一礼拜还没问题，一礼拜之后就开始自己重启了，开始没注意，现在基本每天手机都会自动重启
国风雅灰,8GB+256GB,1,"外形外观：还可以，屏幕上下端有轻微泛红，
拍照效果：可以
待机时间：没有测
其他特色：快递不知道经历了什么，先用着看一下，迟点看一下情况怎么样"
国风雅灰,8GB+256GB,1,才用了没几条就开始黑屏，刚开始点QQ时没反应我以为软件问题，后来直接黑屏，真后悔买了，还莫名其妙横屏
国风雅灰,8GB+256GB,1,手机实话实说拍照真的不太行，都不如我以前的p20老旗舰，90赫兹还是挺快的，用起来还行，马达用着不舒服，一点也不哒哒哒。勉强用着吧
国风雅灰,8GB+256GB,1,买的这么多小米的产品，第一次出问题，电信卡无法连接网络，有时识别不出sim卡。去小米之家让店员检查后发现是机子的问题，退货了
国风雅灰,8GB+256GB,1,用了十天了差不多，一般般，我续航竟然只有六七个小时，我直接惊了，经常断流，反正挺不满意的。
国风雅灰,8GB+256GB,1,看了网上很久终于买了小米10，说实话小米10手机的系统真心的不好用，一点都不人性化，一直vivo手机觉得很好用，看到网上小米10吹的很好抱着一试的心理买了，用起来真的对小米太失望了
国风雅灰,8GB+256GB,1,比想象中差多了，贴了钢化膜指纹解锁就基本费了。特别不灵，下单了。等了半个月才收到手机，不是懒得折腾就直接退货了
国风雅灰,8GB+256GB,1,小米的客服服务是真的差，手机配件耳机转接口用了还不到10次就坏了，还要去什么检测点检测，而且检测点又不普及，而且手机视频的时候有点发热
国风雅灰,8GB+256GB,1,手机使用时发烫，触屏总感觉不灵敏还有点卡，也不清楚手机是不是正品货。其它方面才刚用两天没什么感受。
国风雅灰,8GB+256GB,1,刚买就只下了一个王者，结果玩着总卡屏，不是刚匹配进去就黑屏，就是玩完一局卡的怎么都退不出去，我也是醉了啊
国风雅灰,8GB+256GB,1,才买就搞活动降价，3599元8个G的，就两三天3499元就可以买12个G的，有这么不保值蛮，而且卡槽里面卡突然检测不到，不知道是咋回事，这两天又忙，退也不想退了，觉得麻烦。
国风雅灰,8GB+256GB,1,拍照效果：一亿像素有多少被坑的。不用考虑了，我拍的竟然没有舍友的米8好，对照相有要求的可以不用考虑了，其他的还没试，等过几天在发
国风雅灰,8GB+256GB,1,"其他特色：手机有一条横线按了没反应。

拍照效果：有时候拍照会自动旋转。

寄回去换货检查了说没有问题又给我退了回来，就很棒棒。小米10果然是梦幻之作。。"
国风雅灰,8GB+256GB,1,"白色背景下屏幕周边发红，我强迫证接受不了。反正要求换货京东说小米那边说是正常的不给换。那正常就让你正常吧，我就直接退款了。
 一句忠告，接受不了屏幕发红的不要入手，手机性能倒是不错。"
国风雅灰,8GB+256GB,1,之前用的小米八，因为内屏摔坏了。不值当的修了。直接买的小米10。来气的是买完第二天就降价100块钱！而且新手机卡槽那块就有点掉色。而且充电口不是很紧！之所以还用小米是因为手机里面有好多资料，图片。登录小米账号立马就回来了。懒得换
国风雅灰,8GB+256GB,1,别的都还行   但是经常没信号  之前自己用的三星 天天上班的地方 出来没有断网或者信号不好 换了手机 一天两三次没有网络  很烦  搞什么啊
国风雅灰,8GB+256GB,1,"外形外观：中框和屏幕全是大缝子
屏幕音效：额国产屏 
拍照效果：启动慢占内存，开相机杀后台
运行速度：很流畅
待机时间：一般，4500的电池续航这么差我是没想到的
其他特色：MIUI12负优化

总结，音效可以，国产屏不行"
国风雅灰,8GB+256GB,1,"外形外观： 手感挺好就是边上屏幕与片框缝隙太大容易进灰
屏幕音效：可以
拍照效果：一般并没有宣传的那么好
运行速度：可以都是有时候卡卡的
待机时间：一天一冲
其他特色：晚上后台都关了不知道为什么时候好烫感觉要爆炸的那种     
这是我用了一个月之后得出的结论，有点后悔      图片后面发"
国风雅灰,8GB+256GB,1,"触控不行啊   稍微字小一点就要点几下才点的中   
充电孔也是松的 
切换屏幕的时候也卡顿不流畅
反正就是小毛病多得一p
才用了一个月左右就这样对小米没爱了"
国风雅灰,8GB+256GB,1,"屏幕音效：这里有问题，有点
外形外观：一般，不是我喜欢的

待机时间：还好，但是耗电好快
拍照效果：这个是我唯一满意一点的了
运行速度：没怎么用过，
这个手机总是不稳定，出现很多次图标显不出来的问题了，打算换货，看看售货怎么处理，如果处理的好再来追评还有最生气的是我等了很久很久很久很久，屏幕还是有问题的。。。。"
国风雅灰,8GB+256GB,1,不吹不黑，断流这个确实存在。一天两到三次，但我游戏玩的不多。喜欢玩游戏的确实要考虑清楚再下手，不然用不到两天就得被砸了&gt;_&lt;&brvbar;&brvbar;&brvbar;。拍照只算一般，除了这两个其他都没有槽点，希望对想买的朋友有点帮助
国风雅灰,8GB+256GB,1,早早的预售，付了尾款两天都不发货，这么久的时间不用来备货，没货都敢出来卖了？发货还是从外省调货，对这种服务无法接受。手机的缺点是偏重，4700的电量用起来也一般，耗电挺快的，作为一个从荣耀转来的用户，觉得miui有不好用的地方
国风雅灰,8GB+256GB,1,小米暖手宝果然不同凡响，一天冲两次电就可以暖手一整天，还可以用来上网，就是经常断流，还可以用来刷公交，就是经常充值失败，还有各种各样的小bug给你的生活增添惊喜，应该是市面上最有性价比的暖手宝了。
国风雅灰,8GB+256GB,1,屏幕反应迟钝，尤其是边缘，相机不行，拍出来的照片有个圈圈要转半天才清晰，明明对好焦拍摄出来却是模糊的，相片的色彩跟清晰度比我老华为还差，机身容易发热，烫手，小米手机以前也用过几部还不错，前段时间买了11不行换的10还是老样子，以后不会再用小米了
国风雅灰,8GB+256GB,1,收到手机打开后外观不错，看着舒服。用了一个星期，发现手机太辣鸡了。1、发热特别厉害，可以说看看视频手机就是温的了，只要一玩游戏半小时烫手。2、还没用到10天手机居然卡死机了，指纹解锁和面部解锁全部失灵了。小米10真的不配这么好的销量。
国风雅灰,8GB+256GB,1,"外形外观：外形外观还可以
屏幕音效：屏幕好像是有问题，没有调的情况下一下暗一下亮，有些app暗，有些亮。音效还可以
拍照效果：拍照真的是说是像素高，但是排文字的时候全部是模糊的，
运行速度：不像吹的那么好，不值这个价
待机时间：还行
其他特色：这款手机品控好像不好，和同事一起买的手机，她的第一次用信号特别差，充电也非常烫，果断退款了，我特别后悔没有当时一起退款，我的用了还没两个月，也是出现了信号差，拍照拍文字特别模糊的情况，我好想退掉，，，"
国风雅灰,8GB+256GB,1,这机子被小米公司和精神股东吹得太过分了，拍照一亿像素真不行，室内有些糊，室外除了解析力高之外跟imx586没啥区别，成像速度还慢。还有这x轴震动马达用起来跟转子马达有什么区别？除了打字哒哒哒，平时还不是嗡嗡嗡，当时发布会吹得我以为多#呢。断流严重，拿到手里用了这么久断流很几次了，每次重启才好，不然等好久都没网络，真的@了。MIUI12卡顿掉帧还是很严重的，比起其他几家手机系统，MIUI稳定性还是不咋地，希望后期优化好吧，不过MIUI12动画做的很好，值得表扬机身重量偏重，但是电池大，大电池还是很不错的，ag磨砂玻璃也不错双扬声器很舒服，声音震撼，很棒总的来说这机子也就值3000出头吧，能用还可以，吹太过分了也不好，iqoo5出的迟了，不然就买iqoo了
国风雅灰,8GB+256GB,1,垃圾  打快板问题依然存在
国风雅灰,8GB+256GB,1,差评 客服态度也不好，什么都不送气人
国风雅灰,8GB+256GB,1,十几天就降几百，感觉上当受骗
国风雅灰,8GB+256GB,1,差评，服务态度不好
国风雅灰,8GB+256GB,1,断流严重，垃圾玩意
国风雅灰,8GB+256GB,1,翻车了，买到二手的了。直接退货了。
国风雅灰,8GB+256GB,1,京东太**了出现问题！不给解决，投诉无门！
国风雅灰,8GB+256GB,1,运行速度：有点失望，用了几天就卡屏。
国风雅灰,8GB+256GB,1,玩游戏断流能跟***一样，能把人气死
国风雅灰,8GB+256GB,1,经常黑屏，卡死，必须要重启，真是服了
国风雅灰,8GB+256GB,1,待机时间：待机时间太短，怀疑是不是新手机
国风雅灰,8GB+256GB,1,要多垃圾有多垃圾，多的我也不想说了。
国风雅灰,8GB+256GB,1,"10天降权300,我就柠檬了,买**,极其不爽"
国风雅灰,8GB+256GB,1,二十多天小米10音量键失灵了，问了没人回复，失望
国风雅灰,8GB+256GB,1,确实不怎么样，上手感觉不如以前的小米6，挺垃圾的，
国风雅灰,8GB+256GB,1,**东西，刚买一个月就**降价，直接降价800而且还不能价保  真**！
国风雅灰,8GB+256GB,1,一直卡顿，息屏，大品牌也有骗人机
国风雅灰,8GB+256GB,1,买了一个月，降了四百块！！！这个真的很无语
国风雅灰,8GB+256GB,1,以后打死老子都不会买小米手机了，呵呵。垃圾  不过多评论
国风雅灰,8GB+256GB,1,断流非常严重！打个王者十五分钟至少断四次！
国风雅灰,8GB+256GB,1,用了几天就死机，有点失望了，不会在买小米了
国风雅灰,8GB+256GB,1,刚用了两个月屏幕就出问题了，第一次买小米体验感非常差
国风雅灰,8GB+256GB,1,非常差的体验，手机不断的重启，售后扯皮推诿，不给解决问题
国风雅灰,8GB+256GB,1,第一次入手小米，体验感太差了，蓝牙总是自己断
国风雅灰,8GB+256GB,1,发烫严重
国风雅灰,8GB+256GB,1,什么都不是，客服只会说一句话，问什么不说什么建议大家不要购买
国风雅灰,8GB+256GB,1,刚买就死机，小米10！！！！！！
国风雅灰,8GB+256GB,1,断流严重，不想多说了
国风雅灰,8GB+256GB,1,真差，无服务
国风雅灰,8GB+256GB,1,发烫，太重，发货速度慢的要死，以后不会再买小米了。
国风雅灰,8GB+256GB,1,其他特色：这个差评是给小米京东自营店 11号显示有货全款下单  等了几天还在备货   问客服解决问题态度敷衍  购物体验差
国风雅灰,8GB+256GB,1,耳机都不送一个，差评！
国风雅灰,8GB+256GB,1,手机发热严重，不建议买，本来想买苹果11的，现在后悔死了。
国风雅灰,8GB+256GB,1,物流速度不敢恭维，一拖再拖，拖了一个星期，找京东客服也解决不了问题。完完全全是欺骗消费者。
国风雅灰,8GB+256GB,1,断流现象很严重，一天断好几次，很影响工作
国风雅灰,8GB+256GB,1,9月11号买的，买了没两天就降价，然后价保说申请不了，今天又降价了现在又申请不了价保了，特别垃圾
国风雅灰,8GB+256GB,1,才几天就降价了，价保申请还不给，说我原来有赠品，不支持价保，我也是服了，这价格变动接受不了
国风雅灰,8GB+256GB,1,到手快三个月，问题不断，卡屏，无响应，每次都要重启，真烂。
国风雅灰,8GB+256GB,1,新手机就这样，人工半天不理会，很无语，体验太差
国风雅灰,8GB+256GB,1,完全就是垃圾屏幕，国产屏幕比三星屏幕便宜了500块，可只降了200块，小米一生黑。
国风雅灰,8GB+256GB,1,电池耗电太快了，问客服也没什么好的服务，就那么几句话
国风雅灰,8GB+256GB,1,拍照效果：0.6倍拍照模式花屏！在京东网购非常不愉快的一次，正在申请售后换货，希望不会再有类次的次品出现，不然真对京东的品质失去信心了！
国风雅灰,8GB+256GB,1,非常不满意服，态度太差了。跟客服说要售后都不给处理。买了没多久就卡黑屏了。
国风雅灰,8GB+256GB,1,屏幕音效：非常垃圾，经常屏幕失灵，有没有一样的
国风雅灰,8GB+256GB,1,手机还没用，先不评价。第一次差评，是给京东快递的，快递员休息没对接好，放我飞机。
国风雅灰,8GB+256GB,1,没买一天就降价，坑，还说优惠券不算，再也不会京东买了，垃圾
国风雅灰,8GB+256GB,1,垃圾玩意
国风雅灰,8GB+256GB,1,差评，双12买的，10天后小米11就出了。价格还一样，想想就好气呀。手机在很多地方定位还不准，差评
国风雅灰,8GB+256GB,1,"一、11.1日补货拍下到11.5日都未发货，致电京东客服告知无货，需要等到11.10日发货。这波啊这波是老猴王了。

二、国产屏整体素质还是无法和三星屏比。"
国风雅灰,8GB+256GB,1,手机很好。要说的是宣传页面和实际不符，存在虚假宣传，欺骗宣传。
国风雅灰,8GB+256GB,1,信号太差了，老是断流，信号恢复不了，必须关机重启
国风雅灰,8GB+256GB,1,真的很失望，第一回用小米手机，第一次发货的手机触摸失灵，换了一台，屏幕上面有划痕。
国风雅灰,8GB+256GB,1,第一次京东买东西，经过了十天手机才到手里了，手机没哈问题，给一星纯属是給这个糟糕的等待时间
国风雅灰,8GB+256GB,1,垃圾小米10，新买的蓝牙根本就连不上，蓝牙设备也显示不了，
国风雅灰,8GB+256GB,1,有缝隙还不让换货，到镇上是代签收，理由还是过了24小时不能换货，也不知道是谁规定的，太牛了，
国风雅灰,8GB+256GB,1,真心垃圾，买回来几天，录音机用不了了，我跑去问客服，客服要我重启，。。。。。。。。。。。。。。。为什么，这客服真的专业。
国风雅灰,8GB+256GB,1,扫个码对焦都要半天，真垃圾，耗电也很快，这才买的啊。
国风雅灰,8GB+256GB,1,屏幕右上角右下角出现明显的触摸失灵。很是失望
国风雅灰,8GB+256GB,1,突然就黑屏，然后重启，然后黑屏，然后重启，然后黑屏，然后重启
国风雅灰,8GB+256GB,1,差评，手机还可以就是客服傻瓜瓜，不给解决问题，最右特色的小爱也不灵敏，该送的东西也没有送。
国风雅灰,8GB+256GB,1,手机断流，客服不给解决，返回去说检测无问题，并表示之后出现同样问题只维修，各种逃避责任，希望大家擦亮眼睛，店大欺客！
国风雅灰,8GB+256GB,1,购物体验实在太差，双11买了等了好久才发货，不骂客服还不发货，物流也是一堆问题，一开始快递员没有送货上门，且没有经过允许放自提柜，浪费太多时间精力，京东的商品.客服.物流什么时候才能进步？
国风雅灰,8GB+256GB,1,太垃圾了，后盖轻轻碰一下就碎了。触摸反应也太卡了！
国风雅灰,8GB+256GB,1,"今天刚收到，看到网上评论了解到一个事实。
国产屏幕，国产屏幕，国产屏幕
多少有点失望，对这个在意的想好了再出手。"
国风雅灰,8GB+256GB,1,手机还行，就是京东的服务态度太差了！赠品自动取消，都没有提前提醒一下！为什么知道不停提醒购物车里的东西优惠，要我们去购物？差评！！！
国风雅灰,8GB+256GB,1,用了一个多月，无磕碰，然后摄像头自己掉进去了，真的**
国风雅灰,8GB+256GB,1,一星都不想给，买来有信号上不了网，掉电还特快，差的不能再差的一次购物了
国风雅灰,8GB+256GB,1,其他特色：用手机网络打王者，网络老是跳经常卡顿，完全没有游戏体验。
国风雅灰,8GB+256GB,1,"最后一次在京东买东西了，什么烂平台，页面显示有保价。刚买了第九天就降了300。
然后客服宣称手机只保价7天，MD七天不是无理由退货？给个7天的保价也够WC的。
早知道就应该在天猫上买，价格本来就优惠些，保价也有保障，就是太相信京东的服务。
京东已经不是从前的京东了。"
国风雅灰,8GB+256GB,1,质量太差了，才用几天啊，各种毛病都有，屏幕也不灵活。
国风雅灰,8GB+256GB,1,双十一买的手机18号才到，这个月来出现无次自动关机，到小米维修部修了刷机了第二天还是出现这样。客服只会说抱歉反应的事又帮不了，真无语
国风雅灰,8GB+256GB,1,新到的手机膜有点起泡，给客服发消息一直没有人，一直是那个智能助手在说话！！！还想咨询咨询其他的问题。你们客服都是机器人吗？？！
国风雅灰,8GB+256GB,1,其他特色：位不准，断流，wifi信号差，没一点优点，简直是一坨屎
国风雅灰,8GB+256GB,1,差评，购买一个月不到小米11就出来了，还是一样价格感觉不值了
国风雅灰,8GB+256GB,1,1号买的10  不到2周你告诉我10s换870处理器价格还便宜100多 ，你当我**？不给差评我等啥呢？
国风雅灰,8GB+256GB,1,外形外观：扬声器上方右边有磕碰现象 京东供货商这么不负责任？发货都不看一张手机？手机还没开机就很失望了
国风雅灰,8GB+256GB,1,我问小米客服为什么我的手机会没有封置标，踢皮球一样，说小米10没有那个封置标，实体店官方售后都说每个手机都有，没得不给保修，问他没有给不给保修，他又叫我找京东客服，京东客服又叫我申请售后，问题未解决。
国风雅灰,8GB+256GB,1,屏幕音效：这个屏幕真的好差，较暗的影像，无法看清。不知道这种屏幕显示，小米10也好意思作为旗舰。
国风雅灰,8GB+256GB,1,耗电太快 手机还发烫 早知道费电这么快我还换手机干啥？ 玩个游戏切换到后台再切回来就得重新进了 服?
国风雅灰,8GB+256GB,1,后面的全是华星光电屏，别买了，很难受(;_;)
国风雅灰,8GB+256GB,1,"外形外观：电话没得说十年米粉  **发货太慢11月1号付款11月11到货  垃圾**无话可说
其他特色：垃圾**发货太慢差不点半个月"
国风雅灰,8GB+256GB,1,这就是京东快递了，没啥问题。有问题就是：不会的，你问商家，我们是打工的。不满你说我也是打工的。
国风雅灰,8GB+256GB,1,才到手不到一星期，就出现了突然读取不到手机卡，而且不停死机重启的情况，以后不会再选小米了
国风雅灰,8GB+256GB,1,一个月降500百，可以继续等待，没办法保价，过期了屏幕跳屏严重。很烦人。
国风雅灰,8GB+256GB,1,用了不到一个月卡的不行了，不知什么原因还不给换，修的话得十多天。真失败
国风雅灰,8GB+256GB,1,"二手机当全新卖，1号付款说有现货，拖到10号才发货，今天买了张膜撕掉原装膜发现屏幕有划痕，客服全是机器人，**京东
外形外观：屏幕有划痕"
国风雅灰,8GB+256GB,1,垃圾小米，刚买不到一个月直接卡屏，网络也差不行，有时侯打个应用都打不开，醉了！！！
国风雅灰,8GB+256GB,1,买手机送的所谓的一个月腾讯视频会员，没有卡密，两个客服互相踢皮球，够牛的。别以为会这样不了了之，投诉到底。
国风雅灰,8GB+256GB,1,莫名其妙的卡顿，网络时好时坏，2号卡收不到短信，打不了电话，从此小米粉转黑???
国风雅灰,8GB+256GB,1,大家千万别买，新手机拿到登录京东是其他人的信息，拿二手机当新手机卖。客服还说是因为手机联系人的问题，我也不可能登录到手机联系人的京东里面吧。
国风雅灰,8GB+256GB,1,发货的过程辛酸呀，一直待出库，联系了太多次客服。一直说给解决，拖拖拖，结果收到换的手机还是有瑕疵的。
国风雅灰,8GB+256GB,1,买完第二天降一百块，还不可以保价，走漏洞，可耻！以后搞促销都这样，还有保价什么事？渣！
国风雅灰,8GB+256GB,1,客服态度恶劣，我13号下单，激活时间是6号，而且手机也有瑕疵，我怀疑是二手手机，自营店就是自营店，希望大家擦亮眼睛
国风雅灰,8GB+256GB,1,刚到的手机接电话就有杂音，用了小米2的时候就开始用，体验非常差
国风雅灰,8GB+256GB,1,卡机严重，太气人了，新买的手机就出现这种状况，太让人失望了，唉，我朋友都给我推荐小米，我就想试试，没想到四千块钱买了个砖头
国风雅灰,8GB+256GB,1,第一个手机指纹随便一根手指都能解开退换以后第二个手机包装太差了而且用电特别快  直接差评了
国风雅灰,8GB+256GB,1,买一个星期，后盖一摔碎了，心痛，便宜的摔很多次还不会碎，那么贵还那么容易碎
国风雅灰,8GB+256GB,1,"假5G,在没有五G基站的地方还显示五G。在5g信号覆盖范围内无法使用5G，仍然是4G网速"
国风雅灰,8GB+256GB,1,"差评差评，
第一，断流严重，显示5g还没有4g快
第二，手机经常卡
本人拿到手机不到半个月，真绝！"
国风雅灰,8GB+256GB,1,才买一个月没到，价格直接降500。真是把人当傻子哈。小米我这直接粉转黑。以后再也不买小米任何产品。别人问我好不好，我也直接无脑黑
国风雅灰,8GB+256GB,1,其他特色：才用两天，手机重启了一下就一直卡起不动，重启多次也没用，什么垃圾手机
国风雅灰,8GB+256GB,1,京东的服务非常差，到货后都变形了，还有手机也没有那么高，续航拉夸，体验极差，
国风雅灰,8GB+256GB,1,"买灰色的，给我发了个蓝色。
盒子显示是灰色，里面的手机是蓝色都对不上号。
在京东买了这么多次电子产品，体验最差的一次"
国风雅灰,8GB+256GB,1,小米品控还是不行   ，，，背板玻璃莫名其妙的有一条内部的缝隙。。。。。。。。。在光照下明显得很
国风雅灰,8GB+256GB,1,非常非常的耗电，一天要充两三次，问了客服客服，客服就跟我扯东扯西，今年一年都没给过差评了?
国风雅灰,8GB+256GB,1,一个月不到按键就坏了，联系售后说次日取件，结果没来取，并备注原因是客户更改了取件时间。送件送不到家说找不到地儿，每次都要跑十里路去拿。真****
国风雅灰,8GB+256GB,1,我的小米10咋有点卡啊，有时候直接卡死，关机都关不了，真实服了，小米6以前就没有发现这种情况
国风雅灰,8GB+256GB,1,差评到家，双十一买的，等货等了快半个月才到，好不容易来货了，包装很差，手机没事就行，用呗，不到20天，后盖整个碎了，我说是质量问题给我维修，不给修，小米不管，京东也不管，而且京东帮着小米一起欺负人，我必须投诉维权！
国风雅灰,8GB+256GB,1,辣鸡小米活动，老子22号抢购的3599还没有现在正常价3499，申请保价无门，抢购都没有优惠券，现在不抢了还一堆，****(ノ=Д=)ノ┻━┻
国风雅灰,8GB+256GB,1,差评差评差评！刚收到的手机，出厂自带的屏幕保护膜就翘起来了，问客服还说让我揭开，有病吧！
国风雅灰,8GB+256GB,1,垃圾，不到一个月不能充电，不让退货，不知道是京东买的假货还是小米价格越来越高，产品质量越来越差
国风雅灰,8GB+256GB,1,买了不到一个月，出现很多质量问题，比如app闪退，接听电话听不到对方说话，体验很差
国风雅灰,8GB+256GB,1,收到货时角部包装已经被挤压，屏幕发绿，纯黑色背景下中间发蓝，顶部发红，前置摄像头歪了，已经申请换货，京东收到货已经一星期了，现在已经动静都没，不知道什么时候能处理完，我看能不能等到什么时候
国风雅灰,8GB+256GB,1,非常不建议购买，玩王者一局，手机就很烫，客服说50度以下是正常的咱也不知道第一次就这么烫了玩个一两个星期会怎么样，还有就是客服一点也不积极，问了问题过来很久很久 久到一个小时才回复，总之，不建议大家购买
国风雅灰,8GB+256GB,1,运行速度：不到一个月就特别卡。千万别买，垃圾手机，太垃圾了，特别卡特别卡，反应迟钝。谁买谁吃亏。
国风雅灰,8GB+256GB,1,垃圾小米，品控是真的差，屏幕上面泛红，手机左边金属条突出割手，不过系统流畅度还行。
国风雅灰,8GB+256GB,1,最差手机  没有之一   打电话完全没有信号。给老婆买的气的天天吵架 打电话的基本功能都不行
国风雅灰,8GB+256GB,1,对焦特别差，同样是AI相机，拍猫还不如mi8se好看，对我来说除了内存大没有别的优点
国风雅灰,8GB+256GB,1,大家千万不要买这个，手机买了不到一个月，然后就坏了，手机那块屏幕不知道怎么就坏了，客服也是个死妈的玩意，**事都不办
国风雅灰,8GB+256GB,1,手机信号断流，垃圾，经常死机需要重启才能解决。平均每个月都要出现几次。大家最后看看其他品牌，再也不选择小米了
国风雅灰,8GB+256GB,1,手机太重   待机一般只能用一天  手机触屏不灵   还有点卡 不是很流畅
国风雅灰,8GB+256GB,1,差评，系统优化太差劲了，返回上一级菜单直接跳转桌面，应用双开卡，掉线严重
国风雅灰,8GB+256GB,1,真就差。会无故卡死，然后半天缓解，才用一个月，呵呵了，后边出的米10感觉真的不行，哎
国风雅灰,8GB+256GB,1,才买20天，降价500多，太不开心了。现在京东全是机器客服，拿他们什么报价规则来忽悠你，投诉无门。卸载吧，一次极差的购物体验。
国风雅灰,8GB+256GB,1,乐色小米，手机好不好用就另说，刚买回来不到7天，就降价500！**当二手机买掉都没你们亏得快，3999买的，现在3499，真棒?
国风雅灰,8GB+256GB,1,绿屏不想说什么了，真是失望，刚到手没注意屏幕会有问题，换了几天了，不想麻烦，失败的一次购物
国风雅灰,8GB+256GB,1,京东太过分了，买完才不到两周就降价500。跟客服沟通，说过了7天的保价。才发现京东太鸡贼了，有的保价30天，有的7天，被它误导了。申请售后，京东客服也是迟迟不处理，推了又推
国风雅灰,8GB+256GB,1,我710CPU刚买都不卡，865竟然有时候会卡顿，而且后台切换的时候看不到后台，小毛病很多。
国风雅灰,8GB+256GB,1,"经常死机，这才用了多久，差评，不能买
运行速度：马马虎虎
拍照效果：还行
外形外观：普通
屏幕音效：普通
待机时间：普通"
国风雅灰,8GB+256GB,1,华星屏，  颜色发黄 看着很难受  和三星屏没得比，  另外买了以后 10天才收到货，差评    屎一样的屏幕
国风雅灰,8GB+256GB,1,耗电量太大了，100%的电，就算看小说也只能最多8到9个小时.而且信号有时候不是太好，还会出现断的情况.
国风雅灰,8GB+256GB,1,给差评不是因为手机，是同样是818那天下单，我整点买没送散热背夹，结果睡醒了就开始送了，联系客服也不说补发，虽然我要那个散热背夹没用，但是这种活动我是不理解
国风雅灰,8GB+256GB,1,垃圾小米，耗电好快比我用了一年的华为都快，充到100立马百分之99。我华为手机3750容量都没有这么快，无语了！不是故意黑小米。不信的自己买了体验一下。
国风雅灰,8GB+256GB,1,我家有5G  覆盖，用华为的都有5G信号，换到这个就没有了，用了这么久小米，真的让我很失望。客服也是一推625。支持国产，支持国产，你们不能这么欺骗消费者，出厂都不检测的么。残次品为什么还要发到消费者手中。
国风雅灰,8GB+256GB,1,一直使用小米，第一次用小米，使用体验感极差，客服给一种你爱用不用的态度，我都会劝我朋友们买什么手机都好，如果考虑小米要谨慎别入坑。
国风雅灰,8GB+256GB,1,"说好的送散热器呢？不送就不要放那张图上去，我就是看上你家的散热器才买的手机，你这样欺骗消费者不好吧！！！
其他特色：机袋在裤袋拿出来容易失灵，自己会操作。"
国风雅灰,8GB+256GB,1,说实话，我觉得客服服务是真的垃圾！全是那种自动回复，很不愉快的一次购物经历，2号下单的，13号才拿到手机。
国风雅灰,8GB+256GB,1,从米4到米6到米8再到米10，米10是我用的感觉最差的，同样在电梯里，人家有信号我没有信号，真**！
国风雅灰,8GB+256GB,1,京东这么多年，体验最差的一次购物，提前好多天付款，货到了不发，非要提醒才发，手机拿到后，点屏幕右侧有时候有奇怪的声音，指纹解锁经常失效，总之，体验非常的差。
国风雅灰,8GB+256GB,1,用了十多天，续航越来越差，以前满电玩56个小时还有将近一半，现在4个小时就差不多完了，真的无语
国风雅灰,8GB+256GB,1,买的灰色的  发过来成了淡蓝色的  色差大我就不说了  主要是昨天竟然出现死机了  还是在我刚准备进机场扫码时  真是火冒三丈啊  手机才买来十天不到  对小米的好感度瞬间降为零
国风雅灰,8GB+256GB,1,收到的手机出现故障，打不了电话，申请换货，把赠品和手机一起寄过去，寄给我的只有手机，没有赠品，联系客服问赠品怎么没有，说是联系仓库核实，发短信给我说赠品已经背夹原返了，快递箱只够放一个手机的空间根本没空间放赠品，那我当傻子耍。建议以后大家买的宝贝出现故障时，不要像我一样申请换货，直接申请退款了吧！除非你想像我一样被售后当猴子耍
国风雅灰,8GB+256GB,1,买的时候，没有赠品，现在小米10所以商品全赠送散热背夹，问客服，昨天问的今天才给我打电话，说过了七天，不能申请补发了，这什么逻辑我是不是在你家买的，过了多少天都不是你的消费者了吗？小米旗舰店和京东，你们这样搞我我非常受不了，买的时候你没送我认现在送了，你说你卖的时候，标注上七天过保，不能补发补差价也行我也人，这样整，真的让我对小米和京东失去信心，我再也不会在小米旗舰店和京东购物了
国风雅灰,8GB+256GB,1,有点对小米手机失望了，刚刚好用了一个月就出现卡屏死机了，，，，，上视频
国风雅灰,8GB+256GB,1,体验超差  用了一个多月，经常都无网络，几乎每天都有没网络的时候，这个就是所说的断流？
国风雅灰,8GB+256GB,1,运行速度：信号是真心不好，以前一直用华为，同样的地方  华为手机看视频就没有卡过，用小米就不一样了   ，就没有看成过。刚刚买回来就出现卡屏幕的想象，拍照说1亿像素，还没有华为3000像素清楚，垃圾中的战斗机
国风雅灰,8GB+256GB,1,手机收到时屏幕已经有指纹了，膜上有气泡，应该是二手机，屏幕上有一个坏点，已经是换过的机器了，懒的在再次换了，就这样吧。
国风雅灰,8GB+256GB,1,买了不到一个月，最近频繁出现卡死重启现象，不知道怎么回事，客服也不搭理，我是真的很无语，这手机就这么差劲吗
国风雅灰,8GB+256GB,1,我想问一下，现在小米手机都要到线下查询真伪的嘛？明明以前线上是可以直接查询的，结果现在线上买了，要去线下查询？这合理吗？我真的一万个问号？这是什么垃圾服务。
国风雅灰,8GB+256GB,1,手机特别容易发烫，用一会就发烫了，装手机卡的哪里是胶的，要小心，不然容易断掉，这是我的感受
国风雅灰,8GB+256GB,1,这个差评是给京东的，和手机无关，2号收到货，5号手机出问题，申请换货了，现在已经13号了，手机还不知道要等多少天才能拿回来
国风雅灰,8GB+256GB,1,耗电量超级快，就是一个板块手机，真心后悔买了，退货申请，找种种理由不给退，拆包装记得拍视频，买过的教训，不会再买小米，更不会在京东买  ，第二天就出毛病了，到现在手机快二个星期了，手机影子都没看到，真心服气了   长点心吧都，，真不知道来这么多好评，刷的吧
国风雅灰,8GB+256GB,1,垃圾小米，在QQ上网课一直卡死，经常断流，闪退，卡顿，一大堆毛病，不会再买，只能说一分钱一分货，之前的华为荣耀没出现过这种情况，一星都不想给
国风雅灰,8GB+256GB,1,用了八天手机开始闪屏 扬声器杂音 换货从预计21号到达到现在的预计24号到达 你们是去现造？图纸还没画好？不想再找客服私聊，因为没** 仿佛四千块钱买了空气
国风雅灰,8GB+256GB,1,手机屏经常性卡死动不了，得重新锁屏解锁，屏幕会自己乱滑。什么鬼，新买的手机就这样？刚买不到一个星期你给我看这个3999这个价格我都不求什么顶级的，但也不能发瑕疵品给我吧。
国风雅灰,8GB+256GB,1,非常差，这是我用了一个月之后的评价，电池不耐用用电快，发烫，卡顿，偶尔WIFI打不开等一系列问题，后面要买的慎重
国风雅灰,8GB+256GB,1,屏幕音效：不知道别的小米10用户屏幕注意到没有。壁纸红色火星和地球家园，红色火星最严重把手机防闪烁打开，在光线最弱的时候，最好是一个黑屋里，回到主页面下滑上面的任务栏把手机亮度调整到最低状态，就能看到手机屏幕漏液的情况，不知道是我自己这样还是都这样？求米粉留言。
国风雅灰,8GB+256GB,1,手机混用三星屏和华星屏且价格一样，后期手机基本上是华星屏，触感极差，而且价格上和三星屏差距也很大。最新推出的小米10S也用了华星屏，小米10的配置，换了个芯片卖，垃圾，想赚钱想疯了，现在还能退，马上就退，垃圾。
国风雅灰,8GB+256GB,1,双11买的，手机到了就插卡了，一直没拔过卡，现在要换卡发现拔不出来，拿去售后说卡槽有问题。估计要修，现在小米还没有配件，要等，我新买的手机用了不到两个月没摔保护的很好就要修，心在滴血。
国风雅灰,8GB+256GB,1,连个保护壳都不送，又没有显示送完，也不显示送多少个，然后评论区也没有人说收到保护壳了的，然后找客服就是一句话，该活动是有限的，送完即止，评论区有显示收到了的，也还能想的过，差评，差评，
国风雅灰,8GB+256GB,1,手机用第一天充电就发烫而且没有在充电的时候玩手机的哦，特地关掉了后台的应用，但还是会手机发烫，真的太垃圾了还3999，不值这个价格
国风雅灰,8GB+256GB,1,"辣鸡小米10,联通4G都用不了，我**也是服了什么破手机，只能用5G卡，4G都用不了，吐了。"
国风雅灰,8GB+256GB,1,手机超级垃圾，短信不能发，问客服也不知道，其他的还好，就短信不能发送，导致很多的问题就有很多，登录个网银也登不进去，需要发送短信验证，但是手机不能发，谁买谁后悔。
国风雅灰,8GB+256GB,1,手机问题一直得不到解决，京东服务差差差！电池问题很大，送去检测没事，我一拿到手就有事，买来的时候手机给我放反了，一直挤压到电源键，手机拿出来都是发烫的，送去检测的时候也给我放反了，说好的让专员联系我，一直没消息，一直拖。。。
国风雅灰,8GB+256GB,1,网上买东西一直用京东，从来没有找过什么客服，从来没退过货，太气了，一次差评，，，首先降价不说，客服态度也敷衍。手机拿到手第二天就发热，每天晚上需要重启一次才行，价格保护也不支持原因为有赠品，醉了，啥赠品，小风扇一个。
国风雅灰,8GB+256GB,1,真是恶心死我了！我今天上午9点手机到的货！来了居然是开机状态的，我没在意结果回家！手机正常操作的时候总是断网卡顿！结果下了个王者荣耀才玩了三把怎么能卡成这样？一直460我现在怀疑这手机是假的我不相信4000块钱的小米就这个德行！手机我想在都想扔了！我都录屏了14秒的为啥不让我发出来给大伙看看？千万别买真**坑人啊！我的256的我才用了10个G结果这样
国风雅灰,8GB+256GB,1,垃圾手机，再也不用小米，这就是4000块的小米，一个月不到，这个样子，系统已经升级到最高，跟华为没法比，
国风雅灰,8GB+256GB,1,根本没有收到货，现在垃圾京东客服也不给找，我现在这个手机算是丢了？这**个逼的真垃圾，950616，950618两个客服都是踢皮球，京东这是要关门了吗垃圾玩意，这个快递派送员也是个奇葩，人都离职好久了，京东居然不知道，现在***的京东快递丢了让我来承担，真牛逼啊
国风雅灰,8GB+256GB,1,双11买的，优惠力度还是很大，1星。购买的时候仅有个别颜色能够付款，大部分直接缺货，关键是付款成功后，并没有单独提示我补仓后才发货，48小时内不发货也没人告诉我为什么，问售后只会说爆仓了，当初买的时候怎么不说爆仓，爆仓了你也不主动告诉卖家。打电话给京东客服，客服告诉我付款的时候有提示补仓发货，叫客服截图给我也找各种理由拒绝，导致17号才发货18到手。配送员也是搞笑，我要求开封验机，直接告诉我开封后不索赔，我就检查一下屏幕是否在配送过程中损坏、机身是否有划痕都不行了？而且服务态度恶劣！这次京东购物，体验极差！
国风雅灰,8GB+256GB,1,"1颜色发错了。我买的灰色发的蜜桃色。
2负责发货的不给换，只能退然后重新买！？这是什么操作？懒得换，凑活用了。
3包装破损，有图为证。
4基于以上，差评。
5对京东的处理很失望，不建议大家在京东购买。"
国风雅灰,8GB+256GB,1,是我点背吗？这么多好评的手机 我买的唯独是有故障 问题的？不到一个月 给我触屏无效 差点儿给屏幕点碎都没效果 跳屏   卡屏 这是什么原因？我没买保险发的个翻新机我？还是小米手机就是这个样子？
国风雅灰,8GB+256GB,1,"拍照效果：太垃圾了，原来用的华为p20pro，小米这破相机没法看，什么一亿像素根本没**
有时候开app还会卡，卡住完全操作不了
双十一买的说付完尾款就发货，付了以后说没货，又等了一周才发货"
国风雅灰,8GB+256GB,1,手机刚买回来十天就出现了屏幕触摸不灵的情况，每天出现好几次，已经严重影响了使用。然后在京东申请换货，京东工程师居然说手机完全没问题，视频中这种情况是没问题的手机正常表现？
国风雅灰,8GB+256GB,1,配送过程没问题，就是使用感非常差，买了一个半月，已经出现耗电快，卡顿甚至卡死的情况，我有点怀疑这个手机的真伪，请问我该怎么查证呢？内心很忐忑，希望网友可以给我一点意见
国风雅灰,8GB+256GB,1,千万别买小米10，有严重的质量问题，屏幕失灵，偶尔会有卡顿现象。但屏幕失灵是我无法接受的，跟本无法使用手机，耽误工作。而且去小米售后居然检测不出问题，让我返厂维修。
国风雅灰,8GB+256GB,1,指纹识别和人脸识别非常垃圾，经常性识别不了；另外进入主界面后整个屏幕下部的三个键也不灵敏，都要用力按才会有反应，体验感非常差
国风雅灰,8GB+256GB,1,没摔过 没碰过，软件都没下两个  动不动就死机，用了不到半个月卡的跟狗似的， 上一个小米8也是 想到小米10应该能好点  一个味 从此拒绝小米
国风雅灰,8GB+256GB,1,用了一个多月，目前无缘无故重启两次，电量是比一加8要强一些。问题还是非常多的。截屏有问题，经常没办法直接发送。系统广告特别多。
国风雅灰,8GB+256GB,1,不是很满意国产屏屏幕两边发绿严重，发热严重，不升级系统跑分45万，耗电超快，声音很小，一半一下听不到，
国风雅灰,8GB+256GB,1,11号晚上收到，15号中午想贴钢化膜发现出现裂纹，只用了三天多一点屏幕就出现好几处裂纹，售后也不能给我任何处理，辣鸡小米。网购一般很少给差评，除了快递速度和客服态度外，四千块钱买了个辣鸡
国风雅灰,8GB+256GB,1,第一次在京东上买东西感觉这个差，甚至可以说恶心，首先手机很好，过年手机坏了，想到京东物流很快就下单买了一个，买手机的时候上面显示要送腾讯会员1个月，收到货后，不知道怎么登陆，问小米客服，小米客服让问京东客服，问京东客服又让问腾讯会员客服，腾讯会员都下架了，我问个鬼，要么就说没有，不要整得好像送了，结果又用不上，真的很垃圾，客服的回答也是醉了，太牛逼了
国风雅灰,8GB+256GB,1,最后一次使用京东平台，双十一买了两件东西，彻底改变了我对京东的使用感受，一个小棕瓶，付尾款时商家系统出现了错误，导致多付了100，商家页面上特意标明，让找客服退差价，结果联系了一次客服都不承认拒不退款，手机等了一周才收到，还是在催了七八次的情况下，体验感太差了，以后不管东西再便宜都不会使用京东平台了。
国风雅灰,8GB+256GB,1,降价速度比翻书还快，刚下单没多久3999变3599.刚过一天又变3399说好保价七天的，毛都没有
国风雅灰,8GB+256GB,1,屏幕音效：打个电话过来听都听不到声音？烂手机，又没给它摔过，当宝贝一样用着，听筒就这样给爹坏了？现在入校就读了，学校封闭也没办法出去维修，再加上本身自己就没有备用机，真是rlg了，使用体验极差。*
国风雅灰,8GB+256GB,1,高清通话没有用   老是断流   晚上掉电还特别严重   才买几天   就这样   问题又解决不了   就知道叫我刷机    对小米失望了   以前的米8都没毛病   米10毛病这么多
国风雅灰,8GB+256GB,1,什么破手机啊，像素还是1亿，拍出来的照片都是有点重影，跟客服反映，客服要求退回去换新的，结果退回去后等了两天有告诉我，手机没问题又给寄回来了，还有就是网络问题，有时候在外面打开手机流量竟然连接不上，反正觉得这是买的最最不好用的一部手机，建议购买小米手机的小伙伴慎重慎重再慎重。
国风雅灰,8GB+256GB,1,"第一手机我不确定真假，原因：使用不足15天屏幕多次无反应，自触，打了半天文字表格就因为这个全毁了，正常手机盒都有防伪的那个码，他这个没有。
第二售后，小米的还好，京东的客服让我无话可说，第一次在京东买东西，就经历这样的事情，无语了，估计这也是最后一个京东买的东西了，之前都说京东售后什么的做的特别好，今天见识到了，我今年上大一，这几天必须要用手机，一个手机的毛病耽误了我的安排，我如果想要换不影响安排根据客服建议可以在京东租赁手机？难得手机**和租赁在京东一条产业线？
就这样吧，这里的价格跟商场一样，当初就是因为印象里面京东一向是个正面形象才选择的这里，事实证明选择错了。"
国风雅灰,8GB+256GB,1,这一颗星是给京东的。第一次买小米，后悔！90赫兹曲面屏幕？开什么国际玩笑？灵敏度还不如十年前的产品，犹豫中的小伙伴尽量选华为，配置数据都是浮云，使用感受才是真理。过亿像素是怎么定位的？这款手机就是东凑西凑拼装的产品，谁用谁知道。
国风雅灰,8GB+256GB,1,差评，用了一个礼拜卡屏，屏幕不灵，老是乱跳，申请换货，寄回去说正常。只能原物返回，退回来还是一个样，屏幕一点都灵。。。还卡的很。。太失望&hellip;再也不相信小米了
国风雅灰,8GB+256GB,1,很差的一次购物体验，连耳机都没有，先说有耳机，后来又说没有，难道耳机不是标配？手机一点都不好用，真垃圾
国风雅灰,8GB+256GB,1,这电池我笑了，在开什么玩笑，我旧手机用了5年都比这个好，电池就像流水一样，让我玩点东西都不敢怕心脏受不了，在京东买了四五年货第一次评价，操
国风雅灰,8GB+256GB,1,发货速度太慢来了，手机使用两天感觉，经常断流，上网效果差，说是5g手机，但是不敢恭维。手机偏重，容易手累，买到的是华星屏，没有想象中那么差，希望国货加油吧，大家也给机会相信一下吧。
国风雅灰,8GB+256GB,1,"屏幕音效：买到国产屏幕了。屏幕显示调到冷色还是发黄。总能看到显示漩涡斑的感觉！
待机时间：待机用不了一整天。
运行速度：一般般。发烫严重。冬天不用买暖手宝了。
从小米9换到这个10，感觉有点不值得。显示屏是真垃圾！"
国风雅灰,8GB+256GB,1,5G是个恃头，没有普及。4G信号强但不稳定，有待改善。特别是回乡下，浏览器联不上，打的 打不到，后来用妻子的两年前的荣耀V20打的回城镇，真是笑死人了。4千元的手机还不如快退休的一千不值的手机。引用网上流传的一句话进行小结:信号都解决不了，好意思做手机？！
国风雅灰,8GB+256GB,1,大家别买了，我刚买到手一堆问题，上不了网，开了机电话也打不进去，第一次买小米体验感差晕了，客服搞半天，退货也搞半天，现在还在卡，气疯了。。。。。。
国风雅灰,8GB+256GB,1,屏幕音效：屏幕在黑暗处严重偏色，色彩过度直接出现明显的断层，亮处周围泛白光，关屏幕闪屏，屏幕翻车严重，蓝牙时长连接中断，日常动画掉帧，bug不断，已申请售后，以后不会再买小米了。
国风雅灰,8GB+256GB,1,一直是小米的粉，但是就这质量让我怎么再支持下去？这才用了一个月，看这屏闪的，根本用不了！考虑小米的可以转别家了，不谢！小米返修率会不会太高了点？无力吐槽
国风雅灰,8GB+256GB,1,"我不玩游戏
正常办公使用
从来没有用过小米手机
之前一直用荣耀或者华为

用了几天，今天突然发现问题
无故断流，没有型号
这就尴尬了
没有型号，或者网络差，其他什么配置，什么性价比都是扯淡！"
国风雅灰,8GB+256GB,1,想着有些高价手机功能很多无用，这次买了小米10，想着小米10不是小米高端或顶端产品，但4000块手机在小米也至少是中高端手机了，但是用下来几天，还是新机的情况，流畅度，方便性，真的无法跟同档次华为相比，特别电池耗电量速度是华为一倍，尤其网络信号是极差。
国风雅灰,8GB+256GB,1,以前用华为几年没问题，内存跟不上，换新机第一次用小米，很辣鸡，用了一个月，软件有时卡页面，这两天开始通话有杂音，售后差，杭州边上的县级市没有售后点，要去杭州才能修，要么就只能线上寄过去，以后不会买小米了
国风雅灰,8GB+256GB,1,不怎么样，性价比不高，电池耗电太快！曲面屏不好贴钢化膜，12+256的才3399，有些后悔了，超过7天也不能退了
国风雅灰,8GB+256GB,1,"一切都好，用的也行，震动马达别吹了，辣眼睛，音质&hellip;&hellip;不说了
重点！！！打着QQ或者微信语音，打游戏不超10分钟必死机！一次两次我以为bug，每次都这样！什么毛病！谁**买小米，可惜过了7天退货期了！宁买魅族vivo别买这玩意。百度一下五六月份就有这种情况了！"
国风雅灰,8GB+256GB,1,强烈建议不要买小米手机，千万不要踩坑！说一下自己的用户体验：非常差，给一星都多了，2月15买的手机，3月16号刚好一个月，手机出现侧边按键弹不起来的情况，咨询了售后客服，跟我说是贴膜有胶水进去造成的，推诿责任明显！我压根就没贴膜，原厂自带的。有问题就修，而不是往贴膜上推！想入手的谨慎购买！！！
国风雅灰,8GB+256GB,1,"感觉相机的对焦一般般，有点难对焦
电池不耐用，开始用的一周，晚上待机直接没了6-8的电，坐标广州大学城
还有的是居然碎屏险7天之后就不能买了，绝对差评"
国风雅灰,8GB+256GB,1,"1，祖传断流
2，接电话竟然黑屏，然后死机了
3，就在刚才打开京东然后手机操作不了，只能按电源键，然而连关机都点了没反应，好在可以语音控制关机
第一次遇到这样的一款手机，以前买的千元机都没有这样的情况，小米10，小米冲击高端的机子竟然有这么多问题！！！"
国风雅灰,8GB+256GB,1,这次小米10真心不咋滴。11月1号买的。用了不够一个月屏幕就乱触，而且次数还挺多次的，基本隔天会有一两次，不知道系统原因还是屏幕质量问题。然后手机也恢复过出厂模式了，还出现这种现象，没办法送售后了。买过几次小米手机了。这次的小米10体验真一般。(不黑不吹，纯事实)
国风雅灰,8GB+256GB,1,说实在话，非常的差。不是黑粉，实名评价，从米3到现在的米10一直都很喜欢，所以都买了。但是这次购物体验非常差，客服服务态度也很差。等发货等了一周，过了17天，手机屏幕出现坏点，使用过程中没出现任何磕碰等不良使用。来找客服的时候，就是如截图这样敷衍，竟然还说坏点是我贴膜上的灰，不好意思我从来不贴膜。最后给的解释就是你去维修点修吧。我就想问，你买个手机，20天不到就熄火，你跟我闹呢？不是现在网友会黑，是真的小米变了样，从手机质量到服务，都差到不行，大家买的时候请慎重
国风雅灰,8GB+256GB,1,"京东太过分了！说假话！欺骗顾客！态度极差！
说好的付了尾款就发货的，问了客服说11月1日当天一定发货，结果没有；再催促询问，说要5-7天，结果也没有；再询问，结果说10号才有货；多名客服都在欺骗顾客，欺骗消费者，说假话。压根没把客户当客户。从来没有见过，居然多名客户都在说假话！闻所未闻！！"
国风雅灰,8GB+256GB,1,"好家伙，一周就便宜500还不给价保，行吧认栽
优点：以前是便宜，但现在没了，所以没有优点嗷
缺点：没碰到电源键还会周期重启
巨容易误触，屏幕容易脏
前置摄像头算法和角度极其诡异，用了就知道
顺带一提其实并不想給差评，只是看到差评里某些boy各种角度跳脚攻击购买者，我就是想看到你躲在电脑后面气的跳脚的小丑模样，真开心"
国风雅灰,8GB+256GB,1,"还好有机会评价，这电话毫无性价比可言，用了一个多月，出现的问题都有点让我惊讶，你绝对想象不到。
卡顿、死机、黑屏、无信号（看手机心情）、键盘打打字自动缩回、打电话必须打2-3次话筒才好使（可能检测到我的话费比较多），最主要第一次电商购物，真是醉了。"
国风雅灰,8GB+256GB,1,"还没用呢就坏了！谁舔毛买小米啊
一半竖屏 一半黑屏
根本没法看视频
问客服也解决不了 搞笑 耽误时间"
国风雅灰,8GB+256GB,1,真的很生气，我12月份买的新手机，今天就突然开不了机了，插电也没有充电提示，前面买的小米蓝牙耳机也是用了两周就坏了，退回去工程师校验，校验确实是产品质量问题，足足用了将近一个月退款才给我退下来，小米的商品现在质量这么差吗？耳机还好，手机一个月处理时间我用什么？再买一个吗，我借同事的手机难道能一直借吗？能不能负点责任，我这个月还买了个小米11拆都没拆封打算过年给我妈带回去，小米11也让我给你退回去吗？
国风雅灰,8GB+256GB,1,直接退货，直接放图。还有就是客服，知道很多人问，但是你说这个正常？我不同意，我还觉得你把我当傻子。放在裤子里跑步，别人还以为我兜里有硬币呢，就是这么大声。赚钱都不容易，但这我不会花四千，情怀？科技？我宁可不要防抖呢，这听起来很高端么？我觉得听起来很不可
国风雅灰,8GB+256GB,1,我的反正30天之后就出问题了，充电器充不进去电，不知道怎么回事，售后也不知道怎么回事，我咋办？满脸**！就一个手机，售后说至少3到7天，7估计是7天吧，客服建议我用别的充电器，我问用别的充电器出问题了算谁的，客服半天也解释不清，估计坏了又算自己的，也不给保修。傻了吧，活该你买小米！
国风雅灰,8GB+256GB,1,用了几年的小米，想换手机还是想到小米，没想到小米10这么烫，视频没看，游戏没玩，点了几下就开始烫直接到43-45度，还开着空调，都不敢拿在手上点，放在桌子上点桌子都烫，烫的就太离谱了，实在受不了了，还没我现在用的小米8好用，小米8才36度。
国风雅灰,8GB+256GB,1,到手第10天耳机孔不好用了。米10的耳机孔跟充电孔是一个，因为只用过1次带转接线的原装耳机，还是新手机，刚开始以为是耳机坏了，又换了一个耳机，很惊讶，新手机、只用过一次耳机、时间也不长，然后就坏了&hellip;&hellip;
国风雅灰,8GB+256GB,1,买来两天感觉屏幕有色差有时候会闪，一测试果然是华星的屏，打电话还老是没声音，不是这边没有就是那边没有，而且之前人脸识别有点问题，问客服竟然回答我没有人脸解锁，呵呵，然后就是本来我米8还带红外人脸识别，米10竟然不带了，优秀。总体体验很差。
国风雅灰,8GB+256GB,1,问题多的一批，买了不到两个月，总结下出现的问题，续航短，充满只能用半天，手机充电时有时候连接断断续续，不充电时又显示正在充电，刷视频时有出现杂音，有时候还会出现卡顿，不吹不黑，真的这次消费体验太差了。
国风雅灰,8GB+256GB,1,差评！才用不到半个月 手机扬声器电流音 半天也不停 经常跳屏 屏幕抖动 卡屏 死机 怎么弄也不好使 以后还是去实体店吧 也别买小米手机 品控质量都不好 买华为吧
国风雅灰,8GB+256GB,1,千万不要在这里买手机了，手机无缘无故网络不行，前一秒有网络，下一秒网络就不行。  而且京东的7天无理由退货也是不能退的。手机有问题找不到地方反馈。算了，当我花几千元买个板砖用好了。 真是辣鸡，手机也辣鸡，京东也越来越垃圾了，自己看，真是辣鸡。
国风雅灰,8GB+256GB,1,手机有点重，相当的耗电，系统是miui12，一天都坚持不下来，电池还是不如华为的，关闭了好多应用程序，换成深色模式，刷新率降到60hz，照样耗电很快，而且最大的耗电居然是屏幕，开着屏能看到电量在往下掉，我都不玩游戏，也就被坑一次吧，不建议大家入手
国风雅灰,8GB+256GB,1,"外形外观：很好看
屏幕音效：满分
拍照效果：满分
运行速度：满分
待机时间：满分
我是一个忠实的米粉，前几天买了小米10。用了一个星期体验感特别，也很奇怪，过去退换期。信号免得奇差，别说用流量了，大部分有时候连电话都不能打。也不是电话卡的原因，我有四个卡，两个联通两个移动。放在我的小米8上信号满格，小米10就特别差劲。这工作很忙，只能靠着小米8给米10开热点，简直要我的命。这是一次体验感极差的购物体验。我小米8的电池不太行了，不然也不会换手机，现在我停止使用了。现在只希望送的30天退货能申请成功，要不然只能放在家里当砖头了，咱不然我怕那天要紧用的时候砸了它。"
国风雅灰,8GB+256GB,1,最差最差最差的一次网购，没有之一，第一次买到时，发现好多问题：1、打电话信号、网络信号及其不稳定，2、电话不能挂断，只能重启，3、发热超级严重玩一会有点不敢玩的恐怖感，4、手机异响严重，最终与客服沟通检测新换一个，目前拿的是换到到的新机子，再次让人失望：1、待机与第一次相差甚远，玩手机频率不算高，目前一天充2次电，2、去线下店和店里样机对比拍照，差距一目了然，感觉又一次被坑，3、手机依然有异响，和客服沟通被要求返回检测（难道手机出厂不检测吗？），真的折腾不起了，消费者就是这样被你们折腾的吗？检测不需要时间吗？检测过程中我用什么呢？我是买手机不是买烦恼，我买新手机是为了方便而不是为了麻烦。是小米手机本身问题，还是京东你们卖的小米手机有问题（是正品吗？），望京东官方能给一个满意得答复。
国风雅灰,8GB+256GB,1,小米手机就是个垃圾，系统小毛病太多了，要打字键盘弹不出来，充电的时候手机烫的要死，堆料机有个屁用，消费者要的是使用体验，不是听着很高大上使用提验特别垃圾，麻烦把制造噱头个饥饿营销的时间放在改变用户体验上。
国风雅灰,8GB+256GB,1,这玩意我都不想说了，太垃圾了。那个相册里边的图片跟视频半天加载不出来。图片一旦编辑就只能编辑一次，然后他卡是不卡，就是再次编辑的时候就点不动啦，永远都点不动，除非你把相册给退了，重新再进来才可以。还有那个拍照的108m，跟普通相机根本就没有啥子区别。哎
国风雅灰,8GB+256GB,1,使用七天后，确认手机没什么问题再来评论的。手机盒子有划痕，但外面的包装纸没有，我买的新手机，居然已经贴好膜了，但膜里有气泡，气泡位置明显有人为的划痕。好吧，我基本认为这是别人退的手机了，说实话我觉得我作为客户要求已经算低的了，只要手机没问题，别人因为个人原因不喜欢退了，你卖给我我也无所谓，但你们连表面工作都不乐意做就过分了。我京东是几年的会员用户，小米家里也有空调烤箱之类的家电，也算半个米粉了，虽然你们多我一个或者少我一个客户无关痛痒，但我只想告诉你们，真想走的远，得站在客户角度思考你们的作为
国风雅灰,8GB+256GB,1,贴上膜 戴上手机壳  手机灵敏度调到最大，还是有盲区，上提切换App总是要是试好几次才可以，   新手机 进软件后总是异常卡顿 ！异常卡顿！ 异常卡顿！就很烦，还不如我的老米8  ，从来没给过差评，这次米10是真的拉稀。
国风雅灰,8GB+256GB,1,刚买的手机，插上小米移动电源2C充电时，移动电源的灯闪了一下，移动电源就彻底报废了，再没办法充电和被充电了，目前手机没发现问题。之前我这个移动电源在别的手机上都可以正常使用，就是插了米10才出的问题。给我说什么过了质保不给赔付，这和质保有关系？？？移动电源之前一直没有任何问题，就是冲了这个手机才坏的，明显两个不兼容。如果我不买米10，就不会出现这个问题，所以我买米10还买错了？？？搞笑，扯什么质保，就算他过了质保，你也不能给我弄坏啊。如果我卖给别人一个移动电源，过质保后，我去给他摔了，然后他让我赔，我说过质保了，不好意思，不能赔？
国风雅灰,8GB+256GB,1,真垃圾，真&hellip;D，大家看好了啊，我不要求618的价格，我花3999买的，不是三星屏，国产破屏幕，屏幕氧化非常严重。非常次眼睛，屏幕一圈发红，充电烫手，电池不耐用，拍照发虚，一亿想去跟4000w像素没什么区别，4000像素都比你们1亿像素好，网络动不动就自动断了，吃鸡游戏卡顿严重掉帧严重，垃圾中的战斗力，一个店铺开10个链接，9个降价就我这个不降价真牛，我花高价买了个残次品，人在做天在看挣良心钱，以后别跟我说支持国产，国产产垃圾还差不多
国风雅灰,8GB+256GB,1,"外形外观：一般
屏幕音效：感知不强，没外面说的那么好。
拍照效果：1亿像素没有外面那么夸张，反正我觉得一般般。
运行速度：开局就只有三点多个g运行内存(说着8个g)，很坑。系统存在漏洞，某些软件偶尔死机。后台运行很差，自动关闭，真没想到是这种处理器的水平。
待机时间：没有想象中的好，和两年前差不多。
其他特色：打游戏一小时以后，触屏偶尔失效，严重影响游戏体验。游戏录屏发不出来。"
国风雅灰,8GB+256GB,1,待机时间：不建议买，耗电太快了，充电快有什么用，我还拿一块充电器随时随地的充电吗？ 而且手机这个系统对一些软件特别卡 皮皮虾 汽车之家都很卡，莫名其妙的，本来想退款的，感觉想着凑合用吧，国产机子哪有很好的？摄像头包围还不圆，一开始以为是防抖摄像头的事，结果是做工太差，太失望了，耗电如图所示，4800毫安的电池用了不到4个小时还剩下31，说得过去吗？苹果3000毫安的充电虽然慢。但是一个电能用十分钟，小米三分钟多一点，我真的吐了，跟客服说让我自己检测问题，去找工程师检测放电电流，让我自己测试一晚上待机耗多少电，跟他说了两个小时待机耗电就有5左右，他说一晚上10个算正常，我这不是机子问题是什么？不会积极处理问题？麻烦客服看到了联系我，我懒得联系你们了，买个国产机是真心不省事，从xsmax换成小米10，我朋友还说你这机子怎么越换越倒退咯，还真是倒退了，哈哈
国风雅灰,8GB+256GB,1,这屏幕胶印、缝隙，内包装痕迹，无需多说了吧，距离1号付尾款已经11天，换新还在备货中？客服打电话劝退货，说售后可能2-3个月能买到？我壳、膜配件都买齐了好几套，让我退货？有趣的是，10号晚上也就是11号凌晨，8+256显示有货，可以直接购买，然而没有任何用，还是备货中，妙，甚妙。
国风雅灰,8GB+256GB,1,11.7日收到，用了两天手机显示电信卡上未注册上volte无法使用通话，开始总以为是新手机自己哪里还没有搞懂就没太在意，咨询电信公司回复他们公司没有这种注册，11.25号以后基本不能用了，但由于工作忙拖到12.2号，申请售后，售后收到手机后回复说手机没问题，是济南当地电信网络不稳定，让我换个5g卡开通高清语音服务就可以了，售后说没问题应该是没事，于是就去电信公司更换5g卡开通了高清语音服务，结果还是不行，于是联系售后，售后给说他们那里仪器不全，有些问题检测不出来，于是又发到济南总部检测中心，两天后小米总部维修中心来电说手机主板有质量问题，视频也发给京东了，结果京东售后回复，时间已经超过15天不能换新机也不能退，售后让我直接联系小米售后就可以就直接把电话挂了。我想问下京东我买了20天，这款手机本身就存在质量问题，就不管了，客服态度还那么差电话直接挂了这就是京东服务吗？你们明明知道自己的仪器不全，有些问题检测不出来，为何不让我直接发到济南维修中心呢？你们不懂为何还要耽误那么多天？在这之前一直感觉京东送货到家服务好，之前感觉的服务好是因为我没有碰到问题，有问题客服依然会不理不睬推卸责任
国风雅灰,8GB+256GB,1,没有比这个性价比再差的手机了，10月15号到的，接打电话上个微信用，平时都没时间看手机，用了20天到今天就自己犯毛病了，充电的时候滋滋的电流声音越来越想，就好像****一样，找客服问客服说让我申请售后给我修修，刚买了20天的手机基本还没用呢就这样？手机里没有比它耗电再快的，我一天不怎么用吃完晚饭就得充电（我吃饭不晚）手机信号弱的一批同样的卡我以前用的也是国产位蜗一千来块的手机在厕所打电话没问题，这个在厕所根本就没信号，真的是第一次用也是最后一次用了，认栽了以后小米的东西再也不用。希望大家把我顶上去，纯手打心得，实在是太差的一次服务，曲面屏也只是曲面屏，侧边的曲面什么功能都没有真的是垃圾的不行，指纹解锁各种慢解不开，没有局部截屏，没有实时和详细天气信息就告诉你今天几度什么天儿，而我只是个用了二十天的用户，谢谢。
国风雅灰,8GB+256GB,1,小米用户体验最差的一次，真的垃圾，之前的米6，米8都不错，结果碰到这种情况，手机一天断流五六次，经常性卡顿，触屏无效，客服回复态度一般，极差的购物体验，当时冲着MIUI12来的，这次直接劝退，心疼崩了，作为五年米粉了，如果不是真的很差，不会这么气的。
国风雅灰,8GB+256GB,1,上不了~，找售后让去~，可要命了
国风雅灰,8GB+256GB,1,屏幕乱抖这是#？？？
国风雅灰,8GB+256GB,1,快递#，11天才到！！！
国风雅灰,8GB+256GB,1,什么鬼玩意儿，买了没几天降了这么多还过了价保周期？#啊，你觉得我还会买吗？
国风雅灰,8GB+256GB,1,期望越大，失望越大，~都能闪退，我也服了。
国风雅灰,8GB+256GB,1,其他特色：拆开屏幕就一堆泡，赶也赶不掉，跟老鼠屎一样，#
国风雅灰,8GB+256GB,1,京东让人#，从此不用京东。买了以后说没有货源，还需采购，同一时间~货源充足。找客服解决不了问题，推卸责任，这就是大公司的解决态度。欺骗消费者。
国风雅灰,8GB+256GB,1,#啊连个耳机都没有还说什么为了降低购机金额下次没有下次了
国风雅灰,8GB+256GB,1,石头缝里蹦出个小米10s吗，价格竟然还和小米10一样，我这刚买不久啊，之前也不见有什么通知，真就当消费者是傻子呗?东西很好，但这个操作我表示#。
国风雅灰,8GB+256GB,1,"发货速度不要问我，问就是六天才发!!!
人工客服不要问我，问就是没有好事!!!
物流速度不要问我，问就是速度还好!!!"
国风雅灰,8GB+256GB,1,屏幕音效：屏幕不怎么样，上下两端泛红色很重，换过一次比上一部手机屏幕上下两端泛红色更重，实在不想换了！
国风雅灰,8GB+256GB,1,用了不到一个月，上个月8号买的，一直用不了~专清，售后检测了也解决不了，也无法退换货，第一次购买小米手机真的太差劲了，令人失望
国风雅灰,8GB+256GB,1,首先为什么不选择11而选择的10呢。自己也纠结了很久。用了16天手机正常使用而相机故障（拍照，视频，发朋友圈）~收索看看有好多类似的问题。
国风雅灰,8GB+256GB,1,钢化膜起奏，还说要自己去售后处理，~那么多时间去弄。发一张膜我自己贴都不同意。非常不满意，快递哥还是很好
国风雅灰,8GB+256GB,1,没有mix2好用，同WiFi，mix打游戏网络起码稳定，这游戏WiFi经常460，#死了，同事华为也起码稳定，还是用旧手机打
国风雅灰,8GB+256GB,1,假货，翻新机。拿过来有以前别人用过的照片，#。11月1日买的手机里有10月份别人拍的照片
国风雅灰,8GB+256GB,1,这刚买的好东西入手极坏呀，前摄像头10w相素呀，直接给人变2半。小米10#呀
国风雅灰,8GB+256GB,1,非常差。买了半个来月，打开~点击里面的东西，有的都需要点好几下，第一次换小米就这？有时候浏览器都得不开，垃圾箱
国风雅灰,8GB+256GB,1,刚买一周多的小米10刷着刷着~突然就这样了，声音突然变成了一个7080年代的收音机还带着电流一样的声音，大家自己仔细品品，买不不买小米手机不用我说，大家心里应该有结论了吧。
国风雅灰,8GB+256GB,1,说实话以后都不会再买小米的东西了，断网是真的#，我都花四千多块钱了，就买了个垃圾，有时候朋友发视频发消息都收不到，断**的网，小米的东西家就是看着参数性价比挺高的但是实际体验真的不行品控真的拉跨
国风雅灰,8GB+256GB,1,我是来追评的反正挺#的买了不到俩月充电自己给我干坏了充个电都直接充坏直接烧了不知道咋回事手机发烫的都#可以煎蛋了现在寄回去维修
国风雅灰,8GB+256GB,1,屏幕音效：第一次屏幕有问题上下边框发红，下单20天后拿到换货手机打开屏幕上下边框发蓝绿，告诉我不影响使用体验。小米品控真#，品控不良顾客将就买单，好逻辑，自此米粉转米黑，原本还准备新房小米智能全套呢，真怕是不影响你使用不会电死您。
国风雅灰,8GB+256GB,1,外形外观：颜值一流屏幕音效：真的很好拍照效果：也就那样运行速度：有点差吧待机时间：比较耗电其他特色：11.4下午到的货，现在11.12~收不到提醒，重启直接黑屏，我也是服气了。真心不如我用了几年的华为！小米10把我硬生生逼成了黑米。这是我第一次用小米，或许也是我最后一次用小米。
国风雅灰,8GB+256GB,1,今天是用新手机的第8天，开深色模式的时候才发现屏幕是这个样子的，有点emmm，被朋友~小米10才买的，但现在挺难过的，评论里有没有大哥知道这个事怎么找官方解决呀？去小米之家还是找客服售后
国风雅灰,8GB+256GB,1,待机时间：是真的耗电，放一天什么也没干，就掉了20多的电，用了两年的米8电池都比这管用，其他特色：到了才两天，就发现屏幕有个小红点，这质量，品控实在不敢恭维，这次是真的#到我了，
国风雅灰,8GB+256GB,1,以后再也不在京东上买手机了，#，连个有线耳机都没有配送，膜也是白边的！刚到的新手机我实在一点都不满意！连个说明书也没有！第一次在京东上买东西就这样！客户回复也很慢，一个品牌手机被你卖成这样，真够**
国风雅灰,8GB+256GB,1,刷着~，就会出现断流量情况，不知道啥原因，切换成WIFI也是断流，小米官方~上和官方都送纪念版背包，唯独京东上面不送，感觉买个同样的东西，竟然都不一视同仁，既然搞活动，搞得像是欺骗消费者一样，心里很不平衡。以后不会再京东上面买东西了。
国风雅灰,8GB+256GB,1,手机用了不到一个月就出问题了偶尔刷~会黑屏最重要的就是屏幕右下侧白色背景时竟然出现了一片荧光点，联系客服客服也只是让去检测其他的什么也不管说他也不知道，真是京东最垃圾的一次购物
国风雅灰,8GB+256GB,1,后台运行垃圾，回个消息王者就得重新进入了，#?照亮那个灯位置太下了，一打开手就容易挡住手机比较重，玩一会儿手腕疼我觉得还是尽量买华为吧
国风雅灰,8GB+256GB,1,买了就后悔了，先说说原因吧。第一：就自己感觉续航能力比起华为荣耀差很多，一天需要充个两三次电。第二：网络反应迟钝，比如登~时需要很长时间才能反应出现图片。第三：时间管理，开启后关闭APP图标变成灰色需要重启才行。第四：游戏手感差。第五：反馈服务解决慢。第六：存在断网问题，有时数据突然不可用。第七：QQ发截图发不过去。&hellip;&hellip;时隔三年再用小米很失望。
国风雅灰,8GB+256GB,1,外形外观：还行吧屏幕音效：实一段时间体验，国产屏就那样，本来还想着就是差也不会查到哪去，只能说自己确实想多了，感官没法比，尤其夜间低亮度的时候，简直看着难受，期间还遇到显示问题，调整显示后又转正常，真该截屏一下，都#拍照效果：不错运行速度：还行待机时间：可以
国风雅灰,8GB+256GB,1,屏幕音效：很好拍照效果：相机就是个噱头，冲着相机买的趁早放弃运行速度：快其他特色：其他特色就牛皮了，首先声明不是米粉，第一个设置和相册跳屏，前置摄像头是坏的，换货，第二个设置跳屏，~闪屏，换货，现在第三个是今天刚到手的，不管啥问题，我认了，小米这品控，想买小米的自己考虑。一号买的，18号到手第三个换货的手机，如果小米拿这种货冲击高端，那真牛批。手机一星。京东服务五颗星，#不说直接售后退换货，好评。
国风雅灰,8GB+256GB,1,不给充电宝，然后跟客服聊也不给，而且我已经退货一次了，到家没两天就坏了，但是真的服务不咋地了，聊了一下午，啥结果没有，就抱歉抱歉，人家店大说不害怕差评，我也没办法，爱咋咋地吧，实话实说，不信可以~
国风雅灰,8GB+256GB,1,除了音质好，画面掉帧卡顿，日常使用~多次无响应，轻度使用一个月了感觉很不好，同时打开王者荣耀速度比三年前的一加5t还慢一秒，这就是我用了一周的小米10。不知道后续使用怎么样，说实话有点失望。
国风雅灰,8GB+256GB,1,体验了一段时间不太满意，自动亮度太难用了，还有经常卡死的情况，不知道什么原因，打开~巴巴或者~经常没响应而且触控屏幕也没反应了，必须重启才行，想知道这种情况怎么解决！相机表现也很一般，没有媳妇的cc9美图版的表现好，不满意&hellip;&hellip;，希望能够解决我说的这个问题
国风雅灰,8GB+256GB,1,7点以后的夜间模式整个屏幕颜色看起来就不自然了下啦框更是这是特色？还是新的背景？电量我不打游戏就看~装包里打电话正常用早上7.30拔掉充电器下午五点左右就百分十以下，问了客服就说抱歉，让返厂检修机器出厂都检修过的吧我用很多手机夜间模式重来没遇到过这样的。
国风雅灰,8GB+256GB,1,从没见过如此难用如此垃圾的手机，第1次用小米失望透顶。首先是一定要5gvolet通话导致保密卡不能使用。第二是新手机，第1个月莫名其妙卡顿。自带浏览器~全部都不能点开，一定要重启。这个问题反复出现。
国风雅灰,8GB+256GB,1,断网严重，平时用wifi没注意，过了半月才发现，用手机流量打个~电话一分钟断一次（通话未中断，彼此完全听不到两秒），同一段路用之前的手机就很顺畅，售后只能寄回厂家维修，垃圾的要死，手感拍照还可以，但抵消不了断网的影响！
国风雅灰,8GB+256GB,1,外观可以，屏幕触点不行有时按着没反应，不灵敏，拍照感觉还没6400得好，运行就更一般，~语音来了，居然能卡住，5G待机短，还没realme3700得时间好，闪光灯太靠下，手握着容易挡光。
国风雅灰,8GB+256GB,1,待机时间：双十一买的，昨天刚收到货，抛开其他的不说，这个电池是不是翻新手机的时候没有给我更换？新手机不玩游戏纯粹~和浏览网页，竟然肉眼可见速度下降，这是什么电池？开玩笑的吧图片是现在的电量，用了2小时，早晨7点起床满电。
国风雅灰,8GB+256GB,1,12+256的才3399！我买的8+256时候是3499，才过了十天就降价到3299，过了两天就不给保价了。重点是这十天里，每天都在打折，每天都卖3499，那我参加3.8大促活动有什么意义？而且我听评价说有一天才卖2999！要不是抢不到饥饿营销的k40或者10s，谁会买这个？手机坏了等着用，只能买这个，你这曲面屏做的很不好，没有一家~店铺与这个曲面屏完全贴合，全会被手机壳顶出来这个钢化膜。大家看到我这条评论，有没有好的钢化膜店铺推荐呢？
国风雅灰,8GB+256GB,1,我双十一买了小米10，感觉很好，这次感觉惊艳了，外形完美，挖孔很小，满意，没想到小米10做的这么优秀，屏幕绿边没有，华为的MATE40PRO我去体验店看过，侧看会有一点点绿，这个比华为做的好。音质确实不错，双扬声器确实好听，拍照部分日常绝对没问题，优秀吧，就是发热感觉有一点点，今天升级了后边框有点热，游戏没问题，很流畅，但是我只给1星好评，至于不是5星，原因是卢10w的红米k30S抢不到，耍猴太#，也不放开全款预定，所以我就买了小米10了，心里一点点不爽，就给他1星了。
国风雅灰,8GB+256GB,1,以前用荣耀10，听说30pro的屏幕不好，换了这个，结果系统用起来感觉一般，悬浮窗口还不如华为10.1，很多时候回消息都会切出来，全面屏最底下有一条白边所有软件都占不满，耳机拔了还是耳机模式半天退不出来，手机热点不知道为什么连了不能用，WiFi和流量之间切换不流畅，通话中换网络重连了还是会卡，~通话中开免提，QQ来电时声音会变小，挂了电话还是声音很小，还好不玩游戏，日常打电话，看视频，新闻还是没问题
国风雅灰,8GB+256GB,1,"本来买的k30pro,第一台严重绿屏，没货就在那里卡着，和客服斗智斗勇，兜兜转转换了几次，耐心逐渐用光，后来退了k30p入了米10，呵呵又#屏幕坏点，本来米10的抹布屏还能忍受，坏点就太坑了，换了一台没啥太大问题。这个时候就已经过了一个月，一个月被这种破事烦心。还好京东售后没得说，很干脆，给换也给退，小米的品控一言难尽。期间和客服沟通了大概几十次，在线和电话都有截屏和录音，京东的客服参差不齐，大部分都是敷衍了事，只会让耐心等待，部分客服随意承诺却未实现，少部分会认真处理问题，具体也不深究了，做事留一线，也赔了两次共7000个京豆。抱歉了，京东上第一次差评送出去了。总的来说本次消费非常扎心，对京东很失望，具体的锅肯定是京东和小米，作为消费者太难了，也就每次去kuan发发贴和一帮难兄难弟互相安慰。"
国风雅灰,8GB+256GB,1,#刺激，在可退换的时候一点问题都没有，然后过了时间，我的是玩着玩着他就给我自动关机了，然后就无服务了，再然后他又自动关机了，然后我又开机，他又关机，我又开机，他又关机，然后我就去申请售后，还没申请完他又关机了，然后白屏，然后我打算在电脑上申请售后，然后他就自动开机了，然后他就好了，请问小米10是觉得我无聊，要给我来点刺激的么？？？？？？？？？
国风雅灰,8GB+256GB,1,买回来~通话时打游戏会出现状态栏不能正常下拉，手机会卡死，锁屏后无法正常解锁，只能重启。下图视频为手机卡死锁屏后不能正常解锁情况，图片为卡住之后出现部分情况均为视频中截屏。京东售后反了两次，第一次为15天以内检测没有问题不给退换货，拿回来当天连续出现这样的问题，拍了视频第二次返回售后，检测没有问题，说是厂家回复软件问题。安排了专员负责这件事，专员回复继续原件返回，手机目前还在售后，专员只能通过邮件取得联系，下午发送邮件并未得到专员回复。有人有在使用过程中碰到这种情况嘛，是我不应该在~通话的时候打游戏嘛？
国风雅灰,8GB+256GB,1,买了19天了手机出问题了两次第一次大概是16天的时候点什么都用不了就加载不出来显示无法正常运行（如前三张图）发视频只能听到声音看不到人让别人打过来只能听到系统声音没法接听联系客服客服最后让我升了个级手机才能正常使用今天下午正常使用~又一次卡到什么办法都没有锁屏也不管用打开就是日期隐隐约约显示在~页面上再一次联系客服客服让我在开发者选项里关了几个东西但我认为这都是治标不治本我跟客服说想退换客服不同意意思超时间了那我也没办法只能这样但是想跟大家分享一下我最真实的感受一开始拿到的那两天发现指纹解锁没有很快不是很流畅甚至没有我四年前买的nova2解锁快但我没有在意因为我觉得这个不太影响使用后来发现充电手机会发烫很烫的那种也觉得不太影响什么但这两天出现的卡顿无响应接不到视频真的把我气到了这已经影响到了正常使用什么的最后说一下我不玩游戏拿到手机的这半个月玩的最多的也就是~~~一些基本软件所以这款手机真的不推荐购买至少我的用户体验来说不值得
国风雅灰,8GB+256GB,1,手机无问题，此次评价纯粹给#，1号0点已付尾款，一直到2号下午仍然未发货，联系客服后告知没货，让我等到10号有货后再发，并且电话中客服明确告知订单结束前不会有任何客服联系我，期间一直投诉此问题，京东方面不作为，不理会，系统显示投诉问题五天内完结关单，但直到7号傍晚，也就是时效最后一天，仍然没有任何人联系我解决问题，直到我投诉至12315后，后续又向京东投诉，电话中京东客服推脱责任，称系统显示的五天完结仅仅是他们的处理时效，不是工单完全结束的视效，当我问到处理进度时客服语塞，后续表示第二天会有客服联系我，当我表示已投诉至12315后又改口称今天之内就会有客服回复，首次投诉时（11月2号）我已明确表示仓库无货与消费者无关，责任是在京东方面，要求要么按时发货，要么赔偿订单金额百分之十，消费者早已将尾款付清，在我明确表示已投诉至12315后第二天（8号），京东发货。京东方面一系列的不作为令我非常气愤，后续投诉接手我此次事件的几位客服，当京东客服回电时表示48小时内将投诉客服的处理结果电话告知我，第二天京东客服再次给我致电，客服表示投诉客服处理结果属于京东质检部门，无法告知给我，字数上限了
国风雅灰,8GB+256GB,1,用了一个月，真的垃圾，以前是米粉，现在对小米真的太失望，买了十来天左右就出现跳屏，原本想着可能只是系统问题没在意，没想到越跳越严重，打了n次小米客服电话，测试了屏幕、升级了系统、下载完整安装包反复多次，最后还是解决不了问题，最后让返厂，真的烦，完全不如两千块的荣耀。上~一搜，很多人的小米10都出现这个问题。才用一个月的手机居然偶尔还能出现卡顿，有时连~画面都显示不全，手机重的像块砖头，只能感叹小米手机营销做的太好了，另外，所谓一亿像素真的没有任何意义。
国风雅灰,8GB+256GB,1,"质量问题堪忧，体验很糟糕。双十一清库存的机子问题真多。欺负我工作忙没来得及收集证据。
买来10天左右，期间我的手机就出现了不少问题
1、扬声器有问题，打电话声音偶尔听不见；打游戏时，声音开到最大会出现杂音。
2、卡顿情况时有发生，每天都有，各种软件界面都能卡住，我玩游戏时还遇到切出去再回来就黑屏的情况。
3、偶尔无服务是什么鬼？地铁上车上路上，有几次在宿舍里也给我断网！

找售后检测，你们在检测什么东西？恢复出厂设置就能解决问题？因为你们的质量问题，过不了多久又坏了，这就只能修了！合着我买了问题机，在你15天包换期内，你还不给我换，这锅还得消费者背？我干啥了我？

你可以控评，但我给的差评永远也不会删，我对小米很失望，今后不会再选择了，这将是我最后一台小米产品"
国风雅灰,8GB+256GB,1,已经使用了一个礼拜了，收到货后快手短视频跟今日头条莫名崩过两次，全面屏手势失灵，可以下拉进入状态栏，然后进入设置，清除后台恢复正常，电池不正常过一次，1个小时头条贴吧耗电30%，手机有轻微发热，显示信号待机耗电量最大，重启恢复正常，更新系统后再没出现过。5g关闭，屏幕亮度自动，正常贴吧头条短视频，~qq打电话，可以亮屏5小时，玩和平精英最高亮度一小时百分之15到20，总体来说电池还好，当然是在5g信号关闭的前提下，网传高通865基带外挂，5g信号是耗电大户，这个不清楚，反正我也用不到5g，拿到手就关闭了。MIUI可玩性很高，以前一直使用华为emui，第一次接触MIUI，开始各种不顺手，习惯后挺好用的，小爱同学挺有意思的，可以听懂方言，就是屏幕悬浮球功能不如华为方便。系统的广告是有点多，但并不影响使用，据说是可以关闭的。外观颜值还好吧，但是手机不够精致，拿在手里的第一感觉就是三千价位的手机，不会太过于高。总体来说手机挺满意的，小米10改变了我对小米的偏见。满分一百的话可以给到99分吧，另外送的这个橘黄色的手机套挺不错的。至于差评，是送给卢伟冰的，与手机自身无关。
