竞速蓝,X10（8GB 128GB）,3,第一次，买手机没耳机配送的
竞速蓝,全网通（8GB 128GB）,3,"外形外观：一般
运行速度：一般般"
竞速蓝,X10（8GB 128GB）,3,网络挺卡的，也就值这点钱
竞速蓝,X10（8GB 128GB）,3,待使用后再追评
竞速蓝,全网通（8GB 128GB）,3,"外形外观：可以
屏幕音效：一般"
竞速蓝,全网通（8GB 128GB）,3,手机还可以，送的东西都没有。
竞速蓝,X10（8GB 128GB）,3,"外形外观：还好
拍照效果：拍照效果有色差"
竞速蓝,全网通（8GB 128GB）,3,外形外观：上下黑边比较多，外观一般
竞速蓝,X10（8GB 128GB）,3,太重了手机，像拿了一个板砖 。其它还可以。
竞速蓝,全网通（8GB 128GB）,3,外形外观：非常好，电池盖有点瑕疵，别的都还好！
竞速蓝,全网通（8GB 128GB）,3,一般般吧
竞速蓝,X10（8GB 128GB）,3,"外形外观：一般般
拍照效果：一般般
运行速度：还行
其他特色：手机较轻"
竞速蓝,全网通（8GB 128GB）,3,运行速度：挺好
竞速蓝,全网通（8GB 128GB）,3,虽说是5g手机！一副低端产品的样子
竞速蓝,全网通（8GB 128GB）,3,手机挺好，很喜欢，就是没有带耳机，小小的失望，下次带耳机就更好了
竞速蓝,全网通（8GB 128GB）,3,京东自营物流就是快，晚上下单第二天上午就到了，手机盒子有点脏，麒麟820芯片速度还是稍差一点
竞速蓝,全网通（8GB 128GB）,3,"外形外观：外观可以
拍照效果：一般，说实话一般般
待机时间：一天吧，持续玩的话四五个小时"
竞速蓝,全网通（8GB 128GB）,3,刚收到货还未拆封，美中不足缺个耳机，客服回复这样性价比高，另行购买，我建议下次把充电器省掉这样性价比应该会更高
竞速蓝,全网通（8GB 128GB）,3,很失望，使用体验远不及我目前使用荣耀v9，同样在京东买的。唯一值得称赞的是京东的物流是真的快，这款是真的不满意当天上午收到晚上就申请退，3?给物流。
竞速蓝,全网通（8GB 128GB）,3,"外形外观：颜值不错
拍照效果：像素不错
运行速度：速度快   比旧手机强多了
待机时间：待机也不错   中度使用   一天没问题"
竞速蓝,全网通（8GB 128GB）,3,"待机时间：可以的，可以玩很久，而且是快充
外形外观：好看
拍照效果：一般般，摄像头升降的，其它挺好，就是每次拍前置有点麻烦
其他特色：摄像头
屏幕音效：很大声
运行速度：很快，
一拿到手机，手机盒有点脏"
竞速蓝,全网通（8GB 128GB）,3,"屏幕音效：屏幕是真的差，看久了点眼睛就很累，蓝光辐射比普通的要高，音效还可以
拍照效果：一般一般
运行速度：用了半个多月目前没试过卡顿，这处理器和内存真的可以
待机时间：还可以吧对比我以前的小米手机要好的多
外形外观：外形很炫酷！
其他特色：有好有坏，没有完美的手机，对的起这价格，就是感觉屏幕太伤眼睛，"
竞速蓝,全网通（8GB 128GB）,2,买完不到一个月就降价了。
竞速蓝,全网通（8GB 128GB）,3,刚买完不久就降价坑货。
竞速蓝,全网通（8GB 128GB）,3,其他特色：连个原装耳机都没有配送。
竞速蓝,X10（8GB 128GB）,3,配件不齐全连耳机都没有
竞速蓝,X10（8GB 128GB）,3,没有耳机，有点遗憾
竞速蓝,X10（8GB 128GB）,3,我的手机有点损害
竞速蓝,X10（8GB 128GB）,2,包装盒封条有撕开过
竞速蓝,全网通（8GB 128GB）,2,用了不到一周时间就开始掉色了
竞速蓝,全网通（8GB 128GB）,3,"大的像一块砖头似的
外形外观：太大"
竞速蓝,全网通（8GB 128GB）,2,什么鬼，几千块的手机连耳机都不送了？
竞速蓝,X10（8GB 128GB）,3,拍照效果：拍照效果不好，看视频模糊
竞速蓝,X10（8GB 128GB）,3,屏幕有时候不灵敏点着很长时间才有反应
竞速蓝,全网通（8GB 128GB）,3,摄像头有个边框有个小坑，手机还是可以的。
竞速蓝,X10（8GB 128GB）,3,没耳机，充电好慢，电池不耐用
竞速蓝,全网通（8GB 128GB）,3,"光有裸机，啥有没有，心寒！！！
耗电点高！！"
竞速蓝,全网通（8GB 128GB）,3,一到手就可以领券，退也不是，不退也不是
竞速蓝,全网通（8GB 128GB）,3,手机一般，电池不耐用。处理器速度也一般！
竞速蓝,全网通（8GB 128GB）,2,说送耳机也不送，**
竞速蓝,X10（8GB 128GB）,3,手机到货了，手机包装如视频，包装简陋。塑胶膜都没有。
竞速蓝,全网通（8GB 128GB）,3,magic系统有bug，有时点触无反应，下载失败。
竞速蓝,全网通（8GB 128GB）,3,居然不送耳机
竞速蓝,全网通（8GB 128GB）,3,卡，卡，卡
竞速蓝,X10（8GB 128GB）,2,卡！闪退！想买的慎重！
竞速蓝,全网通（8GB 128GB）,3,待机时间：差
竞速蓝,全网通（8GB 128GB）,3,有时候比较卡
竞速蓝,X10（8GB 128GB）,3,感觉wlan数据速度有点慢 ，比之前的手机慢好多，不知道为什么
竞速蓝,全网通（8GB 128GB）,3,反应一般
竞速蓝,全网通（8GB 128GB）,3,买了就有些后悔了，移动营业厅同款比京东网上还便宜两三百呢
竞速蓝,全网通（8GB 128GB）,3,没有使用经验，刚买就被偷了，有防盗措施么
竞速蓝,全网通（8GB 128GB）,3,今天刚拿到，一开机用没2分钟，直接烫手，万万没想到啊
竞速蓝,X10（8GB 128GB）,3,感觉有些卡
竞速蓝,X10（8GB 128GB）,3,没耳塞送
竞速蓝,全网通（8GB 128GB）,3,像数差，又卡，不能用
竞速蓝,全网通（8GB 128GB）,2,其他特色：看视频模糊不行怎么调试都不行其他还行，充电慢
竞速蓝,全网通（8GB 128GB）,2,哎，不得不土，原装耳机都没有！我只能说，这个价格手机，其它比你们做的好，送的多！
竞速蓝,全网通（8GB 128GB）,3,"屏幕音效：亮度自动调整一直闪，光线一样还是不停的变。
其他的还好"
竞速蓝,X10（8GB 128GB）,3,屏幕属实不怎么样，音质没法评价，其他方面还行吧
竞速蓝,X10（8GB 128GB）,3,5g信号差，同一个地方苹果12和其他5g手机都有5g信号就荣耀x10没有
竞速蓝,全网通（8GB 128GB）,2,感觉屏幕不怎么灵敏，特别是上下两端，有时候点了好几次都没有反应。
竞速蓝,全网通（8GB 128GB）,2,不支持NFC，这个产品经理脑子被驴踢了。笔记本一碰传也用不上，人家做生态链，你个*X产品自断家门。
竞速蓝,全网通（8GB 128GB）,2,打开快递里面的包装是这个鬼样子的打开包装盒拿到手机也是感觉自己手机像别人退过货的，还有这客服说是都这样。看到这包装对这手机影响彻底毁了。还有新机我能明显的感觉到卡顿现象！
竞速蓝,全网通（8GB 128GB）,3,感觉信号不。。。。。
竞速蓝,全网通（8GB 128GB）,3,手机收到了，感觉被拆开过，而且激活日期是十月份，不知道设么情况。。。。不要是二手就好
竞速蓝,全网通（8GB 128GB）,3,指纹解锁我只输入一个手指，竟然有其他手指可以解锁，我在想是不是别人的指纹也可以解锁
竞速蓝,全网通（8GB 128GB）,3,一般般没有想象的那么好时不时的出现电小毛病，闪退，还有屏幕出现故障代码
竞速蓝,全网通（8GB 128GB）,2,"现在刚用，感觉还不错
拍照效果：很清晰
外形外观：这个颜色很喜欢
运行速度：还不错"
竞速蓝,X10（8GB 128GB）,3,"速度很快，0点下单，12点多就到了。取了货，打开一看，盒子正面还好，但是图片的盒子后面是什么情况，脏兮兮的一大片，虽然是京东自营店，但是这未开封的包装盒底部怎么这么脏，让人怀疑这是不是新机。
还有，我加了2年电池换新服务，怎么订单里没有了，我也是醉了...
虽然比平时便宜了一些，但是购物不愉快！
手机还没用，后续用用看，在追评。"
竞速蓝,全网通（8GB 128GB）,3,手机刚到手就拆开了，有浓浓的消毒水味道，可能是别人退回来的机子，不知道你们的是不是，然后查了一下，竟然是中奖的天马屏，心情瞬间就不好了。。。。。
竞速蓝,全网通（8GB 128GB）,2,给老妈买的手机，她带回老家后说接听电话有杂音，去华为店检测又说没问题，给老妈买了两三个手机了第一次遇到这种情况，本来想退货的，但老妈嫌麻烦，就这样吧
竞速蓝,全网通（8GB 128GB）,2,收到货后，打开快递包装大体看了一下，有一个问题，就是这手机包装盒没有压膜！不知道其他购买者是不是这种情况，为什么没有覆膜？能保证是原装正品吗？再有就是打开盒子取出手机后发现装有说明书的内部包装散乱，说明书凌乱摆放，让人第一直觉是手机拆封过！请店家认真解释一下这些问题！
竞速蓝,全网通（8GB 128GB）,3,这次要不是看在赠送的移动电源挺好和着急用手机的话，我都要给退货了！！！！！！！这么多年在京东购物从未郁闷过，而这次我只能说，快递和快递员是好的，值得尊敬！！！！！！！但是这次的售后和手机商品，属实不敢恭维，只有让京东自己合计去吧，有点变味儿了，再这么整，容易出问题的！！
竞速蓝,X10（8GB 128GB）,2,手机没有想象中和网上说的那么好，有时候会有那么一点迟钝并且刚玩别踩白块儿时候点了没反应有时候，感觉还没有我的旧手机顺手好用
竞速蓝,全网通（8GB 128GB）,3,用了一段时间  感觉待机能力没有想象的强  再有就是充电时发热问题  总体来说一般吧  没有预想的好
竞速蓝,X10（8GB 128GB）,3,第一收到包装纸盒没有密封好，手机壳正面都脏黑了，而且直接放在纸盒中快递途中四角很容易撞到；第二早就看中这款手机双十一当天晚上买却没货了，问客服是否会上架，人工回答都是官话套路，让客服问下主管也还是套路回复，人工客服体验很差，答非所问；第三双十一晚上守到十一点多终于上架秒没，然后又上架却回复原价，贵了200多，虽然十一点还是属于双十一当天，体验差；第四虽然显示一直没货但是3天后就收到了，手机使用很不错，这部手机买的过程很糟心，唯一的就是手机不错！
竞速蓝,全网通（8GB 128GB）,3,不太好用，屏幕发白，颜色很淡。可视角度太小了。居然没有人脸识别。运行起来还是有点卡顿。可能820压不住高刷屏幕
竞速蓝,X10（8GB 128GB）,3,换手机是因为原先手机打电话卡有时断线，但换的这个手机还是有这样的情况，有两次来电滑动接电话就卡死然后没接通就断了，电池也不耐用，很多软件没启用也没怎么玩电池基本也就一天，续航后期堪忧。至于运行速度，uc浏览器打开网页有时要5s以上才反应显示不知是手机问题还是网络问题
竞速蓝,X10（8GB 128GB）,3,这手机60hz完全没法用。肉眼可见的卡顿，90hz才能达到一般旗舰机60hz的流畅度。全身塑料，没nfc，没红外，体验一般，冲着华为售后买的。
竞速蓝,全网通（8GB 128GB）,3,手机到手几天，运行很流畅，外观也漂亮，全面屏用着很舒服，就是略重，最差的就是音质了，放同一首歌曲外放音质还没有充话费送的低端华为手机音质好，戴上耳机听倒是没啥区别，基本上能确定是喇叭问题，好歹也是两千多的手机搞不懂为什么要在这上面偷工减料，总的来说有点失望。
竞速蓝,全网通（8GB 128GB）,2,"外形外观：还行
屏幕音效：屏幕还行，音效不行
拍照效果：一般般
运行速度：一般般
待机时间：一般般


就今天打视屏电话时卡顿，屏幕点了没反应，温度略高，主要在升降摄像头以及后置摄像头侧面。后台只运行了一个软件，而且也没有充着电使用，我寻思着，这手机配置，选的还是8+128，不至于吧，有点假。
音效的话，也不是很好，同价位，算比一般般次一点。"
竞速蓝,X10（8GB 128GB）,3,相信所有的新手机的屏幕都有一层保护膜的，但不知为什么，我收到的这部新手机就没有一层保护膜，感觉很次，收到后当天没详细看，过一天细看屏幕，中间有一点凹痕和一点凸痕，无法清洁掉，问过客服，外观问题超过24小时不可退换，新手机还没用，也没摔过，怎么有划痕呢！不知这是次品还是人家退货，总之感觉不爽，以为在京东购物可以放心的，原来也不过如此。因急需用，不肯退换也罢
竞速蓝,全网通（8GB 128GB）,3,体验感很差，客服回答一般，
竞速蓝,全网通（8GB 128GB）,3,其他特色：刚买10天就降价，不厚道差评
竞速蓝,X10（8GB 128GB）,2,手机不说，搭售的贴膜非常差
竞速蓝,全网通（8GB 128GB）,3,玩王者荣耀经常断触，真是一言难尽
竞速蓝,X10（8GB 128GB）,3,待机时间：待机时间太短，感觉电池不耐用
竞速蓝,X10（8GB 128GB）,3,没有消息提示灯，用起来很不方便
竞速蓝,全网通（8GB 128GB）,3,通电话有异响  对方听到我的声音好多杂音
竞速蓝,全网通（8GB 128GB）,3,"指南针非常差劲，非常，非常
其他缺陷还没发现！"
竞速蓝,全网通（8GB 128GB）,3,吃鸡开不了最高画质，插入耳机却听不到声音
竞速蓝,全网通（8GB 128GB）,3,太坑了6月1号直播间买的说八点到十点直播间买就送充电宝或者蓝牙耳机买完怎他门送什么东子也不回我后来告诉我没有然后退货了又重新买一次耳机也没有服务太差了
竞速蓝,X10（8GB 128GB）,3,太重太重太重
竞速蓝,X10（8GB 128GB）,3,手机信号太差了，OPPO机和华为手机放在一间房，华为三格，OPPO手机五格
竞速蓝,全网通（8GB 128GB）,3,赤裸裸的单机，耳机都不配，最基本的防爆膜都没有，差评
竞速蓝,全网通（8GB 128GB）,2,奇怪了，这次购物体验非常不好，退货过程中，快递员私自留下自己用了，退了半个月快递员联系我，说他用了给我发钱，我就怀疑怎么可以这样呢？
竞速蓝,X10（8GB 128GB）,3,充电是真的慢，半个小时充百分之十的电，我真怀疑是不是原装的
竞速蓝,全网通（8GB 128GB）,2,"屏幕音效：声音不大
拍照效果：不敢放大拍照太垃圾
待机时间：电池不是太耐用"
竞速蓝,全网通（8GB 128GB）,2,性能差劲，我的会卡，820处理器提升到哪里了？810都没卡过
竞速蓝,全网通（8GB 128GB）,3,其他特色：官方标配耳机都没有，买回来才发现，如果要耳机就得买套餐或者单独买耳机，@，华为这么大的品牌做得这么小家子气
竞速蓝,全网通（8GB 128GB）,2,5g手机，老是信号不好，偶尔还会卡一下，同样卡装进原来机就信号很好，真心一般
竞速蓝,全网通（8GB 128GB）,2,运行速度：网络超级不稳定，打王者经常460，我把卡拆下来，装到我换下来的苹果6sp里面，开热点就不会出现460
竞速蓝,全网通（8GB 128GB）,2,刚到别的功能不清楚，屏幕清晰度是真模糊，刚到手就让去售后检测，换购的钢化膜也不怎么样！
竞速蓝,X10（8GB 128GB）,3,先不说手机体验怎么样，这个包装真的是有点迷，外包装很简陋，还被压扁了，里面的手机盒底上全是灰，让我怀疑这是不是新手机???
竞速蓝,全网通（8GB 128GB）,3,"外形外观：颜值杠杠的
屏幕音效：好
拍照效果：牛
运行速度：一般
待机时间：不好，时间有点儿短
其他特色：中规中矩，不是太养眼，只能说很平常，关健是有一点儿很不爽，早下单几十分钟，赠送的礼品不给，也是醉了~真的让人很无语！"
竞速蓝,全网通（8GB 128GB）,3,"屏幕音效：屏幕颜色泛白。效果真心不好。
拍照效果：自带美颜效果，不真实。不适合**胞
运行速度：打游戏不卡。这个点赞。
声音效果不好。只是一个出音孔。只能一个喇叭。效果很差。
总体只能是将就了。这个价格"
竞速蓝,X10（8GB 128GB）,2,买之前纠结了好久，第一次用全面屏的，看评论都是好评，买过来之后用了几天发现有几个比较大的问题，第一个觉得这么好的手机居然用的是转子马达，体验非常不好，个人感觉跟之前的山寨手机一样的振动，振动效果不明显，其他品牌的一千多的手机都配有线性马达，个人觉得不应该。第二个觉得的喇叭的效果不好，声音大的就跟老年机一样的音效，太跌档次了，特别是听歌跟看电视。这是我第一用荣耀手机，估计以后都不会再买这个牌子手机了，两千多的手机居然给我体验这么差，真的是不应该！
竞速蓝,X10（8GB 128GB）,3,京东物流#！真快
竞速蓝,全网通（8GB 128GB）,3,一般般
竞速蓝,全网通（8GB 128GB）,3,还行
竞速蓝,X10（8GB 128GB）,3,手机挺好的，上班用两天一充，周末正常玩一天一充。就是送的卡有问题，官方自动取消了，其实也不需要那个卡，就是这个操作有点#。。。
竞速蓝,X10（8GB 128GB）,3,"外形外观：一般
屏幕音效：还好
拍照效果：好
运行速度：好
待机时间：一般
其他特色：充电速度真慢  信号波段不足"
竞速蓝,全网通（8GB 128GB）,3,外观设计很好，拍照清晰，就是~视频时声音太小，蓝牙音箱播放音乐声音太小。漏洞啊
竞速蓝,X10（8GB 128GB）,2,用了几天来评论的，电池真的不耐用，用不了一天，我昨天下午四点左右充满，到晚上10点左右就38%，正常使用，就~，刷了下~。有点卡顿，有时刷~，半天都出不来。
竞速蓝,X10（8GB 128GB）,2,这手机真不行，才买了不到两个月，声音莫名其妙变得很小，放到最大都听不清，只能关机重启，打电话，发~语音，杂音很大，有时根本听不清说话，没有NFC红外功能，打开应用也会偶尔卡死
竞速蓝,全网通（8GB 128GB）,2,到手第二天，使用第一天，别的不说，就说一下电池，充满电连续使用三个半小时就没电了，而且没有运行游戏、视频等耗电量大的app，只是刷了刷qq、~还有知乎，但是它就没电了，使用体验很差待机时间：待机时间太短，电池容量或工艺太差。
竞速蓝,全网通（8GB 128GB）,3,外形外观：屏幕很大，看电视玩游戏比较过瘾，但是不方便收纳。很厚很重。不太适合女生。屏幕音效：都挺不错拍照效果：升降屏挺有意思，给屏幕滕位置，让屏膜更简单。拍照还行运行速度：新机子都挺快，不过购买时没有注意是8+128，还以为是8+256，个人感觉128其实6g就够了待机时间：我不玩游戏，看电视，逛~，玩~，休息等等，大概一天时间其他特色：手机软件都没啥挑剔的。说下硬件之前oppor17指纹用得让人伤心伤肺，对比下这款x10侧面指纹很灵敏，很方便。无法扩容，开锁没有面部识，这些都算了，居然只能插单卡，插单卡，单卡，卡（这是返祖了么）。。。。。。有双卡的注定要废一个卡，要么出门带俩手机（重啊）
