暗影黑,16GB+256GB,3,我玩妄想山海，着个手机在游戏加载和场景切换上都比别的手机慢好多，不知道为什么
暗影黑,16GB+256GB,3,屏幕音效：就是这样子，不知道是我一个还是都这样，花屏吗
暗影黑,16GB+256GB,3,屏幕有颗粒感
暗影黑,16GB+256GB,3,屏幕音效：用了两天 带戴耳机玩游戏总是断断续续出现电流声 ie80耳机不差了吧 不知道是手机硬件问题还是系统问题 希望能解决
暗影黑,16GB+256GB,3,才用几天，网络加速就出问题打不开了，这手机不开这个打游戏比我老荣耀还卡，不知道是不是手机坏了，还是软件坏了，退了退了
暗影黑,16GB+256GB,3,不建议大家买，手机玩游戏温度太高
暗影黑,16GB+256GB,3,很容易发热
暗影黑,16GB+256GB,2,太烫了，而且wifi不行，打王者还不如几年前的vivo
暗影黑,16GB+256GB,3,包装太简陋了，到了盒子都烂了，还好手机没事，换新不定要等多少天，先用着看吧
暗影黑,16GB+256GB,3,手机买回来了，也收到了，但是买手机不带手机膜的吗？还要自己去买手机膜自己贴，这个我真是太无语了
暗影黑,16GB+256GB,2,小火龙名副其实，55度边框烫手。但是败家你的系统是什么鬼无程序运行需要8g内存。我买16g内存一半你系统给用了，如果我买个8g版本的是不是都不用开app玩游戏了全给系统用了
