银河战舰,8GB+128GB,3,手机很流畅，但是打游戏会变得非常烫
银河战舰,8GB+128GB,3,一般般吧
银河战舰,8GB+128GB,3,手机是有一些小问题的，不过毕竟主打性价比，不能要求那么严格，总体还可以吧
银河战舰,8GB+128GB,3,京东快递很好！骁龙888太热了，太烫了！冬天玩应该还行，是只要打游戏立马45度特烫，王者荣耀还是会有轻微掉，真的特别不舒服 ！
银河战舰,8GB+128GB,3,手机还不错  用着手感也还行  但是有问题  例如学校的校园网每次链接都会让输账号密码点了记住也不行之前的手机都会自动链接不用输，还有问题就是玩妄想山海他会卡屏幕  卡在加载哪里很久之前我用k30至尊纪念就不会有这个问题  还是有待改进 暂时就发现这么些问题
银河战舰,8GB+128GB,2,手机玩吃鸡地点标点点半天标本到
银河战舰,8GB+128GB,3,都不配耳机，我也是醉了
银河战舰,8GB+128GB,2,10号买的不送蓝牙耳机，不想给好评！
银河战舰,8GB+128GB,3,为什么没有耳机
银河战舰,8GB+128GB,2,吃鸡来一局打到决赛圈，手机屏幕就特别烫了能达到37&deg;以上，当时室内温度22&deg;。买错了错了
银河战舰,8GB+128GB,3,玩王者荣耀有时候英雄会不动卡住也没送耳机
银河战舰,8GB+128GB,3,充满电打王者2小时半左右就干了
银河战舰,8GB+128GB,2,还行吧
银河战舰,8GB+128GB,3,"说句实话。一分价钱一份货，就是2000
多的手机，最大缺点是费电！！！！！"
银河战舰,8GB+128GB,2,下载了几个应用，手就能感觉到热量，不愧是火龙888
银河战舰,8GB+128GB,2,这是新手机吗？？？？3月11日收到的货，那个2月25是谁在用？
银河战舰,8GB+128GB,2,感觉耗电挺快的啊，还有跑分没开gt模式是66w开了之后变65w了?????
银河战舰,8GB+128GB,2,"缺点
一.屏幕质量不高
二.待机和日常软件使用电池消耗不耐用
优点
一. 充电快
二.暖手宝"
银河战舰,8GB+128GB,2,就外观而言没有亮点，电池电量消耗快，拍照差劲，除了处理器一无是处。
银河战舰,8GB+128GB,3,电池不耐用，未开任何程序的情况下，待机两个小时，电量掉了5%
银河战舰,8GB+128GB,2,手机只能说一般，中规中矩，关键是电池不耐用，掉电快，省电模式下也只能勉强能撑一天，关键是realme&nbsp;GT手机好抢购，能让抢购的买家做一回真我
银河战舰,8GB+128GB,3,充电器占了三个位置，自带一个手感摧毁级别的手机壳，又厚又硌手又热，用久了怕不是史莱姆手感。游戏帧数够了，扬声器一般。
银河战舰,8GB+128GB,3,"外形外观：外观还可以只是后盖容易粘指纹
屏幕音效：音效也就那样
拍照效果：扫码就可以
运行速度：旗舰速度
待机时间：待机拉胯    电池续航拉胯
其他特色：不过充电速度的没问题的。但是我的跑分最高才70w，几次都是60多w，从来没体验过平均的75w。不知道是不是888都这么烫的，感觉玩游戏烫烫的"
银河战舰,8GB+128GB,3,"缺点：运行内存不足 假8G内存 耗电快 机身发热 不玩游戏基本半天一充 
优点：充电速度可以 半小时左右满电 扬声器音量大 屏幕小 适合女性使用"
银河战舰,8GB+128GB,3,手机拿回来，用了一天，有优点也有确点，优点就是充电快，反应快，缺点是屏幕不行，差的远。系统优化不行。
银河战舰,8GB+128GB,3,手机充电快，但是续航较差且发热严重。充电发热，玩游戏也发热，玩的时间长也发热，开着gt模式跑安兔兔，cpu温度能到58度，手机烫手。骁龙888目前来看，确实有点像810，翻车较为严重，后期看手机厂商的优化吧。
银河战舰,8GB+128GB,3,有一说一，续航充电无可挑刺，外观手感也还行，但是拍照真的不行，号称6400w像素，还没有苹果6s的1200w像素拍的好，画面噪点太多不够细腻，买手机还是不能只看参数，最好去实体店体验下
银河战舰,8GB+128GB,2,手机屏幕没觉得怎么样，用的挺好的。续航也还可以，充电也挺快，30分钟左右充满。系统挺好用，对于我来说唯一的缺点可能就是像素了，太垃圾了，拍出来有颗粒感，还有耳机也没给，说好的游戏礼包也没有。
银河战舰,8GB+128GB,2,"这个手机品控不好，也不知道是bug还是什么，录像的时候防抖功能也经常不能用。照相正常，但录像下面显示是一倍实际是二倍，详情看下图。防抖max可以用，但是摄像头就变成辅助摄像头了，等于说主摄像头不能用超级防抖。
上滑返回也不灵敏，快充确实快，但是亮屏一个小时，正常使用不玩游戏，掉20%的电，实属无语。"
银河战舰,8GB+128GB,3,"缺点     忍不了的是屏幕，护眼模式下色差太明显，特别是刷网页的时候，上端白色，中间和下面暗黄。低亮度下开了DC还频闪很明显。
耗电也挺快的，王者调到高hz就开始发烫明显，开了gt直接烫手根本拿不住。
拍照一般，晚上有光的情况下都拍的失真了，过于鲜艳，使用4天已经黑屏2次。
优点，颜值没得说，银色的很好看，背部特别粘指纹。充电非常快。"
银河战舰,8GB+128GB,2,手机速度还可以，太烫了，啥都不干，插上充电器，后面就很热，以前的x2边充电边玩看视频也不发热。另外充电充了30分钟，才从10+%充到了80%，我可能买了个假的快充，建议换机档可以考虑870了。
银河战舰,8GB+128GB,3,"怎么说，先说不好的吧。系统生态还有很大提升空间（可能是被MIUI和Flyme惯坏了），后摄拍照也有点拉胯，能扫二维码是真的，屏幕素质跟同档期同价位的手机比也经不住比较。
再讲讲优点，游戏优化模式和GT模式很棒。原神全拉满都能招架住。66w快充是真舒服，二三十分钟解决充电。自带的美颜功能也比较成熟，还有极为先进的3.5mm耳机孔。
最后 猛一看价格2799 那没事了 喷喷香给个三星中评。"
银河战舰,8GB+128GB,2,发热严重，不愧是火龙888，准备便宜出了
银河战舰,8GB+128GB,3,手机屏幕确实太拉夸了，屏幕色彩不纯净
银河战舰,8GB+128GB,2,我只想说  失望  朋友圈都打不开  网页也吃顿
银河战舰,8GB+128GB,2,拍照质量差劲，指纹识别就是样子货，真怀疑好评是咋来的
银河战舰,8GB+128GB,2,大家看我这样是可以直接退货吗？真的发热严重，耗电快，屏幕又小，跑分慢
银河战舰,8GB+128GB,3,已退，玩游戏确实很丝滑，从60贞到120贞，感官很明显。不过晚上拍照却很恼火，在灯光下特别模糊。还不如两年前的千元机。
银河战舰,8GB+128GB,3,手机充电挺快，但耗电也快，发热有点严重，还有bug王者荣耀重启，网络经常不好，辣鸡高通骁龙通讯真的不行，还有这个系统真的是一言难尽，后悔买这个。
银河战舰,8GB+128GB,3,还行吧  还没怎么使用  而且我才发现这是一个裸机  连一个耳机子都没有  之前为什么不说  不是说因为不带耳机而后悔去买手机  而是感觉受到欺骗  有啥东西有啥说啥呗 还整个官方配置  官方配置他么的没耳机啊？？？！
银河战舰,8GB+128GB,2,"发热太严重了，玩王者都烫手，烫手，烫手啊！！！
后悔买了，可惜不能退了，就这样吧，下次还是在买oppo还是要多考虑考虑
游戏空间太差，经常打开游戏不出现，或者延迟出现，一直在那里闪烁，不知道是bug还是什么，
还是那句话，发热严重！"
银河战舰,8GB+128GB,2,第一次用安卓机，第一感觉品控差，边框缝隙太大，A4纸轻轻松松就塞进去了，然后原厂膜下有两个黑点抹不掉，新买的钢化膜还没到就没斯掉看是不是异物还是屏幕有问题，印象最差的就是跑分作弊，当时看发布会说跑分高才买的，结果呵呵了，还有就是8G的运存，开机没打开任何软件只剩3G了，拍照就扫码这水平吧，续航发热一般般吧，就闪充还可以，希望时间久了别越充越慢就好了
银河战舰,8GB+128GB,3,不是我不想给好评，感觉一般。看别人都评价的天花乱坠，有人晒了评分76万多。我的这款真实情况是非GT模式跑分71万多点，GT模式开启，评分72万多点，达不到他们的实验75，差距有点那啥，截图可看，且屏幕和后盖发热简直媲美米1，大家懂得。我就想知道，你们的机器跑分时，手机不发烫严重？？？为什么没有一个人说的？？？跑分手机发烫的我看看有多少？？？感觉还没红米k40pro感受好呢(注这之前已经上手了，只是单手模式黑屏或闪屏给退了，害怕手机本身问题，现在是系统问题修复了)。AI评测竟然还没有两年前的华为p高，起码5.5万。其他暂时用用看
银河战舰,8GB+128GB,2,新手机电池健康度就只有百分之78真的好么。骁龙888发热真的大，稍微刷刷~就是55度
