青域,12GB 256GB,3,替同学买的，打游戏卡、闪退
青域,12GB 256GB,3,目前使用满意，外观也不错
青域,12GB 256GB,3,手机刚开就出现了58天前的通知欢迎我回来( ?&forall;。)什么意思，是别人用过了吗
青域,12GB 256GB,3,用一段时间再评
青域,12GB 256GB,3,电池电量下的快。
青域,12GB 256GB,3,外形外观：手感没有一加其他手机好
青域,12GB 256GB,3,发货很慢，手机很好
青域,12GB 256GB,3,一加8t屏幕不兼容，希望兼容一下
青域,12GB 256GB,3,待机时间：电池是真不抗用啊，充电是挺快
青域,12GB 256GB,3,耗电快，游戏体验一般，总体还行
青域,12GB 256GB,3,"拍照效果：超级一般的拍照


外形外观：还行
运行速度：快"
青域,12GB 256GB,3,手机易发烫，耗电快，挺失望的
青域,12GB 256GB,3,"外形外观：外观不错。
运行速度：运行快。
拍照效果：拍照效果好。"
青域,12GB 256GB,3,手机很不错，但是作为买了8p顶配的我感觉挺不舒服的
青域,12GB 256GB,3,"待机时间：续航有点崩，其他还可以
拍照效果：拍照也挺一般的"
青域,12GB 256GB,3,电池真差，没我2年前荣耀电池好用，别的还行。
青域,12GB 256GB,3,还行 系统bug特别多 屏幕不错 其他没优点了
青域,12GB 256GB,3,快递有点小久    收到货了第一次用一加手机感觉好不错   好不好看看用了几天才知道
青域,12GB 256GB,3,"待机时间：待机还行
拍照效果：拍摄一般
外形外观：外观不错
屏幕音效：声音太大了"
青域,12GB 256GB,3,下载速度还可以，就是更新好慢  用了一会手机有点发烫，拍照清晰度不够好
青域,12GB 256GB,3,"外形外观：直屏好评
运行速度：速度还行
吐槽一下这个发货时间，差了2个小时让我等了3天"
青域,12GB 256GB,3,"拍照效果：如旧&hellip;拍照的话换别的吧
待机时间：不玩游戏还好，玩游戏用电挺快
其他特色：好像是单卡的"
青域,12GB 256GB,3,辣鸡手机，一分钟用百分之一的电，用电的速度和充电都快差不多了
青域,12GB 256GB,3,手机一般吧，现在都感觉后悔了，充电这些还是不错的。打游戏也还行。
青域,12GB 256GB,3,手机不错，但我15号交定金19号付尾款，21号才发货22号到货，那我这预约有什么用呢？
青域,12GB 256GB,3,"外形外观：还可以
屏幕音效：中规中矩
拍照效果：还可以
运行速度：稍微慢点
待机时间：待机耗电"
青域,12GB 256GB,3,其他都不错，但是网络差的很。相同的卡相同的地方8T没得网，其他手机是有的。而信号却显示的满信号
青域,12GB 256GB,3,"屏幕音效：音开大点 共振明显
拍照效果：一般
待机时间：一般
运行速度：还行
外形外观：还行"
青域,12GB 256GB,3,"外形外观：还看得过去
屏幕音效：很好
拍照效果：可以
运行速度：快
其他特色：充电速度我是被惊艳到了"
青域,12GB 256GB,3,"外形外观：很棒
屏幕音效：很大声
拍照效果：还行吧
运行速度：挺快
待机时间：电池跑电挺快"
青域,12GB 256GB,3,"外形外观：好看
屏幕音效：屏幕有可能绿屏，但是能用懒得换
运行速度：还行
拍照效果：还行
待机时间：一天一冲"
青域,12GB 256GB,3,"外形外观：外观真的很漂亮，让人眼前一亮的感觉
屏幕音效：屏幕也很丝滑
拍照效果：个人觉得还可以
运行速度：快
待机时间：充电速度绝了"
青域,12GB 256GB,3,"直屏，快充好评。耗电明显比一加8要快，另外拍照如图，8T的高光压制翻车了，被8吊打
拍照效果：不如一加8"
青域,12GB 256GB,3,"一加，没得话说，
外形外观：在曲面屏横行的时代，有一款直屏手机，配置方面865现在已经满足大部分游戏了，第一次尝试一加这个品牌，希望不会失望."
青域,12GB 256GB,3,"外形外观：还行
运行速度：很快很流畅
待机时间：待机时间：充的快掉的快，感觉还没优化好，比我用了好几年的一加6还不如。 掉电太快，充电发热。"
青域,12GB 256GB,3,"外形外观：外观真的很好看 
拍照效果：拍照效果没有使我感到惊艳
运行速度：运行速度还可以
屏幕音效：屏幕音效还是很不错的
待机时间：待机会有明显的电量消耗"
青域,12GB 256GB,3,"外形外观：外观和realme一样的
屏幕音效：屏幕刷新率爱了
拍照效果：拍照就不吐槽了，表现很一般
运行速度：内存用的lpddr4x速度没5快
待机时间：一天两冲
其他特色：耗电快，发热严重。"
青域,12GB 256GB,3,"外形外观：八分 比较好看
屏幕音效：八分 
拍照效果：七分  超广角还可以
运行速度：八分 比较快
待机时间：六分，耗电比较快"
青域,12GB 256GB,3,"外形外观：拿到不惊喜，很普通
屏幕音效：还好
拍照效果：很不错
运行速度：有时候有点卡断
待机时间：还是可以
其他特色：没有什么特殊
总体来说还是很一般，买了3699也不优惠。希望京东平台多搞活动"
青域,12GB 256GB,3,"外形外观：外观还行吧
屏幕音效：屏幕看着也清晰明亮，色彩感觉还行
拍照效果：拍照效果感觉一般，没有想象宣传中那么好
运行速度：感觉没有前几代用的顺
待机时间：还可以
总体来说一般"
青域,12GB 256GB,3,"外形外观：做工可以小巧玲珑
屏幕音效：屏幕还行，就是不知道你们一加调色咋搞的太伤眼睛了。
拍照效果：扫码够用
运行速度：流畅不过系统暂时不习惯
待机时间：有点快
其他特色：我就是照着一加屏幕来的。
再体验一个月追评"
青域,12GB 256GB,3,"外形外观：还可以
屏幕音效：不错 立体感
拍照效果：一般般
运行速度：刚开始可以 可是没用两个星期感觉真的不好 网速有问题 晚上东西都关上包括移动网络6个小时耗10%左右 真的无语"
青域,12GB 256GB,3,"外形外观：还不错
屏幕音效：还不错
拍照效果：一般般
运行速度：还好
待机时间：不管用60 hz  120hz用电都快  充满电就可以使用屏幕最多4小时，后悔买了
其他特色：没特色"
青域,12GB 256GB,3,"外形外观：外观整体还可以，简约大方，为一缺点不是曲面屏
屏幕音效：画面质感都不错，杜比音效很好的
拍照效果：拍照有个时间延缓，拍视频也是同样，相对逊色一点
运行速度：运行速度蛮快，刷新快
待机时间：耗电太快，晚上啥也不干能掉10格"
青域,12GB 256GB,3,"运行速度：很快
待机时间：垃圾
外形外观：挺好终于到手了，好长时间了，这个手机待机时间太短！！真的要带个充电宝！"
青域,12GB 256GB,3,"屏幕音效：声音挺不错的，双扬声器表现不错
外形外观：轻薄流畅
运行速度：865足够日常使用
待机时间：待机有点拉胯，手机放着不用电量下的也很快，可能是屏幕的原因
其他特色：线性马达震感真的不错"
青域,12GB 256GB,3,"性价比无敌，我所用过的最流畅丝滑的手机，屏幕也很牛批，对比了一起到手的华为v40,想了很久还是把v40给退了。但是有一个很美中不足的地方是续航有点尿崩，我由于工作原因很注重续航问题，因为这个原因也一直在犹豫，不过最后还是把这台手机留下来，希望1+越做越好，解决电池的问题我的下台手机还会选择它。"
青域,12GB 256GB,3,"华为转一加，以下对比相对于华为而言
优点:绑定软件不多，基本可以卸载；屏幕不错，丝滑；性价比高
缺点：接受信号不如华为；有些app如知乎打卡会卡住；优化不太行；有些设计不尽人意，如指纹灯太亮，夜晚刺眼；打开120hz掉电快，
综上，比上不足，比下有余，想体验一加产品的，可以尝试入手。"
青域,12GB 256GB,3,只能说勉强，可能是我之前用的手机不是一加吧，上手体验不是那么友好，该简洁的地方不简洁，不该简洁的地方给你阉割了。而且他比较适合男孩子用，女孩子想把手机装饰得漂漂亮亮的就慎重考虑下吧。性能上还是可以的，足够用。这个后背的颜色跟照骗上差距还是有点大啊。其它东西用一段时间再评论吧
青域,12GB 256GB,3,电量优化方面和华为不在同一个水平线上，5000mA还不如3500mA耐用
青域,12GB 256GB,3,拍照效果：不咋滴，不清晰拍的
青域,12GB 256GB,3,有的时候信号不是很好
青域,12GB 256GB,2,外形外观：后盖有裂缝
青域,12GB 256GB,3,商店搜索用不了
青域,12GB 256GB,2,续航不行啥也不是
青域,12GB 256GB,3,运行速度：有点卡
青域,12GB 256GB,2,没有没有转接线
青域,12GB 256GB,3,手机套说是DIY选都不让人选，客户一点不尽职
青域,12GB 256GB,3,海腥味嘎嘣脆，！？海腥味嘎嘣脆，！？
青域,12GB 256GB,3,有一款软件点进去打不开，一直卡，
青域,12GB 256GB,2,包装简陋，箱子收到时有破损，送货速度慢
青域,12GB 256GB,3,有的银行APP居然不支持这款手机？
青域,12GB 256GB,3,待机时间：有点短
青域,12GB 256GB,3,电池一点都不耐用，其他还好
青域,12GB 256GB,2,电池续航差，比我的一加5还差
青域,12GB 256GB,3,感觉就是用电有点快。
青域,12GB 256GB,3,拍照效果：拍照一般，相机还时不时会闪退刷机都不管用
青域,12GB 256GB,2,本来用着很好，这两天开始短信会延迟五到十分钟才能收到。
青域,12GB 256GB,2,手机死机，接打电话信号弱，还伴有噪音！
青域,12GB 256GB,3,你们觉得分辨率怎么样  用着眼累不累
青域,12GB 256GB,2,bug机子。。***二维码发qq都能卡机3次。666
青域,12GB 256GB,3,手机外放功能震动厉害，语音助手不灵敏，其他尚可
青域,12GB 256GB,2,卡针都没有?
青域,12GB 256GB,2,快递是真慢
青域,12GB 256GB,2,使用不友好
青域,12GB 256GB,2,5g网速的信号，还不如我4g的信号啦，在家没网
青域,12GB 256GB,2,"外形外观：好看
屏幕音效：以 
拍照效果：太差了
运行速度：完美"
青域,12GB 256GB,2,质量不好，反应慢有点卡机，有时发热
青域,12GB 256GB,2,这机子声音系统有问题  别的都好  就是不知道咋联系人工客服
青域,12GB 256GB,2,感觉一般，系统优化程度很一般，操作感不强
青域,12GB 256GB,3,第一次在京东上买手机，该怎么说呢，买完没几天，就加送手机壳，而我没得，该说啥好呢。过分了啊！
青域,12GB 256GB,2,拍照效果：拍照效果差，特别是前置，视频不忍直视，其他还可以
青域,12GB 256GB,3,不怎么好用   性能一般
青域,12GB 256GB,2,震动大，播放视屏，拿着手机，后盖处震手
青域,12GB 256GB,3,"19号第一次买开关机键不好使  说能换没给换  
等20天才买到又不能分期"
青域,12GB 256GB,3,感觉还没我以前那个手机好，打王者技能老是点不出来。
青域,12GB 256GB,3,为什么玩游戏不是全屏的，前置摄像头上面的是黑屏。
青域,12GB 256GB,3,打游戏时，触摸屏有时会滑不动，不知道咋回事。
青域,12GB 256GB,2,看电视要不小屏播放  要不全屏没字幕  66666  不想给好评
青域,12GB 256GB,3,"屏幕音效：玩吃鸡屏幕会一闪一闪的,感觉连90都没有"
青域,12GB 256GB,2,"待机时间：不用的时候电量掉的很快
其他特色：五天时间发货，一天就到了"
青域,12GB 256GB,3,系统真的不行。
青域,12GB 256GB,2,"网络贼卡，照相贼差
打游戏老是网络不稳，"
青域,12GB 256GB,3,不针对经营店我就想知道是哪个250设计的手机充电孔居然和耳机是一个服了
青域,12GB 256GB,3,系统说是简洁，说实话算是简陋，好多东西都没有，居然还有bug，拍照出来图片照片大量马赛克，不知道是不是系统问题。
青域,12GB 256GB,2,解锁不顺畅，没我两年前买的手机方便，还不支持防窥膜
青域,12GB 256GB,3,为什么手机不能全屏播放啊 手机两边有黑边 好难受啊
青域,12GB 256GB,3,其它的先不说，蓝牙耳机都搜索不到，耳机是没有问题的，那就是手机的问题了
青域,12GB 256GB,2,耗电真的快，不用，一晚上，没开后台都耗电5%
青域,12GB 256GB,2,耗电快，屏幕经常卡死，动都动不了，拍照只能说一般
青域,12GB 256GB,2,手机收到用了两天才来评价的，收到后有划痕，虽然不知道是怎么回事，但还是有点小遗憾。
青域,12GB 256GB,2,啥都好，就是别人发短信过来没有声音，还有就是打游戏开语音后游戏的声音会很小
青域,12GB 256GB,2,使用四天，死机4次，重启2次，变砖1次，我可能中奖了&hellip;&hellip;已退货！
青域,12GB 256GB,3,手机一般，不知道为什么没有卡针，还有就是没有达到预想中的那么多好，等的时间有点长，预售是不是商家的套路这也不知道！
青域,12GB 256GB,3,充电头接口搞成type-c有什么意义？给充电头充电吗？各种不方便
青域,12GB 256GB,3,设置一次虚拟按键后就卡死。要重启才能正常。之后还是一下卡死。是系统问题还是机子问题？
青域,12GB 256GB,2,优点就是屏幕好，缺点就是打游戏的话就算了，发热及其严重&hellip;
青域,12GB 256GB,2,觉得一般  手机用了四个小时就没电了  配件才送了一个充电头  数据线   其他的什么都没有了
青域,12GB 256GB,2,一拿到手机，还没有开机，先检查外观是有瑕疵，这运气应该是万中挑一了吧，为什么不中彩票
青域,12GB 256GB,2,其他特色：软件bsu比较多，qq飞车有时点了右转向轻开后还是按下的状态，不停转圈，要我怎么玩
青域,12GB 256GB,3,应该是系统问题吧相机偶尔会画屏，按照客服的清了缓存重启后还是偶尔会出现，凑合能用吧
青域,12GB 256GB,2,连接蓝牙耳机，耳机没声音，蓝牙耳机连接别的手机有声音，唉！等在换个蓝牙耳机试试吧
青域,12GB 256GB,2,只能用半天，手机没干什么就发热明显。其他还好。充电需要1小时才能充满。
青域,12GB 256GB,2,感觉功能还是不如华为。不能插耳机，也没有红外线遥控。唯一的优点就是就内存大了点，
青域,12GB 256GB,2,用了不到一个月，系统居然蹦了。然后只能刷机格式化重启。我所有数据都丢了。有一句m&hellip;&hellip;想讲。
青域,12GB 256GB,3,感觉一般吧，加了几十块买的带壳的套餐，刚买了两天，人家送壳了，其中滋味，自己体会吧
青域,12GB 256GB,2,说实话这手机打次鸡或者总是间接性出现断网情况，就玩着玩着突然回到五秒前那种！我玩几个月了，总是解决不掉这现象，不知道到底咋回事，充电挺快，半小时满。
青域,12GB 256GB,2,手机目前用着还行，快递是真的一言难尽。首发预约，15号订金，19号尾款，结果22号晚上9点才出库。
青域,12GB 256GB,2,待机时间：待机时间不行，电话要一天冲两次，我还没有玩游戏，就接打电话，比我用了两年的华为手机还差，能退货吗？
青域,12GB 256GB,3,用了几天了   其他方面都还好吧！ 就是这个手机的耗电量和手机网络不好意思了实在是不太烂了的话题需继续改进
青域,12GB 256GB,3,外观精致 屏幕惊艳 性能卓越 美中不足的是把苹果的静音键抄过来了。没啥作用
青域,12GB 256GB,3,"屏幕音效：幕感觉不清晰  音质 好
其他特色：系统太烂了，各种应用重启
运行速度：快
外形外观：一般"
青域,12GB 256GB,3,"运行速度：流畅
外形外观：一般
屏幕音效：一般
拍照效果：差
待机时间：耗电太快
其他特色：总体而言，并不是那么优秀"
青域,12GB 256GB,2,刚刚体验了半个月，就是手机其他性能还好，那个摄像头突然不能使用，关机后从新开机才能使用，是啥原因，客服也不说
青域,12GB 256GB,3,"运行速度：一般
屏幕音效：一般
其他特色：刚回来就出现两次黑屏
拍照效果：差
外形外观：不太理想
待机时间：一般"
青域,12GB 256GB,3,用的挺流畅，就是看***，或者耍游戏偶尔闪退，不知道怎么回事。偶发性的不知道其他买了一个手机的有这种情况出现没。
青域,12GB 256GB,2,"外形外观：可以  后盖玻璃今年的确实比往年的要好
没有那么容易沾染指纹。
屏幕音效：还行
拍照效果：一般
运行速度：还行
待机时间：还行
其他特色：网络不好还不如我的一加7t"
青域,12GB 256GB,2,用了一段时间才来评论，为啥吃鸡的时候，会一帧一帧的卡，一加载东西就掉帧，有个人就卡一下，是系统优化不好吗
青域,12GB 256GB,3,手机也还行，电池小了点待机耗电一晚上百分十多点，闪充快也还行，系统就太辣鸡了，下个企信安装了很多次，就是打不开，连个企信都用不了的辣鸡系统顿时觉得这个手机掉分一半
青域,12GB 256GB,2,不知道你们拿到的怎么样，但是我拿到的打游戏开的增速不高，但是发烫特别严重，5个小时没有开网络 ，掉电10%，除了续航和电池，其他都还行，现在已经申请售后了，看怎么处理吧。
青域,12GB 256GB,2,"小厂手机，做工不咋地，手机屏和边框贴合有瑕疵，
性能方面，卡倒是不卡，水桶机，拍照有点拉垮，"
青域,12GB 256GB,3,手机是个好手机，但不适合作为主力机。大圆角，挖孔，多而无用的摄像头，使用时握持手感差，滑动流畅但很慢。忘记初心，系统臃肿
青域,12GB 256GB,3,"我上个月2月22号下单，24号开始发货，25号到小镇上面，送货员3月2号才送到我那里。
就只有裸机和数据线，充电器，其他什么都没有，耳机都没有一个。
手机才刚开始用，我用一段手机再来评价，我感觉电不怎么经用"
青域,12GB 256GB,2,说实话没我想象的好，指纹解锁要好几次才可以，打游戏也卡，还没我以前一千多块钱买的手机好。玩吃鸡团队竞技都打一半了，我才进去。有时候复制粘贴也有问题，QQ复制到微信粘贴不行，有时候又可以，淘宝***址到美团也是，有时候复制不了，有时候又可以。
青域,12GB 256GB,2,感觉不太好，QQ朗读功能一直闪屏，用分屏的时候，上下拉分界线会出现卡屏现象，玩王者荣耀，用WiFi的时候，有时候会出现断流，延迟差不多一分钟才进去，
青域,12GB 256GB,3,没有想象中好，外形外观不在自己审美，太厚了，后面整个是弧度设计，包了一层，塑料感好强音效也没那么好。充电头真的太大了，有点重。朋友疯狂推荐推荐购买的，可能是其他性能好吧。
青域,12GB 256GB,3,用了几天了，其他各方面都还不错，主要有两点，一个是电池太不耐用，每天都要充两次电，一个是容易发热，运行软件多的时候很容易发热，降温也很慢
青域,12GB 256GB,2,"外形外观：一般般，没有亮点
屏幕音效：不错，没什么毛病
拍照效果：一般般，不及同价位其他手机拍照效果
运行速度：很快，毕竟是，865处理器，12g运行。
待机时间：掉电是真快，一晚上什么也不做都掉20%,我严重怀疑是不是4500的感觉就像3000的电池。充电很快但不要拿充电说事，人在外面不是什么时间都可以充电的。
其他特色：这次8t很失败，特别是电池。"
青域,12GB 256GB,2,系统很流畅，但是bug太多，视频会自己挂断，还经常接不到，自动杀后台，切换应用后就切不回来，必须重新打开软件，有些失望，一加配置不错，但是系统实在是有点差强人意
青域,12GB 256GB,3,诶，反正我用的问题多，就有些app用来看视频的时候，突然被其他app打扰了，被切换了，等处理其他app回来后，发现只有声音，死活找不到视频在哪，只能重新进去，但一旦又有这种事出现，艾玛，又进死循环了，鬼知道啥问题，有声音，没视频，也是见了鬼了。不过有120的屏幕刷新率，还是挺舒服的
青域,12GB 256GB,3,用了也有一个月了，总体来说不是很好，手机后台总是自启软件，根本就关不上，一开始充电速度的确很快，现在不知道是什么原因，充电速度也慢下来了，手机电池也不抗用，基本一天需要充电两次，手机屏幕还总是有卡顿和抖动，本来觉得一加手机很好的，现在感觉很失望
青域,12GB 256GB,2,"首先这个机器需要先预约，然后抢购，抢购后，还需要等大概5天的时间。其实我之前就是用的一加5t，感觉不错，最近刚刚丢了，才入手的8t，但是这个购物体验是真的差！我觉得如果不是小米今天发布11，我24号下的单也不会今天才收到，有可能到了31号才行！
再一个就是屏幕有坏道！已经申请售后！说好的一块好屏了？不过就是产品缺陷也难免吧！哎！
电量也下的比较快"
青域,12GB 256GB,3,"1、轻薄，贴心，机子送过来是贴好膜，送手机套。
2、系统不够小米好，举个例子，长按APP，无法分享，小米可以。
3、手机掉电是快。一早大家都充满电，小米6搬家到8T，但8T掉电多过M6。
其他慢慢探索，转阵营主要是小米现在没轻薄旗舰机，都是砖头机"
青域,12GB 256GB,2,用了一个月来点评了，手机挺好看的，刷新还行。就是偶尔会自动关机重启，重启后会卡一下机，应该是系统有冲突。本来刚买的时候，以为是误触，结果不是，想退也退不了了，将就着用吧。其他问题不大，能接受就可以入手，
青域,12GB 256GB,3,用了半个月，才进来评价，这样体验更深些。怎么说呢，一加的硬件确实可以，但系统就一般般。我拿到手里用安兔兔测试也就55万分。而且只有60Hz/120Hz可选，没有90Hz，耗电也很快。还好是65w快充，要不就是差评了。系统说是简单，其实就是简陋。。。早知道买ace2高配版了，当初选8T就是因为这个青域色，而且确实不怎么沾指纹。
青域,12GB 256GB,3,也用了有一段时间了，新入手的新鲜感已经消磨殆尽，唯一满意的点就是系统精简，然后就是屏幕偶尔失灵，NFC偶尔失灵，游戏闪退，，偶尔自动关机，，偶尔没有声音，出现过一次无法接听电话，打电话正常，设置正常，就是电话进不来！
青域,12GB 256GB,3,"外形外观：还可以
屏幕音效：屏幕很不错，音效不行
拍照效果：两颗凑数镜头不讲究
运行速度：顶配还是很流畅的
待机时间：最差的就是待机时间，耗电是真的快，不过充电也快
其他特色：总体来说还行，两大缺点：一是两颗凑数镜头，要么就不要上提升其他方面，要上就整个差不多点的，不将就变不讲究，永不妥协还是妥协了；第二耗电是真的快，不知是系统的问题还是怎么回事，什么都不开一晚上掉电百分之12，这待机还不如我用了四年的旧手机，刚拿到手就反映过了，至今没有优化，很失望。买了两台一个中评一个差评吧"
青域,12GB 256GB,2,"外形外观：还不错   青色的还蛮好看
屏幕音效：一放歌后背都在颤  音量越大抖的越凶  最大音量有点震手  这点有点不满意
拍照效果：不是很好  但也无所谓
运行速度：很快  到有些第三方应用没法高刷
待机时间：好棒   一晚上才两格电
其他特色：系统没那么难用   第一次用一加倒是没觉得难用就是有几个缺点希望改善
1.  晚上一打开手机锁屏页面就特别特别亮，进入主页面就特别暗  （开不开自动亮度都一样）希望改进一下。
2.人脸识别有的时候他不识别  有的时候过分灵敏  你们可能不明白我说的是什么，用过的人应该懂。（不识别的时候得手动点识别笑脸他才解锁，而有时候离手机好远都们解锁，戴口罩也能解锁。）其他也还行  一些小问题也不想再打字了反正也没啥好用  我并不打算退  因为总体可以的。（心心念念一加好久了）"
青域,12GB 256GB,2,"屏幕音效：怎么说呢，都还行吧，充电速度可以，36分钟充关机到100,屏幕还行，感觉挺好的一块屏幕，一天不怎么用手机，电量也没了，一天一冲吧，玩游戏的不知道了，这几天忙，都没空玩游戏，没测&hellip;蓝牙不怎么行啊，不兼容！之前一直用的蓝牙耳机，5.0的！也是才买来用没多久的蓝牙耳机，可以连上，就是没声音，问了客服，说这是兼容的问题&hellip;&hellip;&hellip;可我一直用来着的蓝牙耳机，这就不兼容的了，说实话，有点小郁闷！这又要花钱买过一个了&hellip;&hellip;&hellip;"
青域,12GB 256GB,2,"外形外观：看上去就普通青色，在边看带点蓝。
屏幕音效：音效一般,声音一边大小，音质普通
拍照效果：拍照一般,不是用来经常拍照就够用
运行速度：运行感觉没什么也就那样
待机时间：待机时间是真的差，我还特意用了两天才过来评价的，一晚上待机掉6,7度的电，用电也快、刚拿回来的时候开机开始玩半个小时用了差不多20度的电。
其他特色：感觉现在的一加手机越来越一般了，我是1加5换的一加8，一加五用了三年了都不卡顿很好用，就是电池不耐用才换的一加八，这次一加八给我感觉不那么惊艳，还有一点就是京东等了一个星期一直都在采购中也不知道干嘛的，也不说什么时候发货一直在等有没有一样的。"
青域,12GB 256GB,3,"外形外观：漂亮，手感舒适
屏幕音效：屏幕舒服，音效的话声音高了以后手机后壳中间位子嗡嗡的响，振手
拍照效果：满意本人对拍照没要求，但是相机放大以后画面会自动飘
运行速度：速度比较快
待机时间：没我旧手机电池耐用，一晚上待机掉电10-15%左右，经过几次系统更新，100-99%相当耐用，99之后那就像流水哇哇的掉，4500的电池就这样有点说不过去，看后续吧
其他特色：这配置没得说，比较价格在这。体验上系统氢是真轻，精简流畅，精简的系统省事了，但是人却手忙脚乱的翻手机找。有些不方便，系统。比起我用的其他手机系统，人家添加了好多方便的应用功能，手机依然流畅。我觉得现在手机系统应该是用起来快捷方便。另外这手机拆开以后左上角出现的东西有点膈应人，11.1日买的至于翻没翻车已经不重要了，8号早上9点电量满的情况下自动关机了一次，另一个就是手机后壳中间部位用手指弹有空壳的感觉，用到现在不满意的地方主要是硬件上有点犯怵，后续看情况吧第一次用一加的产品，品吧，慢慢品！"
青域,12GB 256GB,3,"看视频，问题1、桌面系统应用文件夹，点进去后正常应该显示应用程序，但是啥都不显示！盲点相应位置还是会进入程序问题2、上滑正常应该显示全部应用程序的，却空白一片，也是盲点也会进入相应程序！
声明一下：重启，恢复出厂，试了几次要不到多久还是会出现相同问题！已经申请换机了！"
青域,12GB 256GB,3,第一次体验一加，开了机没上手，没有眼前一亮的感觉，一般般。这还没有用，用完以后再评价手机，值得吐槽的是充电器，双向接头有个**，我在车里怎么充电？用充电宝怎么充电？一点不实用。反向充电只是一个噱头，再说还不知道技术成不成熟，对手机有没有伤害。建议是传统充电器，另外配一条双向接头数据线。
青域,12GB 256GB,3,"从华为转一加，综合使用几天，各项功能浅尝辄止的体验一遍?说下真实感受
外形外观：后盖颜色与想象中没有太大差别，握持感非常好，屏幕尺寸大，感觉对不玩游戏的最合适握持大小在5.8到6.25之间。

屏幕音效：屏幕为了省电关闭120赫兹高刷，这块屏幕一直是宣传点，显示效果的确不错，但体验也没想象中好，原因是系统没调教好，开启护眼模式下，每次一开屏还是会有短暂时间不是护眼模式，有个过渡，从冷色到暖色每次这样很不舒服。

拍照效果：还可以，一般水平

运行速度：很快

待机时间：这点真一言难尽，没升级系统前感觉买了假手机，不是4500毫安，一加旗舰该有的续航水平。升级系统后好了很多，但为了更好的续航，关闭了120赫兹高刷，关闭5G网络，电池优化了很多应用，关闭了屏幕长显，为了省电丧失了很多体验

其他特色：优点：1_超级快充是真的猛，65瓦不是盖的。
2_震动反馈很真实。
3_双扬声器还可以
缺点：1:系统刚转来没用习惯，暂时没觉得多好，也说不上坏，需要适应
2.没有呼吸灯！关闭屏幕长显后，只会在通知时亮一下，这&hellip;？？？？充电，通知，都没直观体验啊
3&hellip;多任务窗口时，看不到自己运存使用情况"
青域,12GB 256GB,3,垃圾相册，加载慢的要死。
青域,12GB 256GB,3,拍照效果：太差了
青域,12GB 256GB,2,包装盒拆的非常不方便
青域,12GB 256GB,3,手机不能分屏，耗电量太快
青域,12GB 256GB,2,屏幕显示不完全 客服对待问题态度消极
青域,12GB 256GB,3,其他特色：打游戏断流严重啊！特别影响手感。
青域,12GB 256GB,3,玩完游戏以后，手机变的特别卡，12g不应该啊
青域,12GB 256GB,3,放音乐的时候感到后盖震动非常明显，不知道有没有毛病。
青域,12GB 256GB,3,发热比较严重，按理说新手机不会发热那么严重
青域,12GB 256GB,3,其他特色：他都好 发烫有点严重 声音开大了会有明显震动
青域,12GB 256GB,2,真的很一般
青域,12GB 256GB,3,换机很麻烦
青域,12GB 256GB,2,不好用，手机很容易闪退，手感也没有那么好
青域,12GB 256GB,3,没有耳机，差评
青域,12GB 256GB,3,系统太难用了
青域,12GB 256GB,3,刚用半个月手机电池就出问题了，已经申请换新，希望再别出什么问题，伤我这个1+粉的心了
青域,12GB 256GB,3,手机里的***被设置过 急用懒得退了 ***真名不虚传
青域,12GB 256GB,3,手机屏幕显示度不好，图片不清晰，退了买一加8t...........................重
青域,12GB 256GB,2,外形挺好看，问题不说别的，就这个信号特别的差，很不满意
青域,12GB 256GB,3,失望了：有个小点。直屏真的是用过曲屏。为什么会有一点呢，给个答案？
青域,12GB 256GB,3,其他特色：发货速度真的慢，等了一个星期没任何消息，问了客服才说再等几天。不问就一点反馈也没有，就离谱。
青域,12GB 256GB,3,商品实在一般，王者不打团帧率都能掉到70左右，还有王者吃鸡振动电流声很不舒服
青域,12GB 256GB,3,手机bug，比我的一加5t还要多，发热也比5t严重，之前一只用华为mate30pro，感觉这个手机变味了
青域,12GB 256GB,3,一加手机第一次用也是最后一次用了，太让人失望，耗电快，拍照效果极差，
青域,12GB 256GB,3,卡死了，打游戏触摸屏幕半天，就是没反应，非常糟糕的体验，想退货
青域,12GB 256GB,2,手机属于傻快第三方软件会掉帧，待机耗电厉害。拍照很一般。有时候会卡一下。
青域,12GB 256GB,3,第一次用一加手机，用着很流畅，就是信号太差打游戏老是460，以前用华为从来没有过
青域,12GB 256GB,3,感觉不是正品，电量用起来也太快了吧，半天就没电了，跟我用了两年的旧手机一样
青域,12GB 256GB,2,"发热异常严重续航有点崩,双扬声器背部面板震动严重，线性马达大大的好"
青域,12GB 256GB,2,当初就是看评价才买，结果这手机耗电不是一般的快而且还运用各种卡滞。网络更是差的一塌糊涂，真不知道哪来的好评那么多
青域,12GB 256GB,2,运行速度：真不知道这11系统有什么用，打个游戏卡的要命865还不如845流畅，还有很多APP装不上
青域,12GB 256GB,3,看电影电视有很多时候进不去，要退出在进去才行，游戏很流畅，整体来讲一般
青域,12GB 256GB,3,待机时间：怎么说呢，耗电很严重，电池像二手的一样，偶尔会开软件会卡死，系统不算稳定，电池给人印象特别差
青域,12GB 256GB,2,"手机盒被摔过，手机上面全是指纹，估计是个退换货
其次指纹怎么也录取不了，每次快录取好了就直接显示指纹错误&hellip;&hellip;然后一下子闪退"
青域,12GB 256GB,2,使用8天了，真实评价，像数真心不高，拍照时居然对焦不了，系统有些卡，有时接触不大灵敏
青域,12GB 256GB,3,信号太差，同一个位置坐着玩手机，别人用华为手机有信号，我的新手机一直在转圈，网页都打不开。
青域,12GB 256GB,3,给我姐抢的，说刚用在登录账号的时候就有一点点卡，然后第二天和我视频的时候还出现了卡到看不到人，不知道是什么情况，另外耗电也有点快，后台总是马上就清理了。再等几天，如果还有问题就打算申请售后了。
青域,12GB 256GB,2,感觉不咋地这手机，有的小软件进去了也会卡着，点不点屏幕都会没反应，而且有的进去了还会卡了退出来，差评
青域,12GB 256GB,2,用了几天 整体速度比较快 但是会有短时间死机的情况??? 卡顿已经出现四五次了 听朋友说网上都是二手的 也不知道真假
青域,12GB 256GB,2,很容易形成大量缓存和垃圾，系统占用内存较大，且QQ里的小程序容易闪退，要求重新进入。手机壳和钢化膜还要另买。
青域,12GB 256GB,3,我把8t想的太好了，连最基本的好感都没有了。真的是太沉了，不如5t。而且好多软件感觉支持的不好，没有想象的那么好。
青域,12GB 256GB,2,体验感很差，感觉还没有一加8好用，入手不到半个月，经常卡屏，运行速度也不是很流畅，总体就是差
青域,12GB 256GB,2,第一次给发个问题机，换了台新的。用着都很顺畅，其它都满意。买个壳套装那个，想知道这种壳有啥用？从床头柜那么点高度掉下来，后盖碎完了！失望！
青域,12GB 256GB,2,用了一段时间才来评论的，打游戏手感是真的差劲，动不动游戏就不走了，而且这手机还没用一个月，就出现了闪退
青域,12GB 256GB,2,第一次使用直接裂开了，校园网连不上，学校的软件不能用，我同学华为，小米别的手机都可以就一加特殊，三千多买了个不能用的手机，吐了
青域,12GB 256GB,3,垃圾手机，我朋友的旧手机扫码特别快，我。。。扫半天，扫了快半个钟，拿近才扫上的，她问我这不是你新手机吗，我好气。。。。特意来评论
青域,12GB 256GB,2,"说真的很失望，用了半个多月了，体验感真的很差劲。
屏幕音效：屏幕就不说了，经常卡顿出现小屏，
运行速度：系统也经常出现卡顿现象。"
青域,12GB 256GB,3,没有手机一自带主题，设置需要通过第三方软件下载，而且超级麻烦，桌面图标字是白色，设置背景图后完全看不清
青域,12GB 256GB,3,拍照效果不好，颜色失真，2个手机拍照对比，差好多，第一张是iPhone 6s拍的 第二张是8T拍的效果，地板拍出来都惨白.不想要，说试用了 就不给退了。想拍照效果还可以的，慎重
青域,12GB 256GB,2,手机用到第5天过后吧，掉电特别快，拔掉充电器，1个小时就能掉10%的电，还是在我什么都不做的情况下，送回去检测说没问题，又给我返回来，我真的是醉了，我建议多看哈，谨慎选择，现在也还不能给我处理满意，我就等着。。。看好久给我处理满意到
青域,12GB 256GB,3,系统流畅性很不错，就是信号太差了，不知道是不是只针对我的电信卡，一旦到地铁或电梯，数据流量开着，就开始发烫，而且耗电极快！希望这是系统问题，要不然真的后悔入一加了！！！
青域,12GB 256GB,2,"手机也就那样，没什么特别的！
两处明显短板：
1 ，一键锁屏都没有，几十k的软件，不会做一个？总比双击强！
2，验证码的事，别的手机直接复制粘贴就行了，你的要手动！差！也是要自己搞定！差！"
青域,12GB 256GB,2,不知道是不是5G技术还不太成熟的缘故，还是硬件设计不行。网巨卡，连接WiFi还老掉，作为一加三就开始用的老用户来说太失望了。没有网速，你的那些处理速度什么对我来说都是扯淡。体验下来就是卡顿。看视频卡，玩游戏卡。你们厂商自己去和华为硬件设计师的沟通吧，兼容性对我来说太失望了。让我白白用了那么多的流量，现在又换成老6了。希望还能再坚挺个半年
青域,12GB 256GB,3,第一次感觉有点亏。1月1号才收到的手机，因为平时都习惯睡觉充电，结果醒来一拿手机发烫的，而且手机因为发烫自动关机了。第二次放一整晚充也是一样，所以后面我都是白天充电充满拔掉。拖着拖着也没找客服，今天相机出现自动退出，连续点几次都一样??可惜没有录到屏。待再次有再补上。朋友用的一加7T用的挺好推荐我买一加的。。。现在我内心有点奔溃啊
青域,12GB 256GB,3,"外形外观：外观一般吧！没太出色！
屏幕音效：看不习惯这个色温！
拍照效果：一般！不好也不算太差！能扫码就行
运行速度：处理器在哪里放着，还可以的
待机时间：一般！耗电快！充电也快！
其他特色：没有什么大特色！从一加一开始关注，买的一加三，现在还在用！但这次买的真失望?，ism卡里的联系人竟然不导入卡里不会显示，联系人也不可以保存的卡里！不知道是系统问题还是手机问题！这种品质还搞饥饿营销，问客服也解决不了问题！想把手机退了！"
青域,12GB 256GB,2,从元旦买回来已经过去一个多月了，说说体验感受吧！果然一分价钱一分货，一加八T相机是真的差，照片模糊不清，当然买这款手机也不是为了拍照，冲着他的120刷新率，冲着他的游戏性能去的，偏偏出现的问题就是玩王者出现过两次无理由黑屏闪退，一次原地卡屏几秒后闪退，当时原地爆炸，气死了，看网上说一加手机好，第一次就出现这种情况，以后再也不买一加手机了
青域,12GB 256GB,3,"整体使用感觉还是很好的   但这手机的待机就不得不吐槽一下了
待机时间：平常待机 网络后台应用全部关掉 一两个小时尽然能掉百分之5的电，这是不是太虚了点呀？而且我的屏幕刷新率还是60hz的了。感觉电量都不耐用呀。"
青域,12GB 256GB,2,说实话，产品两分不过份，我上一个用的是7p，如果用惯了7p在用8t非常不习惯，全屏不全屏app会在刚进入的时候半屏，完全进入的时候全屏，玩以前的游戏，竖着的情况下上下全有空缺，app和手机兼容性很差，用一加搬家，手机里突然多出来一万三千多不是我的照片，我媳妇看完手机，告诉我，杠精不能买，矫情的不能买，总结完毕，后续使用问题，再来追加评论！
青域,12GB 256GB,2,"外形外观：中规中矩 实物其实绿色泛白像那种塑料被高温烫了一下的泛白 再说就是厚度 这手感真的不怎么样 就很塑料感 也很厚
屏幕音效：屏幕还行 但肉眼上也没感觉比其他品牌好到哪里去
拍照效果：真的很一般
运行速度：12+256 新机要是运行速度都不行 那说不过去了  
其他特色：系统真的可以用垃圾来形容 用了几代flyme 这个氢Os真的是被秒成渣 各种UI不人性化 与软件兼容差 全面屏上面一道黑 最搞笑的负一屏 你往下滑 顶部那一道我还以为是Bug 里面的快递动态也是垃圾 绑定了同一个号码 我十几个快递在路上 竟然一个都显示不出来 而flyme就一点问题没有 真的是垃圾 恕我直言 氢Os真的垃圾"
青域,12GB 256GB,2,"外形外观：做工还凑合，外观看起来不够大气
屏幕音效：屏幕没有宣传的好，没看出所谓的顶级屏幕效果
待机时间：确实费电！可能是系统不完善，隔三差五的就会推送升级。
拍照效果：短板，身边在同价位手机里，没见过比这拍照还差的手机
运行速度：客观讲，因为不玩游戏，就聊天、看新闻、购物，速度够用
其他特色：10月19日直播间抢到的，还抽中了奖品，各种截屏、信息都及时提交了，当时也说发货，不过到现在五十多天了也没收到。期间多次咨询客服，回复要三十个工作日内发货，不知道10月19日到12月13日够不够30个工作日？反正客服是各种推辞，好吧，奖品也不指望了。这是第一次买一加产品，应该也是最后一次，总算领教了一加的做事风格了，道不同不相为谋！"
青域,12GB 256GB,2,啥都好。就是侮辱了我的耳机。谢谢。说是不兼容。这是我耳机的问题吗。自己不解决技术问题。指望顾客买耳机呢。7t用着没问题。一样的耳机。换了个8就不行了。简直不要太垃圾。希望可以解决一下。谢谢
青域,12GB 256GB,2,用原装塑料膜玩游戏，滑都滑不动，换了一张钢化膜效果还好，但是为啥玩游戏时偶尔会卡一下，网络延迟也特别正常，这是最恶心的地方，这**是游戏手机啊，搞这样？然后手机很吸灰&hellip;我就想问膜都换了还能退吗
青域,12GB 256GB,3,"本来想给五分好评的，因为很早就听说一加了，之前也有朋友使用，评价都挺不错。一开始想买1+8银翼，但是郑州地区一直没货，结果阴差阳错等到了8T发布，15号预订的时候就果断付了定金，19号十点半-十一点之间付的尾款。结果，，，，，
19号晚上打开物流信息说是没货需要采购，等到第二天依旧是没货，第三天依旧没货，看到评论里有人当天付款下午就拿到手机，真的羡慕不已。
按理说京东上的商品如果某地区显示没货，购买按钮会变成灰色提示你没货，但是像这种已经付了款的才告诉没货需要采购真的第一次见，不知道算不算欺骗消费者，那这样预售付定金还有什么意思。
光是这还好，如果能告诉采购具体时间，还可以等等，但是联系1加客服，说物流不归他们管，让找京东客服，京东客服说确定不了采购时间，又让找一加客服，来回踢皮球，搞得人心情真的很差，首次购买1+，感到售后服务真的太差劲了。
还好，后来遇到一个热心的京东客服，帮我联系专员才解决了问题，最后23号拿到了心心念念的8T。

银翼最好看，青域排第二，手机很流畅，简洁又美观，高刷体验棒，充电还很快。昨晚7点多充满电，玩了几把王者和吃鸡今天玩了一天到十点多还有25的电"
青域,12GB 256GB,2,不怎么好~老是闪退。
青域,12GB 256GB,3,整体说还行就是耗电有点快
青域,12GB 256GB,3,~扩音声音小
青域,12GB 256GB,3,都还可以，就是手机发烫有点严重。
青域,12GB 256GB,3,手机还行，就是摄像头处有点掉漆！
青域,12GB 256GB,2,外观还可以，感觉系统有点差劲
青域,12GB 256GB,3,一般
青域,12GB 256GB,2,待机时间：电池不耐用，刷新闻两三分钟掉一个电，差劲?
青域,12GB 256GB,3,"外形外观：看着还行
屏幕音效：挺好
拍照效果：一般
运行速度：挺好
待机时间：耗电真的不是一般的快"
青域,12GB 256GB,2,听筒声音太#了！还有外放声音也是！太#了！跟以前的国产机一样大喇叭！指纹感觉不灵敏！太多其他APP！差评！！！！就是因为简单才选一加
青域,12GB 256GB,2,"不多说，上图。本想趁春运发个小财的，#,没一张可以看见车牌的，这照相机就这么不将就的???????"
青域,12GB 256GB,2,用了一段时间，1加8t算是有一个小瑕疵吧，~云音乐用流量用不了，只能用WiFi，别跟我扯什么权限，就是用不了，啥都载不出来，强迫症要疯了
青域,12GB 256GB,3,用了十几天，感觉系统没什么特色，反应还可以，但电耗量太厉害了，充满刷下~一天不到就用完电，不过充电也很快，但感觉太麻烦了，用电量太不耐用了
青域,12GB 256GB,2,"很不幸,手机刚开机就出现自动关机且开机键间歇失灵,一加搬家完之后又出现了4回（且屏幕上还有两条白线）,莫非这新机故障让我给碰上了,换回一加5T,等待返厂检测换机。"
青域,12GB 256GB,3,运行速度：还可以。屏幕音效：音效不错，其他特色：和老年机有一拼，来点语音播报，拨号大字体。待机时间：还行，用一天足够，不玩游戏纯办公打电话发~。外形外观：带壳有点厚，原装壳太贵了149。拍照效果：不是专业拍照，凑合用吧。后四摄不知道怎么用。
青域,12GB 256GB,3,续航如尿崩，只发~的话一天回家剩20%好在充电快，半小时充满，系统用着很别扭，可能是苹果用了太多年，但是广告多这个很烦，还有就是高刷和低刷感觉一样，拍照不需要也不在乎，背面有点滑可以套一下
青域,12GB 256GB,3,"屏幕音效：看个爱奇艺视频，给我这样显示
其他特色：手机容发热，散热也没有想象那么好，第一次用一加，感觉有点失望，手机适匹APP好差。看视频显示画面字体丢失。用点心优化一下app吧。"
青域,12GB 256GB,3,第一次买这个品牌，高配，还抢了好多天，但真的很失望。原生安卓不习惯不能算在它头上，这是我自己的事，单照相功能简直垃圾的不能忍，特别是夜景，真不知道说啥了，而且没想像中的顺滑，个人觉得还不如某米去年的k20尊享版，因为上半年买了一个送给妹妹。不过反正是备用手机，就不退了，如果我再买此品牌就是#。
青域,12GB 256GB,3,"上个手机是一加5用了三年半，除了电池不够用了就是存储空间小，这次换的一加8T,12+256把刷新率调到60太费电了，本人不玩游戏平时看看新闻，~。跟用了三年班的一加5电池一样。主打不将就的手机，唉！还是将就了"
青域,12GB 256GB,2,外形外观：外观美美哒，直屏好评屏幕音效：双扬声器，音效给力拍照效果：拍照一般，近距离聚焦困难运行速度：新手机运行速度都差不多，没有感觉到120hz的优秀之处待机时间：10小时没问题不满意的就是，~的熊猫守护者界面好几个地方无法进入，还有~信息中发的~链接省略后点开更多无法复制，色彩方面同样的照片比电脑和我之前的荣耀黑?暗很多，完全是两个色调，希望女孩子慎入。
青域,12GB 256GB,2,我是从华为转到一加的，手机收到也用了一段时间了，总的来说很流畅，也不是很卡顿，显示效果感觉还行，音效一般，拍照说实话白天感觉拍出来的照片还可以但是夜间的太渣还不如我的华为P20，续航也是最让我吐槽的地方不开省点模式刷会~玩会游戏，直接掉点到百分之二三十，不过好的一点是充电还可以挺快的一个小时左右充满。总的来说没有预期说的那么好。
青域,12GB 256GB,3,iphone转的一加，屏幕素质不错很灵敏跟手，双扬声器不错，手机重量上控制的也很好，虽然充电很快但电池不耐用，跑分在865中属于末流水平，相机拍照真不行，系统比苹果更简陋一些总体上只能说&quot;能用&quot;直播间拍的时候，说在左下角购物车拍可以加赠一个手机壳，但收到货后却没有，反而不承认有这个活动，我是听主播说了，自己又向主播确认过的。虽然只是一个手机壳的小事但真的#到我了第一次买一加也是最后一次
青域,12GB 256GB,2,用了两三天才来评论有一说一，京东快递确实很快，第一天买的第二天就到了。客服态度也很好，很有耐心的解答优点屏幕刷新率和外换还是很满意的。拍照，个人不怎么拍照，所以也不清楚到底好不好。缺点就是，系统不想吐槽，没有软件批量管理，软件不兼容(比如~输入法），玩游戏刚进去偶尔会莫名闪退一下，再点进去就好了。耗电有点快，有时候看视频会出现手机特别发烫。（我没有玩王者荣耀，吃鸡这种游戏，不知道电池会不会特别发烫，后台也只开了一个~），运行点输入法，偶尔会出现三四秒才出现输入界面。
青域,12GB 256GB,2,总体来说还行，两大缺点：一是两颗凑数镜头，要么就不要上提升其他方面，要上就整个差不多点的，不将就变不讲究，永不妥协还是妥协了；第二耗电是真的快，不知是系统的问题还是怎么回事，什么都不开一晚上掉电百分之12，这待机还不如我用了四年的旧手机，刚拿到手就反映过了，至今没有优化，很失望。买了两台一个中评一个差评吧
青域,12GB 256GB,2,我是游戏玩家，给两星的是真的被#到了。建议有强迫症和和玩游戏的别买，我真的是贱，买了一加8t。第一，断流严重，两个小时王者，断了三四次，很影响体验；第二，游戏空间有bug，打游戏的时候拉开状态栏，然后上方黑条就不消失了，不消失了，淦，只能重启游戏。我以前不信手机上会有什么让人很难受的bug，现在我信了，哭了。求求官方稍微修复一下bug啊?
青域,12GB 256GB,3,外形外观：还行但不如网上看的漂亮屏幕音效：120HZ非常流畅60hz感觉有点延迟声音非常大把声音开到中度往上的时候会有一些破音拍照效果：只能说是个照片阴影下拍照成像效果感人运行速度：非常快待机时间：120hz耗电厉害(没充电不知道速度)其他特色：系统确实简单很多东西都需要第三方服务如果刚才别的手机换过来会有一点不习惯发热感觉控制的不好120hz连续刷~40分钟手机就感觉到温热放置几分钟就能恢复正常总结配置高端系统和拍照发热有待优化性价比不错的手机
青域,12GB 256GB,3,以前买的一加5进水坏了，因为使用一加5感觉不错，加上比较喜欢直屏，所以看新出的8T就安排了，但这次一加8T拿到手使用起来说实话比较失望，打王者荣耀、刷~或者其他app一直弹出~无法链接服务器，让我检查网络。屏幕有时候点了反应不灵敏有时候点两三次，特别是玩王者的时候领取东西啥的。并且打王者的时候~语音，别人经常听不清楚我说啥，或者开游戏里面组队语音开麦都听不到，有时候得尝试第二次才会听的啥的。并且有时候游戏里我闭麦了，人家还能听到我说话！刷~有时还出现马赛克样子的彩屏。玩qq飞车居然还会卡。拍照无功无过吧。电池比较耐用，打一盘王者消耗百分之3/4左右的电量。充电速度也挺快。这只是我个人使用我所购买的这台机子的感受，不代表所有。
