黑色,12GB+256GB,1,发货巨慢，手机还不错，送的无线充电很好用
黑色,12GB+256GB,1,无线充电 没有。耳机子没有
黑色,12GB+256GB,1,屏幕有点乱跳
黑色,12GB+256GB,1,这手机不建议大家购买，除了喇叭其他的毫无**
黑色,12GB+256GB,1,货是收到了，但是充电器我看还没发货，这还不一起发货啊，
黑色,12GB+256GB,1,就卖几千台无线座充赠完没了？前面送后面不送，还卖个屁，不如都不送，直接退货
黑色,12GB+256GB,1,12号凌晨付款，17号才发货，这速度，没货就不要卖，手机拍照不如我以前的小米10Pro
黑色,12GB+256GB,1,12号下单，等了9天，终于到了，但是这屏幕边，一边缝隙这么大，一边正常，品控没有以前好了，音质是没得说，换个试试，如果还这样将就用了，从米1开始就用小米了。
黑色,12GB+256GB,1,"雷总的天下第一音效手机真不错，声音大，可以媲美华强北的精品机，真不赖啊！要说音质好不好还得先过下ROG5的招，你不是在人家发表会前公示音质超过人家了，那就请大家对比参考下ROG5的音响系统，有内屏摄像头的是10S,全面屏的是ROG5,谁是谁非大家一听便知，两个手机都是在京东买的，算是验证猴王的牛吹飞上天没有，真一比真不愧是齐天大圣啊，已经飞上金星了！！！米10S右边的屏幕缝隙可以同时插入两张A4纸，做工真不错，米粉们可以为齐天大圣发一个大奖状，小米天下第一"
黑色,12GB+256GB,1,这物流速度太坑了，跟乌龟一样，果断差评！
黑色,12GB+256GB,1,谨慎购买，除了问题给京东投诉居然得不到诉求，只会拖时间，逃避责任和消费欺诈，不敢相信
黑色,12GB+256GB,1,首发定的12+256g版本，充电器和首发送的无线充没有随机一起发，联系客服还要等一周才发货
黑色,12GB+256GB,1,没网上宣传那么好，屏幕也很垃圾，放荷包里，一天就刮花了，不贴膜的话没法用
黑色,12GB+256GB,1,10号预付定金，12号全款，官方赠送199元的无线充电器。然后京东没货，拖到18号发货，然后就说我的订单就是什么赠品也没有。小米官网是买就送，到他们这赠品全部没有了。其他朋友以后选京东自营慎重考虑啊！
黑色,12GB+256GB,1,手机发货速度有多慢就不用我说了，懂得都得。快递小哥拉了一车快递，包装都完好无损，就我的独守宠爱快递包装严重挤压。充电器盒子也有严重挤压。无语了。
黑色,12GB+256GB,1,这发货速度我的天，1星都不想给，我oppo，vivo也是走的预售，人家就能秒发，就你小米不行，就你小米不行，我们都是猴都是猴，k40的1999版从上市以来就卖了400台然后干脆停产，就为个1999的名声呗。然后抢了k30s大半年都没抢到过，结果k40以上好家伙直接现货，至少你小米请的营销号怎么说的，不是不想卖饥饿营销耍猴，是卖的太好了没现货，我:？？？。好产品都被你们的营销和服务搞臭了。最后小米10s还是不错的，特别是外放音质，做工也值得比同是870芯片的2499的k40贵1000。
黑色,12GB+256GB,1,如果有不给星的，我一颗都不想给，发货速度真让人#，客服敷衍了事，唯一一颗心给派送的小哥，京东快递真是让人失望。
黑色,12GB+256GB,1,首批12号买19号发货，广州本地仓就有货给我整个外区调货北京发硬是搞多四天#人，还有小米也是不要马的，在那死命耍猴逼你买贵一千的10s。k40从发布会开始抢了十几次了，两台手机加电脑挂脚本三个平台一起抢全都是秒空
