蓝水翡翠,全网通（8GB 128GB）,3,"外形外观：还可，
运行速度：挺快"
蓝水翡翠,全网通（8GB 128GB）,3,就一般的手机，希望能多用点段时间
蓝水翡翠,全网通（8GB 128GB）,3,一款型号耗电量比别人快
蓝水翡翠,全网通（8GB 128GB）,3,还可以吧，整体来说暂时没有啥问题。
蓝水翡翠,全网通（8GB 128GB）,3,亮度最高会闪屏
蓝水翡翠,全网通（8GB 128GB）,3,总体来说还可以，因为价位在这放着呢
蓝水翡翠,全网通（8GB 128GB）,3,运行速度：有卡顿
蓝水翡翠,全网通（8GB 128GB）,3,总体来说还算可以  手感挺好的
蓝水翡翠,全网通（8GB 128GB）,3,"待机时间：今天试用了一下,待机时间还可以。"
蓝水翡翠,全网通（8GB 128GB）,3,在这个价位算还行吧。质量有些轻。
蓝水翡翠,全网通（8GB 128GB）,3,外形外观：还不错，比前两年的手机好看多了
蓝水翡翠,全网通（8GB 128GB）,3,手机是还可以，就是快递不咋滴，以后不会再京东上购买东西了
蓝水翡翠,全网通（8GB 128GB）,3,"本来期待着的心情挺好的，可是送货员送错了，感觉配送员不认字
不负责任，不认真"
蓝水翡翠,全网通（8GB 128GB）,3,一直用红米手机，这款用了一段时间了，觉得性价比不高。
蓝水翡翠,全网通（8GB 128GB）,3,刚到测试中
蓝水翡翠,全网通（8GB 128GB）,3,试用中
蓝水翡翠,全网通（8GB 128GB）,3,耳机呢
蓝水翡翠,全网通（8GB 128GB）,3,还在体检中
蓝水翡翠,全网通（8GB 128GB）,3,这个价位，机子还可以
蓝水翡翠,全网通（8GB 128GB）,3,"外形外观：没有图片好看
好暗 图片一闪一闪的"
蓝水翡翠,全网通（8GB 128GB）,3,用了几天了，速度一般
蓝水翡翠,全网通（8GB 128GB）,3,还行吧，指的是售后。已经换了一次屏了，漏液了
蓝水翡翠,全网通（8GB 128GB）,3,手机刚到手，外观还可以但是质感不行，至于其他的还需使用一段时间再做评论。
蓝水翡翠,全网通（8GB 128GB）,3,很不错，拍照也可，音质也可，速度也可，很好很好???
蓝水翡翠,全网通（8GB 128GB）,3,看着不错，用着还行。就是不知道永久回怎么样。可是快递里面没有防压包装
蓝水翡翠,全网通（8GB 128GB）,3,"拍照效果：一般般
待机时间：一般般
运行速度：一般般
屏幕音效：一般般
外形外观：还好"
蓝水翡翠,全网通（8GB 128GB）,3,还可以吧，电池也挺耐用的，就是手机像素不行，照起来不是很清楚
蓝水翡翠,全网通（8GB 128GB）,3,"外形外观：漂亮
屏幕音效：一般
拍照效果：可以
运行速度：一般
待机时间：一般
其他特色：性价比不高"
蓝水翡翠,全网通（8GB 128GB）,3,陀螺仪会延迟，对于喜欢吃鸡的小伙伴来说，延迟的陀螺仪非常致命，但打王者很好
蓝水翡翠,全网通（8GB 128GB）,3,"运行速度：一般
外形外观：还可以
屏幕音效：可以
其他特色：刚刚拿到手下载了王者荣耀刚刚登录就闪退了"
蓝水翡翠,全网通（8GB 128GB）,3,用的还行吧，一般，跟我之前用的play没什么区别。电池更不耐用的感觉。总之比较失望。。。
蓝水翡翠,全网通（8GB 128GB）,3,宝贝收到了，用到2月16号。屏幕发现闪屏，条纹横杠。已经联系京东售后返修，希望尽快处理。
蓝水翡翠,全网通（8GB 128GB）,3,"外形外观：轻盈 
屏幕音效：用了半个月屏幕出现小绿框了 得去售后  
待机时间：接打电话的话估计3天左右没问题
运行速度：8加128还是很快的"
蓝水翡翠,全网通（8GB 128GB）,3,"屏幕音效：屏幕不清晰，
运行速度：新手机用起来就发热
外形外观：频顶部不好看，带手机套更丑"
蓝水翡翠,全网通（8GB 128GB）,3,"运行速度：很快
拍照效果：很好
待机时间：可以
屏幕音效：屏幕清洗效果好，指纹识别太差，几乎可以说是不能用，10次解锁2次开，换人换指头都不行"
蓝水翡翠,全网通（8GB 128GB）,3,"运行速度：810处理器加上8+128的配置，运行速度上没的挑
拍照效果：跟华为完全不在一个档次上
外形外观：马马虎虎
屏幕音效：屏幕不错，音效跟华为P20比简直就是渣
其他特色：整体做工满满的廉价感，跟华为的做工完全不在一个档次上
      总得来说还算及格，应该比不了别的牌子如小米、oppo等同价位手机的性价比，这个价位竞品太多了"
蓝水翡翠,全网通（8GB 128GB）,3,"待机时间：目前这个代理时间没有宣传的足，尤其是100&mdash;50%降得很快
外形外观：外观倒是基本一致
屏幕音效：屏幕一致，音效还行
拍照效果：拍照效果就一般了，4800万拍出来还是各种噪点
其他特色：客服有问题都不理的，包装就一层薄薄的泡泡纸包起，还没有用东西固定
运行速度：新机运行速度都不错，不知道运行一段时间后会怎样"
蓝水翡翠,全网通（8GB 128GB）,3,"外形外观：满意，好看！
运行速度：快
待机时间：待机时间还比较可以，充电特别快！
拍照效果：拍照效果不满意，拍的照片比较假
屏幕音效：声音不满意，音乐放的声音听起来不舒服，效果差！笔oppo的音效差远了
除了声音音效和拍照效果不好，其余的还可以！望厂家能加强这两方面"
蓝水翡翠,全网通（8GB 128GB）,2,"运行速度：有点卡
待机时间：还可以"
蓝水翡翠,全网通（8GB 128GB）,3,一般般吧，说不上很好用，
蓝水翡翠,全网通（8GB 128GB）,3,屏幕音效：感觉屏幕有频闪
蓝水翡翠,全网通（8GB 128GB）,3,屏幕音效：屏幕不是很灵敏
蓝水翡翠,全网通（8GB 128GB）,2,美中不足，没有配送耳机
蓝水翡翠,全网通（8GB 128GB）,3,摄像头是假的，只有一个。
蓝水翡翠,全网通（8GB 128GB）,3,外形外观：后面有划痕?
蓝水翡翠,全网通（8GB 128GB）,3,屏幕音效：屏幕有点小，其他还可以！
蓝水翡翠,全网通（8GB 128GB）,2,电池不是很好的待机时间短
蓝水翡翠,全网通（8GB 128GB）,3,声音用一段时间有点明显变小
蓝水翡翠,全网通（8GB 128GB）,3,没有人回答问题
蓝水翡翠,全网通（8GB 128GB）,3,用了几天手机电池有点不耐用
蓝水翡翠,全网通（8GB 128GB）,2,手机盒上封条拆开过的
蓝水翡翠,全网通（8GB 128GB）,3,收到了，感觉指纹识别有问题
蓝水翡翠,全网通（8GB 128GB）,2,有种被坑的感觉
蓝水翡翠,全网通（8GB 128GB）,2,拍照不咋地，指纹解锁几乎看运气
蓝水翡翠,全网通（8GB 128GB）,3,功能像素还可以，但送的那膜太差
蓝水翡翠,全网通（8GB 128GB）,3,新买的手机有时候还有一点点卡
蓝水翡翠,全网通（8GB 128GB）,3,好用，就是屏幕有点容易花
蓝水翡翠,全网通（8GB 128GB）,3,外形外观：设计确实一般，颜色也一般
蓝水翡翠,全网通（8GB 128GB）,3,就一般，打王者掉帧的厉害
蓝水翡翠,全网通（8GB 128GB）,3,给老人用的，用的不方便。。。
蓝水翡翠,全网通（8GB 128GB）,3,和苹果手机系统相比，反映慢
蓝水翡翠,全网通（8GB 128GB）,3,指纹解锁不灵敏。整体一般。
蓝水翡翠,全网通（8GB 128GB）,3,手机一般，感觉反应有点迟钝
蓝水翡翠,全网通（8GB 128GB）,3,电池不好手机容易热，待机时间短
蓝水翡翠,全网通（8GB 128GB）,2,我就搞不懂，耳机? 被吃掉了？
蓝水翡翠,全网通（8GB 128GB）,3,手机反应速度一般   论性价比不如小米
蓝水翡翠,全网通（8GB 128GB）,3,耳机耳机脏，手机还脏，手机盒子黢黑黢黑的，疯了
蓝水翡翠,全网通（8GB 128GB）,3,手机比较轻，拿在手里的质感不好！
蓝水翡翠,全网通（8GB 128GB）,2,商家没信用，手机怀疑别人用过的。
蓝水翡翠,全网通（8GB 128GB）,3,两缺点：耗电快，指纹识别不灵敏。其他都还好！
蓝水翡翠,全网通（8GB 128GB）,2,唉 能去实体店就去实体店买吧 感觉用着不太好
蓝水翡翠,全网通（8GB 128GB）,2,货已收到，感受不错，速度快，我一家三口全是荣耀
蓝水翡翠,全网通（8GB 128GB）,2,无气泡贴完钢化膜之后，指纹解锁用不了
蓝水翡翠,全网通（8GB 128GB）,2,不怎么样，指纹解锁不好用简直就是摆设
蓝水翡翠,全网通（8GB 128GB）,2,"外形外观：不错
运行速度：玩个游戏卡的不动，黑屏"
蓝水翡翠,全网通（8GB 128GB）,3,用了一个月，有点卡，买的时候一张膜都不带。
蓝水翡翠,全网通（8GB 128GB）,2,屏幕指纹解锁不灵，使用不便，已退货。
蓝水翡翠,全网通（8GB 128GB）,3,拍照效果：效果有点不太行、并没有广告打的那么好
蓝水翡翠,全网通（8GB 128GB）,3,手机拍照效果不好，像素没有指纹解锁不是很灵敏
蓝水翡翠,全网通（8GB 128GB）,2,买了就降价了
蓝水翡翠,全网通（8GB 128GB）,2,耳机都没有？。？
蓝水翡翠,全网通（8GB 128GB）,3,比华为商城贵200多！！！！！
蓝水翡翠,全网通（8GB 128GB）,2,手机反应慢
蓝水翡翠,全网通（8GB 128GB）,2,网络有点卡
蓝水翡翠,全网通（8GB 128GB）,3,玩游戏有时会卡住，玩游戏手机发烫，充电也是
蓝水翡翠,全网通（8GB 128GB）,3,只能说一分价钱一分货吧，用起来还行，偶尔有点小卡
蓝水翡翠,全网通（8GB 128GB）,3,还蛮好用，就是送过来打开里面居然有泥土，不知道怎么弄到包装里面去的
蓝水翡翠,全网通（8GB 128GB）,3,用了以后才知道吧，目前就觉得看剧分辨率不怎么高！
蓝水翡翠,全网通（8GB 128GB）,3,指纹解锁不好用，按待机键黑屏，过10几秒才亮。
蓝水翡翠,全网通（8GB 128GB）,3,给家人买的，下解锁做的不好，反应迟钝，总的来说一般吧
蓝水翡翠,全网通（8GB 128GB）,2,有点卡
蓝水翡翠,全网通（8GB 128GB）,3,用了一段时间，像素很清晰，就是灵敏度不怎么好。
蓝水翡翠,全网通（8GB 128GB）,3,外形外观：贴膜都贴歪了，左边有一条线，屏幕好像裂开似的
蓝水翡翠,全网通（8GB 128GB）,3,这款手机的缺点就是没有耳机，竟然告诉我说标配没有耳机
蓝水翡翠,全网通（8GB 128GB）,2,"手机用不到一个月屏幕坏了,维修了不行换了新机,希望不要再坏了,服务态度还行!"
蓝水翡翠,全网通（8GB 128GB）,2,说实话，显示效果不好，色泽有点差，运行速度一般。
蓝水翡翠,全网通（8GB 128GB）,2,待机时间：时间短，视频时间才20几分钟电池发热，不知道以后会怎么样，有没有和我一样的。快递挺快的，不错。包装就两个封条，
蓝水翡翠,全网通（8GB 128GB）,3,用了一个多月感觉电量耗的有点快，怀疑不是新机。有点失望。
蓝水翡翠,全网通（8GB 128GB）,3,为什么第一次开机是外文，不应该是简体中文吗，接下来怎么操作，晕
蓝水翡翠,全网通（8GB 128GB）,2,触屏不是很灵敏   指纹解锁也不灵敏   客服又没人回答   不建议购买
蓝水翡翠,全网通（8GB 128GB）,3,手机收到，物流承诺送货上门，结果食言。毕竟几千元的东西，这么处理不靠谱。
蓝水翡翠,全网通（8GB 128GB）,2,手机还可以，就是买不到裸机，非得要搭配耳机卖，那个耳机也不值8.9十啊！真的是不称心的一次网购！
蓝水翡翠,全网通（8GB 128GB）,3,还行，就是连个耳机都没有，就送了一个充电器，其他的都没有了
蓝水翡翠,全网通（8GB 128GB）,3,运行速度一般，拍照效果不错，充电时手机有发烫现象，但不太严重
蓝水翡翠,全网通（8GB 128GB）,3,指纹解锁有时候解不开，还有会卡死，总体一般般吧，支持国产
蓝水翡翠,全网通（8GB 128GB）,3,入手到今天1.22号，指纹解锁经常性三次连续开不了，只能数字解锁！
蓝水翡翠,全网通（8GB 128GB）,2,手机还行，不过现在买手机怎么连耳机都不配？我买回来后才发现戴耳机要加几百块钱？为什么不在网站上说清楚？
蓝水翡翠,全网通（8GB 128GB）,3,拆开快递包装，只有一个防拆封，没有塑封，以前官网买的手机全都有塑封，差点以为是假的退货，现在节省成本已经节省到这个地步了么
蓝水翡翠,全网通（8GB 128GB）,3,个人感觉一般，而且用另一部手机拍摄这个部手机会发现有频闪，所以就退货了，京东的服务一直都是非常不错的。
蓝水翡翠,全网通（8GB 128GB）,3,手机指纹识别难用，几乎不能识别。快递里面一点防震措施都没有，直接裸盒让人担心，但总归手机没有出现问题，
蓝水翡翠,全网通（8GB 128GB）,2,购机十天整，8+128，知乎跟美团卡住了，感觉也就能用一年吧。应该是APP的问题！！！呵呵呵！只能说一分钱一分货吧！
蓝水翡翠,全网通（8GB 128GB）,2,不太好，用了一个月多一点，手机就发烫，烫手，不好啊，早知道就不买了
蓝水翡翠,全网通（8GB 128GB）,3,手机用了半个多月了，其他还好，就是电池不经用，还剩百分之二十的时候一下就光了，按理说新机不会这样的
蓝水翡翠,全网通（8GB 128GB）,3,其实我特别相信京东的，我这次买的的手机是以旧换新的，当时外包装有点开口，我没觉得有什么，现在想想，我这是以旧换新的，送货的也是以旧换新的员工送的，怕收到假货。所以这个包装真的要包装好点。手机整体都一般吧
蓝水翡翠,全网通（8GB 128GB）,2,只能说屏幕触感不好，有种磨砂的感觉，还有就是打游戏的时候，画面极度不流畅，而且反应还有点慢
蓝水翡翠,全网通（8GB 128GB）,2,屏幕还行，速度也可以。就是掉电非常厉害，晚上冲满电，睡一觉就掉了5格电。看看新闻，到中午就只有75%。我都怀疑我是不是买到了返修机！！！！
蓝水翡翠,全网通（8GB 128GB）,3,"外形外观：还行
屏幕音效：音效差
拍照效果：感觉三个摄像头的还没两个最高两千万像素的摄像头好
运行速度：非常一般
待机时间：通病
其他特色：网络最差的华为家出的手机了吧！
总结：总的来说在端机中这个价位不值得"
蓝水翡翠,全网通（8GB 128GB）,2,后摄像头喷漆有瑕疵，有几道划痕一样，强光才能看得出，照最上方相机拍不出来，虽说不影响使用。看后续使用情况。
蓝水翡翠,全网通（8GB 128GB）,2,这款手机有好些设计都不人性化，例如快捷键不能点自动调亮度、前置指纹解锁的光很刺眼、删除流浏记录不好用，充电也不觉得快，幸亏便宜，要不准后悔。
蓝水翡翠,全网通（8GB 128GB）,3,第二次购买，有点小遗憾，手机会莫名其妙自动响，不知道是不是故障机，买给父母用的，时隔几分钟就响一次。异常的难受?用了好多年手机还是找不到故障在哪，维修网点离家三四十公里，唉
蓝水翡翠,全网通（8GB 128GB）,3,只能说一般吧，一分价钱一分货，屏幕不是很灵敏，指纹也不好用。优点就是屏幕大，电池顶用，新买的自然不卡。
蓝水翡翠,全网通（8GB 128GB）,3,以前没用过oled屏，前天买了这个手机，六七十度角看屏幕，显示色调偏冷偏白，九十度正面看屏幕，显示色调偏暖偏黄。这是正常的还是有问题？？？求各位买家告知
蓝水翡翠,全网通（8GB 128GB）,2,"外形外观：挺时尚
屏幕音效：好评
待机时间：一天够用
拍照效果：拍照效果不错，但是照片存储几个小时以后可能会出现低质量压缩。照片就会变得很模糊看不清楚，有羽化。
这个手机买了就是工作拍照片用的，现在这个效果确实很失望"
蓝水翡翠,全网通（8GB 128GB）,2,"上午拿到的，当时电量66，感觉电池不耐用，而且屏幕有点长的，不喜欢！感觉一般！就怕电池不耐用，还是不耐用，烦，本以为很好，很期待
待机时间：不长"
蓝水翡翠,全网通（8GB 128GB）,3,京东速度依旧是快，但是给我发来的看了一下外包装太简陋了，看着像是别人退之后的不知道是不是，后面的保护膜也给撕了，跟同事新来的包装不一样。用着是挺好的，没有啥大毛病，后续在补充吧。
蓝水翡翠,全网通（8GB 128GB）,2,"外形外观：非常不错
屏幕音效：一般 
拍照效果：吹得太好 还不如两年前的华为Nova3 不过本人对这个拍照没什么高要求 能用就行
运行速度：非常nice
待机时间：很棒 非常棒
其他特色：屏幕指纹送最大的特色 你肯定会有想扔掉的心情 劝大家想指纹解锁的 最好选择后置或者侧边 屏幕指纹解锁简直是个笑话 识别能力差 而且所在的位置也不方便 一千多 明年重新换个好的"
蓝水翡翠,全网通（8GB 128GB）,3,说实话，这是我第三个华为的手机了，第一个电池用了一年&hellip;说是主板伤了，鉴于华为信誉度比较好，买了第二个，第二个还行，用了一年多，有一点卡，就是比较奇葩，贴了钢化膜，钢化膜没碎，手机屏碎了，然后有奈何华为广告做得好，母上大人十分推荐华为，又被半强迫买了第三个，结果&hellip;发现手机耗电有点快，充电手机还发热。实在是有点失望?&hellip;希望华为能改进的更好。要不然，后面可能不会再考虑买华为了。
蓝水翡翠,全网通（8GB 128GB）,3,正常运行还不错，就出现过一次闪退，也不知道是不是误触碰了。玩游戏老感觉前置摄像头有点不习惯。4G信号还行！运行也流畅。最可气是WiFi信号，在家里卧室和客厅就一道墙，信号就不行，这真的难以接受，在卧室还得用流量，你说可气不可气。用心评价！手机有待提高！装裤兜里或者口袋里，不能屏幕朝里，不然会误触摸，锁上半分钟。优点也很多！
蓝水翡翠,全网通（8GB 128GB）,3,也学着不送耳机了 客服差评
蓝水翡翠,全网通（8GB 128GB）,3,手机声音太小，实在失望。
蓝水翡翠,全网通（8GB 128GB）,3,指纹解锁特别不好用
蓝水翡翠,全网通（8GB 128GB）,3,像素不行，失望了！钢化膜也没有送
蓝水翡翠,全网通（8GB 128GB）,2,运行速度：太慢，还不如我原来手机不好
蓝水翡翠,全网通（8GB 128GB）,3,降价太快，然后没有保证，我自己购物体验，大家自己看看慎重选择吧
蓝水翡翠,全网通（8GB 128GB）,2,看起来不像新机器 里面很多软件都有的
蓝水翡翠,全网通（8GB 128GB）,2,新机没有耳机，真失望
蓝水翡翠,全网通（8GB 128GB）,3,掉价太快
蓝水翡翠,全网通（8GB 128GB）,3,有时候声音开完声音特别小 打游戏都听不见声音。
蓝水翡翠,全网通（8GB 128GB）,2,其他特色：指纹解锁经常用不了。造成手机无法使用。特别麻烦。
蓝水翡翠,全网通（8GB 128GB）,2,换了一次货了，请问这款手机是主打声音沙哑画质模糊的嘛？？？？？？
蓝水翡翠,全网通（8GB 128GB）,2,显示方面有点小瑕疵，换？修？太麻烦，凑合吧。
蓝水翡翠,全网通（8GB 128GB）,2,充电器质量太差，和路边摊上没区别.找客服她又不理我
蓝水翡翠,全网通（8GB 128GB）,3,今天收到货，快递员不当一回事，打过电话放了一天，第二天又寄错地方，服务太差
蓝水翡翠,全网通（8GB 128GB）,3,连着买了两台，第一台送耳机，第二台几天没这待遇了？别人家买越多送越多，到这买越多送越少了。。。。。。无语?
蓝水翡翠,全网通（8GB 128GB）,3,买手机增的电信卡骗人的，要月租费的，还叫什么增送，联系客服没人回，机器回，什么问题都解决不了。我要京东客服回话，
蓝水翡翠,全网通（8GB 128GB）,3,本来准备618买的，家里老人比较着急提前几天买的，幺溜叭八送耳机，过了五天发现降价，幺捂叭叭送耳机，但是等我发现晚上去保价的时候，耳机送完了，结果保价被拒绝了，心里很不舒服，给个三星吧。
蓝水翡翠,全网通（8GB 128GB）,2,手机质感很一般，手机感觉有的弯，放在平整的桌面上有点供起来
蓝水翡翠,全网通（8GB 128GB）,3,真的只能说一般 玩王者手机发烫 打网页也特别慢 王者还不能分屏
蓝水翡翠,全网通（8GB 128GB）,2,竟然打不进来电话，各种解决办法都用了，真是无语了，买之前跟客服反复确认了质量问题，还是失望了，谨慎购买吧
蓝水翡翠,全网通（8GB 128GB）,2,其他都还跟以前一样，京东自营的东西没话说，可是这次的快递包装太让我失望，一个手机就这样直接装快递盒里，连个防护都不做，以前买啥电子产品都有填充包裹快递在放进盒子里的，这次就这样晃晃**的就给我发过来了，我一打开包装简直惊呆了！太失望
蓝水翡翠,全网通（8GB 128GB）,2,"拍照效果：相机里边儿很多功能没有
屏幕音效：屏幕尺寸总感觉不对，打开很多软件和以前手机的显示比例完全不一样"
蓝水翡翠,全网通（8GB 128GB）,3,"刚开机要登录华为的那什么邮箱账号、没用过哪来的什么邮箱账号？（登录账号里面留着一个手机号，感觉是别人用过退换的那种手机）退回到第一步逐步操作也是如此，第一次买手机发这么大火！
以前买的P8、mate7、畅享9S都不会存在这种问题！"
蓝水翡翠,全网通（8GB 128GB）,2,刚买的手机，屋里空调开了19度，也没有充电，下了王者后打了一局就发热，特别明显。
蓝水翡翠,全网通（8GB 128GB）,3,手机也对得起这个价位了！但是这个耳机有些坑了，89元一个的耳机真的很普通，音质差的很声音大一点的时候还很刺耳！
蓝水翡翠,全网通（8GB 128GB）,2,货发来就是一个充电器，和手机，说好赠品什么都没有只能说还说有蓝牙耳机有毛线啊，欺骗消费者
蓝水翡翠,全网通（8GB 128GB）,2,"没有想象的省点，
说4000高安电池，感觉虚的可能都不够4000
包装差，而且网上买的都不会送耳机的。
差评。"
蓝水翡翠,全网通（8GB 128GB）,2,华为随机装的破APP不是一般的多，而且设计巨料：体积大、频繁弹广告，各种姿势递送垃圾信息，还不能卸载；送的膜很薄，才三天上面就出现划痕
蓝水翡翠,全网通（8GB 128GB）,3,家里人都用的华为 相比较这款机子流量走wifi走套餐不按套路来 老人说不好控制  每次出门回家还要自己把移动数据手动开关 很不方便 去售后机子检测没有问题 很玄学 不开心
蓝水翡翠,全网通（8GB 128GB）,3,待机时间：别的还行就是电池没有说的那么好！慎重考虑！眼看着往下掉！第一天体验两个小时浏览网页下去百分之十！就这还玩游戏？没有以前的华为手机耐用！我的那个手机看视频也和这个差不多！
蓝水翡翠,全网通（8GB 128GB）,2,其实只想给一颗星。。回来设置指纹后就根本解锁不了，只能用密码，人脸识别也不好用，用不了你弄那玩意干嘛。有一说一，刚用手机还挺流畅，打算用一段时间再来追评
蓝水翡翠,全网通（8GB 128GB）,2,手机以及个方便都很好！性价比也很高！双十一缺货物流慢都能理解！唯独一点！为什么没有耳机！耳机？耳机？耳机？盒子里面明明有个放耳机的地方！耳机呢？是出厂就没有？还是被你们京东拿出来单个卖了？
蓝水翡翠,全网通（8GB 128GB）,2,"没有评论区的那么好用，夜拍效果很差，感觉网购实在是不靠谱，机子也没有那么灵活，下次绝不网购！只看了广告打的特别好才买的，谁知道&hellip;&hellip;
运行速度：不是特别灵活
拍照效果：白天可以，夜拍效果很不满意！"
蓝水翡翠,全网通（8GB 128GB）,3,"千元机，感觉不值1800。
到手还没开盒，里面就咣当咣当的，连装盒都装不好？还是二手？标签没开啊。
开机默认软件，两满屏。
吃鸡卡的发慌。好久不犯的晕3d又犯了。赶紧开个王者，片头都卡了。腾讯真是越做越烂了"
蓝水翡翠,全网通（8GB 128GB）,2,手机太轻了，没有质感，像塑料壳一样，外型很一般。最重要的是，网络连接非！常！慢！路由器一米开外的信号接收非！常！差！ 加载速度慢得感觉像用了好几年年的老手机！...烦死了。
蓝水翡翠,全网通（8GB 128GB）,2,好看是好看，机器也轻，就是卡，卡到没朋友，寻思买个新手机抢单，什么鬼，才半个月卡到动不了，啥也没安装，空机器，抢单都抢不过一个5年的苹果，浪费钱也耽误赚钱啊，唉，出这种手机真的是没用
蓝水翡翠,全网通（8GB 128GB）,3,"外形外观：好看，轻薄
拍照效果：真的差，配置说4800万，结果拍照还没有荣耀X10配置4000万的清晰，原相机颜色失真严重，暗暗的，以为是手机屏显示问题，传到电脑上，一样差，为了买这个手机，折腾了好久，只是外形真的喜欢，要不，这个拍照清晰度真的忍不了，4800万只是个数字，噱头！"
蓝水翡翠,全网通（8GB 128GB）,2,一直以为京东比较好，没想到也就是这样，货物刚回来时，包装上的塑料袋是那种京东专用的，一看就是拆过的，而且里面的充电器上面沾有灰尘，还有相机模组边缘的地方，后壳还有一点点非常小的划痕，当然，这些都不是什么大毛病啊，我就没在意，用了能有两天，然后网络出现问题，，就是用一会就没网了，得开关飞行模式，然后过个三四分钟又是那样，，又得开关，之前买的那个手机就有问题，然后退换货了，现在这个又有问题，我也不想再退了，太麻烦了，就当我倒霉啊，能用就行，以后大家买手机，最好还是再实体店买吧！感觉网上还是不可靠，京东也一样
蓝水翡翠,全网通（8GB 128GB）,3,还行
蓝水翡翠,全网通（8GB 128GB）,3,一般般
蓝水翡翠,全网通（8GB 128GB）,3,待机时间：一个月电池待机时间略短其他特色：~视频屏幕会爆闪运行速度：还可以
蓝水翡翠,全网通（8GB 128GB）,3,"外形外观：一般
屏幕音效：可以
拍照效果：不咋滴 拍照不自然 像素一般
运行速度：一般
待机时间：一般"
蓝水翡翠,全网通（8GB 128GB）,2,什么东西都没送就一个充电器，~还看不了直播，还直接闪退出来。
蓝水翡翠,全网通（8GB 128GB）,3,手机一般般。。。看~视频都不清楚，同样是连接WIFI这手机就卡，信号就不好。事实而论，没有偏见。
蓝水翡翠,全网通（8GB 128GB）,3,外形外观：外观不错而且很轻薄屏幕音效：屏幕有点细长了...音效渣得#音质真的差拍照效果：我觉得这4800万像素也就那么回事全是噱头谁知道到底是不是那么高像素运行速度：一般般新机器有时候输入密码也会点不到或者卡待机时间：新机器肯定很强其他特色：没啥特色不到两千块的手机估计也就这样了凑活吧
