极光,8GB+256GB,3,先给三星，正在用，容后详叙。
极光,8GB+256GB,3,没看到折中评价
极光,8GB+256GB,3,收到货还没开始用，快递很给力，颜值低点
极光,8GB+256GB,3,性价比这个价位还可以吧，用起来速度还不错
极光,8GB+256GB,3,包装超级简陋 随便，一个手机就拿一个纸箱随便放
极光,8GB+256GB,3,还行吧，一般般
极光,8GB+256GB,3,没钢化膜
极光,8GB+256GB,3,配件不是很齐全，网购还是问清楚的好，有什么问题也很难处理。
极光,8GB+256GB,3,冲电时手机热，，，，，
极光,8GB+256GB,3,我怎么用着有点卡机呢
极光,8GB+256GB,2,像素没有宣传的那么好
极光,8GB+256GB,3,说送耳机，没有送，有点失望
极光,8GB+256GB,2,电池掉电有点快
极光,8GB+256GB,2,说实话手机很一般，拍照有点拉
极光,8GB+256GB,3,反应有点慢，没有想象中的好用
极光,8GB+256GB,3,新机没什么挑剔的，就是连原装耳机都没有
极光,8GB+256GB,2,发过来的是开过封的手机，懒得换了，以后不买oppo
极光,8GB+256GB,2,没有耳机 没有什么赠品.刚收到货就有赠品活动
极光,8GB+256GB,2,颜色跟图片不一样，其他都还好，音质不错
极光,8GB+256GB,3,除了5g无其他有点有时候卡的连一个软件都打不开
极光,8GB+256GB,2,充电特别慢，不是快充
极光,8GB+256GB,2,手机还不错，很满意。但是送货速度很慢，说什么次日达，都是我打电话催两天才给我送到
极光,8GB+256GB,2,送的电信卡麻烦的要死，客服一直说这说那，没有一个行得通
极光,8GB+256GB,3,拍照有点糊涂的感觉，一般般吧，毕竟价格摆在这
极光,8GB+256GB,3,耳机是手机的基本标配，为什么会成为赠送了呢？？？
极光,8GB+256GB,2,不是说快充吗？唉╯﹏╰除了不是快充其它都还行吧。
极光,8GB+256GB,2,2000块的手机，屏幕连疏油层都没有&hellip;&hellip;真的是&hellip;&hellip;
极光,8GB+256GB,3,这款手机买的有点后悔！手机有时候花屏不知道为什么！过一下又好了！
极光,8GB+256GB,2,质量不好，才刚用俩天，明明信号是满格的，还是卡死了
极光,8GB+256GB,3,手机还不错，就是赠品星卡不实用，感觉有点坑，还要上传身份证才发货，更@，不要了
极光,8GB+256GB,2,性价比一差，设置不敢好，屏底的条形按键手势返回失灵，屏幕优化也不行
极光,8GB+256GB,2,二月买机，说是有耳机作为赠品，但是当时缺货，到货后寄给，后有咨询两次，商家都耳旁风一吹而过，如今一个多月了，还没见到我的耳机，不知道没有信用商家京东管不管。
极光,8GB+256GB,3,用了两天，感觉话筒不太好，外放的杂音高。音质一般，其它用一段时间在评价吧
极光,8GB+256GB,3,用了一段时间了，手机的灵敏度不是很好，开机的时候密码输了老是解不开，打字的时候也是
极光,8GB+256GB,3,发短信的时候发现读卡的顺序跟实际安装的顺序不一致，而且有时候在地下停车场扫码的时候没信号   我这几年前的小米都可以
极光,8GB+256GB,3,在京东oppo自营店看到这款今年1月新出的手机，内存也大，价格还行，就购买了极光色，但是在下载其它软件APP并在登录时出现了一些我不知道的地址和人名，所以，我去咨询了客服，客服说是什么云服务，但是我也没用过云服务，怎么会出现一些我不知道不认识的地址和人名呢。
极光,8GB+256GB,3,芯片是骁龙480，***这么贵呀？不小心联网激活手机了，要不然就退货了。
极光,8GB+256GB,3,沒有新手机的兴奋感，第一次用oppo，试用感一般，画面有种眩晕的感觉，下次还是去店里吧，果然网上体验般，快递包装也露一条缝内置都没有填充物，感觉说一般那还是&hellip;
极光,8GB+256GB,3,18瓦快充和10瓦充几乎没有什么区别。扩展存储没有意义，因为不能设置存储位置，只能转移，跟存在优盘没有多大区别。宣传省电也与使用情况不同。
极光,8GB+256GB,3,"用了一段时间，
外形外观：有点长，放兜里不好装

拍照效果：像素一般，没有介绍的那么好

运行速度：还行，有时候显示屏触屏不是那么灵敏
按照整体来说，还行吧，也没有想象中那么差，截长图倒是挺方便的。"
极光,8GB+256GB,2,有一个赠品几个月还没送，差评，说话不算话
极光,8GB+256GB,3,感觉反应慢 特别是用手写的字 更慢
极光,8GB+256GB,3,售后服务速度太慢了，要求退货，迟迟不处理！
极光,8GB+256GB,2,运行速度：很慢
极光,8GB+256GB,3,充电太慢
极光,8GB+256GB,2,一次神奇的购物体验，见证了神奇的服务！！！店铺只负责卖货，物流过程中遇到的问题你只能自己想办法！！
极光,8GB+256GB,3,为什么要附带一张骗人的手机卡呢，垃圾卡**卡。
极光,8GB+256GB,2,垃圾手机，电池太不给力了。'最不满意的一次京东购物，
极光,8GB+256GB,3,这个像素啊是真的太好了！拍照脸都是模糊的，还真是一分钱，一分货。
极光,8GB+256GB,3,差评！！！！说好的配送耳机，结果拿来都没有，时间还很长，等了好几天才处理发货！！
极光,8GB+256GB,3,什么鬼，这么多内存空间却显示内存不足，有人和我的一样吗？
极光,8GB+256GB,2,一些原因收到货现在才用，刚发信息听语音很大的杂音。垃圾手机，再也不买OPPO了
极光,8GB+256GB,3,看配置是可以，收起来很一般，购买须谨慎，太慢了，而且还不给退货！！！
极光,8GB+256GB,3,让我很不满意的是包装，这破损程度严重让我怀疑我的手机是不是在运送途中有过撞击，里面手机盒的塑封膜也破了，并且快递员打两个电话没接通，未征得同意私自就放快递柜自取了。这么贵重的快递就这种运送服务。评价好不起来！
极光,8GB+256GB,2,拍照真差，除了内存大，就没有别的，一丁点，优势，反应慢的要死
极光,8GB+256GB,3,手机除了内存大其他没太深印象，包装不清楚哪个环节出问题，箱子还没有几十块钱东西质量好，快递员直接扔到快递柜电话也不通知，懒得退换了，
极光,8GB+256GB,3,原钢化膜，吸灰尘，很脏很脏的样子联系客服，让自己去换钢化膜，不满意
极光,8GB+256GB,2,反应不快，有的软件打不开，网络慢，自己重新启动，感觉最不好的一次购物。
极光,8GB+256GB,3,挺糟糕的一次购物体验。强烈建议最好还是实体店拿货，方便的多。我是三月三日购买的手机，第二天看到手机还在发货地，因为急用手机，所以退货了，去实体店买的，三月八日手机到了，我打电话给快递员拒收，之后在没打通，手机还是给我签收了，这么久了，钱也退不回来
极光,8GB+256GB,3,没有赠品就说清楚，写什么送完即止，任何没收到赠品的人都可以说送完即止，真实性在什么地方？我看上的是产品，赠品不是重点，心里只是觉得有种被骗的感觉，很不舒服！
极光,8GB+256GB,2,没有发票，售前客服咨询大概什么时候到都不能给我解答！ 包装太夸张 没发票没保修卡  使用起来偶尔卡顿  很失望 谁叫我着急用手机啊！
极光,8GB+256GB,2,用着用着就热了，第一天回来充电，没有关机，等到第二天一看，自动关机，开机还显示升级，真是无语了，
极光,8GB+256GB,3,"手机音质一般，2000元的手机竟然没有呼吸灯，太坑了，还有就是屏幕贴膜超级吸尘，每次从口袋里拿出来都沾满各种各样的纤维尘埃，郁闷死了
外形外观：纤瘦
拍照效果：还行
运行速度：也没怎么快呀，还是我的网速有问题"
极光,8GB+256GB,3,不知道评价的照相清晰是不是从老年机过来的，简直了，不值！细长，显得屏幕一点6.5的感觉没有，照相简直了，那个像素跟300块的老年机一样。要不是给爸爸用上了，真想退了。
极光,8GB+256GB,2,刚拿到手机，试用了不到一天，感觉有点卡顿，来电有时不屏显，有时屏显慢，时好时坏，我申请退货，说是检测没问题，手机激活了不给退，真有意思，我不激活试用，怎么知道好不好？我不同意返回，然后他说请示领导能不能退，再给我答复，过了两天我收到了手机，我去，说都不说一声就直接给返回了，什么意思？强卖吗？特别不爽！
极光,8GB+256GB,3,手机感觉没有以前用的好，之前用过两个oppo了，这次首先是打字键盘不好使，卡顿，打字不流畅。其次，电池不咋耐耗电，基本上看网页，不是一直用，一天需要充一次电，充电时间两个小时。手机其实感觉不是特别灵敏，尤其是键盘太难用了，总之体验感一般，最大的好处就是内存大。快递回来的时候手机盒放在大的外包装盒，里面竟然没有任何海绵泡沫缓冲，这个不太好。
极光,8GB+256GB,3,刷视频卡卡卡卡，用~支付卡，卡卡卡
极光,8GB+256GB,2,不好
极光,8GB+256GB,3,~朋友圈图片看起来雾蒙蒙的，有时候会突然停顿，滑动不了。其它还不知
极光,8GB+256GB,2,第一次网购买手机，结果真不是一般衰买了个破手机，就连最简单的~要复制链接都无法自动识别，什么拍照48000根本就达不到，拍的好模糊跟老人机有什么区别吗？奉劝要买手机的，真的值得好好看下评论，我就是个例外没看就直接买了，现在激活了也退不了
