银河战舰,8GB+128GB,1,不好用
银河战舰,8GB+128GB,1,预留了耳机孔，盒子还那么大，把盒子拆了也没有找到耳机在哪里。是不是没有耳机。没有耳机差评
银河战舰,8GB+128GB,1,打王者怎么可以这么热，屏幕都烫手，不是说散热好的吗？开了gt模式更烫，续航也拉胯，系统优化不行！
银河战舰,8GB+128GB,1,"颜值我觉得一般，不如隔壁k40，然后我下载跑了个分，我不知道评价那些75万的跑分怎么来的，我只跑了68万。没开GT模式。
屏幕没有网上说的那么不堪，在阳光下确实看到的不是很清楚，但也没谁天天在阳光下玩手机。室内使用屏幕还行。
手机发热确实严重，跑了个分手机就烫的不行。
电池充电速度确实快，续航也还行。但是充电器老大一个了，太大了。不好带，不方便。不好用
手机使用挺快的，反应很敏捷，屏下指纹也很快。但是系统确实很拉胯，操作系统不方便。bug有点多。不如MIUI。
总的来说，这个价格性价比还行吧！但是想追求体验感的人别买。体验不好。尤其这个系统。
为了让更多人看到这个实事求是评价，我给了差评。"
银河战舰,8GB+128GB,1,催了半个月的耳机，结果送了个夜灯，不愉快的一次购物
银河战舰,8GB+128GB,1,差评，跑分怎么能是58万，无语了，还不如晓龙865呢，一会在满电试试，不行准备退了，真无语&hellip;
银河战舰,8GB+128GB,1,虚假宣传！！掉电严重！
银河战舰,8GB+128GB,1,暂且不说手机发热问题，拍照效果太差，指纹识别不够灵敏
银河战舰,8GB+128GB,1,骁龙888发热太严重，王者荣耀90帧玩2把cpu50&deg;＋，耗电也快
银河战舰,8GB+128GB,1,不知道有没有人和我一样，玩王者的时候隔段时间就会卡十秒钟，肯定不是网络的原因，客服只有机器人，很服
银河战舰,8GB+128GB,1,我真的是服了这才用两3天而且平时就刷刷剧偶尔打下游戏一天一充手机充电时发热严重不说就王者荣耀这种不太吃性能的游戏都全是开的中画质打一局手机已经明显的发热且烫手早上起来给手机充电半个小时后我感觉充满了就过来看好家伙手机都能煎鸡蛋了拔下充电器手机屏幕不亮时不时像闪电一样闪一下才用两3天直接废掉直接黑屏您们可真行
银河战舰,8GB+128GB,1,买手机不送耳机，说给视频会员卡糊弄客户，手机发热严重推脱不解决，电池容量异常也一直踢皮球，这个品牌怪不得以前没听说过，就这个服务质量的确不配，以后还是买iqoo算了。
银河战舰,8GB+128GB,1,一个星都不想给，网络特别不稳定，和朋友连同样的WiFi，打王者信号特别不稳定，一顿一顿的，朋友的确一点事没有，我又切到手机流量还是特别不稳定，气死我了，差评，差评，差评，重要的事说三遍。什么破玩意儿。气死我了。
银河战舰,8GB+128GB,1,网速需求量大，而且手机膜啊什么其他东西也没送，后台运行也不行。温控程度最多也就比小米好上这么一点而已。
银河战舰,8GB+128GB,1,别问我为什么差评  打游戏电量在飞  两局王者手机就开始发热  不开GT一局游戏8格电 开GT玩一局掉10多格电  其他的还好  就是续航和游戏这里真的崩溃了
银河战舰,8GB+128GB,1,耗电快，一天得两充，然后指纹息屏后不显示指纹图标，超级坑！之前问客服息屏状态下，指纹解锁是否需要点亮屏幕，客服说不需要，手指按上去就可以解锁。结果上手后是假的，然后插卡了 还不支持7天无理由！严重的欺骗消费者行为
银河战舰,8GB+128GB,1,差评 体验很差 退回去以后跟我说激活不支持7天无理由退换 手机进游戏加载异常慢 现在10度左右 发烫严重 可以想象夏天什么样
银河战舰,8GB+128GB,1,盲人模式。对盲人。一点都不友好。，盲人模式。一点都不好用。，很多软件。，系统设置里面。很多项目都没有办法朗读出来。，盲人软件。无法读屏。，建议软件开发。好好优化一下。。抱着很大的信心。，让一个盲人软件。小小的软件问题。弄得很失望。。
银河战舰,8GB+128GB,1,说实话，手机系统很垃圾，非常难用，和华为小米系统差远了，手机和广告上的图片差距太大了，还有数据给的很能模糊人，真不实在。
银河战舰,8GB+128GB,1,体验很差，充电时，充电头异响电流声，充电速度也不是那么的快，手机带电感觉不理想，发热挺严重，可以网上测评的那么好，玩游戏时侧边栏偶尔会一闪一闪的，划开就闪退，调亮度会卡顿，，卡一下才能显示亮度，总体来说，体验极差。建议大家别盲目跟风。
银河战舰,8GB+128GB,1,第一次使用安卓手机，用了一周，特来评价一下，优点不说了，网上吹爆了，缺点我说下，第一：5G信号问题，同一个卡插在oppoA93上面显示5G，在GT上面没有5G，用了一周至今没有看见5G信号，第二：~视屏像素简直堪比10年前的手机，有图自己看，问客户一直都是机器人回复。图二是手机信号问题，5G开关已经开了，有5G覆盖，也是5G卡。
银河战舰,8GB+128GB,1,屏幕确实比较垃圾，相机只能扫描，系统不太好用。说好直播间买的送耳机，客服全部是机器人，回都不回。买它还不是因为贫穷让我们相遇。其他方面都还ok。游戏只玩贪吃蛇&hellip;&hellip;外形外观：都一样屏幕音效：较差拍照效果：较差运行速度：#待机时间：还行其他特色：充电快
银河战舰,8GB+128GB,1,买个手机被#坏了，首先承诺的平均75万分，实际根本打不到只有70万左右；其次，差别对待首批购买的客户，4号直播间的定的前2000名才有蓝牙耳机，10号买的连个屁都没有；说是晒单1000京豆，实际是抽奖，我信了你的邪；手机发热，掉电块，客服就说是坏境问题，反正不承认是自己出厂质检不严格，质量差。严重怀疑你们在内存芯片和部分物料上做手脚，导致产品品质差别很大。这样的厂家，你能走得远？第一也是最后一台realme!!!
银河战舰,8GB+128GB,1,特意用了一段时间才来评价的，运行速度没的说，特别快，但具体使用起来体验不是很好，没有象华为的使用技巧等特殊介绍，有的截屏等功能不知道咋用，上手慢，手机自带的运动计步显示为零，~计步也显示为零，~语音来电有时没通知铃声，晚上面部识别不好用，有的学习软件学习完了不能计入学习时长，只看了堆料卖的手机，想着是oppo的子公司，应用方面应该没啥问题，令人太失望了，和预期的使用效果差距不是一点点，真后悔入手了
