墨影灰,8GB+128GB,3,除了耗电很快，其他都还可以
墨影灰,8GB+128GB,3,手机水感好行  就是电池电量不得行
墨影灰,8GB+128GB,3,"待机时间：电池不耐用。
运行速度：没有华为的快。"
墨影灰,8GB+128GB,3,烫手
墨影灰,8GB+128GB,3,还行吧  体验几天看看
墨影灰,8GB+128GB,3,外观各方面都不错，就是电用的太快了！确实太快了
墨影灰,8GB+128GB,3,虽然是塑料背板，但是手感很哈好。颜值挺高的。
墨影灰,8GB+128GB,3,玩吃鸡有掉帧的情况，不流畅，手机续航能力很差，拍照还不错
墨影灰,8GB+128GB,3,"外形外观：比较满意
屏幕音效：一般吧
拍照效果：还可以
运行速度：还行
待机时间：这个就要给个差评了！真心不怎么样！"
墨影灰,8GB+128GB,3,运行速度快，蓝牙连接有时无缘无故断开，wifi连接信号不好。联相同的wifi，s8比s21网速还快些，郁闷了！！！
墨影灰,8GB+128GB,3,屏幕色彩太艳丽了，刺眼，看一会就不舒服，即使开了护眼模式，其他方面的都很好。
墨影灰,8GB+128GB,3,信号没华为好，待机短，耗电快，一晚上能掉5%电电，屏幕还好，扬声器还好
墨影灰,8GB+128GB,3,电池翻车了，肉眼看着电量不停地掉，应该买华为p系列地，跟同事的对比，人家的拍照，电量都是秒杀三星，用一年，五折回收吧！
墨影灰,8GB+128GB,3,屏幕确实不错，拍照也挺给力，但是续航太差了，一晚上待机都能掉十个电，从来没用过充电宝的我都准备买充电宝了。
墨影灰,8GB+128GB,3,用电是真的快，即使使用省电模式，里面的绑定软件也是真的多，运行内存更是少一大半。手机分发区域快递员配送也给我弄错。
墨影灰,8GB+128GB,3,手机还可以，我用了二天，就是正常情况下，就算不玩游戏电池比较不够给力。电量下降的有点快。暂时说到这，后续机器有什么坏处在说
墨影灰,8GB+128GB,3,电池超级不耐用，照相人稍微站远点噪点多，拍风景还可以，手机大小合适，第一次用三星智能手机，有几个想下的应用软件都没有。
墨影灰,8GB+128GB,3,手机有发热 掉电快 用惯了弧屏 再用直屏 感觉就变得很一般了 流畅度还可以
墨影灰,8GB+128GB,3,"外形外观：直屏中规中矩
屏幕音效：可以
拍照效果：比错
运行速度：觉 一般
待机时间：刚装完软件，掉电太快了吧。看看试两天啥样"
墨影灰,8GB+128GB,3,屏幕很好，手感比我的xr要好，摄像头也很好，唯独电量掉得有点快，电池比我xr容量大，没xr耐用。然后还有就是面部识别是真的慢，这是目前发现的问题。
墨影灰,8GB+128GB,3,"外形外观：大小适中，就是后盖塑料拉跨！
屏幕音效：1080p屏幕看起来还可以，比曲面1080p清晰。
拍照效果：拍照虽然没大的升级，但是相比S20进光量有提升。
运行速度：运行速度还行，就是安装软件有些热。
待机时间：待机实际，还没充电 ，后期追评。
其他特色：如果能用上玻璃或者金属后盖，也比这个大塑料手感强！"
墨影灰,8GB+128GB,3,"优点:
1、尺寸非常满意，不大不小，正好。
2、外观，不得不说，三星是安卓系手机里把外观拿捏的死死的品牌
3、还在摸索中
缺点:
1、快充超级慢。。。。。。60%的电充满要两个小时。
2、游戏卡屏，不知道是游戏软件问题还是手机问题。我玩的是王者，最多单排出现过三次卡屏。
3、屏幕灵敏度比小米弱
4、相机，老实说同等价位小米11像素更高清。就拍照效果来看，满足日常是够用的，30倍变焦完全是噱头，啥也看不清，但是镜头防抖倒是真的。
5、之前用的是小米，目前来说性价比确实不高。有三星粉嘛，可以帮忙普及一下优点。"
墨影灰,8GB+128GB,3,"在珠海玩王者冬天烫还好，夏天估计手会很热。可能会造成卡顿！
同样是6.2寸与我的9+还小了些。也没有那么宽。比较小巧。个人觉得游戏不太合适这手机。还没有我的9+好用三年了依旧比较给力。
外形外观：每一部在那一年都是比较完美
屏幕音效：1080的还不错。色调好像稍微比我的9+淡一点点。
拍照效果：我够用就行了。
运行速度：新机没什么好说的。
待机时间：一般，三星的通病。
其他特色：满意的是三星的设计与屏幕，缺点电池与有些国产手机一次就显得不够耐用。耗电有些快！信号方面个人觉得好像有些差。希望电池能多多改进。"
墨影灰,8GB+128GB,2,不愧为跳水王子，超过保价就降价。
墨影灰,8GB+128GB,3,500的京东E卡半个月为啥还不发放？
墨影灰,8GB+128GB,2,跳水王 服了服了
墨影灰,8GB+128GB,2,呃，手机还阔以就是耗电有点快
墨影灰,8GB+128GB,3,手机上面就一层膜，销售说是批次不同
墨影灰,8GB+128GB,3,后面塑料质感不好。
墨影灰,8GB+128GB,2,打和平卡了好几次，还没有10流畅
墨影灰,8GB+128GB,3,屏幕和以前比差了一些，发热严重
墨影灰,8GB+128GB,3,一个月不到就降了300，真的是跳水王
墨影灰,8GB+128GB,2,买了就后悔了，有条件的还是华为苹果吧，不是很好
墨影灰,8GB+128GB,3,信号不稳定，个别APP容易出现闪退
墨影灰,8GB+128GB,3,5000块连个耳机也没有
墨影灰,8GB+128GB,2,由于手机需要插卡激活才能进入系统，已申请退货
墨影灰,8GB+128GB,3,系统用不惯。不玩游戏一天3充。掉电真的快
墨影灰,8GB+128GB,3,并没有收到啊
墨影灰,8GB+128GB,2,不知道是不是运气不好，有一部分花屏，过年错过了换货时间很气
墨影灰,8GB+128GB,2,电话有杂音
墨影灰,8GB+128GB,2,不太行
墨影灰,8GB+128GB,3,塑料手感不咋样，续航比较崩，发热比较大。
墨影灰,8GB+128GB,2,手机刚买回来就有掉漆现象，我也是醉了，换货还要等好久。我也是服了。
墨影灰,8GB+128GB,3,可惜了，没有耳机，这个价格适合买苹果，产品没什么竞争力
墨影灰,8GB+128GB,3,出现莫名死机、关机情况，已经申请售后，再使用看看情况
墨影灰,8GB+128GB,3,电池不耐用，手机很容易发热，不打游戏都发热，其他改可以。
墨影灰,8GB+128GB,3,充电发热好严重，塑料手感真的差劲，唯一好的就是屏幕了，哎
墨影灰,8GB+128GB,3,手机比较小巧，但我买的版本是全额回购，下订单后也确认了的，收到货后就不认账了，这点不厚道，不诚信。欺诈消费者。
墨影灰,8GB+128GB,3,一天充3次电早上充的电中午就没了下午再充晚上又没了，谁买谁后悔
墨影灰,8GB+128GB,3,货收到用了两天之后评论，手机使用导航发烫，其它一般，连耳机商家都没有配
墨影灰,8GB+128GB,2,"屏幕颜色效果和清晰度还没有我iPhone7好
 。另外屏幕按键反应不是很灵敏  使用和国产的2000多的机子差不多。这手机不值这个价"
墨影灰,8GB+128GB,2,送货很快，手机大小很符合人体工学，单手操作正合适。但作为一台新机，这侧边磨损成这个样子实在让人不爽。是新机吗？
墨影灰,8GB+128GB,3,"打开手电筒 后壳漏光 带了手机壳的情况下 依旧明显
第一次遇见 客服说漏光正常 呵呵"
墨影灰,8GB+128GB,3,"最大缺点
非常耗电，轻度使用一天至少两充，如果玩游戏一天得充电N次，玩半小时和平精英居然掉电60%；
其他都很好。"
墨影灰,8GB+128GB,2,"5000块的暖手宝！棒棒哒！
外形外观：外观手机界天花板，很漂亮没的说

屏幕音效：屏幕也挺好

其他特色：太烫了，真的，，容易手冰的人强烈推荐这个"
墨影灰,8GB+128GB,3,流畅度还行，指纹解锁灵敏度和识别度竟然比我港版21u 要lj好多，不知道是不是最近手指蜕皮造成的，玩游戏吧会突然跳画面，相较于上一代减配运存，这价格再减减，我建议买iqoo7
墨影灰,8GB+128GB,3,我主要看中这款的大小设计，手感一般，做工用材一般，最不合心意的一点就是闪存不行应该不是3.0以上的，大概在2.0左右吧，玩游戏体验一般在这个价位性价比不高，就看后期使用程度了，系统优化做的怎么样了，只能给个中评了。
墨影灰,8GB+128GB,3,声音很好，用习惯S8+觉得屏幕好小，同样6.2寸，为啥差那么多。续航目前不太好，很快就没电。有点后悔，买超大杯好了。
墨影灰,8GB+128GB,3,用着感觉非常一般，我之前用的是荣耀20，用了一年半，对比，优点：多个5G，摄像头好一些，缺点：其他方面感觉都不如荣耀，塑料感太强，这个手机电池容量要大于荣耀，同样使用频次实际电池使用寿命却还不如我用了一年半的手机，流畅度没感觉出什么区别，都差不多的。唯一我非常满意的就是屏幕尺寸非常合适我的需求
墨影灰,8GB+128GB,2,"外形外观：除了塑料后壳没毛病
屏幕音效：好，三星自己的屏幕无可挑剔
拍照效果：好，实打实三个能用得摄像头
运行速度：差，骁龙888翻车，发热巨大，三星代工的5**对比台积电差距很大！今年夏天预计会有爆炸发生。严重影响用户体验，虽然三星优化得比小米好，但是无奈888先天不足！
待机时间：勉强够用，要轻薄就要牺牲续航，可以理解。
其他特色：系统出乎意料，好用"
墨影灰,8GB+128GB,2,本着买新不买旧的选择放弃了s20买了它，外观总体来说还可以，屏幕大小合适单手操作没什么压力。但是接缝大，塑料后盖不怎么样。硬伤是性信号，5g卡经常显示一个H。备用机是果x，正常看电视，这手机无网络。四千出有想要的滴滴我，送三星LED手机壳
墨影灰,8GB+128GB,2,"屏幕是没话说，绝对一流；卡是不存在的；塑料后盖手感还不错，裸机党都能接受，带壳的就更是没感觉了，农药两小时，不存在发热问题。
但是拍照确实不敢恭维，比米10都不如，无语了。"
墨影灰,8GB+128GB,3,"手机非常好，虽然是1080P，但完全看不出颗粒感，屏幕素质还是很好的。因为是塑料后盖所以机身很轻薄。摄像优秀。电池耐用，但充电速度比较慢。
美中不足的就是这次活动比较**，耳机半价券要年初一才能发放，而且有效期才3天。所以提醒各位参加这个活动的机友们一定要定个闹钟。"
墨影灰,8GB+128GB,2,刚开始拿到手里还是很高兴的，但一些问题让人高兴不起来，觉得这个手机对不起5000元的价格。首先让人感觉不舒服的是做工问题，屏幕与边框之间过渡虽然做得像自然，但用手一滑就会明显感觉到割手，屏幕与四个边框过渡还不一致，右边还行，左边与下面明显的边框要高过屏幕一些。背面也是如此，另外背面与中框间隙大小不一，平均已经很大了，跟手上的苹果xr和红米10x比都不如。另一个问题就是正常使用情况下，电池电量下降有点快。另外一个问题见仁见智，个人感觉系统UI不太美观，app的图标强制被截成了圆的这跟锤子重绘就差得远了。还有就是系统应用内做的有点丑。当然也有优点，买它只是奔着小巧和屏幕。
墨影灰,8GB+128GB,3,掉价掉的太快了，哎，三星啊三星
墨影灰,8GB+128GB,3,掉价太快 割韭菜
墨影灰,8GB+128GB,3,手机掉电太快了
墨影灰,8GB+128GB,3,这个电池的电量太不禁用了 掉电快
墨影灰,8GB+128GB,3,发热好严重 玩游戏会突然白屏几秒 后悔
墨影灰,8GB+128GB,2,刚买没两天就送500京东卡，说送电影票，最后补偿了京豆，购物体验不好。
墨影灰,8GB+128GB,2,差评差评。6号手机确认收货。500的京东E卡。要22号才给。
墨影灰,8GB+128GB,3,6.2的屏有点小，很轻，续航不怎么样！
墨影灰,8GB+128GB,3,电量刷的一下就没了，续航很差，散热很差
墨影灰,8GB+128GB,3,三星手机真的不如以前了  好多APP不支持啊  购机的朋友谨慎啊
墨影灰,8GB+128GB,2,三星s21这款手机比较失望。说拍照清楚的是不没用过好手机，6400万的像素拍出这个水平来也是第一次见。非常失败的一次购物，懒得退了。
墨影灰,8GB+128GB,3,说送耳机，也没给送，。手机发热太厉害，一般般，光害怕炸了
墨影灰,8GB+128GB,2,塑胶手机后盖太廉价了，而且不带耳机，建议买s20，s20带耳机。
墨影灰,8GB+128GB,2,包装真的不想说，五千的手机就用个破纸盒，里面一点填充都不放！你们真是人才。
墨影灰,8GB+128GB,2,电池耗电快得一批，简直了，真的是。充满电都没怎么亮屏，电刷刷刷刷的掉。
墨影灰,8GB+128GB,3,待机时间：真心无语，连续使用5个小时就没电了，还没玩游戏！这是4000毫安的？
墨影灰,8GB+128GB,2,充电速度实在太慢，今天早上充了将近三个小时才充满，耗电又快。
墨影灰,8GB+128GB,2,买来打开后先检查外观，看起来很廉价跟国产几百到1千多的手机差不多，我就没激活直接退了，接受不了那么贵那么差的外观
墨影灰,8GB+128GB,2,"京东真是越来越嚣张了，前天下单，隔天降价送E卡，还不支持价格保护，不退货等过年？
手机续航是真的崩，不建议入手"
墨影灰,8GB+128GB,2,手机是很好，主要是这电池实在是不敢恭维。耗电量太快了吧，感觉是在掉电。显示是4000毫安，半天60的电没了。已经后悔买了。
墨影灰,8GB+128GB,2,电量大有问题，新手机，一天2充，我使用手机频率并不高！大家慎重！充了一晚上电，早上一看，竟然只剩90%！
墨影灰,8GB+128GB,3,我也算老用户了手机呢暂时不评论才到手，这包装里一点填充物都没有，要是别人没有就算了，为什么就我没有，这个填充物也花不了几个钱，这也没必要区别对待吧
墨影灰,8GB+128GB,3,一次真实的购机体验 首先我拿到手机之后 第二天上课 我用这个手机来拍老师的 发现很模糊 我很确定我拍的时候聚焦在ppt上面的 然后 惊奇的发现摄像头进灰了 后来就是一大段的退货扯皮过程 然后手机又原返到我手里 手机拍照居然不模糊了 简直了 一个细节 原返给我的时候 手机的五折保值卡没有了
墨影灰,8GB+128GB,3,浏览器推送广告太多，无法关闭，无法卸载。播放音频如安装三方播放器，无法使用自由音频软件播放音频，效率低，使用不方便。屏幕指纹解锁不灵敏。
墨影灰,8GB+128GB,3,"1.系统有点用不惯，很
2.系统推荐广告奇多，有点不适
3.机身娇小，机重偏轻，握持感很棒
4.系统组件太少，diy感不强
5.室内网络信号?挺差的"
墨影灰,8GB+128GB,2,手机挂了:充不了电。买了二台，有一台大约10天左右就偶尔充电不正常(由于给家人用，对手机不是很了解，当时也没注意)，今天彻底充不了。显示&ldquo;检测到充电口有异物或湿气&rdquo;，仔细看充电口有一面有点蓝绿色的，像是铜锈。郁闷的是已经过15天了，京东不给换，只能检测后维修。买了半个月成二手机了。
墨影灰,8GB+128GB,3,"分辨率1080p 配置低了，电池一天两充，指纹识别，一点都不好， 30秒后请重新使用指纹? 想购买的能接受吗？
作为旗舰机，我觉得真的是有点不厚道。这不是搬起石头砸自己的脚吗？竟然是越南制造
其他配置还能接受， 体验都还不错??"
墨影灰,8GB+128GB,3,"连接电脑传数据有些问题，用typeC-USBA的接口，连接我的win7电脑的USB2.0无法连接，只能充电。后来我发现把线连好，重启手机以后就能连上电脑了。不知道什么问题，我估计这个是软件bug，以前有个三星A6s也有同样问题，等某版本的软件升级了才好的。返回维修的时候，检测人员说好的，我估计他就是插好线启动的，然后就能识别出来。如有有类似的问题的，可以用我的方法试一下。我也算是三星的老用户了，从三星note8开始note 4 edge,a6s, note 20到s21。A6s的小毛病比较多，每一版本软件都有其问题。S21这次又遇到了这个连接问题，还有送的优惠的二维码，其实屁也没有，还把身份证号码骗去了。"
墨影灰,8GB+128GB,3,图1从左到右是s8 s21 小米9pro手感比小米好但不如s8圆润，图2那个卡是不是没用的?根本刮不开，屏幕肯定不如2k细腻但比我的小米9p的1080好，塑料后盖也没有想象中那么糟糕，但是你这个续航也太差了我从note3用到s8三星的续航我是有心理准备的还是出乎我的意料了，同样是4000毫安的电池还不如我用了一年的米猴机。
墨影灰,8GB+128GB,2,太耗电了  王者荣耀的话 打三局  每局在十五分钟左右  要耗电百分三十左右  正常刷刷抖音看看新闻 一共一小时左右  要耗电百分三十五左右  我百分百电量打了四把王者 看抖音 看淘宝 看京东 看新闻  两个半小时三个小时左右耗电快百分七十了    不是很开心  用半年再换掉吧  反正我选的是 百分五十回收  说实话真的很差 从S6开始就拿三星了S系列的都拿过了  这个S21是唯一一个让我感到伤心的一款  想买的朋友们在观望一下吧
墨影灰,8GB+128GB,2,刷~、快手发热严重，耳机没有连个转接头也不送，买了个转接头还不支持三星手机，现在这手机厂商真是不知道该怎么评价了，几千块钱的手机竟然配不上一款想用的耳机
墨影灰,8GB+128GB,3,外形外观：外观是我喜欢的类型屏幕音效：三星的屏幕各位都懂的音质也不差拍照效果：拍照效果我觉得挺好的运行速度：运行速度一般待机时间：不得不吐槽一下了，这个待机时间太#短了，还不如我用的华为！或许这就是三星的通病吧！还好车上有无线充电其他特色：拿在手里的感觉特别舒适，这是上一部华为给不了的！更不用说苹果了......
墨影灰,8GB+128GB,3,哇塞！手机收到了，超喜欢的，看中很久了，现在终于到货了，棒棒哒，颜值爆表，大爱呀，不大不小刚刚好，我很喜欢，刚试用了，手感超级棒。支持三星手机，用了三星的好几代产品了，这款价格也不贵，超级无敌好，三星粉丝，会一直支持，点赞，唯一的遗憾是待机问题，其他都很好。
墨影灰,8GB+128GB,3,缺点:手机容易发热刷~手机都有明显的发热，，电池续航一般，本来就已经少了2K的分辨率，电池续航不行和发热就逼的我只能开省电模式，一开省电模式就变成了60的刷新率，等于这手机两大卖点骁龙888和120的高刷成了笑话，WIFI链接应该是没问题，但可能是系统和各个app的对接有问题好多app在WIFI状态下经常刷不出东西，但应用商店下载东西正常。优点:手机握感好，确实要比国产品牌更有设计感和高级感。
墨影灰,8GB+128GB,2,一直信赖三星，他的屏幕，颜值都非常喜欢，S21出来也第一时间追了，没想到新手机电池非常不耐用，一上午就发几条~，40的电量就不见了，这些还能理解。这几天玩手机的时候，居然发现了卡顿现象，打开APP也会出现偶尔的延时，这最新款的旗舰确实让我惊呆了，作为多年的三星粉太失望了
墨影灰,8GB+128GB,2,故意中评让更多人看的，手机本身不好不坏吧，作为一个一直用三星的人来说，不惊艳也没有那里不好。但吐槽一下活动，不知道是京东还是三星的问题，活动策划是外星来的，没考虑到这是中国一样，送卷活动10号发，15号过期，作为一个打工人来说，我实在没法操作，变相等于逼着我放弃一样。当然也怪自己太单纯，没仔细看各项规则（好像也没地方可以看到），我只能是从此粉转路，下个手机绝对不考虑三星，现在这个~可以留言，（补充一下，这个活动规则某种程度上来说也算不上毛病，但至少可以说考虑不走，没考虑春节因素，导致如果我不退货的话就只能长途漫漫开外放或者不听音乐，甚至是让我自己放弃，因为客服说10号发卷，15号过期，我是没法买，不知道寄哪里）
