烟紫（素皮）,8GB+256GB,3,上手体验也就一般吧
烟紫（素皮）,8GB+256GB,3,在用着手机写评价，续航是真的差
烟紫（素皮）,8GB+256GB,3,感觉还是小米6好。
烟紫（素皮）,8GB+256GB,3,京东购物第一次经历二十多天的物流，等到花儿都谢了。
烟紫（素皮）,8GB+256GB,3,手机收到了 但京东的采购速度着实有点慢 但送货挺快的1天就到
烟紫（素皮）,8GB+256GB,3,发烫严重咯，其他还好
烟紫（素皮）,8GB+256GB,3,各有利弊吧 屏幕真好看 电池是真不耐用
烟紫（素皮）,8GB+256GB,3,还行吧，给朋友买的，虽然有辨识度但还是没质感
烟紫（素皮）,8GB+256GB,3,喇叭震的手疼，屏幕挺好，手机发烫，感觉一般
烟紫（素皮）,8GB+256GB,3,体验还可以，用了四天退了，下电很快，满足不了一天使用，且是我不玩游戏的情况
烟紫（素皮）,8GB+256GB,3,买了两三个月，外观手感屏幕都不错，尤其是看视频比较不错，不过这段时间无缘无故卡壳，死机，重启，这方面的体验尤其不好，第一次用小米，整体体验没有之前手机好。
烟紫（素皮）,8GB+256GB,3,"優缺點參雜的手機，屏幕比不過兩年前的一加7 pro，照相也普普，紫色素皮遠看好看，近看與觸摸略為廉價感。

miui能用，功能眾多，但對新手的上手成本頗高，系統動畫很順暢及精緻。

感謝**年節優惠券，可以讓我買新機過新年，讚歎**！"
烟紫（素皮）,8GB+256GB,3,有优点就是屏幕2k屏很细腻，配合120高刷和480的采样率，触控更舒服，机身也轻薄，但是缺点也很很致命，耗电是真的快，如果上班的地方不方便充电真的是省着用，还有摄像头真的很突， 最后京东发货是真的慢，5号抢购成功 14号才得
烟紫（素皮）,8GB+256GB,3,不是自己用的，给家里人买的，因为没啥打游戏的要求，还可以，如果打游戏啊这些发烫看大家评价，屏幕色彩感觉没我自己的手机好
烟紫（素皮）,8GB+256GB,3,"外形外观：还行
屏幕音效：整个后壳震动很厉害，音质也很一般，声音最大会破音，屏幕不错。
拍照效果：一亿是吹牛，2400万应该有了
运行速度：很快很流畅目前没遇到死机
待机时间：电池4600只能算一般，但功耗太高，所以总体续航在中下游
其他特色：整个手机貌似除了屏幕没有啥出众的地方了。音量全开破音、震感强烈，续航一般，像素还没有媳妇的苹果清楚。目前没遇到评论上说的经常死机。总的来说和两三千的手机没啥区别，但屏幕和处理器要加分，价位如果放在3499、3699、3999比较适合这个手机。当然所有品牌的旗舰机性价比都比较低。如果讲性价比两三千的手机性价比最高，也是主流。"
烟紫（素皮）,8GB+256GB,2,机顶边缝怎么这么大呀
烟紫（素皮）,8GB+256GB,3,手机到了，然而充电器还没发货
烟紫（素皮）,8GB+256GB,2,怀念我的nova5pro 没有什么特殊体验
烟紫（素皮）,8GB+256GB,2,稍微放大点声音，后盖极其振手。
烟紫（素皮）,8GB+256GB,3,广告真是无处不在，一如既往的low
烟紫（素皮）,8GB+256GB,2,刚买第二天就这样了，并且还出现过卡机，呵呵哒
烟紫（素皮）,8GB+256GB,3,手机一般，没有期望值高，发货时间推了10天才发货
烟紫（素皮）,8GB+256GB,3,充电提示音响了一晚上，关也关不掉，烦死了
烟紫（素皮）,8GB+256GB,3,感觉用得不是很应手！
烟紫（素皮）,8GB+256GB,2,不知道是我色盲还是怎么的买的烟紫色的看着像是蓝色
烟紫（素皮）,8GB+256GB,3,很可以了，就是耗电太快了，一天两充。。。。
烟紫（素皮）,8GB+256GB,3,这是烂的吧
烟紫（素皮）,8GB+256GB,3,慢的一比
烟紫（素皮）,8GB+256GB,3,真的发热
烟紫（素皮）,8GB+256GB,3,之前用的是mate 20，换了之后感觉高刷屏幕很爽，但是拍照，尤其是文字比较失望
烟紫（素皮）,8GB+256GB,2,产品还是不错的，就是发货速度太慢，且充电器有问题，换货又是漫长的等待，无语中
烟紫（素皮）,8GB+256GB,3,拿到用的第二天，进入软件会闪退，还容易发热
烟紫（素皮）,8GB+256GB,3,用着还行，还没玩游戏。就是感觉放音乐手机太抖了。是我错觉吗？
烟紫（素皮）,8GB+256GB,3,真的会发烫！！！！！
烟紫（素皮）,8GB+256GB,2,一般般吧。4299也就这样了。还是有点卡顿。打完王者回到主页之后一直卡顿。
烟紫（素皮）,8GB+256GB,3,不知道别人的怎么样，我满怀期待的买回来，结果一个多月经历过两次死机，白屏，强制关机都关不了
烟紫（素皮）,8GB+256GB,2,实话说有时候真的会卡顿然后耗电也是蛮快但是也没有说像网上那样烧40多度系统UI做得还可以充电意料之外洗个澡的时间可以冲到70这样.还有拍照效果感觉比网上说的要好
烟紫（素皮）,8GB+256GB,3,使用2天的感受：上个手机是xr换安卓之后感觉充电快了很多屏幕素质也很好摄像我基本只拿来扫二维码，但是怎么说质感比不上之前的xr还有120hz的刷新率和xr60hz流畅度没什么太大的区别。总体来说各有各的优势希望用的时间会比xr长
烟紫（素皮）,8GB+256GB,3,好多小问题，莫名奇妙过一段时间，北京时间就自然晚了几分钟，只能开机重启才会调回来。不知道是什么原因
烟紫（素皮）,8GB+256GB,3,第一次买小米，手机屏幕周边的灵敏度不是很好，玩游戏的时候屏幕四周有时候要点好几次才能点上，除了这个其他方面都还可以。
烟紫（素皮）,8GB+256GB,3,机器收到了，试用了一会，确实啊哦在发热的问题，不知道后面有没有措施，先用用看，不行退了
烟紫（素皮）,8GB+256GB,2,"买回来大概一周吧就开始卡，玩游戏掉电好快&hellip;&hellip;逐渐开始后悔&hellip;&hellip;
拍照效果：一般
运行速度：较卡顿
外形外观：紫色素皮超棒！"
烟紫（素皮）,8GB+256GB,3,能明显看到苹果的影子，但有过之而无不及。SIM卡槽卡的紧挺好的。但是苹果好歹里面有根数据线，这个学苹果没有充电头，咋还升华连数据线都不要。
烟紫（素皮）,8GB+256GB,3,盼了五六天，终于发货且收到货。由于是晚上差不多八点收到的货，短暂的玩了2小时左右，发现信号很差，刷个东西半天不出来，当时突然很后悔买了小米11，但是第二天起来继续玩，觉得信号好了很多。。。总体感觉还不错。
烟紫（素皮）,8GB+256GB,3,有点瑕疵，充电插头插着有轻微松动，不知道你们有没有这个问题，充电能正常重，买这手机的时间点正好是我上一个手机难以正常使用了，难得换。其他都还好。
烟紫（素皮）,8GB+256GB,3,很一般 用了差不多半个月吧 手机玩游戏进去的时候会有点卡，有几次自己亮屏然后自动解锁了 没什么安全性
烟紫（素皮）,8GB+256GB,2,一直用华为来，给老婆换个手机，听说小米11很棒于是就买了一个，屏幕分辨率确实不错，拍出来的照片感觉还没有我的华为mate30pro清楚，感觉小米说的有点夸大其词，还有就是手机用一会后面真的很热很热，这点真的很差劲，让我也很失望，希望小米以后不要吹嘘自己的手机有多牛，希望小米好好改进一下
烟紫（素皮）,8GB+256GB,3,还好，就是颜色跟宣传的不太一样，烟紫色，到手感觉更偏向于蓝色，而不是偏粉嫩嫩的紫色，实体店看到的是偏粉嫩嫩的淡紫红色，而且客服就说了一句以实物为主。不是那么满意。。
烟紫（素皮）,8GB+256GB,3,一般吧，发货还是挺快的，然后我个人觉得有点色差，我刚打开手机还以为是蓝色不是烟紫色。然后后来看了别人评论发现就是，用了两三天的确已经自动开关机两次，也比较卡，然后续航差，但是看大家都说是系统问题，所以希望系统赶紧更新，其他都还好。
烟紫（素皮）,8GB+256GB,2,手机的话还可以，但很多地方体验太差了，网咯问题，开个视频一卡一卡的，之前note8pro就因为网络原因才想换个手机的，电池续航，所有开到最低，放着不用掉电都快，我2k屏没开，60hz，充着电跟女朋友打语音电话，烫的我怕手机爆炸放的离我远点，玩吃鸡王者挺不错，但我用着很注重信号问题。
烟紫（素皮）,8GB+256GB,2,"体验：
1、5G：体验了一把5G网络，最高速度可以达到35M/s左右
2、相机：一亿像素确实很清晰，但是你会发现其实并没有**，他只能看到你眼睛可以看到的内容
3、屏幕：最爽的还是120Hz刷新率，用起来超级顺畅nice
4、声音：立体声还是超级棒的，毕竟是哈曼调音，除了高音比较尖锐，低音没有想象那么低（可能是我对它要求太高了，不过总体还是挺满意的）
5、游戏：打游戏和平精英所有调最高，完全毫无压力成功吃了一把鸡
6、散热：缺点就是素皮版散热效果差，主要它的皮是贴在塑料上的，这也是比较厚的原因，建议游戏玩家还是购买玻璃版。
建议：
1、不知道为什么我找不到他的微距模式，估计是我太久没有用过小米手机了，上一部还是小米五的时候
2、虽然我知道它的充电速度很快，上一个厕所撒泡尿回来大概增加10%，但是我觉得可以增加小数点后两位的充电特效（隔壁华为就有），这样我才能感受到它的快
问题：
1、间歇性出现音量下键无反应
2、手机相机模块抖动声音很大，随便晃一下都会有声响"
烟紫（素皮）,8GB+256GB,3,"买11是朋友推荐的，当时一直给我吹2k屏，纠结了很久k40和米11还是加钱选了11。用了十来天了，给我感觉真的挺一般的，有一点后悔。网上经常提到的问题是都体会到了，耗电太快手机发热，耗电就算了毕竟配置确实在这里耗得快也充的快可以理解，基本一小时左右就可以充满这点还是很爽的。但是不太理解玩个手游，一两个小时手机就烫得像板烧是怎么回事。并且有些小毛病不知道是不是系统没完善，看个图片会一直卡动图，就像有东西压到屏幕的感觉，玩手游的时候不知道是不是有机体的保护机制会直接闪退。
总结就是真的小毛病不断大问题不犯，如果是米粉有这个闲钱觉得这些问题不算事还是可以入手的，单纯图2k屏幕和888的个人觉得真没必要。"
烟紫（素皮）,8GB+256GB,3,"外形外观：第一次去小米店体验了下烟紫色，当时觉得挺惊艳的，所以收货时并没有多少期待，反而觉得没有当时在店里看到时那么惊艳了。手机比较长，用小朋友的话说这个长方形的手机。
屏幕音效：屏幕显示和音效确实不错，不过如果开启护眼模式照片显示就不清晰了
拍照效果：奔着一亿像素买的，但是一亿像素也不过如此，比起水果牌和相机的两三千像素都不如。而且照片一张都是十几兆，很占内存，护眼模式下拍照片看着特别偏红，特别是人脸，一亿像素真的跟想象差距很远。
运行速度：目前已出现过一次卡机，大概卡了2分钟，按什么键都没反应，然后自动重启了，也是醉了，问客服，让升级系统版本，也不知道新版本稳定不，客服也不说清楚，辣鸡。
待机时间：待机时间倒是比较长
其他特色：暂时没发现其他优点或特色"
烟紫（素皮）,8GB+256GB,2,手机发热严重，影响体验！
烟紫（素皮）,8GB+256GB,3,太长了手机，单手操作不舒服！！！！
烟紫（素皮）,8GB+256GB,3,"系统问题太严重了
888发热确实严重"
烟紫（素皮）,8GB+256GB,2,物流太慢
烟紫（素皮）,8GB+256GB,3,声音外放，背后共振特别大，不知道是个例还是通病
烟紫（素皮）,8GB+256GB,2,充电器没有到，物流也看不到信息，问客服你推我，我推你，直接让我退货，我晕死了
烟紫（素皮）,8GB+256GB,2,出货超级慢
烟紫（素皮）,8GB+256GB,2,没用三个月就开始 卡屏   误触  发热太严重
烟紫（素皮）,8GB+256GB,2,小米11拍的，有同样问题的小伙伴吗，那个位置一直有个阴影，手机没有摔过，才拿到十天。好失望啊
烟紫（素皮）,8GB+256GB,2,这电量真是肉眼可见的哗哗往下直掉，我甚至怀疑电池是二手老机器上拆下来的
烟紫（素皮）,8GB+256GB,2,冬天开几把游戏几天烫得不行 一亿像素居然不清晰 有点失望
烟紫（素皮）,8GB+256GB,3,电池不耐用，偶有卡顿，另外蓝牙连接汽车跟信号不好一样，特别卡顿。
烟紫（素皮）,8GB+256GB,2,发热太严重，平常浏览网页都会持续发热烫手，只要打开使用就没有一刻是不烫的
烟紫（素皮）,8GB+256GB,2,帮我姐买的，除去发热这个问题就很完美。不过才买了一个多月就坏了，我又得帮我姐联系售后，幸好京东售后服务态度很好，三天左右就维修好了。小米还是得提高一下商品的质量呀，希望之后不会再出现这种情况了。
烟紫（素皮）,8GB+256GB,2,亲，手机很满意。可是我的手机饿了，没饭吃怎么浪？麻烦充电器赶快安排，一起的订单差了好几天。
烟紫（素皮）,8GB+256GB,3,"挺垃圾的吧。。
拿到手还挺失望的  游戏加载贼慢 手机还卡的要死 还经常黑屏...??"
烟紫（素皮）,8GB+256GB,2,"怎么说呢，小米11这次缺点太多了，。真是个人感觉不如小米10那样惊艳，。准备把手机退掉了，。真是感觉不太行。
运行速度：卡顿现象很严重。
待机时间：还可以。"
烟紫（素皮）,8GB+256GB,3,充电器没有一起到达，华为充电器不能用，手机没电了。很尴尬，差。XP为人则是为己嘻嘻嘻嘻嘻
烟紫（素皮）,8GB+256GB,2,配套的充电器一直不发货，用自己的充电器又被限制功率充电贼慢，希望能早点把充电器发过来，太影响日常使用了
烟紫（素皮）,8GB+256GB,3,1月22号抢到的，等了一个礼拜到了1月29号才发货，问客服说是预定商品得等我是抢购的怎么变成预定了？！感觉平台在刷订单量没货源还搞抢购而且抢到了还得等他们平台采购才能发出来。。。这手机体验了一段时间下来感觉一般，系统不完善bug太多而且更新还是负优化，社区一团乱个个都在抱怨这手机，这哈曼音质音效感觉也不怎样更新系统音质越不好
烟紫（素皮）,8GB+256GB,3,"买回来第一天居然死机了。
右侧边缘很难拉出返回键。
发热量较大。
无耳机。
轻薄充电快。"
烟紫（素皮）,8GB+256GB,3,"手机收到了，首先
外形外观：是有色差的，就**的这个我觉得不是烟紫色，是蓝色
新手机在操作的时候有出现系统没有反应的问题
最后不知道为什么这个新手机经常出现自己重新启动的问题，
尤其是他的饥饿营销，我抢这个手机就用了两个星期，等这个手机用了一个星期，这次的小米11真的是让我比较失望的"
烟紫（素皮）,8GB+256GB,3,先说这个快递真的慢死不发货，等了一周才拿到，用了半天，主要问题还是发热，耗电，后盖放音乐震动比较明显，其他我很喜欢，希望小米在优化优化888芯片 ，解决一下耗电和发热问题，看好小米。
烟紫（素皮）,8GB+256GB,3,小米高配 但是用起来会出现无网络状态 个别软件还会闪退 触屏也不够灵敏 更新了系统才好一点 新手机啊都这样好失望，华为新机都没这问题，看来性能还不够完善 凑合用吧
烟紫（素皮）,8GB+256GB,3,信号是真的差，比我一年前的荣耀30s还要差，在同一个地方，同一张手机卡，荣耀可以流程打游戏，用小米打不了太卡了，搞得我现在都是用荣耀开热点，玩手机
烟紫（素皮）,8GB+256GB,2,以前用过红米，摔了很多次依旧能用，用了两年多一直没什么问题只是后来内存不够了就不好用了，换了手机把内存清了之后依旧不卡，所以对米系列也是很有好感。这次入手米11，定闹钟抢的，一个星期前到货，也就用了这么几天，今天竟然卡到我强制重启??搞得我在怀疑它的真假？或者小米系列比不上红米?还是几年过去了，小米变了?
烟紫（素皮）,8GB+256GB,2,"1.紫色不是我想要的那种颜色，与图片颜色不一致
2.手机经常卡顿闪退
3.容易发烫
4.充电器不是一起发货，没收到充电器之前用其他充电器充电都是断断续续，很难充满
5.体验不好"
烟紫（素皮）,8GB+256GB,2,质量有问题，垃圾拍照效果，其他没对比不评价，标一亿像素，放大几倍后拍摄清晰度干不过华为4800万的，完败。，刚好过了七天才发现，搞死不给退货，特意到实体店去比对一下，效果也就那样，但我这个明显更模糊。质量有问题还不能退货，无语。
烟紫（素皮）,8GB+256GB,2,拿到手镜头保护玻璃都是破裂的，客服又说不是第一时间退，所以现在不能退?镜头高出保护套，镜头容易刮划；还有拍照居然没有防抖功能我也醉了&hellip;还有播放音乐后盖振动很厉害；其它的功能都还不错！
烟紫（素皮）,8GB+256GB,2,没货就预售啊为什么要抢购？？发货还慢，差评上说的问题都有，更新系统能解决。2K屏也没什么特别，，曲面屏最鸡肋，曲面也没显示什么，贴膜也不好贴，还容易被顶膜，1亿像素也一般，这可能是我不会拍照，，最短版的就是续航，不开省电模式的话抖音、看电视剧能用个四小时左右，打开省电模式正常用可以勉强支撑8***作时间，，而快充只是弥补续航的短板。
烟紫（素皮）,8GB+256GB,2,"1.分身无法导入主空间相册，咨询过客服，无法解决。
2.之前用的华为和苹果，这是第一台小米，很失望，经常会无缘无故卡顿或者app闪退。
3.看头条新闻的时候，上下翻动经常没有反应，要触摸好几次，可能跟曲面屏有关系？我没有戴手机套，手指也没接触到侧边。
4.很失望，以后肯定不会再买了。"
烟紫（素皮）,8GB+256GB,2,"外形外观：颜值没得说  相当OK
屏幕音效：屏幕跟音响是这个手机最优秀的地方  点赞
拍照效果：相当真实
运行速度：选的8+256版本  相当OK了  会有卡顿  888刚出来很多地方还需要调试  
待机时间：这个就比较拉胯了  满满**一天用不了 如果打游戏的话就必须要充电

手机本身的话我觉得没什么毛病  比我的小米9轻  小米9也拉胯  小米11没想到续航依旧拉胯   像我们这种重度使用玩家来说  这个电量真的满足不了  如果打游戏打的多建议换个手机  这个真不行"
烟紫（素皮）,8GB+256GB,3,小米几年前用过，性能不理想就放弃，使用华为几年，现在因华为无法使用谷歌，生态太差，又换回小米。这几天使用，评价一下，小米看来还没有改以前卖噱头的毛病，上不了大场面，做不了商务机，问题1，手机投屏巨烂，经常掉线，赶不上五六年前的华为旧机。问题2，广告垃圾太多，上手之后就是尽@除，明显是低端货，不是商务人士使用的。问题3，推广新闻大多都是八卦，大量的广告，大量的游戏，健康码之类，明显是国内百姓普通娱乐机。问题4，本以为这么高端的CPU，结果运行速度一般，与华为旧机没有太大差别，普通交易软件不为华为稳定，因此做交易，不建议使用小米，避免影响下单，错过机会。问题5，全面屏还是不如普遍屏，在曲面部分，触控不敏感，如用来做交易分析，你会抓狂的。小米在华为空档期，真是改不了低端思维的毛病，如果是商务人士，看来还是换苹果吧，不建议用小米。小米手机不稳定。本人因担心这个问题，同时也买了苹果11，目前苹果11没有上述问题。如果做为玩具机，拍个照之类的，小米还够用
烟紫（素皮）,8GB+256GB,3,东西不错，就是发货太慢了。
烟紫（素皮）,8GB+256GB,3,早上刚到的，用了一天，~一直闪退，差评。
烟紫（素皮）,8GB+256GB,3,有网的时候~刷不出来，烦都烦死了，经常性打开app没网，请大家慎重考虑！
烟紫（素皮）,8GB+256GB,2,~发不出长图，但可以正常发送普通的图片。对于要经常通报数据的人来说使用体验很差。已经用回旧手机了。
烟紫（素皮）,8GB+256GB,3,东西大体还可以，就是让我很不舒服，第一，在使用~时会出现花屏，第二，会断流，第三，打开云顶之弈右下角按键不灵
烟紫（素皮）,8GB+256GB,3,说真的，其实挺失望的，先不说这个超级慢发货速度。原本打算买卡其色的，结果过来这么久，完全不见踪影，忽悠人的吗？因为旧手机实在扛不住了，就入手了紫色。入手第一天，被这惊人的掉电速度吓到了，怀疑自己买的这是新手机还是用了好几年的旧手机&hellip;&hellip;我才刷刷~，刷刷购物就看着电量一点一点往下掉，太可怕了。后来发现掉电快，这充电速度也快，不要一小时就可以充满，所以这是让大家随身带着充电器跑吗？另外，强烈吐槽双卡卡槽设计，上下叠一起的设计确实节省空间，但你这设计是让人只装卡不拆卡吗？装完两张，要拆下其中一张太费劲了，在那边扣了半天。
烟紫（素皮）,8GB+256GB,3,买不到华为mate40，由花粉转米粉的，但感觉翻车了，首先这个一亿像素摄像头，非常鸡肋，没觉得拍出来的照片有多好，反正一张照片就占10M多，~QQ分享给别人，几张照片里面总会有一两张出现问题，问了客服说更新系统试试，还是解决不了，而且传到电脑后打开很慢。另外是手机的亮度调节，总是会自动调，自己调亮了它会自动变暗，调暗了又自动变亮。我在打这段评论的时候屏幕亮度就自动调了几次。手机发热也是很严重，就刷一下~不到半小时就发热很厉害，反正买了就后悔。
烟紫（素皮）,8GB+256GB,3,手机本身质感5星，但是购物体验极差，5号下单14号才到手，我都快不记得自己买了手机来着再说说实际体验，手机还是很亮眼的，到手对比之前用的魅族15，长了近一半了，一时间还很不习惯，扫码支付时还差点没拿好摔出去了，用了半天，2k120hz体验感知很强，之前的手机基本是都懒得看，辣眼睛又卡顿，日常手机都是温热，游戏也是如此，原神画质接近全高，玩了十几分钟，暂无发现网上所说的发热严重，至少我自己觉得边框都是温热，但是这个出厂版本问题还是很多的，比如玩原神跑璃月就有过一次突然卡死，然后重启的，不过也就这一次，出厂版本的兼容性也有待优化，不少常用软件，比如QQ，~，~云音乐在使用途中突然遇到卡死，往往会要过一阵子才好，还有一些软件兼容性极差，比如学校的一卡通软件一直都点不开，重启重装都没用，只能随身在把旧手机再带着，就目前版本是不推荐新手，或者是第一次入坑MIUI的用户入手的，还是有待优化，建议观望再说（下个月的k40Pro或许更香），米11的完美体验应该要等到12.5版本，要等到4月份公测，过几天看看能不能偷渡到12.5的内测，用一阵子再回来评价
