暗影黑,16GB+256GB,5,骁龙888处理器加16+256的配置已经可以了！屏幕比3要大！背部的信仰之眼效果很好看，屏幕色彩也不错！音效那是相当的可以不错！这次还有3.5耳机口很不错！就是没有出厂贴膜！总体很好！游戏运行很流畅！不错不错！
暗影黑,16GB+256GB,5,"上手有质感，细长机身，金属边，做工精良！
屏幕颜色丰富，显示细腻。带dc调光。
系统安卓11，该有的都有。累赘功能没得。
功能介绍看评测都有，我重点提一下旁路充电功能。
游戏时插电，直接给机器供电，不给电池充电。保护电池。非常棒的功能。还能减少发热！！
这功能游戏手机必备。
目前来说非常满意购买ROG5"
暗影黑,16GB+256GB,5,这一次终于为信仰充值了，说心里话，关注华硕手机有好久了，这次终于拿私房钱下单心仪已久的手机！冲着眼睛买的，配置也是目前安卓最强，太喜欢了！以前只用苹果，这一次安卓机彻底颠覆了我的认知！太流畅了信号也比苹果强！6000的电池一天足够，我不打游戏，可以2天一充！很满足，京东物流是真快啊，很满意的一款手机！
暗影黑,16GB+256GB,5,"外形外观：旋律优美，
屏幕音效：震撼
拍照效果：清晰
运行速度：十分流畅
待机时间：超长
其他特色：这个手机会给你带来不少惊喜，值得上手体验一下，"
暗影黑,16GB+256GB,5,"质感完美，这简直就是一部游戏机
音质感官太强了！！！跟用音箱没区别啊
手感爆炸
败家之眼我可以了！
质量非常好，完全超出期望值，发货速度非常快，包装非常仔细、严实，很满意的一次购物是正品，性价比高！，用着也很大气，很好??"
暗影黑,16GB+256GB,5,从2到3到5，一如既往，每一代都有不小的提升，这一代屏幕提升巨大，配合888处理器，玩王者真的很6，哈哈，继续支持！希望后续系统更新能修复一些bug，还有炫光手机壳啥时候能上呢
暗影黑,16GB+256GB,5,"外形外观：帅气，一上手就感觉用料扎实，玻璃与金属融为一体
屏幕音效：屏幕细腻，声音清晰，带有3.5mm耳机接口，方便
拍照效果：拍照该有的微距，长焦都有
运行速度：安装软件，打开软件都很快，玩游戏超爽
待机时间：6000毫安时的大电池，一天也够用了
其他特色：65w快充，线材特别粗，充电很快"
暗影黑,16GB+256GB,5,非常喜欢，操作也不错。做工精细，很人性化。没得说，感觉比我之前的红魔5g强太多了
暗影黑,16GB+256GB,5,非常好用，R0G手机是游戏手机的领先者。外观非常酷炫，合适游戏玩家。功能配置都非常强大。用过好几部R0G的手机了，每一代都支持，非常棒。开箱非常的惊艳。
暗影黑,16GB+256GB,5,第二次购买rog手机，平时偶尔会玩游戏，这个手机对游戏优化到位，配置也没得说，只可惜太心急了，没耐心等pro和幻影版上市，不过16+256也够用了，希望这一代别让我失望
暗影黑,16GB+256GB,5,游戏手机收到了，发货非常的快，打开手机盒拿上手机真的惊艳到我，手机外观时尚美美哒，直下载了几个游戏玩了一下，速度很快马上进入状态，打游戏真的太好玩了，很开心第一批拿到这个游戏手机！
暗影黑,16GB+256GB,5,玩游戏的时候个人喜欢将所有设置全部拉满 难免会发烫 导致掉电快都还好 最烦的是掉帧 游戏体验极差 用了这个手机两天让我对这个手机爱不释手的原因是他把我这个烦恼完美的结局了 而且感觉很轻松 性能过剩的感觉就是好 干什么都绰绰有余
暗影黑,16GB+256GB,5,手机质感很不错，很有高级感，运行速度很快，毕竟是888处理器和16G的内存，外观很酷，很不错的一款手机
暗影黑,16GB+256GB,5,"外形外观：高大尚，分量很足
屏幕音效：屏幕这次用的是三星屏，不刺眼，音效很震撼
拍照效果：在游戏手机里不错
运行速度：非常快
待机时间：6000毫安的电池有保证
其他特色：这次充电速度有了很大提升"
暗影黑,16GB+256GB,5,非常棒的一款手机！！！从来没试过用16G内存的手机，加上高刷和888处理器，玩游戏非常流畅！！！败家之眼加持，显得格外高端大气上档次！！！包装很好，物流很快，相信京东！！！
暗影黑,16GB+256GB,5,"手机非常的酷炫，外观好看，有职业电竞的风范，用起来也十分顺手，希望后期体验会更加出色。
屏幕音效：144很流畅。
拍照效果：满足需求。
运行速度：16GB就是给力，太顺滑了。
外形外观：好看，电竞手机就是酷炫！"
暗影黑,16GB+256GB,5,"手机整体符合预期，很满意。
赠送的壳不会影响风扇的安装，而且安装完风扇会关闭背灯开启风扇rgb灯，细节满分!
游戏党的大胜利！
六指操作还需要适应一下，相信熟练了以后游戏体验满分，物理外挂，哈哈。
拍照效果：自己骑摩托车，上下班用来当记录仪，视频的清晰度也很高，虽然说游戏手机能扫码就行，摄像头有这个品质很意外了。"
暗影黑,16GB+256GB,5,我玩游戏的目的就一个 深度的游戏体验 我喜欢沉浸其中 我不喜欢竞技类的游戏 沉浸式的故事游戏是我的目标 往往都在主机上面玩并且带着高质的耳机 这样随着bgm才能够沉浸 这款手机的扬声器是颠覆了我的认知的 我只是用这个扬声器就可以达到那种效果 太神奇了
暗影黑,16GB+256GB,5,音效特别好，有种立体音的感觉，使用起来也特别舒服，从一加五坚持到现在，总算换了新手机，已经迫不及待下载游戏试一下手感了。另外手机开机的AR动画做的确实不错，很满意，虽然首发没有白色的版本，但是黑色的也很酷，而且京东确实半分钟抢光，幸亏我手快，哈哈哈哈。
暗影黑,16GB+256GB,5,我是用了一段时间才来评价的，就想给大家带来最真实的购物体验。该商品是京东物流配送的，速度特别的人快，买了当天就收到了。因为这是一部游戏手机，我买来也是重要用来打王者荣耀和吃鸡等大型游戏，收到就立刻下载体验了一下，操作起来特别的顺滑，没有卡帧的现象，如此高的刷新率也给我带来了不一样的游戏体验
暗影黑,16GB+256GB,5,"快递非常快,炫酷的外观，高配硬件非常达到内心指标，独特的肩键对于打游戏的玩家非常友善，满意满意，爱了"
暗影黑,16GB+256GB,5,宝贝和介绍的一样，质感很好，功能强大，用了感觉不错值得购买的产品，做工非常精细，比想象中的好，推荐大家尝试宝贝做工真的非常精细，细节真的棒，爱了爱了款式很大方，质量非常好，价钱也很合理物超所值，商品设计完美，外观也很高大上，让人爱不释手。客服更是热情的没话说，这次购物很满意
暗影黑,16GB+256GB,5,性能不错，机子手感很好，不愧是高通888旗舰机，宝贝确实很棒，个人非常喜欢，朋友也说好来着，推荐购买，东西很喜欢，质量也很好的，这个价格能买到是真的很划算，当时买的时候还在犹豫价格，买来之后一点都不后悔，而且物流还快，可以入手。
暗影黑,16GB+256GB,5,ROG游戏手机5至尊版外形外观：外形很酷，特别是信仰灯，亮起来的时候更酷屏幕音效：音响很劲爆，跟苹果有得一拼拍照效果：游戏手机这个拍照可以了运行速度：144HZ没得说，买回来玩飞车的，完美适配，非常丝滑待机时间：6000大电池。
暗影黑,16GB+256GB,5,ROG游戏手机太帅了哈哈哈，比那个红魔漂亮我感觉，买的顶配比台式机还强大的内存搭配，再也不怕卡顿了哈哈哈哈，京东快递也非常快到位了
暗影黑,16GB+256GB,5,快递还提前一天到，刚开箱有点小激动，先测试一下，回来追评！这里先给个好评。高端大气上档次！！！杠杠的没毛病！！！
暗影黑,16GB+256GB,5,颜值担当，没办法，谁让我是颜控昵^?_?^，玩儿起游戏了嗖嗖的，画面感超强，不愧是玩家国度游戏手机，绝对买对了，爆赞
暗影黑,16GB+256GB,5,手机不错，拿在手里很有质感，送货速度也很快，关键是享受到了16G内存的霸道速度，很满意的一款手机。
暗影黑,16GB+256GB,5,物流超快，上午10点首发抢到了，下午就收到货了，手机第一次用屏幕很舒服，UI很酷，不错的游戏手机，除了重量重了些
暗影黑,16GB+256GB,5,"外形外观：酷炫，败家之眼逼格是其他游戏手机比不了的
屏幕音效：高刷真心舒服，屏幕清晰明亮色彩鲜艳，对称喇叭音效无敌
拍照效果：游戏手机不追求拍照性能，日常使用完全够了，其实日常不就是扫码用么
运行速度：比较快，反应迅速
待机时间：很满意，省电模式一整天掉五六个电
其他特色：游戏性能确实好"
暗影黑,16GB+256GB,5,手机已经收到物流小哥也很给力，ROG手机一直在用，游戏手机最强者，酷炫性能绝对强悍
暗影黑,16GB+256GB,5,没膜啊 手机屏幕大了好多 背部不带小屏幕的 声音也很好
暗影黑,16GB+256GB,5,关注rog手机好久了，终于等到5的到来，第一天抢购就直接拿下了，快递是真的给力当天就送达了。当我打开包装的那一刻真的惊呆了，盒子上的漫画还有手机背部的败家之眼真的太好看了，别的不说，手机还好用。好评。
暗影黑,16GB+256GB,5,"手机性能很不错。边缘触控简直就是玩吃鸡神器。
手机内置的X模式是真的牛，手机反应是相当的快。
快递当天买，当天到"
暗影黑,16GB+256GB,5,"经过了4代的升级，如今腾讯ROG游戏手机5的完整度已经非常之高，其对于游戏场景下，性能、操作以及散热等多方面的升级已经达到了较为完美的状态。
相对于上代比较诟病的屏幕和快充，此次腾讯ROG游戏手机5也选择了最顶级的三星144Hz屏幕与65W快充，很好的补足了自己此前的短板。另一方面，其他硬件也很有ROG风格，均采用最顶级选择，保证性能可以满足大多数游戏需求。
为了解决高通骁龙888这个大Boss，ROG还特意将内部结构全部重新调整，实际玩游戏时配合酷冷风扇5可以很好的解决其发热问题。并且，将主要硬件集中在手机中部，长时间压力下也不会觉得烫手，这点双赢的设计非常值得称赞。
在此基础上，AirTrigger肩键与游戏模式得到了很好的继承，为游戏操作提供基础支持。同时，酷冷风扇5创新的实体腰键则让操作增添更多玩法，实际使用非常不错。
总的来说，随着手机游戏制作越来越精良，其对智能手机压力也变得越来越大。为了更好的满足用户更高的体验要求，一款主打游戏细分市场的产品将更加重要。如果你是一个手游达人或者手游博主，相信腾讯ROG游戏手机5绝对会让你眼前一亮"
暗影黑,16GB+256GB,5,打怪刷机就用宏 自己录制自己用 最让人满意的是 他简单 特别简单 打开录制然后自己打一遍 就可以用了 配合一个息屏挂机 真是搭档功能 无敌的存在 期待这手机出更多的神仙功能
暗影黑,16GB+256GB,5,第一次买游戏手机，也是第一次买华硕rog5，入手包装很nice，盒内的兰陵王图片，用手机扫描还有动画很酷炫。6.78寸的大屏手机，玩起荣耀非常舒服，6000的电量，续航也是很不错的。888的骁龙芯片也不是盖的，16g 内存运行起来毫无压力。不过效果全开耗电加速，机身还有些热，最好配个散热器比较好。总体说还是非常棒的，比普通手机玩游戏爽多了，非常喜欢！
暗影黑,16GB+256GB,5,"打开X高性能模式，装上风扇，手机温度依然高达55度，特别烫手。

手机很漂亮，手感很好，如不开高性能模式，温度在40度左右。

期待幻影系列早日上市，超级喜欢背面的液晶屏，酷炫。"
暗影黑,16GB+256GB,5,使用很流畅，电量足，和平精英和王者，QQ飞车都可以开最高画质最高音质，和平精英特效全开50分钟后会有较明显的发热，感觉发热的问题是高配置手机的通病，我已经心死。侧边触控点也很实用，感觉专为吃鸡而设计的，总之总体给90分吧。
暗影黑,16GB+256GB,5,屏幕比想象中细腻，整机略重手，所以更有游戏机的质感。外观很好看，声音也很不错。吃鸡超高清加极限帧数依然流畅无压力。开90hz的刷新率也不掉帧 期待和平精英出144hz的刷新率 让我的性能完美发挥
暗影黑,16GB+256GB,5,6000毫安电池 PD65W快充（非私有协议）） 高刷 平面屏  骁龙888 16G内存 3.5耳机孔  这些要的都到位  很不错  大赞
暗影黑,16GB+256GB,5,电竞少女的不二选择 选它选它就选它 就喜欢用它拍拍拍 像素高 功能多 广角真的好方便 直接把我原来想照的无死角的全部照到位 太喜欢了 已经无法离开它了 给所有姐
暗影黑,16GB+256GB,5,第1次使用ROG5的游戏手机，觉得这款手机就是为游戏而生的，和腾讯深度合作，质感颜色样式款式，我都很喜欢适合我这样的，大手的然后摸起来很有重量，运行起来非常快，那比我原来的手机进步的不是一星半点，幸福感满满，非常喜欢。
暗影黑,16GB+256GB,5,今天下午到货，到手还是被小小的惊艳了一把，地表最强骁龙888，各种配置都是顶级，6000mAh电池超强，过年开始关注了，和我笔记本电脑一样帅气，X模式很舒服，144hz的屏幕就是不一样，爽，秒杀友商！值得买！
暗影黑,16GB+256GB,5,手机很大，但总体感觉不重，6000ma的大电池，65w快充，大爱，加上ROG灯，让我这不玩游戏的也购了台。16G+256G 骁龙888高配完美。
暗影黑,16GB+256GB,5,很快就收到货，使用了几天来评价。速度快，大内存运行流畅。发热可以接受，作为游戏手机照相功能确实也不错，拍照片也很好看。电池勉强能用一天，虽然是6000大电池可能这种屏幕也太耗电。整体还是不错的，值得购买。
暗影黑,16GB+256GB,5,朋友看到我的新手机都说屏幕很大，游戏手机屏幕也确实要大，携带稍微有点不方便，电池很耐用，两块3000毫安的电池也算市场上唯一的了，很喜欢
暗影黑,16GB+256GB,5,不愧是游戏手机 完全可以将一切游戏都驾驭 运行速度超级快 一点也不卡顿 地表最强的运行速度 很丝滑流畅 作为一个游戏手机从外观到细节 每一部都做的很到位
暗影黑,16GB+256GB,5,"外形外观：科技感十足 败家之眼很酷炫
屏幕音效：音效相当好了，音质甩苹果好几条街
运行速度：骁龙888性能强劲，安卓旗舰机！144hz屏幕很给力。
待机时间：6000毫安电池，谁与争锋？
其他特色：小风扇很给力，两个实体按键相当好用了"
暗影黑,16GB+256GB,5,?宝贝收到了，很惊喜?，设计合理，时尚大方，继续关注，以后会回购的????大品牌！值得信赖！效果超级好！贵有贵的道理！很棒的商品！质量没得说，跟专卖店一样，特别特别喜欢，而且价格优惠
暗影黑,16GB+256GB,5,发热比较严重，其次的话肩键没有设计好，手指够不到，而且有延迟，实际用途不及自己用四指，肩键如何放在边角上就好了，这样实用型会提升一倍.其他方面都很强，续航和电池容量也大.价格很美.物流也快，很好
暗影黑,16GB+256GB,5,入手这么久了，才评论，原因你懂的，预售抢购，加贴膜风扇，着实等了好久，实测风扇控温第三张，懂得都懂。比某友商铁板烧，哦错了，是发烧，不是电脑，就很棒！
暗影黑,16GB+256GB,5,"第一台笔记本就是华硕的，对这个品牌有一定的情怀，从rog2到rog5,见证了这款手机的一点点完善，作为日常使用兼顾偶尔游戏的用户，很喜欢这款手机。外观也收敛了很多，比较符合日常使用的要求。这次更换的三星屏幕真是把之前最大的短板补齐了。期待下一代在影像方便的大提升，那真是完美了。"
暗影黑,16GB+256GB,5,快递速度非常快，两天就送到了， 手机特别流畅，玩游戏特别特别舒适。双扬声器的音质绝了。6000毫安电池65瓦快充，日常使用毫无压力。败家之眼永远滴神。
暗影黑,16GB+256GB,5,适合游戏党取了快递之后就迫不及待的拆开来体验了下，用的来说非常满意，很惊喜。玩了一把农药，非常流畅，一点都不卡，也不发热，推荐游戏发烧友购买，真的是一款很好的游戏手机。
暗影黑,16GB+256GB,5,AMOLED已经是比较顶级的材质了 市面上也有不少手机都在用了 这一款手机的色彩调教真的是恰到好处 光看一样其实看不出来什么 拿在手里深度游玩一两个小时以后就会发现这手机玩起来眼睛不会累 真的好喜欢
暗影黑,16GB+256GB,5,背后那个败家之眼是RGB的 最喜欢他的呼吸模式了 想是沉睡的性能猛兽 稳健的呼吸在蓄势待发一样 带的那个3.5mm的耳机孔非常香的 直接耳机插孔都放到了侧面
暗影黑,16GB+256GB,5,第一天上机感受不错。使用手感方面也挺好的。游戏表现都很棒，帧数跟画质都很稳定。目前的感觉很好，暂时没有出现一些bug或者手机问题。等使用久点再给追评。
暗影黑,16GB+256GB,5,非常喜欢玩游戏但是因为职业的关系还需要手机具有比较高级的照相功能 这部手机完美的迎合了我 三个摄像头各司其职 主摄六千四百万可无损放大 辅摄超广角失真校正 三摄微距摄像头 满足了我玩游戏也满足了我工作 准备再入一台
暗影黑,16GB+256GB,5,?包装很精美，宝贝做工比较精细，商家特别好?，有问题都及时处理?，确实是一次相当满意的网购，还会再来的?质量很好哦，发货也很快，一家非常喜欢的店铺，我要疯狂推荐给朋友们物流和产品都不错，性价比高，赞赞赞???包装很好，颜值不错，质量也没有问题刚好做活动，价格便宜了很多，性价比超高，真的特别划算?收到立马打开看了一下，非常不错，质量超好，颜值又高?，推荐推荐?感觉实物比图片更好看，价格和质量成正比，这次购物非常满意，喜欢的宝宝赶紧下手质量没得说，跟专卖店一样，特别特别喜欢，而且价格优惠宝贝物超所值，很喜欢，下次还会来的?值得购买！没有什么味道，用起来还可以?，没有不舒服的地方?，所以我还蛮喜欢的是理想中的产品，质量不错，物流也很快，值得点赞产品包装精致美观大气，目前用着非常不错，真实评价，希望可以帮到集美们货收到后就拆开用了，质量很好，东西和官网买的没区别！
暗影黑,16GB+256GB,5,机器很棒很优秀，这一代的rog还是很持家的！开机试玩了会，很流畅，骁龙888的处理器也不是吃素的，先用一段时间，以后跟进。
暗影黑,16GB+256GB,5,外观不错，很炫酷，音效更好，运行速度杠杠的，很流畅，刚上手，感觉很好
暗影黑,16GB+256GB,5,感觉是现在电池最大的旗舰机，耐用持久，我喜欢！还可以反向充电？侧边接口是真的好用，不卡手，很舒服
暗影黑,16GB+256GB,5,16G的大内存加888处理器，玩游戏无敌搭配！三摄像头也超出了我的预期，晚上拍照夜景模式很棒，清晰度超高
暗影黑,16GB+256GB,5,开箱小惊喜 炫酷的动画 好高科技啊 这仪式感太足了 给的小奖励也不错，真的炫酷 爱了爱了 期待后续的体验
暗影黑,16GB+256GB,5,第一次入手败家，屏幕满分，充电速度快，满电玩6个小时游戏不在话下，开上信仰灯，你就这条街最靓的仔，做工精致，发热也没有想象的那么大，120开上玩游戏不带风扇也就30多度，完美
暗影黑,16GB+256GB,5,游戏性能棒棒哒   机械键盘太帅了  就是个物理外挂?
暗影黑,16GB+256GB,5,特别喜欢把所有配置调到最高 但是原来的手机配置勉勉强强够开最高特效 但是总感觉屏幕显示差点意思 换了这台手机 让我感受到了世界上的色彩原来如此丰富 我太喜欢这个屏幕的显示效果来了 色彩太饱满了8 原来这就是真正的高特效效果啊
暗影黑,16GB+256GB,5,手机太大 太长了 我没办法单手操作的时候可以用肩键 来替代我的另一只手简单的操作 很人性化我很喜欢这一点 那这四个附加的功能键玩起游戏来懂得都懂 我看晚上买这个外设的还不少
暗影黑,16GB+256GB,5,配色很高级，背盖设计也很好看，亮灯效果比ROG3好看！关键屏幕也变成了三星屏，不会有天马屏的效果了
暗影黑,16GB+256GB,5,炫酷的感觉，屏幕又大，玩游戏超棒，学习看视频都很棒！ 拍照清晰，后置三摄强大
暗影黑,16GB+256GB,5,AR动画的开箱设计真的不要太炫酷了好吧 动画特效是挺酷的 有些短意犹未尽的感觉 那个拍摄特效很有意思 未来感十足
暗影黑,16GB+256GB,5,"从一代用到三代，三代还没暖热，五代出来了，赶紧买?手机收到了，颜色很大气，质感也很好，总得来说不错，担心充电太快电池发热不受用，
最需要吐槽的就是设计师，那个眼镜logo在中上部是最喜欢的
以前打电话亮灯还能看到，现在设计到中下部手拿手机全挡住了，那还装啥逼格啊真的是"
暗影黑,16GB+256GB,5,对照相没什么太大的需求的 一直都是只玩儿游戏的 入手也有一段时间了 突然有一天女朋友让我给你拍照 现在好了 手机直接被抢走了 她说比她的苹果拍出来的好看 为什么游戏性能做的这么好的手机还要花成本吧照相也做的那么好啊 有女朋友的最好买两部吧
暗影黑,16GB+256GB,5,腾讯rog游戏手机5是我第一次入手，科技感非常强，特别是开机以后手机盒子上Ar，在一个这款手机给人的感觉就不凡，我感觉用了这手机我就是我们公司最靓的仔，大家可以入手一个，也不算特别贵，性价比感觉还可以。
暗影黑,16GB+256GB,5,他的矩阵式液冷散热真的好厉害啊 他的布局用手都能摸出来 将最容易发热的CPU放在手很少 很难接触到的中间 让我玩游戏的时候可以更少的接触到热量这样可以有效的防止我出汗 影响**作 真的是太贴心了
暗影黑,16GB+256GB,5,手机很酷，运行流畅，反应快，物流也很快
暗影黑,16GB+256GB,5,用了几天才来评，屏幕真的挺不错的，早不知干啥去了，早上三星多好。声音也是真好，听歌听得心里酥酥的，不是一味的声音大那种。
暗影黑,16GB+256GB,5,扬声器太赞了，音效不要太好，上手游戏流畅到丝滑，与描述的相符，不愧是败家之眼的手机，背面rgb灯设计很帅，绝对物有所值
暗影黑,16GB+256GB,5,扬声器的声音真的超大，开机会吓一跳的那种。但是音质非常细腻，能把加州招待所很好的呈现出细节。
暗影黑,16GB+256GB,5,手机嘛天天用眼睛看的东西 拿上把玩一会儿以后最深的感受就是屏幕太好了 舒服 看着舒服不累 这第一追求直接给我满足了 期待他后续的表现 我觉得肯定不会差 肯定还有更多的惊喜
暗影黑,16GB+256GB,5,玩家国度5手机不错，耍游戏杠杠的。下次出6789继续买。
暗影黑,16GB+256GB,5,"游戏设置里的各个档位全部拉满的时候我打游戏的信心也拉满了，可拉的种类还挺多的，有CPU,GPU,RAM有种官方一键超频的即视感，这是ROG的家族遗传了，超就完了"
暗影黑,16GB+256GB,5,确认过眼神，你就是我要找的&ldquo;机&rdquo;！以前用了好几年的华为美特9Pro，感觉各方面都挺好，准备换机还换华为的，没想到偶然看到了她，看中了她的游戏性能，屏幕，快充，很喜欢。抢的时候太急没注意地址，抢了一个以前用过的北京地址，还得拜托北京的朋友给我邮回来！不知道沈阳的朋友都在当地抢到没有呢？
暗影黑,16GB+256GB,5,性能没得说，外观也很酷炫非常喜欢，r0g游戏，手机很棒，非常爱京东，物流很快隔天就到了，真的很好用。买给家人用，全家人都用R0g手机非常棒。
暗影黑,16GB+256GB,5,宏功能那个快捷操控非常可以，操作起来很流畅。真的可以开战让三招。总而言之，好评。
暗影黑,16GB+256GB,5,rog yyds 有四种功能，安装也很快，很nice 充电器也是独有的65w很快 最后一点：音质超棒嗷 一个人在屋子里像电影院似的
暗影黑,16GB+256GB,5,都说骁龙888性能太强不好调教，ROG5这次做的很好，硬件上的中置架构，软件上的性能管理模式，思路很OK。
暗影黑,16GB+256GB,5,手机很不错，玩起来很给力，电池续航也OK，非常满意。
暗影黑,16GB+256GB,5,这一代的rog确实进步不少，比上一代好多了，屏幕看着特别舒服，本来看着差评，我还有点担心的，体验非常不错
暗影黑,16GB+256GB,5,性能一流，屏幕是最好的，音效也强的一塌糊涂，电池还超级大。电竞真男人，必须无短板。
暗影黑,16GB+256GB,5,游戏精灵的功能很全，最喜欢防误触，王者团战很实用。给设计师加鸡腿。
暗影黑,16GB+256GB,5,手机非常不错 电量也很惊人 希望后期能做好系统优化
暗影黑,16GB+256GB,5,真的惊艳，信仰没错，堆料超级足，144 H Z全时超高刷，物理外挂，震感足（还不是傻震）太棒了！这个价位太无与伦比，太棒了！
暗影黑,16GB+256GB,5,背屏设计真的不错，充满科技感，买那么大内存就是为了防止玩游戏卡，搭配上888处理，性价比很不错
暗影黑,16GB+256GB,5,孩子非常这个手机，玩游戏太给力了。希望价格便宜点就好了。
暗影黑,16GB+256GB,5,系统UI真的很原生态，但智控中心的功能做的很棒，尤其游戏大厅的设计让我觉得很舒服
暗影黑,16GB+256GB,5,上午10点买的，晚上就送到了，真是快啊，这代三星屏幕真的挺香的
暗影黑,16GB+256GB,5,性能模式下，原神非常流畅，而且肩键各种映射，正好合适键位多的游戏。
暗影黑,16GB+256GB,5,体验超好，运行速度非常快，不错的手机赞！
暗影黑,16GB+256GB,5,很好！很满意！反应很快！京东购物放心！
暗影黑,16GB+256GB,5,第一次入手rog手机，屏幕的清晰度非常好不愧三星屏，音效很棒，王者高帧率嗨起来，哈哈哈哈！
暗影黑,16GB+256GB,5,买好拉着男朋友带我玩了几把王者，游戏精灵的功能瞬间就把我征服了！屏幕也很棒，很顺滑，最后被男朋友抢去玩游戏了
暗影黑,16GB+256GB,5,大电池续航真的续航非常可以，然后平衡模式其实性能也够了，可以玩很久很久。
暗影黑,16GB+256GB,5,冲着三星屏幕买的，音频也很满意，直推大耳也轻松的。游戏手机配置各方面都很够。
暗影黑,16GB+256GB,5,开箱就很帅，上手手感一流，希望接下来自己也能跟这手机一样帅气的上分。
暗影黑,16GB+256GB,5,"外形外观：外观精美，很喜欢。
运行速度：运营速度很快。
其他特色：游戏中充电容易发热。"
暗影黑,16GB+256GB,5,VR的开箱任务第一次见，真的十分炫酷，玩了两次！之后下载了王者体验了几把，游戏震感的特定效果让我有成就感
暗影黑,16GB+256GB,5,总觉得经过几代rog手机的使用，这代的做工是最好的，主要是音质太棒了.
暗影黑,16GB+256GB,5,快递很快手机不错很漂亮直得买
暗影黑,16GB+256GB,5,玩游戏手感很好，而且屏幕视野也很大。游戏手机看来还是要大屏幕才玩的舒服。
暗影黑,16GB+256GB,5,"外形外观：非常帅气，背后的信仰灯非常好看
屏幕音效：144刷新率刚刚的
运行速度：16g运行非常快"
暗影黑,16GB+256GB,5,肩键很好用，还能调整触发力度，双分区也很实用，操控很强大。
暗影黑,16GB+256GB,5,机器到手非常满意，从包装到手机，从硬件到软件，各方面都很满意。
暗影黑,16GB+256GB,5,手机到了，速度很快，性能强悍！不过感觉玩游戏需要散热风扇，没玩游戏手机都暖暖的了。
暗影黑,16GB+256GB,5,自带的保护壳手感真的一流，做工也帅出别家清水壳一万条街。ROG大气
暗影黑,16GB+256GB,5,"外形外观：帅气 酷
运行速度：挺快，玩游戏流畅的很"
暗影黑,16GB+256GB,5,很喜欢ROG5的造型，设计很大气，也很有@的那种感觉。
暗影黑,16GB+256GB,5,给个好评，球球出个功能屏蔽timi，声音太大了。扬声器的效果真的不要太好，好评好评。
暗影黑,16GB+256GB,5,造型很喜欢，日常使用就很有回头率。玩游戏手感也非常一流。
暗影黑,16GB+256GB,5,自拍滤镜很帅啊，小彩蛋还是比较好玩的推荐大家一定要做完开机引导的小任务哦
暗影黑,16GB+256GB,5,酷炫黑红的设计 打开以后超酷的AR任务，这个手机的开箱环节 就已经把我征服了 不愧是玩家国度！！！！！
暗影黑,16GB+256GB,5,选了很久确定了这台，旗舰级CPU，三星的搞耍屏幕，还有对称的扬声器，无敌的操控肩键。全方位都很和我的意。
暗影黑,16GB+256GB,5,全套都很满意，手机三星屏保护和高大上很轻薄，充电头也顶到了65瓦，接下来就陪我好好上分吧。
暗影黑,16GB+256GB,5,AR的设计很有新意 一下让我对这台手机信心满满 看到了厂家的诚意 让我这个买家对ROG变得无比信心 他不仅是电脑做的好了 相信他手机一定不赖
暗影黑,16GB+256GB,5,入手就觉得非常有质感，外包装摸起来就很舒服，手机质感很好很喜欢背部的灯
暗影黑,16GB+256GB,5,一拿到手机就试玩了一把游戏，运行真的很快。之前用的是苹果，没想到这个会这么快！物有所值了
暗影黑,16GB+256GB,5,就内存这一个方面来说，我觉得最厉害的是他能跟骁龙888搭配，最完美的一部手机，我真的有被惊艳到的，手机真的可以放心购置，这个价格拥有一部ROG+手机，相信都知道该怎么做选择了
暗影黑,16GB+256GB,5,冲着三星的高刷屏幕买的，其他方面也很满意。当然重要的其实是第一眼就看上了外观。
暗影黑,16GB+256GB,5,屏幕的显示效果很满意，QQ飞车开144Hz，玩起来很舒服。
暗影黑,16GB+256GB,5,手机收到啦运行速度杠杠 爱了 为rog信仰充值
暗影黑,16GB+256GB,5,三星三星三星三星，喜欢喜欢喜欢喜欢，重要的事情说四遍，确实用起来很舒服
暗影黑,16GB+256GB,5,我还算是挑剔的用户，但这次ROG5真的没什么短板。选择16G现在也很够，游戏很流畅。
暗影黑,16GB+256GB,5,玩游戏的确没压力，还有做日常的话比普通安卓手机反应快很多。我个人感觉
暗影黑,16GB+256GB,5,充电速度和屏幕，相比上一代提升非常大，终于有了入手的理由！推荐大家购买。
暗影黑,16GB+256GB,5,最近换的几个手机里最满意的一部了，屏幕性能音质，各方面都很顶级。
暗影黑,16GB+256GB,5,本来想等18G的幻影，其实这个配置也够了。毕竟最吃性能的原神也跑的很流畅、
暗影黑,16GB+256GB,5,质控中心里的细节很多啊，终于用上了笔记本的雷达图，性能模式好评！
暗影黑,16GB+256GB,5,配置完美了，各种设计为游戏操作，真是ROG全家桶上齐了.... 这感应按钮还得习惯一下....
暗影黑,16GB+256GB,5,肩键真是非常合适使命召唤，滑铲我也可以了。舍友说也要来买。又优惠不？
暗影黑,16GB+256GB,5,终于加上了水印，这下拍照有逼格了。还有ROG的指纹图标也很满意。
暗影黑,16GB+256GB,5,上手感觉非常棒，快递也很快，i了i了
暗影黑,16GB+256GB,5,散热很好，帧率很稳，玩游戏手感稳稳的，ROG5o(￣▽￣)ｄ
暗影黑,16GB+256GB,5,ROG5的上手，得到很多启发，之前一直以为手游就是两个手指搓。看来是我狭隘了，手游也可以很好玩
暗影黑,16GB+256GB,5,充电速度很快，6000毫安的大电池，五十分钟就充满了。
暗影黑,16GB+256GB,5,护眼模式很喜欢，三星屏果然没的说，犹豫的朋友们别想了，赶紧冲吧！早买早享受哈哈哈
暗影黑,16GB+256GB,5,充电头65瓦真的非常快，希望官方再出个氮化镓的，出门更方便。
暗影黑,16GB+256GB,5,第一次购买游戏手机，感觉还是很惊艳的。
暗影黑,16GB+256GB,5,一下上市很多不知道怎么选，这台各方面都很强，倒是不用选了。
暗影黑,16GB+256GB,5,ROG5的音质真的好，玩游戏不带耳机也很有战场的方位感。
暗影黑,16GB+256GB,5,给老公买的，他很喜欢，超酷炫
暗影黑,16GB+256GB,5,手感很好，手机还没有使用呢，性能应该还不错。
暗影黑,16GB+256GB,5,真的爽，玩过那么多游戏手机，这个手机算是最牛的了！！！
暗影黑,16GB+256GB,5,非常快，什么都很快，游戏开最高特效，发热不明显
暗影黑,16GB+256GB,5,第一次用R0G手机非常漂亮喜欢
暗影黑,16GB+256GB,5,京东物流太快了，上午十点下单，下午三点到手。宝贝特别满意！配置高价格也太实惠！
暗影黑,16GB+256GB,5,手机总体来说都已经完全达到了最顶端 可以说基本没有什么游戏手机能跟他媲美了，说明ROG的技术已经十分成熟了，UI再改进就更棒了！
暗影黑,16GB+256GB,5,手机除了没有带膜，其他的都非常棒，16+256杠杠的。
暗影黑,16GB+256GB,5,质量非常好，与卖家描述的完全一致，非常满意。发货速度非常快，京东运送速度很快
暗影黑,16GB+256GB,5,如果是玩游戏的话，旁路充电很好用，手感很舒适，好评
暗影黑,16GB+256GB,5,买来玩挂机游戏的，有宏和西屏挂机真的非常好用。
暗影黑,16GB+256GB,5,东西很棒，直接插上去就可以用，而且物流速度也很快，第二天就收到货了。
暗影黑,16GB+256GB,5,"外形外观：很漂亮！
运行速度：很流畅！
屏幕音效：音量大！"
暗影黑,16GB+256GB,5,关注很久了，终于抢到！一手很舒服，接下来快乐游戏。
暗影黑,16GB+256GB,5,适合自己的就是最好的。屏幕很完美。毕竟是三星
暗影黑,16GB+256GB,5,这个手机非常好用. 非常愉快的一次购物. 下次还会来这家店购买
暗影黑,16GB+256GB,5,肩键很好用，接下来准备买个风扇试试机械按键。
暗影黑,16GB+256GB,5,老公很喜欢，手机很不错
暗影黑,16GB+256GB,5,手机收到啦，玩游戏很满意，比想象中长了一些
暗影黑,16GB+256GB,5,快递超快，早上抢到下午就到了，而且比上一代不知好多少
暗影黑,16GB+256GB,5,发货超级快，收到迫不及待打开试了一下，这效果无敌了！
暗影黑,16GB+256GB,5,大眼睛很帅气，最喜欢蓝色和红色的搭配。
暗影黑,16GB+256GB,5,屏幕真的挺好的，上手游戏体验非常舒服。
暗影黑,16GB+256GB,5,最强性能，三星的屏幕，大电池，很好很强大
暗影黑,16GB+256GB,5,屏幕真的很好，充电速度比前几代好太多
暗影黑,16GB+256GB,5,打了几把王者，很流畅，而且不发热
暗影黑,16GB+256GB,5,非常好，玩游戏非常好
暗影黑,16GB+256GB,5,玩了一下午，当日常用机也很棒啊！！！
暗影黑,16GB+256GB,5,看到海外的博主也在夸，这次ROG做的真的是很棒。
暗影黑,16GB+256GB,5,"送货时真的快，这是我一直选择京东的一大原因


送货时真的快，这是我一直选择京东的一大原因
z**da"
暗影黑,16GB+256GB,5,手机到手玩了一段时间了，没有短板，真的非常好用。
暗影黑,16GB+256GB,5,个人觉得非常不错  打游戏的小伙伴可以入手
暗影黑,16GB+256GB,5,很漂亮，好好用，功能很强大
暗影黑,16GB+256GB,5,到手了非常爽值得表扬的是客服有不懂的问客服都会耐心解答
暗影黑,16GB+256GB,5,比预期好，很棒的手机，非常喜欢
暗影黑,16GB+256GB,5,颜很正，背部的这个灯效酷毙了
暗影黑,16GB+256GB,5,五星好评，希望自己能像手机一样帅气
暗影黑,16GB+256GB,5,外形外观：玩王者很流畅 也不发热
暗影黑,16GB+256GB,5,没有那么多要说的！手机很好！好评！
暗影黑,16GB+256GB,5,手机不错，速度很快，游戏很顺畅。
暗影黑,16GB+256GB,5,手机超赞，游戏流畅，拍照好，特别棒
暗影黑,16GB+256GB,5,屏幕音效：音效很好，用用再看
暗影黑,16GB+256GB,5,爱了爱了，手机真的帅，赠品也不错，rog永远的神
暗影黑,16GB+256GB,5,手机不错，很喜欢，京东物流很快。
暗影黑,16GB+256GB,5,终于支持DC调光了，老ROGER很欣慰
暗影黑,16GB+256GB,5,rog5太喜欢了，上分王者妥妥的。
暗影黑,16GB+256GB,5,非常好，续航久打游戏反应快！
暗影黑,16GB+256GB,5,买来送家人，打游戏速度很快
暗影黑,16GB+256GB,5,三星屏幕很完美，心满意足了
暗影黑,16GB+256GB,5,非常炫酷，吃鸡神机，
暗影黑,16GB+256GB,5,配送很快，东西也不错&hellip;&hellip;&hellip;
暗影黑,16GB+256GB,5,五星好评，三星的屏幕没有遗憾了。
暗影黑,16GB+256GB,5,很喜欢，非常好的购买体验
暗影黑,16GB+256GB,5,?宝贝收到了，很惊喜?，设计合理，时尚大方，继续关注，以后会回购的???宝贝收到了，太惊喜了，质量非常好，性价比很高，真是出乎我的意料！真的很好，性价比也很高，质量也很好，物流也快啊！一天就到货了！(*^__^*)非常满意的一次购物，物有所值，比实体店里实惠多了！包装很好，质量非常棒，宝贝完全符合卖家的描述，可以放心购买?感谢?
暗影黑,16GB+256GB,5,可以，包装很帅爱了爱了
暗影黑,16GB+256GB,5,速度超快的，挺不错的
暗影黑,16GB+256GB,5,"外观是非常酷的了，后背板的材料不会轻易的留下指纹，屏幕没有贴个出厂膜就挺可惜的，还有可惜首发没有白色；
酷是真的酷，重也是真的重，刚拿可能不会觉得重，拿久了就会觉得累了，满满的堆料；
功能按键还得逐渐摸索，第一次买游戏手机( &bull;??&bull;? )
风扇吹机子和吹手都很好用；
主题就那么几个了可能，还得多去rog论坛转转。"
暗影黑,16GB+256GB,5,"屏幕音效：屏幕有点可惜没到2K，不过显示效果不错！

外形外观：无可挑剔！就冲这发光眼睛值了！

之前一直在用小米6.由于现在主流是打孔屏，不喜欢，原本打算入手索**克2.突然发现败家眼新出这个！果断入手！无孔屏，3.5耳机孔，发光眼睛，就是一眼看中的原因。"
暗影黑,16GB+256GB,5,"外形外观：外形美观，感觉满满的科技感。
运行速度：运行快，不卡顿，但玩游戏发热一般都在40度左右，
其他特色：除了发热其他都不错，尤其游戏辅助功能感觉非常好，我用了6天rog5感觉他的话，必须配一个散热器，不然温度会过高，我玩游戏超过3小时后温度会在45度左右，最高47，一般我不敢边充电边玩，配上散热器的话应该可以。"
暗影黑,16GB+256GB,5,终于拿到手了，期待了很久的rog5，其实本来是准备上信仰18g的，但因为没有同步开启预约，等不及了就上了16+256，不过也省了些银子。不多说了直接评价，初上手感觉很好，没有所谓&ldquo;半斤机&rdquo;的负担，可能是之前都是用的大屏重机习惯了，屏幕完美，操作顺滑，一切都是期待中的样子。唯一遗憾的是没有送膜，新屏幕沾上指纹还是觉得不舒服哈哈。赶快下载游戏上分啦，败家之眼加成，后续再来报告成绩，顺便再谢谢快递员小哥茶长期以来的准时和贴心，妥！
暗影黑,16GB+256GB,5,"外形外观：很酷，特别是后面的Logo. 

屏幕音效：屏幕够大，144Hz的刷新率.
拍照效果：今天下午才拿到手，暂时没试过.
运行速度：我的这个是16G RAM的，完全感觉不到卡.
待机时间：待机时间由于是刚拿到，但是毕竟6000毫安，不可能差.
其他特色：超声波肩键很赞，加上散热风扇就变成六指操作了，吃鸡更轻松."
暗影黑,16GB+256GB,5,外观上，线条，造型，配色，灯光都挺满意。重量感觉能接受，包括戴上风扇也还行。屏幕感觉打游戏比之前用的手机看着舒服。散热还行，玩王者开90帧不烫。
暗影黑,16GB+256GB,5,自带贴膜，有一个硬手机壳，送充电器和数据还是不错的，没有送耳机，不过是圆耳机孔。还是很满意的，手机很流畅，拍照一般，玩游戏还是很满意，散热不错
暗影黑,16GB+256GB,5,迫不及待的打开了，手感不错，之前用的黑鲨那个音量老是误增减，这个音量键放在上方，好太多了。屏幕比黑鲨小一点，别的功能在摸索中
暗影黑,16GB+256GB,5,手机超级时髦，开机过程都是游戏界面，厉害了，手感不错，拿着够大气，玩游戏还是不错的，有点厚重，不过却又手感，重重的感觉，玩游戏才有质感
暗影黑,16GB+256GB,5,第一次入手，上手感觉还行144刷新率很给力，系统还可以打游戏，我觉得也很可以相机一般般吧，平下指纹也是可用范围。总体比较满意。可以入手。性能颜值。是都有了呀！毕竟是游戏手机。这个价格，这个配置真香。
暗影黑,16GB+256GB,5,屏幕完美，机子符合预期，个人认为是目前唯一，一款无短板游戏手机，续航还可以，充电速度快，
暗影黑,16GB+256GB,5,"外形外观：这修长的身材
屏幕音效：屏幕没毛病，音效震撼
拍照效果：对相机不感冒没研究
运行速度：十六还能怎的
待机时间：一天
其他特色：最喜欢的就是旁路充电。带的壳质量不怎么好"
暗影黑,16GB+256GB,5,"外形外观：遗憾后盖信仰灯不会亮了
屏幕音效：屏幕提升巨大，音质秒杀米11，外放，线塞，蓝牙都非常养耳，
拍照效果：提升了一些，夜拍不错
运行速度：16+速度必须飞起
待机时间：待机耗电优化不错

其他特色：888发热也确实比865高一些，期待后续优化吧"
暗影黑,16GB+256GB,5,目前来说非常好，到手包装完好无损，屏幕显示良好，待过几天看看会不会有问题，音响很赞，就是有点暖手dddd
暗影黑,16GB+256GB,5,刚收到，有点小重，迫不及待的想要一把，16G高配置，就是不一样，满意自己追求最好配置的梦想，可以高配置为啥没有白色，很想要白色，可惜事与愿违，不过黑色够低调，还不错把
暗影黑,16GB+256GB,5,"暂时用了下，充电挺快的。运行速度这个就没必要说了，就是快。
没用风扇的温度还是较高，暂时玩游戏不影响。耗电现在看起来也是比较快的，6000毫安时对比去年买的当娱乐机用的老手机neo3的4500毫安时没有优势。系统有很大的优化空间，对我来说，不会当工作主力机使用，只会作为一个平日的娱乐机使用。供各位参考"
暗影黑,16GB+256GB,5,初拥rog 配置不错 系统有带优化 用着还不错
暗影黑,16GB+256GB,5,这个产品和它价位相比来说，还是很合适的，换掉了多年的苹果，一开始有点不太习惯，但是rog5科技感太棒了！支持败家国度！
暗影黑,16GB+256GB,5,刚到手就体验了半天 总体来说很不错 除了手机比较厚重 这应该是游戏机的通病 这一代用了三星体验感觉更好
暗影黑,16GB+256GB,5,"运行速度：☆☆☆☆☆
拍照效果：☆☆☆
屏幕音效：☆☆☆☆☆
外形外观：☆☆☆☆☆
待机时间：☆☆☆☆
其他特色：☆☆☆
按照满星五星来评价，这是对于我个人而已言对ROG5游戏手机的综合评价，作为一款游戏手机，各方面的细节做的还是很不错的，好到没话说，讲讲建议吧，手机没有鹰眼显示增强，导致游戏的色彩偏冷，我个人不太喜欢，可以加上去鹰眼增强，再一个就是手机的散热还是主要得靠风扇，不用风扇的话机体温度能高到52摄氏度，相对来说对手机的影响还是有的。
总体评价☆☆☆☆（满星五星）"
暗影黑,16GB+256GB,5,千挑万选888手机，选中了rog5，黑鲨就不等了，罗语周天天BB早上好，一点诚意没有，rog5这次各方面都不错，除了槽点的屏幕塑料支架之外
暗影黑,16GB+256GB,5,啥游戏都不玩，就是为了这个眼睛能配得上我的电脑！第一次用安卓机，感觉还阔以！
暗影黑,16GB+256GB,5,上手了，手感还不错，玩游戏也挺流畅的，不愧是游戏王机！
暗影黑,16GB+256GB,5,是ROG手机的老用户了，习惯使用手机的智控中心和游戏精灵，用过的都说好 帅气简洁的外观 前置双立体扬声器清脆，清晰，3.5mm耳机孔好使！ 拍照清晰，65W快充爽歪歪
暗影黑,16GB+256GB,5,音质方面效果没得话说，是真的强，跟电影院的杜比音效似的。 电池续航，游戏方面有些虚高了，原神极高60帧掉电挺快的，其他游戏不追求极高帧率画质就还好。 手机目前游戏正在测试中，后续使用情况追评奉上。
暗影黑,16GB+256GB,5,彩盒设计是个亮点，肩键很好用，虽然功能很多，但实际能用的不是那么多，游戏玩了几局，散热效果也很不错，电池掉电也没多少
暗影黑,16GB+256GB,5,进入游戏以后从左边划出游戏精灵 ，你会发现惊喜 整套的针对性一键设置快捷按钮 ，太方便了 功能很多有针对游戏的也有针对手机功能的 ，不论它针对什么的 最终目的就是更流畅的进行游戏就是了。
暗影黑,16GB+256GB,5,这个外形没得说，比其他游戏手机都酷 两个喇叭立体声很强，屏幕分辨率高，看着舒服，三星电竞大屏就是不一样啊作为游戏手机拍照一点都不差
暗影黑,16GB+256GB,5,第一次用败家之眼的手机，总体来说还是挺好的，就是系统优化比小米，华为差点，这是没办法的，不过买他就是为了游戏，确实游戏体验感更好，音效也不错，遗憾就是没有出厂膜啊，现在是裸奔，不管了，就这样裸吧，毕竟手感在这里了！
暗影黑,16GB+256GB,5,要买就买配置最高的，彩盒的开箱任务真的很惊喜，还拍照做了头像，其他方面目前使用下来都很顺滑，6000毫安电池可以用很久，所以手机确实有点重，但还是可以接受的范围内
暗影黑,16GB+256GB,5,第一次用ROG，忐忑不安，之前只用过笔记本，后来上手觉得还不错，内存大，充电快，基本满足日常需求，支持一波，败家之眼！！！
暗影黑,16GB+256GB,5,"整体来说挺好，因为大也不觉着厚、屏幕跟音效惊艳、游戏手感也不错，至于发热真不觉着烫手，散热做的看来是挺好的，充电智能化、可以控制慢充以及90%满充超级好评。
用了两天，说一下缺点：6000mAh的电池这耗电量真是快的飞起，玩一局王者（打到了风暴龙王）居然耗电7%。"
暗影黑,16GB+256GB,5,玩手机游戏最苦恼的就是电量 六千毫安超大电池 续航是没什么问题 日常使用不玩游戏两天一充都可以 玩游戏充电的话有侧充倒也不耽搁 最值得的夸赞的就是他的充电速度了 65w的头 半个小时能给充到七八十 妈妈再也不用担心我手机没电了
暗影黑,16GB+256GB,5,今年用了三星屏，整体显示效果上了一个新台阶，看中这个屏幕了，第二部rog手机了，系统很简单，外观也不错，拍照比第一代强很多了，支持购买，但我有个问题，qq下载的文档找不到了，没办法拷贝出来了，有知道的小伙伴留言下
暗影黑,16GB+256GB,5,手机反应速度很快，屏幕效果比以前的机型进步打了很多，就是第三方配件太少了，找个钢化膜找了很久。以及系统优化方面相对于miui  flyme等国产手机差距比较大。使用下去看看质量怎么样。
暗影黑,16GB+256GB,5,包装比上一代强了点，配件没那么多了，东西挺好，手机屏幕也不错
暗影黑,16GB+256GB,5,"外形外观：好看，大气
屏幕音效：清晰，声音洪亮
拍照效果：好看
运行速度：不错，喜欢，性价比高，以后会经常光顾"
暗影黑,16GB+256GB,5,外观和做工都很符合期待，系统也为游戏做了很深的适配，用过二代，耗电发热还能接受，毕竟为了游戏效果把硬件性能参数推很高，没抢到白色有点遗憾。
暗影黑,16GB+256GB,5,用了两天，感受了一下，玩游戏没的说，就是电池下电下的太快了，玩了一个小时少了百分之30，主要玩吃鸡，其他的还可以
暗影黑,16GB+256GB,5,"外形外观：非常好看，特别是后面的灯光
运行速度：16+256没有话说
拍照效果：6400w像素行
待机时间：一直玩应该用不到1天  
13号就收到手机了，玩了一天，电池还是不耐用啊，玩吃鸡温度一个字高，安兔兔和鲁大师跑分不一样，安兔兔70w，鲁大师才跑52w，火龙888果然名不虚传，温度居然可以到56度"
暗影黑,16GB+256GB,4,外观很棒，性能强劲，外放效果好，6000毫安电池有待考证，主题商店都没有就很离谱，希望能尽快优化系统，增加主题商店！
暗影黑,16GB+256GB,5,"以前用的2进水了，刚好看到这个可以抢购，立马就买了！
侧方防尘哪里容易掉，拆开走了一圈就不见了，用起来还是很得劲的。"
暗影黑,16GB+256GB,5,"外形外观：手感不错
屏幕音效：高刷新率屏幕观感很好，扬声器音效进步很大
拍照效果：能用
其他特色：超声波肩键反应是没有直接触摸屏幕快的，FPS游戏对新手或者轻娱乐比较友好，对会四指五指操作玩家来说用处不大。系统还需优化，多指操作是偶尔断触，偶尔会画面漂移。"
暗影黑,16GB+256GB,5,144hz刷新频率 用了回不去了 平常用开启144感觉可以 拿到手第一感觉就是这个手机就是大  炫酷灯闪闪的 运行很快
暗影黑,16GB+256GB,5,之前一直听说ROG的屏幕翻车，这次一看三星屏就没什么后顾之忧了，跑分也达到了94W以上，总体不错
暗影黑,16GB+256GB,5,快捷操控功能可以切换多套肩键映射，很适合有多套游戏键位的游戏。再加上宏功能。有点欺负人了
暗影黑,16GB+256GB,5,"外形外观：帅的一批
运行速度：火箭升空一样
其他特色：开了竞技模式，活生生成了一个5000多的暖宝宝
屏幕音效：不戴耳机用的外扩，在郊区，吓得以为打仗了"
暗影黑,16GB+256GB,5,贴完膜，试一下蓝牙也经力！
暗影黑,16GB+256GB,5,这一代的ROG5我吹爆 三星的屏幕我就不说好机子都是他的屏幕 就舒适度这一方面比ROG3不知道好到哪里去了 简直飞跃的成长 爱了爱了
暗影黑,16GB+256GB,5,感觉比rog2还重一点，照相效果还可以，性能不错，比865有较大提升。
暗影黑,16GB+256GB,5,emm 虽然现在手机厂商都把散热器吹得天花乱坠，但是像ROG这么扎实的不多了，用下来感觉确实不错
暗影黑,16GB+256GB,5,我是rog3的用户续航这方面和上一代比都一样能扛的，但就充电速度我发现原来是35w现在直接给了65w四十分钟左右能把6000毫安的电池充满，3代的发烫问题也解决了不少，确实充电发烫的程度比3好太多了体验满足
暗影黑,16GB+256GB,5,游戏手机出来3年了，实际上手证明我的判断是对的，现在上手，可，毕竟打磨出来了。
暗影黑,16GB+256GB,5,各方面都不错，就是手机发热有点严重，正常使用都热，玩游戏更烫
暗影黑,16GB+256GB,5,之前用苹果手机，出门不敢玩游戏，换了这个手机，出门可劲儿玩电量管狗0.0
暗影黑,16GB+256GB,5,手机屏幕，音效，游戏体验都很不错，就是太发烫了，烫手
暗影黑,16GB+256GB,5,游戏性能Nice！外观中规中矩！屏幕质量还ok！续航满分！！！
暗影黑,16GB+256GB,5,1+6转过来的，用了一天挺不错的。三星的屏幕确实挺给力。相机也不错。
暗影黑,16GB+256GB,5,不错 外观好看  性能强悍    之前二代摄像头有问题没法拍照了
暗影黑,16GB+256GB,5,手机配置均衡，手感好，散热也还好，玩了会游戏，不怎么热。
暗影黑,16GB+256GB,5,"屏幕音效：牛批
外形外观：牛批
运行速度：牛批
拍照效果：一般
待机时间：一般
其他特色：挺喜欢"
暗影黑,16GB+256GB,5,带老婆玩几把吃鸡，确实摸起来比老婆的iphone要凉快，手动点赞，希望老婆看到这条评论能给我发个红包补贴下，谢谢
暗影黑,16GB+256GB,5,收到手机了，外观很有科技感，屏幕好评！其他的等用完了再评论吧，貌似电用的有点快啊
暗影黑,16GB+256GB,5,我购买了虹膜6pro还有这款Rog5对比下来，Rog5的屏幕观感更好，还有音响效果也更好，喜欢的朋友赶紧入手吧。
暗影黑,16GB+256GB,5,我在买这个手机的时候是奔着他的其他方面去买的 游戏手机嘛肯定是为了玩游戏能舒服，这配置，足够了！
暗影黑,16GB+256GB,5,入手两天感觉还挺好的，玩吃鸡3，4小时温度没上45度
暗影黑,16GB+256GB,5,质感和速度都不错，但是骁龙888的发热问题一样没有解决！
暗影黑,16GB+256GB,5,大电池长续航，用起来就是爽，一机在手畅玩天下！
暗影黑,16GB+256GB,5,可能买了个假的败家之眼，比来比去，16G的这个版本实惠的过分，算得上便宜了。省钱好买风扇么？哈哈
暗影黑,16GB+256GB,5,我心目中的败家之眼，终于带着信仰归来了。这堆料，这设计，爱了！
暗影黑,16GB+256GB,5,手机有点大，屏幕非常好！
暗影黑,16GB+256GB,5,这个手机比我原先手机大了不少，我这个手刚刚好。
暗影黑,16GB+256GB,5,我拿上这个手机以后第一件事就是发朋友圈炫耀！16G的大内存，三星屏，比预期的好
暗影黑,16GB+256GB,5,除了游戏支持，日常也可以用，不愧是我的败家之眼
暗影黑,16GB+256GB,5,rog，真的帅，以前就想买了没钱 现在有钱舒服了
暗影黑,16GB+256GB,5,之前用的ROG5无论从实用性还是外观的炫酷都是手拿把捏的
暗影黑,16GB+256GB,5,我奔着败家之眼去买的 现在有种败家之眼免费送的感觉 好喜欢啊
暗影黑,16GB+256GB,5,最好的屏幕，最好的外放，最好的性能，虽然价格有点小贵，也忍了。
暗影黑,16GB+256GB,5,手机倒是挺不错，就是太热，耗电太快
暗影黑,16GB+256GB,5,手机很好，就是系统优化不是很好，送的手机壳太硬割手
暗影黑,16GB+256GB,5,怎么说能，运行速度快，耗电量也快，
暗影黑,16GB+256GB,5,性能屏幕声音全拉满，手游爱好者这一台就够了。
暗影黑,16GB+256GB,5,拿到手里，外观不错。就看系统如何？
暗影黑,16GB+256GB,5,好用事好用就是偶尔死机就让人很莫名其妙
暗影黑,16GB+256GB,5,不错，价格实惠，其他平台花里胡哨，加价送一些没用的东西。
暗影黑,16GB+256GB,5,强烈推荐大家上自带的的论坛去翻翻攻略了，帮我点赞加积分呀。
暗影黑,16GB+256GB,5,好用的手机，不愧是游戏神器
暗影黑,16GB+256GB,5,嗯，还在用，目前体验可以吧
暗影黑,16GB+256GB,5,看了好多评测，这台还是最适合我
暗影黑,16GB+256GB,5,还不错，第一次用，ui还不是很习惯
暗影黑,16GB+256GB,5,刚拿到在设置  感觉不错
暗影黑,16GB+256GB,5,手机终于抢到了，挺不错的，值得购买
暗影黑,16GB+256GB,5,"美汁汁
144刷新率比之前90的爽不少"
暗影黑,16GB+256GB,5,必须好评，三星屏幕冲冲冲
暗影黑,16GB+256GB,5,强是真的强，热是真的热
暗影黑,16GB+256GB,5,帅，屏幕好，速度飞快
暗影黑,16GB+256GB,5,今日3.15早上10点开抢，骁龙888是今年的旗舰，第一时间抢了一台现在最大内存版本，预约有170多万人，要10点半后才抢完。下午3点多就送到了，与腾讯合作，应该玩游戏会好爽，可以开玩了???
暗影黑,16GB+256GB,5,刚收到开机，还没有怎么上手，手机感觉比原来用的红魔mars大些，期待吃鸡快乐，后面再追评！！！
暗影黑,16GB+256GB,5,"作为一款游戏手机，你在知道这款产品属性的时候脑子里自然就会出现几个词：大电池、顶级性能、大屏幕、超高刷新率、超强散热、虚拟按键操作、还有和各种游戏的专属深度合作。
是的，以上这些关键点，ROG5全都有，而且这一次做的更加精进。
腾讯ROG游戏手机5的具体配置参数如下：
包装盒内部包含了一个65W电源适配器+Type-C to C的数据线（120cm），Aura保护壳、取卡针、ROG Gaming贴纸、说明书和保修卡。
在当下一些手机随着苹果的大流开始取消随机附赠充电器的情况下，ROG5作为一款游戏手机显然是不会干这种事的，这就相当于你给了一个士兵全套的装备让它上战场，但唯独不给他弹药，还说真正的勇士可以万物皆为利剑，这可不是什么环保，这是妥妥的坑啊。
除了外观之外，这里重点说一下游戏大厅，毕竟是一款游戏手机嘛，主次要拎得清。
这是手机中所有游戏集中展示的位置，点击进入游戏，可以对游戏进行性能、显示、触控、网络等方面进行设置，玩家可以分享自己的预设组合，并从论坛等社交平台载入其他大神的游戏配置。
游戏设置5.0能够为每个游戏进行专属的设置，自定义&ldquo;触摸&rdquo;，&ldquo;显示&rdquo;，&ldquo;性能&rdquo;，&ldquo;音频&rdquo;和"
暗影黑,16GB+256GB,5,因为一直用的苹果所以不太了解安卓的配置 但是我是知道144hz需要高配把帧数拉上去的 我对144不怀疑我怀疑会不会配置不够 买来也用了一段时间了 开最高刷新率 所有特效拉满 别说性能模式了 最普通的模式都随便稳定带动 性能怪兽的典范性能过剩
暗影黑,16GB+256GB,5,第一次买rog手机，之前也关注过，为了玩游戏买的，希望不要失望哈！整体来说，手机还是比较重的，买的防尘塞，有点过分，容易掉，其他的目前来看还可以，游戏还没怎么玩，发热的话，先用两天看看！
暗影黑,16GB+256GB,5,十年CF老玩家 从学生到步入社会再到成家 玩游戏的时间越来越少 年纪越来越大已经没有当时的操作了 现在最多玩玩手游 拿到了这部机子就像是拿到了物理外挂 吹爆这个144hz的屏幕 没想到我这个老年人靠着高刷也能获得第二春
暗影黑,16GB+256GB,5,没有辜负我的希望，用起来很流畅，但是游戏还没试过，刚开始用的时间也不长，所以还没有试过温度怎么样
暗影黑,16GB+256GB,5,本身将这台手机当作副机使用 只是用来玩玩游戏 因为职业的关系 有一次用这个手机工作 发现了这个手机的照相功能具有专业模式调教 宝藏就在我脚边 小丑竞是我自己 不日ROG5变成了我唯一的主力机 第一次见到这么完美的手机
暗影黑,16GB+256GB,5,激动，期待已久的手机终于到了！身边好几个人都用的rog，还没拆，等用了再给反馈！
暗影黑,16GB+256GB,5,6400百万的主摄 索尼的厂家 就这些还要啥自行车了 太香了 两倍的放大无损的就这点已经俘虏我这个爱发朋友圈的人 之前用的手机一放大就糊了 真的好苦恼 作为一个宅 照相发朋友圈也算是我的一大乐趣 喜欢ROG5
暗影黑,16GB+256GB,5,和平精英操作的热点话题就是几指操作最方便 ROG5肩键操作 直接封神 还有什么你在pc上操作的在手机上不能展现的 全都是符合人体工学 十分舒适
暗影黑,16GB+256GB,5,只能说 还算可以 风扇动静还是大
暗影黑,16GB+256GB,5,正所谓专业人干专业事 游戏手机的横空出世注定了 手机游戏电竞化 游戏性能的代名词ROG我不选它选谁呢 他也确实没让我失望 将极致的性能呈现给我让我体验最透彻的电竞
暗影黑,16GB+256GB,5,用了ROG3的肩键以后 已经回不去了 ROG5一发布我就预定了 如他所说六指操作真的是前所未有的体验 我的操作性又得到了提升 玩起来更加自信 败家之眼不知败家 实用性极高也是他的代名词了
暗影黑,16GB+256GB,5,我以为ROG5就是个普通的手机 但是真正拿到手上以后发现这个手机真的不普通 不说他搭配了什么样的性能套装 就单单从包装开始，我看到的是打破常规 把幻想成为现实 ，未来一定能做出一个具体的功能的 加油ROG
暗影黑,16GB+256GB,5,"没想到之前提的那些改进意见，官方都听了，再许个愿，希望充电头能带灯,给我亮"
暗影黑,16GB+256GB,5,拿上手机以后 拆盒子真是让我爱的不要不要的，手机参数我了解的 再配上这种具有科技感的盒装 我真的感觉到了时代在进步 科技在进步 开盒体验极佳
暗影黑,16GB+256GB,5,开箱的漫画很酷，不知道后边会不会有更新，感觉可以出个游戏了。
暗影黑,16GB+256GB,5,帅气，为信仰充值！
暗影黑,16GB+256GB,5,端游老玩家来评价一波，如果你是端游爱好者，准备进军手游，这是唯一选择。硬件参数全都拉满了。
暗影黑,16GB+256GB,5,只能用丝滑来形容，最重要的事，终于是三星屏了啊哈哈哈哈，用起来就是舒服
暗影黑,16GB+256GB,5,刚好要换机，ROG就出新机器了，就你了
暗影黑,16GB+256GB,5,手机还行。没让我失望。
暗影黑,16GB+256GB,5,暂时没有发现什么问题，用段时间来看
暗影黑,16GB+256GB,5,手机收到，还没开封，先评价一下，后续再来
暗影黑,16GB+256GB,5,感觉不错非常的奈斯
暗影黑,16GB+256GB,5,怎么说呢，我买来游戏的，先玩段时间在说吧
暗影黑,16GB+256GB,5,第一次用华硕手机，还在摸索中
暗影黑,16GB+256GB,5,期待它的表现
暗影黑,16GB+256GB,5,外形外观：酷
暗影黑,16GB+256GB,5,东西是好东西，火龙是真火龙
暗影黑,16GB+256GB,5,屏幕舒服多了
暗影黑,16GB+256GB,5,建议官方多出些主题，好臭
暗影黑,16GB+256GB,5,不错不错不错
暗影黑,16GB+256GB,5,爱了??
暗影黑,16GB+256GB,5,很完美～
暗影黑,16GB+256GB,5,可以不错
暗影黑,16GB+256GB,5,奈斯
暗影黑,16GB+256GB,5,很棒
暗影黑,16GB+256GB,5,看到好多的主播都在使用这一款，入手都有点佩服专业选手的眼光。
暗影黑,16GB+256GB,5,成年人的游戏手机，这样的设计，刚刚好。我是玩家，败家之眼为我代言。&lsquo;
暗影黑,16GB+256GB,5,"外形外观：帅
运行速度：快
待机时间：长"
暗影黑,16GB+256GB,5,信仰之眼，值得拥有
暗影黑,16GB+256GB,5,很喜欢，非常完美
暗影黑,16GB+256GB,5,用起来就是爽
暗影黑,16GB+256GB,5,手机很好看
暗影黑,16GB+256GB,5,贼**好用
暗影黑,16GB+256GB,5,科技感十足！
暗影黑,16GB+256GB,5,很好很完美
暗影黑,16GB+256GB,5,相当不错?
暗影黑,16GB+256GB,5,非常不错
暗影黑,16GB+256GB,5,很奈斯！！！
暗影黑,16GB+256GB,5,芜湖！
暗影黑,16GB+256GB,5,信仰
暗影黑,16GB+256GB,5,大爱???
暗影黑,16GB+256GB,5,非常nice
暗影黑,16GB+256GB,5,挺好，
暗影黑,16GB+256GB,5,赞
暗影黑,16GB+256GB,5,不够意思。。。屏幕素质好一般啊，而且头尾黑边。。。我去-_-||机身很修长，加上机子过重，单手并不是很好拿，相机本来预料了不太好，但是没想到是渣到无下限。。。一直堆料的ROG，手机果然不太行，火龙888不是盖的，真的热，即使已经上了液冷。。。还是热的明显，再用几天看看，，，，有点失望了
暗影黑,16GB+256GB,5,"外形外观：整体风格与3代类似，顶部有麦克风，右侧集成音量，电源按键和两个电容式的Air Trigger，总之，给我的感觉，依然比较惊艳！



屏幕音效：个人算是个听力残障人士（人工耳蜗植入者），看中的就是就是音效出色，之前用的一加5，不用免提，几乎无法听清楚，这个rog5，则较好的解决了我的困境，6.78的屏幕，配备144的刷新，适合主打游戏，至于屏占比，感觉还是那样子，有点儿下巴，指纹识别灵敏度相对一般，开始录入时，足足失败了五次才成功！
拍照效果：至于拍照，因为个人的上一部手机是一加5，所以没办法做出准确的比较，但是相对于我个人来说，已经很出乎意料了，虚化效果挺不错，远景广角略有不足，对于阴影部分拍照，有些过曝的感觉，而且缺乏层次感，至于那个500万的微距像头，个人感觉有些鸡肋，不过对于游戏手机，拍照摄影能有这样的表现，已经很出乎意料了！
运行速度：骁龙888 ，公认的火炉，特意去下了游戏，重度体验了下，大概1小时多，就有当年骁龙810那种烫烫的感觉！但是运行速度，真是没得说，个人是16，256的款式！
待机时间：待机不用说，只要不是重度游戏，一般情况，6000的大电池，一天多应该是没问题的！如果不打游戏，只是正常的聊天之类，预计两三天"
暗影黑,16GB+256GB,5,开盒体验很好，包装无损，也没有划伤手印什么的，稍后玩游戏测试一下还会回来追评的。由于视频拍的时间有点长所以不能上传，因为我一直是苹果用户，这次也是第一次开箱rog手机，里面什么样子我其实一点都不知道，不过感觉除了手机壳有点让人遗憾是硬塑料材质的其他都很好！我要先玩一会儿游戏体验一下了。然后就要把我的iPhone11放到**上了。
暗影黑,16GB+256GB,5,真的是太厉害了 有监控条 直接了当的看到性能的强大 最高高不过41度就在38-41徘徊 在加上真正发烫的就是cpu 他的矩阵式架构让他的cpu处在手基本碰不到的位置 其实基本就不热了 真是无敌的游戏手机
暗影黑,16GB+256GB,5,从苹果换到ROG5，一直觉得苹果好 哪里都好 用了这款以后你会发现真正有玩游戏的需求的人苹果对这些人一点也不好 高刷和低刷的差距真的太大了 我现在换回原来的手机玩游戏 虽然各种操作也都得心应手 但总感觉慢人一步 还是高刷舒服
暗影黑,16GB+256GB,5,好酷炫呀，就是发热有点厉害，耳机没有，玩吃鸡有点挡手，屏幕本来就长，充电器和耳机的位置挡手。
暗影黑,16GB+256GB,5,试玩了几天以后 最喜欢这部手机的地方就是他的散热方面 我是个汗手 手机太热就会让我老出汗及其影响我玩游戏 每次都要备好纸巾在旁边 这个手机就不会 我可太喜欢了呀
暗影黑,16GB+256GB,5,之前电脑上一直用rog的硬件，败家之眼信仰，第一次rog手机，拿到手的第一感觉就是帅！！！硬件直接拉满，骁龙888就不用说了，屏幕、扬声器、内存啥的都基本上是现在手机里的天花板了，还多了两个肩键，我玩原神使用肩键也不错，吃鸡手游的话基本上就是物理外挂了。唯一美中不足的就是略显厚重，毕竟堆料在那里，玩原神还是发热厉害，屏占比略低（问题也不大，不是异形屏就很棒）！
暗影黑,16GB+256GB,5,用了这款ROG5也用过黑鲨和红魔发现现在的游戏手机基本标配就是高刷基本都是120hz起步 我觉得很多品牌144都是噱头 可能真的是高刷 但是其他的就很拉胯 根本配合不好高刷感觉有点南辕北辙的意思 现在看了ROG也就一骑绝尘
暗影黑,16GB+256GB,5,本来纠结友商6pro但是友商一波操作败光了好感改入手4999的16g真香机 专门买来打游戏 配上散热背夹 不过这个价位的竟然还不是半导体制冷 但是好歹有点用  还是很不的
暗影黑,16GB+256GB,5,高刷新率意味着高水平竞技 现在各个品牌都在做高刷有几个是真的 不说屏幕是不是真的144 就说他的性能能不能带动144 ROG玩家国度 为游戏而生的品牌 我一点都不怀疑它的真假 我只关心他的堆料足不足 显而易见 这一代ROG5打入到了我的心里
暗影黑,16GB+256GB,5,一直关注，首发第一时间抢到，第二天发货，第三天收到，用了接近一周时间，总体满意，略有不足。最最满意的是外观做工质量，没有让我失望，是Rog的风格。最不满意的是续航。我有一说一，看其他评论，有的指责简直无稽之谈，甚至可笑，首先发热问题是有，但一般游戏都只是温热，例如飞车120帧，吃鸡60，只有原神这种最高画质60确实有些烫手，但在我可接受的范围内，我买了风扇但没用来测试，风扇加持的话，温度多少还会低，但这是888通病，别指望其他888手机会好。白屏彩虹屏也确实有，看了我家里的苹果12和各种华为，也有，但不太明显，这款的话确实挺明显，但显示效果非常好，我阴阳屏接受不了，这种我可以接受。唯一接受不了的也就是续航了，但没有有些人说的那么夸张，游戏状态特效全开，一小时大概耗电20多，刷视频一小时大概10%多，待机我从晚上11点到第二天7点，每天都只是消耗2%而已，总体跟我其他手机都差不多，看了好多评测，结合我自己测试，续航表现中规中矩，但问题来了，别人都是4500或者顶多5000的电池，你这可是6000的，总之续航方面这手机不会比你用过的手机差，也不会更好。发热续航888的责任不少，手机总体不错
暗影黑,16GB+256GB,5,"最终还是决定给信仰充值，rog都算是男生的梦想吧
，手机用起来很流畅，一些细节功能慢慢更新吧，至于发热带个小米的散热背夹基本都能稳定在37度左右，所有手机都这样算不上毛病，五星"
暗影黑,16GB+256GB,5,"侧边设计和上代不同，但是贴合的不够紧，容易翘边，可能是太浅了。
充电器是真的大，5和2的对比很明显。盒子整体拿在手里灰常有分量，充电器占一大部分。"
暗影黑,16GB+256GB,5,ROG5的智控中心太酷了呀 一整套设置下来 我觉得我又行了 感觉有点像英伟达显卡的程序一样可以对单独的游戏进行单独的优化 太酷了 ROG5就等于RTX3090 所有特效全部拉满就完事儿了
暗影黑,16GB+256GB,5,不愧是ROG5 手机呢 有点大 比我的note3 大太多 还得适应一段时间才行 这手机 是性价比最高的888了 充电速度 也是独一无二的 相当给力  不当主机用感觉浪费了 谁让我真心喜欢呢
暗影黑,16GB+256GB,5,一般的扬声器不是在后面就是在底部 现在的手机基本都是双扬声器了 还有个扬声器和听筒一起 有一种很次的感觉 这个扬声器不仅前置 而且对称 听声音的时候完全没有偏差 这个我太喜欢了
暗影黑,16GB+256GB,5,六千毫安的电池 真的太爽了 你不用担心续航的好吧 玩儿就行了 我原来玩儿游戏最怕的就是没电了 插着充电器玩儿那个插口挡着我 操作降低了好多级 侧面充电口这个设计无敌贴心 电池容量大加上充电不挡手 这个手机已经完美解决掉了我的所有烦恼
暗影黑,16GB+256GB,5,这个手机性能是很不错的，但平常使用的话就不是那么好了，送的手机壳拿着手感不好，多一块少一块的，屏幕一般，高帧都用不了DC调光，膜和手机壳也没什么厂家做。打游戏各种黑科技倒是很牛，感觉只能当个专用打游戏的手机，平常使用还要另一个手机。
暗影黑,16GB+256GB,5,当我拿上手机的时候，我第一感觉不是用这部手机打游戏，而是觉得这个手机的两个喇叭是家庭全景环绕声吗？我的第一反应是看一个电影，我将杜比音效HDR全开，音效简直太棒了R O G5不只是游戏手机
暗影黑,16GB+256GB,4,打了一会游戏确实会发烫，这点我比较纠结，其他地方很好，有质感的震动声，肩键现在我还玩不好，后面在研究，屏幕两侧的空间太大了。一下子真不喜欢，最后我还是要说打游戏容易发烫，这点比我之前的华为严重多了
暗影黑,16GB+256GB,4,触摸有时候会错字位，不知道是不是用不习惯的原因。没有原装保护膜。官方送的手机套是硬塑料的，手感辣鸡滑不溜丢的很难受。除了游戏性能，其他日常软件不流畅。倒扣桌面不会自动息屏。侧面充电口防尘塞一直会掉下来。综合体验差
暗影黑,16GB+256GB,5,用了这个手机才过来评论的 游戏手机肯定是以玩游戏为主 我最关心的问题就是续航 使用的这几天下来 我感觉这个续航能力真不是盖的 玩144hz特效全开的qq飞车一个多小时 才掉了不到百分之二十 我不是一整天都在玩游戏的人 一天也就一两个小时 感觉一天一充没问题的
暗影黑,16GB+256GB,5,我的电脑也才不过16G的内存 现在手机也都16g了 运行起来真的流畅的不行 还有什么手机游戏带不动的呀 完完全全性能怪兽 把性能模式一开 所有游戏特效拉满如丝滑般流畅
暗影黑,16GB+256GB,5,男朋友老说我是瞎子吃个鸡总是看不到人 他给我送了这个ROG5 本身挺有怨气的觉得他说我我不开心 跟他玩了两把以后我快爱死他了 这个144hz我也不懂是什么意思 但是真的就很容易看到别人 我再也不是瞎子了！！！
暗影黑,16GB+256GB,5,防尘塞触碰容易滑出 手机充电有点烫 游戏运行速度可以 没有顿卡或者断流 手机壳有点单薄了 没带风扇 不知道散热效果怎么样
暗影黑,16GB+256GB,5,用了两天了 不吹不黑 这个手机我只能说早买早享受 屏幕的自动调节亮度很敏锐 灵敏的调节让我的眼睛看东西的压力大幅减小 可能一次两次感觉不到舒服 这玩意儿一天下来 真的可以让我的眼睛没有那么严重的疲劳感 告别眼药水咯
暗影黑,16GB+256GB,5,拿到这部手机最直观的感受就是这超大的RAM开什么App都是秒开，一点也不含糊 跟你墨迹算我输 告别冗长的转圈圈，等待直接切入主题开启游戏时间 打开王者 飞车这种超大型的游戏也是绝不拖邋
暗影黑,16GB+256GB,5,专业的手机真的就是不一样 把最热的配件儿全部集中在玩游戏手很少摸着的地方 基本不会再对发热有烦恼了 这可能就是为游戏而生吧 他的散热原理我看不懂 不过不重要 用了以后我只能说牛x
暗影黑,16GB+256GB,5,一直用的8g内存 从来没用过比这更大的了 内存这东西怎么搞都得配合着处理器不是 我真怕是个噱头 开箱使用几天就真的发现了不同 质的不同 根本上的差距 这绝对是真16g内存的机器 太香了
暗影黑,16GB+256GB,5,整体通黑的手机我打开的时候没有太注意他的扬声器在哪里 用的时候发现是前置的这个比较惊喜 最惊艳到我的是他的扬声器非常的隐藏 很细的一条缝儿很难发现不说 别看它小 它的能量太大了 声音丝毫不逊色
暗影黑,16GB+256GB,5,有一天玩恐怖类的游戏忘了把声音关小 开游戏的bgm把我吓了一跳 感觉挺带感 我直接外放声音超大的开始玩起来了 沉浸感十足 虽然我很胆小 但是在恐怖游戏里沉浸才能感受到乐趣 下次拉着女朋友一起 吓吓她
暗影黑,16GB+256GB,5,深度手游玩家 天天玩手机基本两个小时就要滴抗疲劳的眼药水 玩游戏的时候就喜欢把亮度调高要不然看着太累了 这手机的亮度直接拉满 眼药水我现在很少用了 因为手机的亮度让我眼睛没有那么累 我太喜欢了这个亮度了 以后就决定是你家了
暗影黑,16GB+256GB,5,原来都用两三千平价机的 现在上了大学手机不太好使了 刚好看到这一部 跟家里人商量完也换了 感觉到了一个新世界一样 原来用的那都是些什么啊 HDR打开果然是新世界 色彩太丰富了 进城了进城了
暗影黑,16GB+256GB,5,手机可以连接我的XBOX ONE手柄 可以自己设置按键位置根据自己的习惯 说实话键位太多了我自己有时候都记不太住 又一个按键映射功能 将你自己设置的按键透明化的显示在屏幕上面 妈妈再也不用担心我找不到按键了
暗影黑,16GB+256GB,5,3.5耳机口，大屏幕，直屏，大电池容量，是我理想中的手机，但是发色有点严重，王者全高两个小时50+度
暗影黑,16GB+256GB,5,"包装还是诚意满满的，极其不环保，而且ar动漫也挺有意思的，装完机之后下载了安兔兔跑了两次分，一次71w一次72w骁龙888里面中规中矩的表现吧，但是作为游戏手机我觉得有点偏低了。。重也是真的重，比我之前的1加6厚重了不少现在还不太习惯，系统的小功能优化也没之前网上说的那么不堪，中规中矩吧，
屏幕音效：三星e4屏幕显示效果很好
拍照效果：和3年前的1+6差不多，686主摄希望后期系统能优化下吧
运行速度：16g内存，运行速度杠杠的，我很好奇为什么什么都没开就占了8个g。。bug吗
待机时间：开封就有60电好评，用了2个小时掉到了20左右还是有点快的
外形外观：眼睛只有进游戏模式才亮，还没找到改设置的地方，很有科技风的外形"
暗影黑,16GB+256GB,5,骁龙888搭配16G内存无敌的搭配 两个组合在一起就是性能极致的反应 这两个组合在一起没有啥游戏带不了最高特效 全部拉满 这丝滑流畅让我对*的时候都变的自信了
暗影黑,16GB+256GB,5,第一次这么有仪式感的打开一个包装 也是第一次这么有仪式感的开机 真有你的啊ROG 科技感的手机盒 科技感的AR漫画 好像真的穿越未来了
暗影黑,16GB+256GB,5,这个续航也太顶了吧 我上一部手机是iPhoneXS 用了两年了 一天两三充受不了了换了手机 平常也喜欢玩玩游戏但是也就打那么几把放松一下 每天出门到回家洗漱完准备睡觉 手机电量还能保持在四五十 游戏稍微晚多一点也能保持在二三十 反正根本不需要对电量感到担心了 续航太顶了
暗影黑,16GB+256GB,5,总体来说  质感不错  用着也不错  就是新机子bug太多 售后找不到  京东上一问就是他们是售前客服  要自己找售后  不满意
暗影黑,16GB+256GB,5,从18年关注ROG手机到去年购买的ROG3再到现在购买的ROG5 散热是真的有在解决 真的看到了他的变化 真的是比以前好太多了 充电的时候我可以明显的感受到与ROG3的差别 温度要低得多 玩儿游戏的时候也是 热肯定会热但是没那么烫而且温度起来的很慢 要很长时间才会有
暗影黑,16GB+256GB,5,按照现在这个趋势，16 g必成主流，这点毋庸置疑，因为是一名专业的玩家，所以尝试过多品牌游戏手机设计和调教的问题，这款16g的性能着实比红魔要高很多，就跑分就是差距，感觉手机的内容方面都大差不差，能在同等配置的情况下领先别人，ROG真的让人惊讶
暗影黑,16GB+256GB,5,可以啊，就是没有白色的，也没有副屏，网速有点慢，并没有他们说的那么差，我用的还行，就是系统还需要完善
暗影黑,16GB+256GB,5,强大的肩键不像其他附加设备那样只有按压手势，这个肩键可以用滑动和按压两种形式创造出更多的手势来设置操作，真的是高能，用起来也是如鱼得水，没有很难操纵的感觉，适合各类人群
暗影黑,16GB+256GB,5,手机外观性能炸裂 跑分更是地表最强 唯一缺陷就是软件不是特别完善 有时候游戏会断网 关闭游戏精灵 进游戏再******
暗影黑,16GB+256GB,5,现在发现的一个问题：用过二代三代的我也是有点懵逼，突然跳出来&ldquo;系统界面屡次停止&rdquo;玩游戏时直接卡出来，人都气炸了。论坛上还有跟我一样的朋友也有这样的问题，难受???
暗影黑,16GB+256GB,5,作为一个女孩子基本的成像要求还是要有的 刚开始觉得有就行 因为抱着这种态度也让我形成了巨大的反差照相太惊艳了 各种功能都具备应有尽有 有些品牌价钱才有的功能他直接一步到位 给力！爱了
暗影黑,16GB+256GB,5,这个肩键设计就是为游戏而创造的 用了就回不去早用早享受 他最舒服的就是震动反馈 玩游戏时候的震动反馈真的可以让我很轻易的将自己代入到游戏里面去 爱了
暗影黑,16GB+256GB,5,上一个手机只有3000mAh，电池根本不禁用，现在用ROG5，感觉玩一天手机都不用充电，跟喝了成长快乐一样开心
暗影黑,16GB+256GB,5,吃鸡带耳机已经是必备条件了 ROG5具备非常牛的扬声器这是众所周知的 偶然下我发现这款手机还具备了比耳机更厉害的调教 我尝试着不用耳机进行了一把游戏 震撼只能这么说
暗影黑,16GB+256GB,4,总体非常好，有个小细节有点坏心情，插卡的卡槽上面红色的部位不牢固，问售后推给工程师，工程师先推给售后又说要寄回去做检测，就因为这么点事情，还要回去做检测，说实话有点坏心情
暗影黑,16GB+256GB,5,已经使用了一段时间 之前是苹果的用户所以没有清后台的习惯 现在才反应过来安卓是要清理后台的不然会卡的 但我用了这个ROG5没发现不清后台会卡啊 16g的内存 让我连清理后台都给忘掉了
暗影黑,16GB+256GB,5,不戴手机壳太滑了，感觉很容易脱手，官方居然不卖充电头，想在单位放一个都不行
暗影黑,16GB+256GB,5,钻石排列的三星屏，X模式的888芯片，还有加了放大器的音频，这才是ROG应有的尊贵感！
暗影黑,16GB+256GB,5,运行内存的大小决定了你能否多程序运行的情况下不卡顿不死机 我相信以ROG的严谨内存越大能做的事情就越多 怀着这样的期待让我打开了这个手机试用了几天 不愧是ROG果然没有让我失望  我开着的所有内容在后台从来没清除过依旧表现惊艳流畅无比
暗影黑,16GB+256GB,5,基本挑出不出来什么毛病，配置顶尖，要说问题的话就一个，这个侧面防尘塞不太结实，容易掉，有没有什么好的办法固定住
暗影黑,16GB+256GB,5,10点下单，3点半到手，都抢不到首评，太难了，但我一定是第一个带图的！哈哈哈！等下班去拍个开箱，美滋滋！
暗影黑,16GB+256GB,5,这次的背盖设计实在太好看了，就是保护壳的设计一般，套上保护壳感觉降低了手机的研制
暗影黑,16GB+256GB,5,应该是最近几年最有设计的手机了吧，没有随大流简单的涂层，也没有为了花哨没有设计。好评。
暗影黑,16GB+256GB,5,原来都是用蓝牙肩键夹在手机上面玩的 偶然间遇到了ROG3点进去看到了肩键的功能 想着可能不太好用 这部ROG5我关注了一下，无论如何我也坐不住了 我就不信原装的还没有自己买的好
暗影黑,16GB+256GB,5,败家之眼还是太谦虚了，4个肩键加上屏幕的两根拇指，已经是六指了。。。这宣传能力，还是熟悉的直男风
暗影黑,16GB+256GB,5,"好，好的不能再好了。未使用，不做数。
从16号的满怀期待到21号的心灰意冷，最终退货处理。别问我为什么。烦。"
暗影黑,16GB+256GB,5,ROG这个牌子之前做电脑贵的买不起，手机算是亲民了一点。果然是做高端的，上手真的很顶
暗影黑,16GB+256GB,5,买之前没动HDR10+什么意思，专门下了个徒手攀岩，真的太细腻了，画质党福音
暗影黑,16GB+256GB,5,现在的手机用起来区别不大，主要是造型吧，RGO5的造型真的太帅了。
暗影黑,16GB+256GB,5,好用，除了个重了点，没啥毛病
暗影黑,16GB+256GB,5,玩游戏还是要试试ROG的装备，这手机的黑科技太多了，玩法很多。
暗影黑,16GB+256GB,5,最强吃鸡手机，肩键真的是用了就离不开好了。估计以后也只能买ROG 的手机了。
暗影黑,16GB+256GB,5,没想到开了90Hz高帧，打了4把王者，手机依旧没发烫？很惊喜！
暗影黑,16GB+256GB,5,非常不错，就是发热有点严重&hellip;&hellip;
暗影黑,16GB+256GB,5,打游戏搭配个散热风扇感觉也还是有点热，不过不影响这个信仰之眼
暗影黑,16GB+256GB,5,费力抢到手的女票  当然不会让你失望  把玩把玩爱不释手
暗影黑,16GB+256GB,5,现在的手机同质化太严重了，希望ROG5这样有特色的手机可以更多一些。
暗影黑,16GB+256GB,5,肩键2x2的功能越来越多了，ROG5这次三星屏就果断入手，其他的也没想什么
暗影黑,16GB+256GB,4,手机是好手机  就是游戏特效全开发热有点厉害
暗影黑,16GB+256GB,5,黑色手机配型男，暗影黑这款像我一样有内涵，不买这款还买啥。
暗影黑,16GB+256GB,5,收到手机就迫不及待地打开了，三星144Hz AMOLED不论是打游戏还是日常使用都很深得我心
暗影黑,16GB+256GB,5,其他的就不说了，这大电池和肩键应该就是无敌了。其他手机没得比。
暗影黑,16GB+256GB,5,软件操作流畅，游戏画面丝绸一般顺滑。
暗影黑,16GB+256GB,5,腾讯福利的入口有点不好找，手机本身很完美。
暗影黑,16GB+256GB,5,黑色太霸气了，双立体音太魔性了
暗影黑,16GB+256GB,5,技术不够装备来凑，信仰一出，谁与争锋
暗影黑,16GB+256GB,5,发热比较严重，申请退货了！
暗影黑,16GB+256GB,5,不亏叫败家之眼
暗影黑,16GB+256GB,5,感觉有点像假的
暗影黑,16GB+256GB,4,没想到这么重
暗影黑,16GB+256GB,5,玩游戏太烫手
暗影黑,16GB+256GB,5,三星屏幕真香！
暗影黑,16GB+256GB,5,外形外观：挺好看的屏幕音效：屏幕很好，三星屏幕e4发光材料拍照效果：游戏机就别说拍照了运行速度：很快，作为游戏机这方面没得说待机时间：六千毫安电池感觉太假了，耗电比米10u还要快其他特色：这手机有个很大的缺点，就是严重发热，上~qq都温热，打游戏直接上40-48左右，官方那个风扇没用，最多把后盖的热量吹到屏幕上去，确定要买这手机就要买个半导体散热器，不然压不住这火龙888的热量
暗影黑,16GB+256GB,5,外形炫酷，888的处理器速度快，冷却真牛x，wifi也好，延迟贼低，144+的屏幕玩起来太爽了，游戏的显示效果非常棒，游戏界面很清晰，玩游戏ROG5就是王者，后面的呼吸灯也很炫酷啊，双扬声器玩起来不带耳机也可以.
暗影黑,16GB+256GB,5,外形外观：科技感十足屏幕音效：震耳欲聋拍照效果：不得不提，确实挺#的，还带水平校准运行速度：是真的快，144hz屏幕好爽待机时间：游戏手机就不要要求待机时间了，虽然他的6000很恐怖其他特色：rgb灯很骚气，我好喜欢
暗影黑,16GB+256GB,5,"外形外观：外观精美
屏幕音效：音响效果非常好
拍照效果：拍照清晰
运行速度：运行速度很快
待机时间：待机时间长"
暗影黑,16GB+256GB,5,确实不错，本来还很担心东西不好，拿到手发现完全多虑了，五星好评质量非常好，完全超出期望值，发货速度非常快，包装非常仔细、严实，很满意的一次购物超出预期，质量很好，做工精细，满意
暗影黑,16GB+256GB,5,完美运行，吃鸡贼快?是正品，跟商店里买的是一样的，在这网购方便快捷，品质放心，还会光顾！.^?^.点赞
暗影黑,16GB+256GB,5,"外形很炫酷，888的处理器无敌了,这冷却真牛x,wifi也好，延迟贼低, 144+的屏幕玩起来太爽了,游戏的显示效果非常棒，游戏界面很清晰,玩游戏ROG5就是王者，后面的呼吸灯也很炫酷啊，双扬声器玩起来不带耳机也可以"
暗影黑,16GB+256GB,5,这个手机配置到位了，16+256加上骁龙888可以说吊打一万以内的手机了哈哈，rog#，还送个保护壳，京东快递也不错非常快第二天到
暗影黑,16GB+256GB,5,"2019年就听说有游戏手机,一直想买台玩.但品牌有3个不知道选什么（rog黑鲨红魔拯救者是2020发布的第一次代）.就一直在观望和看~新机评论.今年终于等到rog5发布,还65w快充。所以和朋友分别买了两台.1台红魔6,1台rog5.狠狠的玩了几天.最后朋友把游戏手机退了.买了台rog5低配版.问其原因1,rog风扇没有那么大的噪音（红魔噪音太大就像一直有个蚊子在叫。烦死了.更别所说游戏声音.家人都知道你在玩游戏,声嗡嗡。一直叫你把嗡嗡调没）.2.rog没有120瓦快充但是玩游戏时候用边路直充手机就行,电池不受影响,一般充电80%,不是玩太狠能玩一天,65w充电也很快,80%30分钟不到。3,rog有游戏模式设定,很#。可以不玩游戏时候设成超长续航.玩游戏时候x模式。王者荣耀就设成平衡模式足够了.4,rog温度还可以.风扇声音小.5.手机做工和手感,屏幕跟手还是rog好反正就是赞赞赞."
暗影黑,16GB+256GB,5,真的好用，快递也#，强烈推荐。这款手机，玩游戏一点都不卡，也不会有杀后台的现象，而且外观也很可，非常符合我这天天玩手机的人。内存也足够，不想我之前的手机，内存不够，这个买的大内存，用起来特别流畅，堪比苹果。
暗影黑,16GB+256GB,5,不打游戏，就日常通话，~，视频，不想买和大家一样的手机。到货快，有些系统细节做的我觉得比原来的mate30好，电池容量真心给力。有前置呼吸灯，加上后面败家之眼灯，方便看到未接来电和唯独信息。外形外观：外观不错，背后的败家之眼识别度高，想买幻影版，实在等不到。运行速度：运行流畅屏幕音效：两个喇叭，看视频音效很好。
暗影黑,16GB+256GB,5,外形外观：外观炫酷，信仰灯逼格满满屏幕音效：音效目前用过感觉声音最大，音质最好的手机了拍照效果：拍照效果中规中矩，肯定是够用了运行速度：骁龙888顶级处理器加持，速度杠杠的，打开应用超级快缺点：拿到手机是百分之60电，一下午刷刷~逛逛网站，感觉耗电特别快，现在充满了，感觉没那么快掉电了，不知道是不是第一次没充电电量虚，另外就是手机挺重的，不适合长时间举着。
暗影黑,16GB+256GB,5,非常喜欢的ROG，第一代买了，二代三代观望了，继续买第五代，外形赞!尤其是各种顶级硬件加持太给力了！最讨厌打游戏没电挂个充电宝，6000mAh确实#，而且玩游戏，声效很立体！
暗影黑,16GB+256GB,5,一开始没能get高刷的点，后来发现日常可以看高刷模式，开了之后再也回不去，确实看照片刷~都能感觉到差距
暗影黑,16GB+256GB,4,手机是不错，外形性能都是一流，但是唯一的缺点就是太烫了，用风扇都不行
暗影黑,16GB+256GB,5,我只能说#，有一说一确实好用，内置谷歌服务的，直接装商店就起飞
暗影黑,16GB+256GB,5,我#兴奋的一批?大品牌！值得信赖！效果超级好！贵有贵的道理！很棒的商品！
暗影黑,16GB+256GB,5,只能说#，太酷炫了这个手机
暗影黑,16GB+256GB,5,真好
