国风雅灰,8GB+256GB,3,还好但是手机上有气泡
国风雅灰,8GB+256GB,3,挺好的用着很顺手
国风雅灰,8GB+256GB,3,还可以。就是各种各样的应用太多。
国风雅灰,8GB+256GB,3,运行炉石的时候切换其他总是会卡
国风雅灰,8GB+256GB,3,音效不错，比之前手机好多了
国风雅灰,8GB+256GB,3,能感受到快递在路上的残酷
国风雅灰,8GB+256GB,3,图他400块，我错了！后摄让人非常反感！
国风雅灰,8GB+256GB,3,打游戏会断流，家族遗传病
国风雅灰,8GB+256GB,3,偶尔还是会卡一下
国风雅灰,8GB+256GB,3,上个月28号提交的定金，这个月9号拿到。
国风雅灰,8GB+256GB,3,系统小问题还是挺多的
国风雅灰,8GB+256GB,3,外形外观：还行，就是手握容易遮住闪光灯
国风雅灰,8GB+256GB,3,"外形外观：好看
运行速度：不错
其他特色：有黑屏问题"
国风雅灰,8GB+256GB,3,服务很好，产品镜头里面有灰！这个是小米品控的锅！
国风雅灰,8GB+256GB,3,我的手机下巴那还有一段空，感觉像个毛胚
国风雅灰,8GB+256GB,3,电池不经用，充电手机会热，可以当个暖宝宝了。
国风雅灰,8GB+256GB,3,可以看到镜头没对齐，
国风雅灰,8GB+256GB,3,拍照也没多好跟我苹果6s拍我用这么久了拍得还比这个好
国风雅灰,8GB+256GB,3,用电很快，手机很烫。
国风雅灰,8GB+256GB,3,刚入手，还得观摩会。
国风雅灰,8GB+256GB,3,贴的膜有气泡
国风雅灰,8GB+256GB,3,手机音质很好...
国风雅灰,8GB+256GB,3,发烫，体验感还没米6好
国风雅灰,8GB+256GB,3,挺好的
国风雅灰,8GB+256GB,3,还好，耗电问题依然在
国风雅灰,8GB+256GB,3,系统bug多
国风雅灰,8GB+256GB,3,"烫的要死我吐了
运行速度：运行速度可以但是真的烫"
国风雅灰,8GB+256GB,3,全面屏手势反正挺废的，不知道贴膜的事，还是手机的事
国风雅灰,8GB+256GB,3,整体使用不错，就是信号是真的不好，动不动断流。
国风雅灰,8GB+256GB,3,都挺好，音效很好，打游戏信号不好，信号一般
国风雅灰,8GB+256GB,3,怎么说呢，之前一直是华为手机，换成了小米10，感觉上运行流畅度没有华为好，
国风雅灰,8GB+256GB,3,烫烫烫，！！！打了一局王者荣耀优化挺好但是一直460。一局下来就发热严重！！
国风雅灰,8GB+256GB,3,屏幕音效：听歌音效非常好，就是打游戏经常断流，影响游戏体验
国风雅灰,8GB+256GB,3,手机挺好的，漂亮，但电池总感觉消耗的太快，不经用！
国风雅灰,8GB+256GB,3,手机很好用，就是用电有点快，还有收到货的时候发现听筒变形了，
国风雅灰,8GB+256GB,3,手机是个好手机，可以做工和品控需要加强。边框缝隙问题让人望而却步
国风雅灰,8GB+256GB,3,之前用的小米8信号一直都是满的，换这个只有三格信号，王者都打不了。拍照效果不错
国风雅灰,8GB+256GB,3,质感不错，拍照不行感觉比不上K30，太容易糊了，耗电也快
国风雅灰,8GB+256GB,3,"外形外观：好看
拍照效果：一半
运行速度：快
其他特色：国产屏。
这个原厂膜非常沾灰。离谱。"
国风雅灰,8GB+256GB,3,其他都还挺满意的，就是这续航，这是我见过掉电最快的手机了，肉眼可见的掉！
国风雅灰,8GB+256GB,3,"外形外观：颜色差别大，
用电快，待机还去掉百分10的电量，比我用了三年荣耀v9还差"
国风雅灰,8GB+256GB,3,屏幕上下发红，退了。其它方面都很好。特别是音质真的很好。视频是空的，为了要豆。
国风雅灰,8GB+256GB,3,断流特别厉害，手机一天几充，充电速度快，曲面屏侧边不灵敏，屏幕泛红。
国风雅灰,8GB+256GB,3,屏幕音效：屏幕开始用还挺不错，用了几个月屏幕就感觉时不时不灵要关了再打开才正常，有时候打开跟卡槽一样
国风雅灰,8GB+256GB,3,"手机算可以   但是物流弄得我很不舒服   上面说当天晚上能到   可以正好撞到我搬家  所以我填老地址   害的我等了好长时间    购物体验不好
运行速度：感觉也没那么快  也不知道是手机原因还是手机卡的原因"
国风雅灰,8GB+256GB,3,"外形外观：从6S换过来的，一开始感觉这手机是真的大
屏幕音效：看电影视觉不错
其他特色：感觉这自动调节不太敏感"
国风雅灰,8GB+256GB,3,怎么说嘞，可能我还不会用很多小米黑科技，总体感觉还行，运行速度可以，拍照很清楚，
国风雅灰,8GB+256GB,3,"外形外观：银色漂亮
屏幕音效：屏幕颜色不均，顶边发红
拍照效果：好
运行速度：好
待机时间：略短
其他特色：没什么，重"
国风雅灰,8GB+256GB,3,使用过程很不错，不过刚激活到系统页面的时候，手机卡顿了一下让我很难受，不知道为什么新机会有这种情况的出现，其他各个地方都满意
国风雅灰,8GB+256GB,3,"外形外观：还好
屏幕音效：还好
拍照效果：一亿夸张了，白平衡严重失调
运行速度：还好
待机时间：还好
其他特色：经常断流特别烦"
国风雅灰,8GB+256GB,3,外观还行，但是容易发热，真的非常容易发热，用着用着就变成暖手宝了。。。而且无线充也发热
国风雅灰,8GB+256GB,3,"屏幕音效：双扬声器真的厉害，立体环绕。
外形外观：外形好看，自带的清水套太紧了，有原厂贴膜。
其他特色：就是屏幕是华星广电的"
国风雅灰,8GB+256GB,3,大年初一到的，包装很不错，换新机喜庆，手机目前使用手感不错，科技感十足。商家配送的两个赠品，一个也没有就很生气，说好的一个月视频会员也没有！！
国风雅灰,8GB+256GB,3,"外形外观：设计不合理
屏幕音效：可以
其他特色：I做的还好 
拍照效果：行，毕竟一亿像素
运行速度：目前还不错
待机时间：超垃圾！距华为差太多啦！真心的不顶用啊！"
国风雅灰,8GB+256GB,3,"屏幕音效：双扬声器的效果确实不错
拍照效果：拍照过得去，但是扫码会识别很长时间
待机时间：正常待机，不过充电挺快
外形外观：后面摄像头的排列和闪光灯位置属实不好，使用体验很差"
国风雅灰,8GB+256GB,3,"外形外观：挺好看的
屏幕音效：特别韩
拍照效果：可以
运行速度：很流畅
待机时间：耗电特别特别快，待机也用电很快"
国风雅灰,8GB+256GB,3,"拍照效果：远景拍的不错；近景有问题，需要对焦很久，换了一次，等了10几天，没有新机，回来感觉还是之前的机子，也不知道有没有修。不过近景拍文字还是需要调整。可能是机子问题吧！
运行速度：快。
待机时间：比较短。不过充电很快，不到2小时能从10%充满。"
国风雅灰,8GB+256GB,3,"骁龙888翻车了,功耗性能不能同时兼顾。所以当下的最佳选择就顺理成章成为了小米10。冲着一亿像素的噱头以及对称双扬声器买了。到手试了下，不如同事华为mate40PRO的五千万清晰。系统方面MIUI足够多样性可供玩机，但稳定性方面还有待提升。其他的方面也没有什么特别出彩的地方，希望中国科技可以有朝一日不受限于其他的所谓科技大国且成为科技大国而不牵制别国的科技发展"
国风雅灰,8GB+256GB,3,"外形外观：外观很不错，非常喜欢，曲屏很有时尚感
屏幕音效：屏幕很清晰，分辨率很强。
拍照效果：拍照效果和其他安卓手机一个样我觉得，也没什么特别之处
运行速度：卡卡卡，用了不到一个月，卡死了三次。太难受了，有时候一天卡好几次
待机时间：待机时间也一般，充电速度挺快"
国风雅灰,8GB+256GB,3,"运行速度：之前用的小米note3，自然肯定提升了很多，
拍照效果：两颗凑数镜头，不过对我来说足够了，一亿的主摄
屏幕音效：音效非常舒服，不愧是双扬
外形外观：外观，其实个人更喜欢10S白色那款
待机时间：这个我的掉电也快，肯定和miui12有关，目前是miui12.0:11"
国风雅灰,8GB+256GB,3,小米手机质量越来越好了。整体非常好看，系统也快，重度使用4个小时没有问题。缺少呼吸灯，还是不够流畅，还没有官网优惠活动多，至今，什么编程的赠品也未收到，拍照跟我Mⅰx2s差不多，夜景拍摄不错
国风雅灰,8GB+256GB,3,"大容量的电池续航效果一般，而且充电的时候手机烫。连外放音乐都烫，玩吃鸡的时候更加烫。
外形外观：一般
屏幕音效：音效可以
运行速度：新机都卡
待机时间：差
其他特色：喜欢天气闹铃，每天早上闹铃响还可以听天气预报。"
国风雅灰,8GB+256GB,3,"外形外观： 冲着曲面屏来的，还不错，但是指纹解锁很慢是个什么鬼？！出厂膜指纹解锁都这么慢。真特失望，还不如老手机反应快
运行速度：还行吧，多少比上个手机好点。操作没啥变化，感觉没啥新意。
待机时间：待机还是不错的，毕竟快五千电，充电也很快，这点比较满意"
国风雅灰,8GB+256GB,3,外观不错，配色不错，手感不错，音质不错，续航可以，拍照可以，屏幕一般，主要是触控不太灵敏，以前没用过曲面屏，点击有些不灵敏。还有就是价格，动不动活动，动不动优惠，今天优惠150。刚好过价格保护日&hellip;&hellip;无语
国风雅灰,8GB+256GB,3,"外形外观：精致，美观，喜欢
待机时间：电池好像有点不耐用
运行速度：买了半个月，暂时还没有卡顿这些毛病，安卓机子用个半年一年，才能确定
屏幕音效：振动效果还可以
拍照效果：还可以，不是很专业，不太会说。
其他特色：曲面屏刚开始用的不是很习惯，特别是看***，很多的关闭打&ldquo;X&rdquo;标志都是在右上角或左上角这样靠边的位置，点的时候不是很精准。"
国风雅灰,8GB+256GB,3,"外形外观：外观很喜欢
屏幕音效：音效蛮好
拍照效果：拍照还可以
运行速度：用3天两次软件卡死
待机时间：耗电快，轻度使用能用一天 充电1个小时以上
自动调节亮度功能差，忽亮忽暗的
安装手机卡注意卡槽，特别软"
国风雅灰,8GB+256GB,3,"外形外观：质量还可以，很厚实，样子也好看，就是卡托拉垮，就一个塑料片
屏幕音效：还可以吧，具体不是发烧友，也就听个响
拍照效果：很清晰，拍照我挺喜欢的
运行速度：很快，865速度很不错，玩游戏除了网络不好其他时间没卡过。
待机时间：耗电比较快，可能跟90hz有关系
其他特色：断流断流，网络拉垮，真就莫名其妙就断网，快的时候几秒钟网络就重连了，慢的时候一两小时都有过，主要还是没钱才买了性价比高的小米，没想到网络是真的不行，其他硬件都不错，就个网络是真的不行，我原来用的手机真没这问题。但是钱都花了，资料都在手机里面，退又麻烦，就凑合着用吧。以后就当个游戏机好了，性能还是不错的"
国风雅灰,8GB+256GB,3,昨天拿到手机，用了一天，整体不错，相机拍照没有卡顿闪退现象，音乐播放双扬声器也不错，屏幕也不错，之前我是用的华为nova系列手机，手机壁纸整体付费的很多，但是小米就没有那么多付费的，上一个手机内存小了，这次换了一个比较大的，想买黑色，结果没货，买了灰色，色差没那么大，不错。还有个问题，就是我玩贪吃蛇的时候，想退游戏，退不了就离谱，除了这一个，其他还行。
国风雅灰,8GB+256GB,3,待机时间：待机是真的不行
国风雅灰,8GB+256GB,2,买了十几天降价四百块
国风雅灰,8GB+256GB,3,外形外观：怎么手机膜有气泡？
国风雅灰,8GB+256GB,2,买了一周不到就降价了服了
国风雅灰,8GB+256GB,2,这就是小米10包装盒吗，爱了爱了
国风雅灰,8GB+256GB,3,才买一个月就降这么多 我哭
国风雅灰,8GB+256GB,3,低亮度屏幕像抹布一样
国风雅灰,8GB+256GB,3,刚买就降价100，全是套路啊，
国风雅灰,8GB+256GB,3,刚使用就出现卡顿的情况
国风雅灰,8GB+256GB,3,外形外观：实物与图片颜色有色差
国风雅灰,8GB+256GB,3,有时候会出现卡屏的现象
国风雅灰,8GB+256GB,3,同样的手机京东价格高200还啥都没送
国风雅灰,8GB+256GB,3,为什么我玩游戏有点卡卡的？
国风雅灰,8GB+256GB,2,一月不到降五百。。。
国风雅灰,8GB+256GB,3,什么东西都不送
国风雅灰,8GB+256GB,3,可惜了 刚买完就降价 我吐了
国风雅灰,8GB+256GB,2,我要的灰色送成蓝色
国风雅灰,8GB+256GB,3,收到没几天就降价
国风雅灰,8GB+256GB,3,手机还行，但客服完全不行京东快递也不行
国风雅灰,8GB+256GB,3,真的重，信号没有想象的那么好
国风雅灰,8GB+256GB,3,说实话一般般吧，不会再用小米了
国风雅灰,8GB+256GB,3,后壳有点小瑕疵，不太爽
国风雅灰,8GB+256GB,3,待机时间：待机时间一般，容易发热
国风雅灰,8GB+256GB,3,屏幕边缘发绿，国产屏幕不太行
国风雅灰,8GB+256GB,3,不到一个月便宜了500 啊啊
国风雅灰,8GB+256GB,3,发热 还不如小米9的散热
国风雅灰,8GB+256GB,2,手机买来用了几天，电池不怎么耐用
国风雅灰,8GB+256GB,2,华星屏辣眼睛，手机耗电贼快
国风雅灰,8GB+256GB,3,手机好，说的保护壳没有，耳机也没有
国风雅灰,8GB+256GB,2,手机还行  就是颜色发错了  ???
国风雅灰,8GB+256GB,3,两个月就死机了
国风雅灰,8GB+256GB,2,下单10天后才收到货，等的花都谢了，一次不愉快的网购。
国风雅灰,8GB+256GB,3,前摄像头未对准孔位，有点偏位
国风雅灰,8GB+256GB,3,手机时不时会卡顿还不如我以前的OPPO
国风雅灰,8GB+256GB,3,"屏幕音效：屏幕不是很好
拍照效果：拍照拍近处会模糊"
国风雅灰,8GB+256GB,3,相质不太像一亿像素拍出来的  其他都还好
国风雅灰,8GB+256GB,3,其他都好，就是屏幕有时候失灵，误触
国风雅灰,8GB+256GB,3,买了没一个月居然有断触现象出现，牛皮了。
国风雅灰,8GB+256GB,3,从小米9换过来，屏幕质量确实比小米9要差
国风雅灰,8GB+256GB,2,刚买来，就发现有卡屏，好几次
国风雅灰,8GB+256GB,2,买的时候还是3599，一过保价期就降价成3299了，才买下10天！！！
国风雅灰,8GB+256GB,3,手机保值是7天，买了十天就落价了，有点失落感。
国风雅灰,8GB+256GB,3,屏幕音效：买到了国产华星屏幕 上下发红。。。
国风雅灰,8GB+256GB,3,"不是有送的东西吗  东西呢就一个手机  ？
搞笑吧"
国风雅灰,8GB+256GB,2,外形外观：开封后表面贴膜就有划痕，不像是原厂手机
国风雅灰,8GB+256GB,2,屏幕上的膜都有泡，没有耳机赠品也没有发回来
国风雅灰,8GB+256GB,3,屏幕出厂膜撕开来有划痕，这就说不清了
国风雅灰,8GB+256GB,3,屏幕有时候不怎么灵敏，偶尔出现卡顿
国风雅灰,8GB+256GB,3,就这吧。手机到手了。说好的赠品腾讯视频一个月。没有
国风雅灰,8GB+256GB,3,电池不耐用，好像被用过一段时间似的。。
国风雅灰,8GB+256GB,2,256G版本居然是国产屏幕！！！
国风雅灰,8GB+256GB,2,买了不到一个月，降价了&hellip;&hellip;嗯，我能怎么办
国风雅灰,8GB+256GB,2,数据断网 别的没毛病
国风雅灰,8GB+256GB,3,前置摄像头歪了，找客服说是正常的，凑合用吧
国风雅灰,8GB+256GB,3,更新系统之后bug有点多
国风雅灰,8GB+256GB,3,这是啥情况？正常吗？
国风雅灰,8GB+256GB,3,拆开屏幕上有胶，并且屏幕是国产的，不是三星的
国风雅灰,8GB+256GB,3,膜没贴好，边上有气泡
国风雅灰,8GB+256GB,2,不是三星屏
国风雅灰,8GB+256GB,3,用电有点快
国风雅灰,8GB+256GB,2,电量不太够
国风雅灰,8GB+256GB,2,网络好差！！！！！
国风雅灰,8GB+256GB,3,电池不耐用
国风雅灰,8GB+256GB,2,有广告
国风雅灰,8GB+256GB,3,一般，
国风雅灰,8GB+256GB,3,感觉是翻新机
国风雅灰,8GB+256GB,2,扫码都扫不了！
国风雅灰,8GB+256GB,3,喇叭有电流声
国风雅灰,8GB+256GB,3,网络不稳定，SIM卡插有掉漆，以退货，换了小米11。
国风雅灰,8GB+256GB,3,装卡的卡槽上面漆面被用过一样，感觉不好。
国风雅灰,8GB+256GB,2,我不懂是我中奖了还是什么，它的屏幕上半部分有点微微偏黄现象
国风雅灰,8GB+256GB,3,总体还好，但是指纹识别做的较差，体验不好。
国风雅灰,8GB+256GB,2,充电和玩游戏容易发烫，还有手机摇一摇里面会有声音？
国风雅灰,8GB+256GB,2,手机问题太多了，经常出现一些问题，有一些功能用不了
国风雅灰,8GB+256GB,2,才用了一个月充电头就有滋滋的电流声，知道这样没去小米官网买后悔了
国风雅灰,8GB+256GB,3,用了一天没有预想的要好，感觉打游戏屏幕效果不是太好
国风雅灰,8GB+256GB,3,手机还可以，不是手机坏了真不想换，**的被**反撸了
国风雅灰,8GB+256GB,3,14号到的手机，27号给售后发走，等待售后检查结果是什么，看是换货还是维修。
国风雅灰,8GB+256GB,3,前置摄像头不可以用，有点倒霉，但其他方面都很棒。
国风雅灰,8GB+256GB,2,冬天最适合用的，暖宝宝，温度确实高，拍照很一般！速度挺快！
国风雅灰,8GB+256GB,3,还行，可惜不是USB3.0的接口，传输文件速度慢
国风雅灰,8GB+256GB,3,手机偶尔会有卡顿和黑屏现象，刚买一星期左右就降价了，售后没有价保方面，慎入吧
国风雅灰,8GB+256GB,2,手机质量还好，就是不小心看见降价有点糟心～购机15天降300多少有点不地道了。
国风雅灰,8GB+256GB,2,经常会出现断流情况，不知道是咋回事，经常打着打着游戏460了烦
国风雅灰,8GB+256GB,3,续航拉垮，断流，发烫，拍照有点吹，系统优势不明显。
国风雅灰,8GB+256GB,3,拍照效果不太行，充电有一点慢，屏幕的上边缘不受控制
国风雅灰,8GB+256GB,2,接触严重不良，而且有时候屏幕把十根手指都试一遍都滑不动，郁闷
国风雅灰,8GB+256GB,3,"屏幕音效：暗光显示奇奇怪怪
其他特色：查不到激活信息，这是什么情况？"
国风雅灰,8GB+256GB,2,手机是不错，但是双11的没货是真的服了，严重影响我的体验，拍了货7天才发货，但是物流挺快，就是客服像个机器人啥都解决不了
国风雅灰,8GB+256GB,3,手机一般，旧机上面的东西克隆到新机上慢得很，颜色也一般，不是想象中的那个色调
国风雅灰,8GB+256GB,3,没用半个月，耳机插着没反应，打游戏还老是卡屏退不出来 ，emmm
国风雅灰,8GB+256GB,3,用起来比较容易发热，烫手，之后就没有其他特别重要的缺点了。
国风雅灰,8GB+256GB,3,小米10不是没有磨砂的后盖吗？  为什么我是的？？ 客服没给答案  图一是我朋友的  图二是我的
国风雅灰,8GB+256GB,3,一般般啦！，。。。？
国风雅灰,8GB+256GB,3,运行速度：所谓的5G手机并没有感觉很好用，有时候运行速度还不如华为mate20。没办法，从小米1用到8，虽然小米9没买用的华为，发布了10还是买了。
国风雅灰,8GB+256GB,3,说实话到手感觉一般，音效不错，就是一亿像素吹的太假了，笑笑就好
国风雅灰,8GB+256GB,3,外形外观：小米做工开倒车吗？右屏幕和外框之间的缝隙偏大能看见胶，希望屏幕不会进灰吧！翻看以前的小米4s都没这现象。希望能用久一点。劝要买的朋友直接去实体店看真机。赞无发现其他问题
国风雅灰,8GB+256GB,2,怎么说了，第一用小米手机，体验挺差，新手机才用10来天就卡顿了？
国风雅灰,8GB+256GB,3,用了这多么天手机还好，就是不知道为什么昨天刚洗完澡手机晃一下摄像头那边会响
国风雅灰,8GB+256GB,3,续航不行啊，4750的电池不应该啊！一天要两充！网络也比不上华为！
国风雅灰,8GB+256GB,3,久仰大名，用了两天感觉一般般，玩个京东游戏不仅卡而且还总是闪退&hellip;&hellip;
国风雅灰,8GB+256GB,3,屏幕音效：对称双扬声音效还是很不错的，但是屏幕略微发绿发黄，息屏显示时屏幕会闪烁，其他的没什么毛病，已退
国风雅灰,8GB+256GB,3,缝隙还是有的，拍照对焦后周边是模糊的，系统方面有些动画显得啰嗦拖沓
国风雅灰,8GB+256GB,3,左下角有磕碰痕迹，买过来就带套了，没注意，今天取下来一看就有
国风雅灰,8GB+256GB,3,都还行，还送了手机壳，就是感觉手机有点色差，希望小米以后在颜色方面设计得高级点
国风雅灰,8GB+256GB,3,首先强烈建议不要依旧换新，来收旧手机的都不是京东的人，并且态度不好。本来报价210，他一检测硬是说你这不好那不好，降下来80元。谴责京东找的什么鸟合作
国风雅灰,8GB+256GB,2,经常断网，续航一般般，不是特别满意，还有买手机耍猴，等了一个星期
国风雅灰,8GB+256GB,2,屏好差劲呀！没有贴屏两天屏就花了，之前买华为的手机没有贴屏用了三年屏还是好好的
国风雅灰,8GB+256GB,2,刚拿到手，下了一些软件，然后没一会QQ就突然闪退了，怎么会这样，难倒我买的是残次品？？？
国风雅灰,8GB+256GB,3,那么多好评怎么来的？感觉一般，冲像素买的，觉得像素也就那样。触屏也没有那么好用！
国风雅灰,8GB+256GB,3,"耗电速度不是一般的快，有时反应迟钝，整体来说一般，没有达到预期的效果。
待机时间：耗电快"
国风雅灰,8GB+256GB,2,"外形外观：外观尚可
屏幕音效：山载机音效
拍照效果：拍照无层次
运行速度：良好
待机时间：一般
其他特色：做工较差"
国风雅灰,8GB+256GB,2,其他特色：MIUI12的BUG实在是太多了，希望可以好好改进。其他方面还不错，小米祖传充电宝。还有高通芯片信号确实打不过海思麒麟。相机模块优秀。
国风雅灰,8GB+256GB,3,手机好是好，但是手机原装膜很垃圾，屏幕边缘有很多气泡，指纹解锁也比较慢，总体来说一般
国风雅灰,8GB+256GB,3,手机打游戏不流畅断促很严重是屏幕不好划还是什么不知道，耗电还是很稳定可能是新手机用一段时间再看看，总体来说还行
国风雅灰,8GB+256GB,2,外观还可以，屏幕有时候触控不灵，新手机竟然还有卡顿，广告也多，也就买的便宜，要是原价可就亏大了。
国风雅灰,8GB+256GB,3,屏幕上端三分之一竟然发绿，整天显示不均匀，偏绿。其余感觉蛮好的。退了。
国风雅灰,8GB+256GB,3,大家有没有这个问题？我这个，有一个卡总是不识别，需重启后才有信号，过一阵又不识别，基本上每天都要重启一次
国风雅灰,8GB+256GB,3,一个月之前就有点卡了  心痛 现在越来越频繁了 我的红米note8都不卡 这竟然卡
国风雅灰,8GB+256GB,2,手机性能啥的，没的说。屏幕不好，没有早期的清晰。原装膜差的很，才用两天就起皱起泡
国风雅灰,8GB+256GB,2,真没有想象的那么好，呼吸灯都没有，充电显示灯也没有，触摸的时候也不顺手，不如我的小米6呢
国风雅灰,8GB+256GB,3,先前用的是米8，感觉还可以，上手米10体验很差，曲面做工对应的触感灵敏度不好，我拉视频已经碰到好几次了，点屏幕4，5下才拉过去
国风雅灰,8GB+256GB,3,外形外观：颜色感觉不太对劲，国风雅灰咋是这个颜色，，有点发绿的感觉，外包装还沾个苍蝇。。在包装袋里面被真空了，
国风雅灰,8GB+256GB,3,该死好没用的一些软件总是在使用的时候出现  要我安装    有些甚至在不知不觉中偷偷给装上了   我的老手机可不会这样     这到底是手机质量问题还是什么原因
国风雅灰,8GB+256GB,2,"屏幕音效：很棒，这些年用的安卓手机小米10算是最出色的
拍照效果：超出想象，
运行速度：很快，反应骁龙865加持
待机时间：太差了。4780的电池用出了小米9那种3300毫安时的尿崩续航。"
国风雅灰,8GB+256GB,3,11月1号拍，等到11月11号才收到，也是醉了。手机略沉，屏幕较大，待机一般。总体上运行速度可以的。
国风雅灰,8GB+256GB,3,总体还不错吧，但是耗电快，右侧曲面屏边缘与侧面边缘之间缝隙太大，去过实体店比较，实体店基本看不到缝隙，只是懒得退换货了
国风雅灰,8GB+256GB,3,不满意，电池耗电比较快，买完就降价了，现在还互了个10s，还更便宜、配置更高，早知道不买小米，用过5、8、Mix3的用户，下次还是选红米或者apple了
国风雅灰,8GB+256GB,2,"外形外观：很漂亮
屏幕音效：音效超级棒，特别是吃鸡
拍照效果：??????
运行速度：??????
待机时间：??????
其他特色：感觉手机膜有点小瑕疵，卡口有点瑕疵"
国风雅灰,8GB+256GB,3,手机颜值不错但是有点重，而且感觉4000多毫安的电池还比我用了两三年的OPPOr9s掉电快，那手机才3000多毫安，切换页面时有停顿希望改进
国风雅灰,8GB+256GB,3,"其他特色：用了半个多月，喇叭坏了，吱吱响，上次买了个电脑也是有毛病，信任呢，哎。
拍照效果：不理想
屏幕音效：没有质量问题的话，是不错的，但是我的喇叭坏了"
国风雅灰,8GB+256GB,3,说实话这手机各方面都还可以，就是手感太重了，得意看了下差不多配置的v o重量在170到180左右，这个是200+
国风雅灰,8GB+256GB,3,体验不好，刚用了几天就发现了几个毛病。第一壁纸偶尔出不来，模糊。第二手电自动打开，第三自动跳**我下载米家，以前都是用一千多的红米也没这么多问题。
国风雅灰,8GB+256GB,3,"拍照效果：照 太差了，都是噪点，还一亿像素笑死人了。就是信号好行，
待机时间：一般般
运行速度：还可以，玩个游戏就算了，带不动，小米手机的通病，就是习惯了这个系统没办法。"
国风雅灰,8GB+256GB,2,屏幕会自己控制，经常出现屏幕颤抖情况，麻烦看一下我的问题反馈记录，十周年就等来个这？请售后速与我联系，在不影响使用的情况下修复这个问题
国风雅灰,8GB+256GB,3,"都还可以，就是买来才10天，听筒就坏了，打电话必须开免提要不然什么都听不到，现在退货(希望换的是一个新的，不要是别人退的货，修好了然后给我)
还有买来的时候包装有两道刮痕
还真是麻烦，又要用几天老手机了"
国风雅灰,8GB+256GB,3,手机还是很让我满意的，但是为什么这个包装盒，被人用过一样的，一大堆划痕，让我没有一手的使用感觉，很烦。
国风雅灰,8GB+256GB,2,"外形外观：外观还可以
屏幕音效：音效很棒
拍照效果：拍照还可以吧，挺清晰的，当然和Pro还是有一定差距的
运行速度：运行唯一不满的就是发照片会卡一下
待机时间：不是很耐用，发货太慢了"
国风雅灰,8GB+256GB,2,待机时间：一晚上飞行模式掉了13的电，个人体验不到广告宣传的数据，耗电快，整个手机感觉没什么，就是还勉强可以，下次我不会再买了
国风雅灰,8GB+256GB,3,第一次入手小米手机，总体感觉一般。手机重量比较重，比较担心手机卡顿问题，入手两个月，就出现了四五次(不同软件)莫名APP卡死的问题?
国风雅灰,8GB+256GB,3,外包装破损好在手机没事，这块华星屏素质确实不咋地，一开机就觉得屏幕整体偏黄偏绿，不通透，黑底时还透点绿光。草率了应该买11
国风雅灰,8GB+256GB,3,为什么新手机开机，还没有安装其它软件 ，没插卡，运行内存就只剩下3.7GB了，有跟我一样的情况吗，是不是我手机有问题
国风雅灰,8GB+256GB,3,"拍照效果：十分白扯，还是买苹果吧
外形外观：还不错
屏幕音效：屏幕白扯旗舰机触摸不灵！
运行速度：凑合，有卡顿，优化还不够
待机时间：呵呵，自行领悟
其他特色：玩游戏还是别买这了！优化太差了"
国风雅灰,8GB+256GB,3,其他都挺好，就是亮度自动调节不好用，几乎直接黑屏，不管光线强弱。比较让人崩溃，这个自动调节，连荣耀8 都不如。
国风雅灰,8GB+256GB,3,"拍照效果：拍月亮很模糊
运行速度：865目前安卓最快处理器
待机时间：随便玩两个小时就要充，不玩可以放两天，但是哪个人买手机不玩，中度玩一天两充以上！"
国风雅灰,8GB+256GB,3,"一般般吧，指纹解锁不是特别灵敏，然后不可以贴钢化膜，会影响指纹解锁又怕摔碎屏，充电有时候接触不良。还有点卡顿操作。包装送过来的时候，还有点挤压了
运行速度：一般"
国风雅灰,8GB+256GB,2,"外形外观：满意
屏幕音效：屏幕忽明忽暗，体验极差
拍照效果：一般般，要求不高
运行速度：还可以
待机时间：发热，待机不理想
其他特色：发热，充电更热，屏幕用着突然就变暗，这几点是目前发现的问题。"
国风雅灰,8GB+256GB,3,手机总体来说还好，就是有时候指纹解锁不灵敏，最大的槽点在断流，玩游戏经常延迟460ms，再一个就是自动亮度，尤其在晚上，经常过暗或过亮，体验并不好。
国风雅灰,8GB+256GB,3,"外形外观：手感不好
屏幕音效：屏幕比我的华为差外放音响好
拍照效果：一般
运行速度：快
待机时间：一般
其他特色：屏幕看久了眼睛受不了，不知道是不是用久了2k屏，系统没有华为的好，第一只5g手机勉强用两年在换吧"
国风雅灰,8GB+256GB,3,第一次用小米手机，之前用苹果和华为。手机发热问题明显，重量偏重。同时，拍照和操作系统相比华为而言也没有明显优势，流畅度一般，没有屏幕识字功能，1亿像素华而不实。
国风雅灰,8GB+256GB,2,物流很快，一天就到了，但是，手机晃动会有异响，而且手机膜周围也有气泡，第一次入手小米手机，给人的感觉不是很好
国风雅灰,8GB+256GB,3,拿到后包装盒破了个洞，拆开了的第一印象像是别人换过的，手机盒里有脏印，膜一堆气泡不合缝，还有灰，体验了两天没啥毛病也就不打算换了，旧的坏了耽误事，有点不爽。。。
国风雅灰,8GB+256GB,3,网络连接不好，比我原来用的华wei mate断网次数多，经常接打电话次数多的人建议不要买。适合打游戏，接打电话少的人。信号接受不好，真耽误事。
国风雅灰,8GB+256GB,3,"屏幕音效：屏幕整体显示效果可以，但顶部边缘有点发红
拍照效果：平时就扫码
运行速度：应用之间切换和底部上滑回桌面总感觉不是很顺畅不知道是不是没优化好
其他特色：吐槽一下出厂膜 两台手机拿出来都有气泡，原厂膜就不能贴好点吗？第一印象真的很不好。还有一个就是手机水平上下摇晃有异响。"
国风雅灰,8GB+256GB,3,"屏幕音效：我这部自带膜不对孔就算了屏幕显示也有问题
外形外观：国风好看 但是我的音量键+反馈很弱品控有些不足 没有我上一部米10那么优秀"
国风雅灰,8GB+256GB,3,只能说是一分钱一分货，当时刚出来的时候卖的贵，但人家是三星屏啊。现在双11了，买的便宜，也都是国产屏了。屏幕四边会有色差的，比如上下边泛红，左右边泛绿，不影响使用。如果追求高的有强迫症的千万别买。米10国产屏都这样，和我一起买的朋友找官方换了2次都这样。谨慎吧。
国风雅灰,8GB+256GB,3,"屏幕音效：华星屏，上下正面看发红，对我这个强迫症患者来说，严重影响使用。难受
 
拍照效果：拍照也不大行，果然三星的摄像头就是不如索尼好，还是mi8拍照舒服。虽然解析力强，但成像慢的一笔，习惯秒出片，在用这个，越用越难受。。。。。

没有长焦也是缺点，唉，加点上10pro多好。。。。。。"
国风雅灰,8GB+256GB,2,耗电有点儿快，没想象中的那么好，更重要的是竟然没有耳机，这是啥情况。不都是应该标配耳机吗？也怪自己买的时候没看！哎就这样吧！第一次用小米体验有点不太好
国风雅灰,8GB+256GB,3,"外形外观：我说国风雅灰的好看，我看一般般吧
屏幕音效：双扬声器听歌是真不错
拍照效果：拍照一般般，没有我的p30 pro好
运行速度：刚买的手机，8g运行内存，现在只剩了3G不到
待机时间：待机时间不太好吧，感觉4800毫安的电池还没有，我3700毫安的荣耀二零好
其他特色：最后一个比较严重的问题就是京东商城买的小米手机和小米商城对不上号，线下也不支持免费贴膜，保修也不灰小米官网！"
国风雅灰,8GB+256GB,3,在vivo x60 pro、OPPO Reno5 Pro+还有这款手机间纠结了有一段时间，照相素质手机颜值手感均秒杀小米10，但还是买了这个小米手机，因为相信电池大待机能一天还有MIUI。然鹅买回来以后发现正常工作打电话撑不住一白天，origin os系统也很受好评，有点后悔没买x60pro，毕竟中年男只关心待机信号和摄像
国风雅灰,8GB+256GB,2,用了两天了，手机音效可以，屏幕没他们说起来那么差，但那个面屏解锁是真的菜鸡，要手机正面对脸才能解锁，歪一点都不行，还有晚上直接没法用&hellip;！卡顿情况比较少还可以接受！
国风雅灰,8GB+256GB,3,"外形外观：挺好看
屏幕音效：双扬声器挺好
拍照效果：还行吧 但是出现了有兄弟说的拍文档不太清楚的情况
运行速度：速度可以，但是别的啥都行，别打王者，会断流，运气不好一局可能断一次，但是幸亏我已经不打了，除了打游戏断流其他都不卡，不知道怎么回事是系统的问题还是手机的问题，但是瑕不掩瑜吧
待机时间：还行 一天一充"
国风雅灰,8GB+256GB,2,"外形外观：颜值不错，最初就是冲着颜值去的
运行速度：钉钉日常卡死，一天卡几次
其他特色：

冬日贴心暖手宝：发热程度自行体会

高糊一亿：都是吹出来的，夜间拍照效果不错，白天很一般

信号:比某为差

都0202年了，手机怎么还能有这么多小毛病呢？"
国风雅灰,8GB+256GB,2,"我才刚买两周就出现这情况，无语。客服也就净说没用的
外形外观挺好看

:第一次用双扬声器挺好,就是外放最大声音有点小，用耳机最小声音有点大

拍照效果:真没看出来一亿像素的优点在哪，真就那么回事,建议系统更新出个教程啥的,不然白瞎硬件了

运行速度:过度动画不错，但是下了些游戏后感觉速度有点慢了

待机时间:电池再大架不住系统优化不行啊，希望改进。"
国风雅灰,8GB+256GB,3,"外形外观：灰色是真的好看，曲屏也很棒，唯一担心的是碎屏维修费贵&hellip;
拍照效果：还可以&hellip;如图
待机时间：比苹果棒太多

屏幕音效：音质音效都很不错
遇到屏幕显色问题，退回厂家，但是鉴定没问题原路返回了！！！但是手机确实显色有问题，同样的图片，我老公的米10显色和我这是两张图，同样的设置参数，同样的型号，没有对比没有伤害！！！他的小米商城买的！下次换小米，我绝对上上城买！！还一个问题，原路返回的手机，经过维修，手机膜被撕了，屏幕还有轻微刮花！这是最让人心烦的，维修之前明确说过是换新机才寄回去，结果是拿回去检测，最后还是原路返回！！售后工作也是令人堪忧！！"
国风雅灰,8GB+256GB,3,第一次用小米的手机，感觉机子一般般，首先机子太重了，手感不是很好，二是，手机信号不好，跟华为相比差的远，室内的话，信号没有满格，我另外华为P20手机就没有这个现象，手机拍照功能确实不错，但手机本身是用来通讯的，本质上做得不够纯粹，所以感觉不太好！
国风雅灰,8GB+256GB,2,昨晚首次出现了断触的情况，屏幕怎么滑都返回不了，也不能结束进程，最后只能重启，没想到才用了几周就出现这种情况，关键是在用QQ时发生这种情况，用个QQ不至于卡死机吧，果然性价比还是要付出代价的
国风雅灰,8GB+256GB,3,"运行速度：8g运行内存也不小了吧，开五六个应用切换时就能明显感受到卡顿，用了半个多月了，卡死几次，打游戏出去回个消息就没有
拍照效果：照之后查看要加载几秒，确定是骁龙865的处理器 ？微距对焦不是很好
待机时间：一般般
外形外观：挺好看的，第一次用曲面屏，视觉效果很棒
屏幕音效：音质也很好
有点失望，毛病太多了，一样后续系统更新会好一点"
国风雅灰,8GB+256GB,3,"外形外观：很漂亮，对比我的7pro还有点瑕疵
屏幕音效：屏幕这点的话还可以因为1080p的屏幕所以细腻度不是很好，对于90hz的使用做的不是很好，感觉不明显，音效真的很让我惊喜很不错
拍照效果：这个的话肯定不如华为了，但是还可以就是这个夜景拍摄有点差意思啊
运行速度：可能是系统问题出现了几次卡动
待机时间：这个还行，不能要求太高一天中度使用吧
其他特色：超级壁纸真的很不错大爱，还有就是说一下送的手机壳太垃圾了，和手机匹配不好，总感觉有一点点对不上，手机带壳拿着有点晃动"
国风雅灰,8GB+256GB,3,反应能力还可以，玩游戏不卡了耗电有点多，其他还好，就是有时候网络很卡很卡，明明是显示5G网络速度。扫码***卡半天，时不时断流，会打不了电话，显示电话为注册什么ve的，这是最让我受不了的，在外面急着要买东西，用手机，结果给我w
国风雅灰,8GB+256GB,3,"手机刚开机56的电量，更新软件也没有发烫的感觉
就是信号不怎么好，同一个地方同一个我用华为比小米网好
手机一晚上耗电五个，一次充满用了14个小时，电量还剩余15，没有打游戏，正常使用
也没有大家说的卡机，也没有逢
一亿像素感觉还没原来手机好"
国风雅灰,8GB+256GB,3,"外形外观：主流形象，没什么毛病，边框后盖衔接处的做工个人感觉比我的pro要好很多，圆润饱满手感舒适。国风雅灰有类肤磨砂手感，视觉效果随着环境光线而改变（浅色or深色）。
屏幕音效：我这台到手就发现上滑返回不灵敏，左右处上滑又比中间上滑好一点，开工程模式测试屏幕又没问题，再用几天看，实在不行就退货。
拍照效果：如图，四摄里有两颗是针眼型凑数摄像头，简直辣眼睛，比pro还缺了激光对焦和后壳环境光感，躺到床上看手机黑乎乎。
运行速度：还是刚才提过的，上滑返回不灵。"
国风雅灰,8GB+256GB,2,"外形外观：一般般吧，感叹号的背面并不算好看
屏幕音效：吹爆双扬，直接就是个音乐手机
拍照效果：主摄底大所以拍照四周有点虚化，而且小米算法一言难尽
运行速度：还行，但是MIUI12各种小bug及其影响体验，而且杀后台严重
待机时间：得益于大电池续航还可以，充电也快，但是还是MIUI12的问题，续航对于这块大电池来说并不算好
其他特色：这个线性马达由于系统原因震感非常弱，就算是震动调到最大还是感觉不到手机的震动，所以为了线性马达买的朋友，买之前还请三思。"
国风雅灰,8GB+256GB,3,把玩半天，外放确实不错，打游戏挺爽，这个配色也是绝了，米10最好看不为过，ui还行吧！没有很仔细体验，就是广告特别多，各种隐藏开关，斗智斗勇，国产屏上下两边偏红，然后晚上就出现了自动亮屏？啥情况？我的操作方式不对？更新完12后恢复出厂设置了啊？还是系统bug？这品控堪忧啊！
国风雅灰,8GB+256GB,3,"用了几天，还行吧。
自带的膜第二天边就开了。
外放不错。
手机有时候会忽明忽暗，而且亮度条不变，不是调节亮度那样慢慢变暗变亮。自动亮度也不太好，同样的位置同样的外部光照玩手机时亮度也会自动调节。
电池的话一天冲两次电。
没有送热力橙保护套，我这手机是调货，如果我收货地址是调货那个地方的话就有保护套，我家的地址保护套就没货，既然手机可以调货为啥送的保护套不能调呢。
K30s买不到，11贵一点，等不了K40，就买了这个了。"
国风雅灰,8GB+256GB,3,"外形外观：外形外观：还可以，雅灰其实看着跟偏蓝差不多 ，曲面屏手感还可
屏幕音效：特色，音质和音效相当不错，像小型家庭环绕音响，屏幕不行，到底还是国产，最大的瑕疵就是屏幕了，夜光屏或者亮度低了，都会出现残影和模糊，色域也会出现严重偏差
拍照效果：感觉一般
运行速度：865，其实已经性能过剩了
待机时间：一般
其他特色：总体一般普普通通，对mi10有兴趣的，不妨试试10pro，声音绝对是亮点，国产屏幕现在还不行，建议考虑10pro或者一加8"
国风雅灰,8GB+256GB,2,手机使用起来一般，影音方面还可以。待机可以。但小米的系统第一次接触，总体感觉比较花哨，比较适合小年轻。最失败的一点就是小米系统自带广告，在手机管家里居然老有推荐广告，作为一款4000元的手机着实不应该。用了几天感觉屏幕木，滑动起来涩涩的。有点不舒服。
国风雅灰,8GB+256GB,3,"外形外观：外观好看，后盖的颜色很好看，但是沾指纹严重
屏幕音效：声音只能说大吧，音质谈不上很好
拍照效果：没有感受到1亿像素带来的专业感，拍照还是略输华为
运行速度：运行速度还行，可以选择开90hz或者60hz，后者更省电，因为小米手机电池是真的真的不行
待机时间：待机时间不行，晚上睡觉前开了超级省电模式，早上少了15%，如果不开超级省电，一晚上耗电35%。电池是短板
其他特色：小爱同学不灵敏，按客服的指示，升级了系统和小爱同学的版本，小爱同学还是不太灵敏，要很大声音才能唤出，然后开了连续对话，但是会闪退，一直没找到什么原因
重点批评快递，因为以为下班前能送到公司，地址填的公司，但是晚上九点多送达，我早已经下班回家了，联系快递改下地址，不能改，不送货上门是其一，未经同意私自放快递柜，我晚上10点多走了20分钟的路才去拿到是其二，态度不好是其三"
国风雅灰,8GB+256GB,3,"加了钢化膜后，指纹解锁就不灵了，怎么试都打不开；
拍照感觉也没有什么特别的；
曲面屏使得钢化膜都不稳定，感觉会掉，（这是自己选择的问题，不是手机的）；
信号可以，以前连不上的网，这个手机能连上；
王者荣耀我要求不高，能玩就行，其他的什么高帧率我不是很懂；
听歌一般，两个喇叭也没有感觉声音比以前的手机大；
呃，其他的想不到了。。。。。。"
国风雅灰,8GB+256GB,3,"就这样吧，反正不太看好小米，如果不是华为太贵了，我也不会选择小米的，还有就是网络不好，玩游戏经常掉帧卡顿，早上闹钟是一个特色，还有就是别人打电话的时候声音有点小了，有时候上班太吵了，根本就听不到
拍照效果：像素一般，还没有我华为p20
那么清楚
屏幕音效：还可以
外形外观：不错的选择
运行速度：说快也不快"
国风雅灰,8GB+256GB,2,屏幕不是三星屏，软件有时闪退，手机老是莫名其妙重启，感觉一亿像素有水分，也可能是我拍照技术不行。近4000块钱的手机啊，不想说了，难怪有这么多人舔苹果，上一个手机苹果6s用了四年多换的，出的问题还没有几个月的多。
国风雅灰,8GB+256GB,2,怎么说呢，我第一部手机就是红米note，当时感觉挺好的，就是电池不太好，百分之三四十就关机，我以为会改进，不能说一点没有改进，确实是改进了，但是电池还是不行，不耐用，刚刚一个月，晚上待机就下了十格电，有点失望，而且经常有点卡顿，每天都会卡一次吧，不知道哪里的问题，像素挺满意的，还可以，手机就是有点厚，没有想要的那种感觉，使用了一个月，才来的评价，只能说，与期待的不一样。
国风雅灰,8GB+256GB,3,"说真的，10月31号下单，10月8号，昨天晚上收到的。一直都是用苹果手机。五六年没有用过安卓了。凭良心说，
1.配置还算不错。8+256.
2.运行算是流畅吧。
3.暂时没有发现卡顿。
4.屏幕还不错，亮度高，高清，（但是不知道是哪个**发明的曲面屏，真恶心，）从眼光的角度看着像是全面屏，其实。就是昧着良心忽悠自己。
5.大型游戏还没有玩，还没有测试过。
6.发热就是发热。（早上开车10多分钟，用了一下导航。就开始热了）五六年前一直用三星的手机，我是知道稍微玩点大型的游戏，安卓手机烫的能煎鸡蛋。看来安卓这个毛病很难改变。这也是大问题，让我很担心。
总体来说现在还没有发现大毛病。凭良心而论，如果不是因为苹果手机信号不好，永远不会用安卓。不说品牌，就凭安卓的系统不可能干得过ios. IOS的优化流畅度和发热解决的特别好。用安卓手机总担心手机发热会爆炸。（有空玩一下游戏看看。能热到什么程度？）"
国风雅灰,8GB+256GB,3,"曲面屏手感还可以就是很重，还有就是后面买的全是国产屏，真的很糟心，你支持国产可以为什么要我们买单？
拍照效果：真的很糟心，最大的感受就是一亿像素只能拍屏幕大概三分之二的大小，而且只能二倍变焦，说实话一亿像素调教的还不如人家4800万。其他几个镜头完全是凑数，最高1200万。
断流问题还是存在，偶尔会出现突然断网，信号显示完全没有，然后开关流量开关，或者重启又会有信号。
Sim卡槽我是真的想吐槽，你一个旗舰机还用的塑料卡槽，因为我是自己剪的卡，有点不规则，放的时候真的怕把他弄断了。
续航能力还可以，应为电池量大，但是同时耗电也大，感觉还有优化空间。
手机发热还是一入既往的厉害。今年可能外挂5g功耗比较大吧
手机配色的确不好看，拿的星空灰拿到手就后悔，没拿黑的。
线性马达调教的很可以，算是安卓里面顶尖
这个外放孔得吐槽一下，一般都会把有按键的一面朝上，但是这样你的手指会堵住外放孔，声音立减90。可能外放孔放上面的确不好布线吧，但是还是希望在以后能改进。
系统方面的话，的确有点智障，我定的飞机票想要添加航程还需要手动添加，我在已经给了他各种权限还是这样，魅族的16s就是自动读取，然后在负一界面生成的。"
国风雅灰,8GB+256GB,3,其他特色：太烫手了发热严重
国风雅灰,8GB+256GB,3,电池感觉很不禁用
国风雅灰,8GB+256GB,2,差评一点都不好
国风雅灰,8GB+256GB,3,玩游戏好卡，断网卡顿好严重
国风雅灰,8GB+256GB,2,很伤心才买没多少天降了500(&acute;;︵;`)
国风雅灰,8GB+256GB,3,扬声器音效很差，杂音很多，沙沙的
国风雅灰,8GB+256GB,3,发热太严重了，放在口袋里烫腿啊。
国风雅灰,8GB+256GB,3,屏幕发红，有时卡顿，而且运存特别少
国风雅灰,8GB+256GB,3,颜色给我发错了  跟客服联系叫我找京东客服  我就算了
国风雅灰,8GB+256GB,3,刚买不到十天  10s出来了   无语
国风雅灰,8GB+256GB,3,其他特色：是我小看了二百多克的压手感，是真的太重了
国风雅灰,8GB+256GB,3,发货太慢，外面包装还破了，手机盒有一点点扁
国风雅灰,8GB+256GB,2,玩游戏老是闪退，还有黑屏是什么鬼
国风雅灰,8GB+256GB,2,卡，平时有点卡，打王者很卡??
国风雅灰,8GB+256GB,3,miui12发热严重，扬声器位置放的不好
国风雅灰,8GB+256GB,3,刚买一个月都没有，就降了好几百，也是无语了
国风雅灰,8GB+256GB,3,保护壳卡音量键，开机键，颜色有点失望
国风雅灰,8GB+256GB,3,充电和游戏过程中过热 耗电太快 续航拉胯
国风雅灰,8GB+256GB,2,令人失望的小米10。，
国风雅灰,8GB+256GB,2,这次的小米太垃圾了吧，屏幕经常乱码 失灵
国风雅灰,8GB+256GB,3,差评，快递又慢，手机一般，时不时还断流，赠品一直不发还取消了！
国风雅灰,8GB+256GB,3,"断流是真的严重。打局游戏就会有，还不止一次
其他特色：呸"
国风雅灰,8GB+256GB,3,原装膜是坏的，角落还容易有气泡，膜贴的很不好
国风雅灰,8GB+256GB,3,交定金时说二号到，一直拖了七八天还是没货，客服推脱的理由也是理直气壮，这态度我也是醉了，手机不错，发货速度和客服实在不敢恭维
国风雅灰,8GB+256GB,2,华星光电的屏幕，哎，屏幕上下发红，4000块钱一个三星屏幕都买不了，运气差
国风雅灰,8GB+256GB,3,提示升级12后，续航时间缩短很多。一亿像素没啥感觉。
国风雅灰,8GB+256GB,3,赶在双十一买的，叠加消费券后8+256价格3100多，价格十分给力。小米10有个严重的问题，wifi下经常断流，要买的一定要注意了
国风雅灰,8GB+256GB,3,电池不太耐用。最多能用一天。纯待机的话，估计可以两天
国风雅灰,8GB+256GB,2,其他特色：sim卡经常消失一个，这是什么垃圾信号，再买一个小米10试试，实在不行就上树失败算了
国风雅灰,8GB+256GB,2,手机里面切换到卡一双卡4G那个键就按不动了，切换到卡二就可以，我表示很无奈，客服也解决不了，打算买10的人慎重选择
国风雅灰,8GB+256GB,3,吐了吐了 开始疯狂断流了，这就是四千块的手机吗？下次不会买小米了。
国风雅灰,8GB+256GB,3,手机原厂膜怎么还有气泡啊，没贴好吗，手机发热也有点厉害
国风雅灰,8GB+256GB,2,降了这么多，以后平时(非促销日)必不可能在京东买任何电子产品，补差价这种还要自己手动点击选择，还有申请过期这一套。
国风雅灰,8GB+256GB,2,不要相信京东的发货日期，都是假的，赶著买来送人，比预定时间晚了十天，人都已经离开了，还要再寄过去送人，找客服处理，拖了四五天，其他平台都没货后就叫你退款，财大气粗，做大了就不需要诚信了
国风雅灰,8GB+256GB,2,信号真是差，别人4g我3g，这真是用过最差的一部小米手机了，
国风雅灰,8GB+256GB,2,第一次用小米搞得我很不愉快我用了两天保护膜就开始起边了希望小米注意一下细节，还有我不知道包装盒在运送过程中经历了什么
国风雅灰,8GB+256GB,3,刚买一个月降价400，还没捂热乎呢，简直了，保价只有7天保价，不香了，要转华为用户去了。
国风雅灰,8GB+256GB,2,外形外观：买的国风雅灰，到货是蓝色的，问客服就只会说单反跟手机拍出来的效果不一样，不一样这也差太多了吧
国风雅灰,8GB+256GB,2,说实话有点失望吧 我自己原有的小米八的小米系统比不上新买的小米十 但是新买的小米十系统里面本来该有的新版控制中心和通知中心都没有 还是老版本的控制栏 而且屏幕解锁的速度还不如我的小米八  感受到这些后  最初收到货的喜悦感荡然无存  真的 说实话早知道这功能还不如自己的小米八 我还不如不买 真的是有点失望
国风雅灰,8GB+256GB,3,刚拿到的手机，还没用，电池耗电太快了，跟用过几年的一样
国风雅灰,8GB+256GB,3,拍照不满意，还没有我的旧手机note3清晰，这是最失望的，其它方面中规中矩吧
国风雅灰,8GB+256GB,3,指纹锁屏太慢，别的暂时没有，音响效果真是杠杠的，电量下降的确是很慢
国风雅灰,8GB+256GB,2,产品可以，但是掉价太快了，既然马上就出10s然后旧款降价，为什么不一步到位？给人感觉太差了！如果时间间隔大一点还好，现在一个月不到，差评。
国风雅灰,8GB+256GB,3,京东也不怎么样，越来越差。对用户的反馈信息不当回事，用笨机器人糊弄用户
国风雅灰,8GB+256GB,2,其他特色：用了17天，充电器坏了，充不进电了，这品控太差了，这么多人黑不是没理由的
国风雅灰,8GB+256GB,3,手机外包装破损，对我手机这么暴力干嘛，收到手机，用着没什么问题就退货，一直买小米手机，从小米6到10，盒子我都保存着，这次格子都给我装坏了，很烦
国风雅灰,8GB+256GB,2,有点失望，双十一买的，前天到货，期望越大，失望越大，开机后发现屏幕顶部泛红，懒得换了
国风雅灰,8GB+256GB,2,充电时手机发烫，在不充电的情况下刷了会视频手机非常烫，还没有米9的体验感好
国风雅灰,8GB+256GB,2,待机时间：新手机电池出问题了，半小时掉电百分之八十。品控感人。我的小米6没有被雷总施魔法，新买的小米10被施魔法了。已经申请换货了。后续再看看吧。
国风雅灰,8GB+256GB,3,第一次用小米  用一个多星期感受   信号差  电池很快没有  还不如我台旧华为信号好  失望  后悔
国风雅灰,8GB+256GB,3,把钢化膜贴上，感觉按键点都灵敏，有时候点几下还没有反应，特别两边边缘的键
国风雅灰,8GB+256GB,3,感觉还是不行，充电有点发热，网络信息偶尔会断网，小米手机跟华为比还是差的很远
国风雅灰,8GB+256GB,3,前天刚买，第二天拿到手，就有了一百块的***，客服让我走无理由退货，这第二次的东西总归让我心里不舒服，充电头的缝隙还有里面借口是斜的！先用着看吧！
国风雅灰,8GB+256GB,2,电池容量感觉没有4780，感觉很快就没电了，我以前vivo5000，可以用一天，这个一天得两三充
国风雅灰,8GB+256GB,2,辣鸡，手机发热，不好用，有差价也不给补差价，服务质量太差，小米也是辣鸡，11出了买不到，10买了两天就降价，降价了也不给补差价，手机颜色有色差，
国风雅灰,8GB+256GB,3,为什么我还在恢复数据手机就比我自己的手机还烫了？？？？？我才用了不到十分钟，比我一直在看电视的手机还烫？？？
国风雅灰,8GB+256GB,3,用了接近一个月，续航时间太短了 充满电，什么都不玩，一天就没电了
国风雅灰,8GB+256GB,3,"运行速度：9分
外形外观：9分
屏幕音效：10分
拍照效果：。。。
待机时间：6分

不知道是京东还是小米的问题
淘宝上买的手机壳到了
手机还没发货  每天望壳兴叹
其他特色：手机太**重了 半斤八两  真是实话了"
国风雅灰,8GB+256GB,2,刚买的手机，用了14天。就出现屏幕自己滑动，售后退换货也特别墨迹，大家谨慎，
国风雅灰,8GB+256GB,3,"发热问题还是很严重啊，后盖是不热了  材料不导热啊  金属框就烫的不行
其他特色：发热发热发热发热发热"
国风雅灰,8GB+256GB,3,容易发热，连续打开几个软件，看了办个小时就发热，还没玩游戏呢，机身质感不是特别好
国风雅灰,8GB+256GB,2,显示本地区有货，然后在一号交了尾款，整整十天了才送到，一个地区内送货还要这么久，问客服什么都说不清，没货你卖什么，干嘛显示本地区有货，有货我才买的，买完后等了这么久，才说没货，不催是不是快递永远不动了，垃圾差评
国风雅灰,8GB+256GB,3,送货慢也就算了，包装还这么顺便，几千块的东西连防摔泡沫也不舍得多弄一点，就只能包住一面，导致运过来盒子都挤了，很影响心情啊 啊啊啊啊啊啊啊啊啊啊
国风雅灰,8GB+256GB,3,"小米10玩吃鸡是真的发烫，我的天啊，打完一局下来都不敢放进口袋
外形外观：还行，还有需要改进的地方，摄像头太突出了，很容易会摔坏"
国风雅灰,8GB+256GB,2,晚上到手，第二天手机膜就这样了，感觉差评，影响了手机美观，触摸过后也有凹凸不平的感觉
国风雅灰,8GB+256GB,3,"这手机价格像坐跳楼机一样，刺激！现在3499    我哭了！
屏幕音效：买个手机像抽奖！运气不好国产屏发黄看着不爽。前前后后用了七个小米手机，这将是最后一个。"
国风雅灰,8GB+256GB,2,只有10倍变焦  介绍避重就轻  性价比低  垃圾 你是哪的记得记得大家觉得呢动都不动**叨叨八点半布地奈德
国风雅灰,8GB+256GB,2,新机用了两个多星期，昨晚十二点多毫无预兆卡机然后死机了，经服务站点查询九月二十四日下午使用，过了十五天包换，系统重装，手机里啥都没了，还得更换主板，近四千的手机这质量真的不咋样
国风雅灰,8GB+256GB,2,用了十多天小米10，发热重，特别是充电发热，有时断网，续航差！！！以后不要小米了
国风雅灰,8GB+256GB,3,"外形外观：外形手感很好
屏幕音效：屏幕和音效很赞
拍照效果：一般般吧
运行速度：运行不行，经常卡
待机时间：电池太垃圾了 ，勒色弱鸡"
国风雅灰,8GB+256GB,2,换了三次手机了，实在是不想折腾了，屏幕不发红就发绿，太难受了，现在这个手机屏幕四周边缘发红，华星光电瞎眼屏，难受&hellip;&hellip;
国风雅灰,8GB+256GB,2,据说后期批次没有贴膜了，但是我收到的机子有贴膜。另外新机上面很多灰尘。高度怀疑不是全新机，是前面有人退换货的机子。***早有耳闻，悔不该抱有侥幸心理。机子是好机子，***不一定是好商家。
国风雅灰,8GB+256GB,2,"外形外观：外观我很喜欢
屏幕音效：屏幕挺好的没有他们说的国产屏的辣眼睛等问题。
拍照效果：一般
其他特色：我之所以给差评是因为新手机拆封充电器上就发现血渍。真的好膈应人。29号付的定金居然8号才发货，，，，，，，付了，要是不一机难求我就换机了。"
国风雅灰,8GB+256GB,3,第一次给这么低的分，小米的包装盒竟然没有外包装膜，随随便便就能打开，看到有人说小米品控差，唉无力吐槽，以后不会再考虑小米了应该，至少有问题得换货，这次没在意，没手机用就直接开机了，不然要退换货的。还好外观质量目前没啥问题，希望以后没问题吧。就怕麻烦啊
国风雅灰,8GB+256GB,3,信号不好，屏幕显绿，老米粉了，有点失望，信号还不如原来的note3。但是做工比以前好太多了。
国风雅灰,8GB+256GB,2,买过最差的一款手机了，手机易发热，耗电快一天不玩游戏不经常用都要冲两次电，手机屏幕息屏后一会又自动亮屏反反复复。
国风雅灰,8GB+256GB,2,首先说明一下，这个手机到手里目前是没有任何毛病的，用着感觉也挺好。让人感觉恶心的是，手机到货了，我问小米客服送的那个腾讯VIP怎么领，他告诉我找京东客服，然后就开始踢球了，我就不明白了，你送不起就别送了，整的那个恶心事干啥？
国风雅灰,8GB+256GB,3,双十一买的，一周后才发货。刚收到就发现原膜翘边 有气泡，联系客服重发一块膜，不让，要回收再发货得五到十二天，无语。而且新机有时候也会接触不良，点不开应用。
国风雅灰,8GB+256GB,2,拍照效果：差劲，正常使用几天后相机界面莫名出现十字架，我保证我没有碰到任何按键，怎么都去除不掉，拍出的图片也有两条线，问了好几个资深米粉也解决不了，问客服也说无法解决，小米社区有客服建议恢复出厂设置，也照做了，还是解决不了！！！！第一次用小米产品，还是人人看好的小米10，竟然出现这种问题，好差的体验啊！！
国风雅灰,8GB+256GB,2,刚买来3天，查看IMEI结果显示已经激活9天，刚买才开机48小时，就激活9天了？补手机的保险都补不了，问客服也没人回，真的对京东失望，也严重对这手机的质量产生怀疑
国风雅灰,8GB+256GB,3,哪都没碰，自动关机了，触屏也不是很灵敏，正在申请换货。但是说是还得检测，要是没问题就原物返回！我感觉我的原物返回的可能性大，伤心&pi;_&pi;。而且这来回就得三五天甚至半个月。还有里边盒子的损坏地方和外包装的不一样，很让人怀疑这是别人的退货。等机子回来追评
国风雅灰,8GB+256GB,3,从华为换过来的，实在是馋朋友的miui，真心年轻，不过这bug多的我也是醉了，重启能解决的也就无所谓了，今儿跟媳妇出来，4g+没网速，结账结不了实在是忍不了了，信号居然不如iphone？
国风雅灰,8GB+256GB,2,怎么说呢？用了半天个人感觉，手机是好手机，但问题是，耳机耳机没有，然后就是，信号不是特别强悍，打卡软件的时候可能会掉网，和发送东西可能断网了，还有就是发热特别严重，奉劝大家，谨慎购买
国风雅灰,8GB+256GB,2,"屏幕音效：小米的屏幕真心垃圾，华新屏无疑了，没有对比就没有伤害
外形外观：200多克，真的超级重
和老婆的p40各自拍屏幕对比了一下，被伤到了，闪的厉害，难怪我眼镜老是不舒服"
国风雅灰,8GB+256GB,3,有时候上半部要很重按才有反应，那个左上角返回箭头也是（我可没摔过），也不懂是不是我的膜问题。也没说特别好用，也没说不好用，无功无过吧。
国风雅灰,8GB+256GB,3,"没有惊喜，只有惊讶。Are you OK? Sorry, 别问了，不OK!
SD卡不能插了，这下傻眼了，卡上那么多照片音乐咋办呢。。。。性价比是越来越低，赚钱的套路确实越来越多。
猴布斯，名副其实。"
国风雅灰,8GB+256GB,2,"运行速度：5G，WiFi运行速度明显不行延迟性太长明显手机运行问题
待机时间：4780mAH电池续航明显不够半天都要充一次电，感觉是二手的感觉
拍照效果：像素效果与想象差距较大
其他特色：指纹人脸反应也慢GPS定位效果差距不大"
国风雅灰,8GB+256GB,2,"拍照效果：拍照很一般，文档拍不清楚。夜景拉胯，暗光扫码也很费劲。四个镜头，三个几乎都是摆设，其中200万像素的啥都拍不清楚。
屏幕音效：屏幕国产屏幕，根本不是三星屏，上边发红，底部下面发蓝，两边曲面部分发绿严重。
其他特色：最有小米特色的就是耍猴了，定金交的早，尾款交的早都没用，就是告诉你没货，一直等，祖传耍猴也是小米特色了。"
国风雅灰,8GB+256GB,3,手机不太好   有时候手机会出现卡顿  和朋友一起买了3部都是这种情况  找客服退换  还偏要退回去检查才能给结果  那退回去这一个星期我用什么？  玩游戏时喇叭的位置也不太好 摄像头太长了  玩手机会硌手  想入手的朋友谨慎原则 4000块钱能买不少很不错的别的手机
国风雅灰,8GB+256GB,3,这个电池我是真无语了，刚买回来下几个软件就发热烫的像个暖手宝一样。电池也不耐用，还没有我用了一年的荣耀20省电。啥都没干，看个新闻电量都蹭蹭的掉，而且耳机都不给你送一个，就一个转接头。真是无语了
国风雅灰,8GB+256GB,3,其他特色：用了两天来评论，发热好严重，电池也不经用，本人还是不玩游戏的，就听听歌，看看小说什么的，听歌手机都发烫？好夸张，第一次买小米手机。
国风雅灰,8GB+256GB,2,手机无线充电时候很烫，看视频也有些发烫，不知道是不是正常，我原来的小米9除了电池容量小还真就比这个好，哎可惜丢了也停产了，就买了10，发热问题严重，电器件会加速老化吧？不知道能不能用的住
国风雅灰,8GB+256GB,3,以前一直用的华为mate系列，第一次用小米，感觉翻车啦！手机刚到手意外发现居然电话打不进来，快递小哥，朋友都试了，打电话给小米客服，两个方案，先升级系统试试，不行就得去小米之家检测硬件！最后升级完系统好了！这给我第一印象就不太好，接打电话这是手机最起码的功能都掉链子，这么多年小米品控干嘛吃的！
国风雅灰,8GB+256GB,3,你们的小米10按音量减键跟关机键截屏5到6次之后也会手机自动静音吗?而且音量页面无论点哪都不消失，只能再点音量键才能消除，这正常吗？客服还一直强调我按音量键截图了，不按音量键截图的话怎么单手截图，按音量键截图跟静音根本不相关好吧，我按了截图就送开音量键，根本不会减音
国风雅灰,8GB+256GB,2,耗电太快，从晚上10点到第二天早上8点左右待机一夜百分之7的电没有了。以前的mix2才百分之6。单位发的p40pro最多百分之1的电。而且新手机想着换个铃声打开铃声多多听了不到1小时换铃声费了大概不到25%的电。用p40pro刷了1个小时视频大概用了10%的电。还有就是发现屏幕自动一会亮一会暗。不知道什么原因。反正用着就一个感受，我觉得我的mix2还能再战两年。
国风雅灰,8GB+256GB,2,"外形外观：还行吧，不难看也不好看
屏幕音效：常规水平
拍照效果：非常差！体验特别差，色差严重，动不动就卡顿，色彩管理很差，比两年前的苹果手机还差！视频就更差了！
运行速度：开小程序还好，一开多了就卡顿，内存永远都只剩两三个G
待机时间：电池那么大待机跟苹果差不多也是绝了，其他程序和待机用电的占比高到不可思议，放那不动放一夜需要百分之七到百分之八的电，这样的手机电池再大都没用！
其他特色：游戏永远会弹出来小米游戏的界面！流氓行为简直"
国风雅灰,8GB+256GB,2,待机时间就不说了，大屏本来就费电。但是发烫是什么鬼，充电发烫，下载东西发烫，玩游戏能煎鸡蛋了。真真是醉了。要买的童鞋自己考虑下，要是不怕烫那就无所谓。其他都还行。
国风雅灰,8GB+256GB,2,"屏幕音效：音效还行，屏幕是真的差，华星光电的屏幕，竟然华星光电和三星屏幕混用，屏幕边缘也泛绿。这个屏幕还没有我小米8的屏幕看着舒服。
拍照效果：伪宣传，还一亿像素，就只知道吹参数。变焦也和小米8一样最大才10倍，成像效果也很一般，树叶都拍不清楚
外形外观：太长太重了，不适合单手握持。单手握持久了手酸痛
其他特色：手机壳也不好用，比较滑。还有间歇性的断流镜头布局太丑，容易误触下面的闪光灯和镜头，这应该是最后一次买小米了!"
国风雅灰,8GB+256GB,2,"耗电真离谱  
我同学的k30pro待机45分钟废了百分之1的电
我去电影院看个电影两个半小时废了百分之15
真的离谱，我买的新手机是人家退回去的手机吗？
我这么倒霉？这良品率，我真是服了！
第一次买小米，就这？还冲击高端市场？
3999买的8+256  就这？？？
费电你信号能比屏幕都费电  这恐怕我第一次见  真的无语"
国风雅灰,8GB+256GB,2,"外形外观：国风雅灰，自己被国风两个字吸引了，拿到手以后，没有什么感觉
拍照效果：自己是名男生，对拍照要求不高
运行速度：比较快吧，没有明显卡顿
待机时间：应该是我设置的原因，一晚掉电10%，中度使用24小时没什么问题！

其他特色：断流！息屏显示太傻，装口袋里也显示！跟华为系统有差距！同一wifi下，同一位置，没有苹果8快！自动调整屏幕亮度有点鸡肋，会出现忽明忽暗的情况！买了不到两周，小爱同学无法唤醒两次了，第一次京东客服解决不了，打的电话客服一通设置后，终于可以重新使用了！现在又不行了，咨询小米网上客服没有解决，明天打售后处理

最后感言:小米的系统和华为苹果还是有很大差距，现在核心竞争力还是性价比，可以随着时代变化，可能大家会越来越少看参数，更注重使用感觉！当然我买这台小米10是因为苹果电池不耐用，华为mate40太贵，还是冲着性价比买的！！！！十年前小米的系统比华为好很多，现在小米系统被华为落下一大截！最后，希望小米越来越好！"
国风雅灰,8GB+256GB,3,外形一般吧，屏幕还没有小米8屏幕好，华星光电的屏幕 ，太差了 拍照也没有小米8拍的好，1亿像素，没啥感觉。运行速度不卡吧，待机时间一般，重度使用一天不够。有点后悔了 从小米8到小米10 感觉小米在退步，真正做好一款好产品，无需堆料，要有自己的特色，外形轻薄，屏幕细腻，拍照牛叉，速度飞起，待机最好重度使用一天。后面想入手小米10的，请三思。
国风雅灰,8GB+256GB,3,东西还行，就是小米发货太慢了，
国风雅灰,8GB+256GB,3,其他还可以，游戏有点发热，有点重
国风雅灰,8GB+256GB,2,垃圾东西，同天买的东西，~到了两三天，这个才到
国风雅灰,8GB+256GB,3,现在出完~卡的情况，哎希望国产手机越来越好吧
国风雅灰,8GB+256GB,3,其它还好，就是偶尔闪退，手机发热异常
国风雅灰,8GB+256GB,3,刚买半月降价降的这么厉害，还没有价保？#！
国风雅灰,8GB+256GB,3,待机时间：电池也太不耐用了吧，充满电偶尔刷刷视频~，用不了一天，联系客服又绕来绕去的
国风雅灰,8GB+256GB,2,5星给手机，扣三星是因为没有12+256的货，非要等10号才有货，不知道这个双十一干什么，这么失败，还要添加月初的那三天，而且还没货，这不是#人吗
国风雅灰,8GB+256GB,3,期望高，有时候会卡，就开了~，QQ，今日头条，卡了页面，音质还行吧。
国风雅灰,8GB+256GB,3,外形外观：很可屏幕音效：刷~一会大一会小就是待机时息屏会闪运行速度：快其他特色：手机到手就是miui12这正常吗
国风雅灰,8GB+256GB,3,以前买手机都有手机壳配换，唯独这10代没有配，这价钱都没配，真的无语。还有，就是手机发烫，上网，~都热。屏幕间隙大。
国风雅灰,8GB+256GB,3,刚买了不到一个月，死机三次，没有运行比较大的APP，~~都有死机情况，需要长按电源键恢复。咨询客服没有得到死机原因。
国风雅灰,8GB+256GB,2,屏幕音效：我的屏幕绿边严重，~视频通话，切换别的程序后，等几分钟再切回来就断线，双开QQ有一次也特别卡，不知道是不是刚更新系统问题
国风雅灰,8GB+256GB,3,买的时候看评论说掉电快，手机热，买回来试了下：电量消耗对于新手机来说确实有些快！手机确实有发热，就迁移会~的聊天记录！广大消费者提出问题确实存在！
国风雅灰,8GB+256GB,3,屏幕音效：屏幕90hz刷新率和对称扬声器确实博好感，但是90hz不知道我什么有时会自动掉回60hz还得自己重新调外形外观：曲面屏握持很舒服说个我最不满意的点，才买一周左右。电源键回弹力度有问题，这个你说影响使用吧它又不是很影响，但是对于我这种强迫症用户就不能接受了。毕竟才买一周多点就出小毛病，谁也说不准会不会还有很多毛病。之前在~官方旗舰店买的魅族16用了一年一点问题没有。所以还是对京东的货有点疑惑的。
国风雅灰,8GB+256GB,3,网络经常掉线，给老婆买的，一直被她吐槽手机好烂！就算几年的手机也不会在刷短视频或者刷~的时候在信号满格的情况下无法上网的。
国风雅灰,8GB+256GB,3,冲着灰色买的，ag磨砂很漂亮了，贵点就贵点吧。华星和三星还是有差距啊，不比不知道，颜色偏绿的厉害，曲面绿边非常明显，白色背景下影响阅读，都0202年了这问题国产屏还没解决吗，朋友的三星屏除非侧着看，真的是已经看不出绿边了。和客服反馈后，火速换了一台机子，绿边有所改善。
国风雅灰,8GB+256GB,3,屏幕音效：屏幕国产a屏还行吧。音效无敌不用说了外形外观：普通配不上4000运行速度：865可以但是有一个问题就是为什么扬声器位置#打王者就挡住了真的很烦哎，买手机就是合适我结果要我去适应它。。。。。。服了
国风雅灰,8GB+256GB,2,外形外观：好看，就是摄像头太突出屏幕音效：音质是这台手机唯一能拿的出手的拍照效果：不如已经过时的华为p30，吹的#哄哄的我还真的以为拍照很好。运行速度：一般般，与朋友的华为nova7竟然没法比，我也是纳闷了，进入游戏竟然还没有两千多的手机快，还被朋友笑话。待机时间：我用两天三充那样。其他特色：就是音色好，就当买了个外放。
国风雅灰,8GB+256GB,3,额，怎么说呢？除了掉电很快。目前来说还行，没遇到什么问题。平时工作比较忙，早上十点左右充的电，100％。偶尔回一下~消息，下午快五点的时候只剩35％。而且快递员就放到~。想问一下，电子产品也不送到手上确认一下再收货了吗？就直接放到~，打个电话让去拿。
国风雅灰,8GB+256GB,2,运行速度：目前用这台手机出现了这些问题:1，户外使用时屏幕亮度忽明忽暗，关闭了阳光模式和防闪烁模式依旧有这个问题，尤其是在玩游戏是这种情况很明显。2，手机电量待机问题确实掉电有点快。3，手机连接蓝牙耳机时有时候要手动连接自动连接不了。4，信号问题确实不太好，刚买回来时在住的地方网速还可以可以刷刷~，几天之后慢的连~都发不了了，不知道什么原因。目前只是发现这些问题。
国风雅灰,8GB+256GB,3,小米手机性价比高，但是相应的良品率就比较低。之前买的k30i和k30s至尊，新机摄像头里都有灰尘，换了几次都有，最终退货。这次米10一次买了2台，其中一台还是老毛病，主摄像头里还是有灰尘，退了。留下的一台不能说没有，只能说不明显。但是这台后壳内侧有条小划痕，而且后壳有擦不掉的斑纹，应该也是内侧的灰尘或者漆面的问题。除此之外其他方面都挺满意，虽然是国产屏效果也还不错。总之想要买一台相对完美的小米手机是很难的，高配~就必然会牺牲品控。不知道提升良品率会增加多少成本，200元够吗？如果能我愿意多花200元。
国风雅灰,8GB+256GB,2,1.手机问题:手机国产屏，我对色彩敏感，很明显屏幕周围是发绿的，耗电比较快，而且屏下指纹解锁反应不是很快2.售后问题:说得很好听，说一年内免费贴膜，可贴膜的地址不方便，一个一线城市中心区只有一个点，营业时间到18点根本就贴不了膜，这个免费贴膜大家就不要想了，除非离你住的地方很近，周末可以去一下。3.配送问题:这个简直就是垃圾，提前付定金，付定金的时候没有告知我没货，也没说需要等采购，而且尾款也是1号凌晨马上付的，就是想要马上拿到手机，结果等手机等了8天。而且每次问客服给到我的信息都不一样，3号的时候看还没发货，问客服说得是下单1-3天，之后又说要在等一会马上处理，电话~说要等10天左右。真的给人体验特别不好4.好的方面:双扬声器真的爽，手机运行还不错，玩原神挺流畅的，就是玩久了有点热，大屏看视频很舒服，就是我手小单手操作有点麻烦。（手机屏幕是用原手机拍的，摄像头坏了，将就看看，但是很明显是绿的）
