传奇版,12GB+256GB,1,退出了游戏还有声音
传奇版,12GB+256GB,1,待机时间：前摄像头不怎么清晰
传奇版,12GB+256GB,1,快递到的时间慢了整整3天
传奇版,12GB+256GB,1,没耳机啊，官网送199的耳机呢
传奇版,12GB+256GB,1,没有想象中那么好，买的人请慎重
传奇版,12GB+256GB,1,B站看番画面晃动看的巨难受
传奇版,12GB+256GB,1,摄像头歪的醉了&hellip;&hellip;
传奇版,12GB+256GB,1,识图功能根本就是辣鸡，不能用
传奇版,12GB+256GB,1,就那样吧4400多买的什么都不送 我朋友第二天买就降价了 还送一堆东西
传奇版,12GB+256GB,1,第一次买，说好的送耳机，然后并没送，
传奇版,12GB+256GB,1,打游戏掉帧，突然没信号
传奇版,12GB+256GB,1,我就没见到会员，这不是欺诈消费者吗？
传奇版,12GB+256GB,1,充满电一天都用不了
传奇版,12GB+256GB,1,打游戏一直断流
传奇版,12GB+256GB,1,手柄未收到
传奇版,12GB+256GB,1,打王者团战的时候会卡 手机发热 赠送的耳机差 客服服务差
传奇版,12GB+256GB,1,不好用呀，感觉好卡，充电确实快
传奇版,12GB+256GB,1,吃鸡两个小时就没电了，要你何用
传奇版,12GB+256GB,1,收到的这个手机估计是退换的，手机有划痕，包装破损！客服态度敷衍！
传奇版,12GB+256GB,1,买了不到一个星期掉了一千多
传奇版,12GB+256GB,1,打了把王者手机温度47吃鸡50
传奇版,12GB+256GB,1,今天到手几小时就给我来这个？
传奇版,12GB+256GB,1,我刚买的为什么会这样，打游戏也是玩着玩着就一闪一闪的
传奇版,12GB+256GB,1,游戏下面居然闪屏
传奇版,12GB+256GB,1,电很快就没了，
传奇版,12GB+256GB,1,辣鸡手机手势控制，学学别人
传奇版,12GB+256GB,1,买的游戏手柄套装，然后告诉你手柄没货，让你等，等了几天也没有，就补差价
传奇版,12GB+256GB,1,手机可以，就是送的外壳侧面不保护 ，刚一天，侧面 就出现划痕了。心疼呀
传奇版,12GB+256GB,1,待机时间：手机待机十个小时就没电了，翻车翻车。
传奇版,12GB+256GB,1,手机刚拿到手  包装直接摔坏了  可以可以
传奇版,12GB+256GB,1,两个字，**
传奇版,12GB+256GB,1,用了一段时间了，音量键出现了压不下去的问题
传奇版,12GB+256GB,1,不是说送耳机吗？怎么没有耳机？坑啊！
传奇版,12GB+256GB,1,差价，刚买三天就死机，找客服还不管。
传奇版,12GB+256GB,1,到手才个把月莫名黑屏3次了，等两分钟才能好，不知为啥，以后再也不用安卓机了
传奇版,12GB+256GB,1,vivo还是不行
传奇版,12GB+256GB,1,不知道哪里来的那么多好评，不仅发热耗电快反应慢，都吐了，后悔了
传奇版,12GB+256GB,1,充电没有那么快，边看文字，边充电，充了50分钟
传奇版,12GB+256GB,1,不知道样
传奇版,12GB+256GB,1,真的是服了，买到了没有一周，WIFI就显示不能用，但是其他手机就好好的
传奇版,12GB+256GB,1,咔咔咔 打王者一直460还是5g网络 还没我以前手机好
传奇版,12GB+256GB,1,耗电极快待机一晚十几个电不知道是不是我设置问题
传奇版,12GB+256GB,1,打王者荣耀的时候根本充不进去点  打完一局1%都没充到   有没有情况一样的还是我这个手机是残次品
传奇版,12GB+256GB,1,说是会员送耳机，预约后修改了页面，客服转眼不认，有没有类似情况的？
传奇版,12GB+256GB,1,看网上说的，自己跟着调了一下，不知道你们买的是不是这样，绿绿绿绿
传奇版,12GB+256GB,1,充电快用电也快，外形有点丑，还憨大一个
传奇版,12GB+256GB,1,屏幕音效：指纹锁屏绿屏，导航键自己颠倒位置，相机卡顿，有时丢帧
传奇版,12GB+256GB,1,电耗的好快啊，什么都不玩管不了一天
传奇版,12GB+256GB,1,手机耗电快，打王者别人听不到我说话，送的会员视频也没有
传奇版,12GB+256GB,1,手机刚收到还不错，用了不到一个月开始严重发烫打一局游戏就烫得不行，奉劝盆友们别买
传奇版,12GB+256GB,1,买手机没耳机，是不是以后为了环保充电器也要自己去去配一个？
传奇版,12GB+256GB,1,就这样，手机上手感觉一般，有反应迟钝的情况，客服态度???
传奇版,12GB+256GB,1,机子是ok的，但是售后真的差，一问三不知，该给的vivo积分也没给！好评只能等你们承诺的vivo积分到了我再改了?
传奇版,12GB+256GB,1,电池待机不行    没咋用就剩一半的电量  后悔了  退了吧
传奇版,12GB+256GB,1,刚买五天就开不开机了，充电充不进去了，充电一闪一闪的，已经退了。
传奇版,12GB+256GB,1,一星是给快递员的，竟然给我送到了隔壁小区，还好那户人家比较好，给我打了电话我自己去取了回来，要不手机就丢了
传奇版,12GB+256GB,1,绿屏了，在7天内说过的问题，过了7天去检测是屏幕有问题也不给退货了。
传奇版,12GB+256GB,1,服务态度不好，处理问题不行，没什么礼品，只有一台手机
传奇版,12GB+256GB,1,第一次用这个品牌，有点后悔了，虽然充电快，掉电也老快了，因为下单时没有问清楚客服有没有配送耳机，收到货耳机也没有
传奇版,12GB+256GB,1,用了4天，已经不能充电了。第一次用vivo就体验这么差。不会再考虑这个牌子了。
传奇版,12GB+256GB,1,我都说发气囊 快递发过来容易掉 容易把手机弄成，内伤 偏偏不给放气囊
传奇版,12GB+256GB,1,这手机有问题，老是断网，就像飞行模式一样，发货包装盒也不好，直接放纸盒了寄来了
传奇版,12GB+256GB,1,噱头挺足的，KPL官方用机，打个王者卡得跟狗屎一样，没买朋友一定要慎重考虑！
传奇版,12GB+256GB,1,手机不知道怎么了  用了三天无线连接以后没有网 连别的无线也一样恢复出厂也没用   以换货
传奇版,12GB+256GB,1,你们手机屏幕上面有没有空隙？我那手机屏幕上面不是灰尘 是手机里面的白色东西 谁信？
传奇版,12GB+256GB,1,其他特色：发热不是盖的，打和平精英10分钟掉帧暗屏，卡顿，用半导体都压不住，后来的朋友如果你买来玩手游的还是考虑清楚吧&hellip;&hellip;
传奇版,12GB+256GB,1,有杂音&hellip;&hellip;已退
传奇版,12GB+256GB,1,这个手机只能说一般般，不是很满意 谁用谁知道，群里一大堆负面反应。我这个都是售后换新机！！！奈何退不掉只能换
传奇版,12GB+256GB,1,"外形外观：可以
屏幕音效：可以
拍照效果：还行
运行速度：一般
待机时间：一般
其他特色：耗电太快，但是充电也快，那么大个充电器 ，走到哪里都要带。"
传奇版,12GB+256GB,1,不咋样，手机是还可以，但是这个手机原装的充电器不咋样，用了没两天就坏了
传奇版,12GB+256GB,1,不知道是手机原因还是充电器和原因，半个小时才充了不到40的电，比44w的充起来还慢，边充边玩就几乎不进电，还烫手的不行。
传奇版,12GB+256GB,1,这个屏幕什么成分就不用我多少了吧，n20u对比着颜色看看，已经是退货了
传奇版,12GB+256GB,1,辣鸡手机，开小窗，突然退回主页，然后黑屏，屏幕还时不时闪一下，必须重启才能正常使用
传奇版,12GB+256GB,1,使用了二天总结手机一般般 屏幕显示也不怎么样 充电虽然快 打游戏耗电更快 还不如我用几年的老机器好用呢
传奇版,12GB+256GB,1,开机键偶尔失灵，按下去没反应，就在刚才卡屏直接死机了。过来评论下
传奇版,12GB+256GB,1,手机充电快，不足的是耗电也快。还有同样的地方，同样的运营商跟华为手机的信号是真的没法比。关键人家还不是旗舰机你尴尬不？
传奇版,12GB+256GB,1,一星给京东物流，箱子都破了，手机外包装还凹了一个角，还好手机没事，手机没什么大问题毕竟主流配置，就是续航是真的惨，一晚上待机能少百分之十的电。
传奇版,12GB+256GB,1,一晚上待机都要30几的电，耗电太快了吧！充电快得很没话说，但是耗电那么快总是充电也不行啊，其它问题没发现
传奇版,12GB+256GB,1,用了一段时间才来评论，刚开始觉得挺好的，而现在，音量按键已经没有按键感了，并且客服都不回答，一个机器人回复。才几天的时间呀就坏了，这质量，唉，劝大家别买。劣质。
传奇版,12GB+256GB,1,"待机时间：一天都没玩，电量20%，严重怀疑没有4000毫安电池。
运行速度：一般般。
拍照效果：还可以。
外形外观：漂亮。
屏幕音效：可以。"
传奇版,12GB+256GB,1,谁说这手机好的给我站出来保证不打死他，广告说的那么好，玩王者有时候就像按键失灵一样原地不动，要不就是没按方向键了还在跑。电量掉的也快的很。如果可以重新选择我绝不会买这手机。唯一的优点就是充电非常快。
传奇版,12GB+256GB,1,"使用一段时间后才来评价，说实话出了外观和夜拍还有充电，其他各方面都不如以前的老手机小米10，屏膜不如小米10清晰，电池也没小米10耐用，同时打开王者要比小米10后进入游戏，就连WiFi都抢不过小米10，同一个WiFi下载同一部电影小米10平均速度8M-13M,iqoo7缺在几百KB-10M之间徘徊，等小米10下载完成以后才恢复10M
左右速度，还有安装APP也要比小米10慢一半，我卖这手机就是被安兔兔给坑得，安兔兔跑分排名第一，跑分确实高但实际使用效果缺不尽人意，"
传奇版,12GB+256GB,1,用了一天，感觉有点卡顿，而且晚上十点多睡觉，醒了打开手机时间没有变，我还以为穿越了呢，就是忘了截图，等明天看看出现这情况再追平附图
传奇版,12GB+256GB,1,拉胯的续航，每天充满电，后台也没有运行程序，也没有开启高性能的功能，更没有天天打游戏，每天一到下班回到家里只有18～19%电量，是充电快，但是耗电也快，完全不能遮掩续航时间短的问题，今天还去线下服务中心测试，手机没有任何问题，给到的解释是5G手机续航时间都很短。可以看到图片，完全没有运行任何高性能的程序。
传奇版,12GB+256GB,1,电池不耐用，一天俩充，重度用户3充。这个我就算了主要原因是打游戏网络卡，一下变460。跟网络没有关系，跟我朋友坐一起玩王者。都是移动卡，我朋友一点事没有
传奇版,12GB+256GB,1,"首先120W充电很快，十几分钟充满，代价是硕大的充电头
外观背部是真的好看，我很喜欢
4000毫安电池真的不耐用，续航尿崩
拍照也很一般
这些都还好  我收到货开机使用不超过30小时，开了息屏显示，晚上就发现息屏的时间和图案已经开始烧屏了！！！！！！！！
为了看的更清楚我加了黑白滤镜，我用了两年的s10+都没烧屏  害～退货退货 
质量堪忧"
传奇版,12GB+256GB,1,耗电太快，正常使用坚持不了一天，打游戏就更别说了，虽说充电快，但也不能天天抱着个充电器吧。后悔没选小米11.
传奇版,12GB+256GB,1,iqoo从一代换过的，很好用，一直都在用这爱哭蛋蛋，非常好用，一直用这个牌子的。充电很快20分钟充满，但是充电头太重了跟充电宝一样。耗电也快。摄像功能还是一如既往地差，还是那么厚重。
传奇版,12GB+256GB,1,1.包装简陋，没有任何缓冲；2.打孔前摄有个很丑的小银圈，关键还是歪的；3.这次加入了压感卖点，但实测没有黑鲨好用，特别是左右半区面积不相同很难受；4.新OriginOS的卡片式桌面效率很低，换成传统图标之后是好用了，但是又感觉新系统没有任何新意。唯一的优点可能就是整体还算轻薄，特别是后摄凸起比较小，这点甚至比iPhone都好～
传奇版,12GB+256GB,1,"外形外观：挺好的，质感非常好，做的挺到位
屏幕音效：屏幕还好，挺清晰的一个品牌一个画质，用用就知道了
拍照效果：拍照挺满足的，相比3年前的R11，挺满意的，夜拍很不错
运行速度：运行速度很快   888值得拥有
待机时间：我系统没更新，目前还好，玩王者10中一把大约用电百分之5左右，游戏性能开的中。
其他特色：总之吧还不错，新机用着还有点不习惯呢，挺好，各位看到差评的想问什么，免费为你们解读！！！请允许我给个差评，让专门看差评的看到，这东西真不错"
传奇版,12GB+256GB,1,"到手体验了4天，先说优点充电速度快就这一点。
缺点充电发热严重（充电不玩手机）

续航不行，待机一早上4.5小时掉了百分之10电（后台程序全部关闭，WiFi  流量  也都没开）
玩王者一局也掉百分之10左右


相机像素很差和2000元的手机不相上下，截屏放大一点就模糊

手机用起来不卡，但是远没有几年前的vivox系列好用（上上个手机vivox20）和上个手机一加7相比除了充电快，玩游戏不卡其它的像素  续航屏幕清晰度根本没法比"
传奇版,12GB+256GB,1,我怕是买了个假的吧，吃鸡卡的一匹，掉帧太厉害，手机不热，网速4G卡！讲真的我买这手机就是为了玩游戏，可是这还没有IQOO 第一代好用呢！其他的反应是挺快，手机掉电快，充电也快！安兔兔跑分71万多！手机略重。快递速度是真快，15号中午付款，16号下午到了！
传奇版,12GB+256GB,1,"十五号0点下单广东的从成都发货。我十八号才收到货。想吐。手机评价一般般过得去。耗电快是不争的事实。王者最多打四个小时。很流畅不用嫌弃。特效全开。发热也大。夏天怎么办。其实上一代旗舰如果降价我觉得买865的挺棒。拍照就当做扫码工具。摄像头三年前的产品。手机当做游戏手机就好了。上一代旗舰拍照都很棒。手里有手机用的请再等等。一很快会出更加均衡的手机。
外形外观：很漂亮
屏幕音效：还可以过得去没有小米11好
拍照效果：扫码工具。就是能用那种。
运行速度：安卓机里最快的了。但是手里有855p感觉差不多。"
传奇版,12GB+256GB,1,看到了 请认真看完  谢谢  （来自普通用户的体验）。手机刚拿到就有问题，硬件方面还行吧，但是拍照竟然黑屏，没照片就很秀，客服让重启京东，很棒一点用没有，然后重启手机更棒了还是一点用没有，但我不愿相信呀，等我第二次重启后可以拍了，打电话的时候吧通知铃声没得换，几十个铃声同一个声音，（为什么想换铃声，打电话时有来提示音 听的难受的一批）配图会在追评，应为已经开始评论了所以不能退出。
传奇版,12GB+256GB,1,我买的是联通麦穗卡，套餐说是25一个月，查询时又变50一个月，激活弄了好久按操作进行，弄不好，客服还不够专业，按官方所说规定时间内激活还会送几个月话费，目前还不知道会不会送
传奇版,12GB+256GB,1,这手机太差还不如苹果
传奇版,12GB+256GB,1,没有耳机就很难受。
传奇版,12GB+256GB,1,服务态度非常不好
传奇版,12GB+256GB,1,这电掉的太快了吧   手机还烫
传奇版,12GB+256GB,1,就收到手机，活动赠送的赠品没收到。差评
传奇版,12GB+256GB,1,电池太烂了，一会就没电了
传奇版,12GB+256GB,1,送货太慢了，服务太差了一个礼拜都送不到
传奇版,12GB+256GB,1,耗电太快了一个小时掉了40多的电
传奇版,12GB+256GB,1,太喽了，感觉不好，买了后悔
传奇版,12GB+256GB,1,手机垃圾，打王者荣耀经常莫名其妙卡死
传奇版,12GB+256GB,1,太**卡了，新买的都**卡。
传奇版,12GB+256GB,1,第一印象相当差，边框宽的感人啊
传奇版,12GB+256GB,1,才买了半个月都还不到就送视频会员了，简直坑
传奇版,12GB+256GB,1,我联系客服，客服从来没有理过我。这什么意思？
传奇版,12GB+256GB,1,流量玩游戏断流真**严重
传奇版,12GB+256GB,1,发货特别慢，快递更慢，慎重考虑
传奇版,12GB+256GB,1,"待机时间：电池耗电太快
其他特色：玩游戏发热"
传奇版,12GB+256GB,1,完全没得新手机都感觉。续航辣鸡都一皮
传奇版,12GB+256GB,1,"垃圾手机，绿屏。买完就后悔！！！！

无奈第九天发现问题 无法退货！！！

**！辣鸡！垃圾！

图片是用iqoo7拍出来的iqoo7的屏幕！！！

真的是谁买谁后悔！！！"
传奇版,12GB+256GB,1,耗电快一天要充2次，打游戏真的很烫?
传奇版,12GB+256GB,1,买来两天后信号一直只有2G和3G 直接退货 太 哎
传奇版,12GB+256GB,1,辣鸡手机，一直断流，信誉积分都被扣傻了
传奇版,12GB+256GB,1,差评，本来发货就慢，结果还发个残次品
传奇版,12GB+256GB,1,一星给京东商品不咋样屏幕角烂了一小块
传奇版,12GB+256GB,1,发热严重
传奇版,12GB+256GB,1,垃圾手机
传奇版,12GB+256GB,1,垃圾手机
传奇版,12GB+256GB,1,客服贼差劲，和小米的客服差远了，我才买来十几天充电器就少了换个货发给他了一直找借口真的服了
传奇版,12GB+256GB,1,赠品发货太慢了  手机导航键总是反着的  充电发热
传奇版,12GB+256GB,1,耗电量太快，放着不动电量一会就没了。
传奇版,12GB+256GB,1,听筒进灰不易清理 送的手机壳 装上就非常难卸下来
传奇版,12GB+256GB,1,调货信息说有，发件没调货信息，手机渠道不确定，不敢否定二手翻新定制手机，vivo手机存在产品技术问题，无法解决，拖延不回复
传奇版,12GB+256GB,1,15号买的瘦了   22号下午到   京东物流  无敌的速度
传奇版,12GB+256GB,1,充电几次就不进，差评！
传奇版,12GB+256GB,1,真辣鸡 除了手机和充电器什么都没有 手机还不能无线充电
传奇版,12GB+256GB,1,电池掉电太快了 明显的短版 正常使用最少充两次电
传奇版,12GB+256GB,1,千万别买这家店的，这手机有问题，我买回来用几天才发现这手机被实名认证了，手机还被锁了。
传奇版,12GB+256GB,1,太假了，连iqoo5都不如！玩个游戏连90帧都没有
传奇版,12GB+256GB,1,简直是垃圾，  才两天就开始死机，太让人失望了。
传奇版,12GB+256GB,1,手机绿屏更换一下还是没有解决 还**耽误我半个月才给我寄回来京东啥也不是就**这服务态度
传奇版,12GB+256GB,1,送的壳太垃圾了，硬的要死，下个壳直接把我指甲搞断了
传奇版,12GB+256GB,1,包装垃圾，快递放门卫连个电话都不打，贵重物品根本不当回事，包装内连个填充物都没有
传奇版,12GB+256GB,1,"有史以来最差的一个店，抠！！！就一个充电器。任何赠品都没有，
运行速度：大家去实体店购买"
传奇版,12GB+256GB,1,手机终于收到，这次快递十分让人郁闷，一而再再而三的推迟，首发之前就预定了，10多天才收到！联系客服也没处理清楚，只口头应付处理下
传奇版,12GB+256GB,1,***，新买的手机有三个月和六个月的文件？严重怀疑是否山寨
传奇版,12GB+256GB,1,耗电太快
传奇版,12GB+256GB,1,下单显示有赠品，签收就没了，耍宝呢，客服全是机器人，玩不起就不要玩 ，最差的体验。
传奇版,12GB+256GB,1,京东手机太垃圾，京东二手翻新手机，还故意拖延不退款，京东出小偷，偷拆机还不承认，不退款，不敢回复不解决，联系电话费花了一百多一年多没解决
传奇版,12GB+256GB,1,非常不满意，一天充三次电，超级费电！！！我都无语了。问客服也不给解释
传奇版,12GB+256GB,1,手机电池用的太快了，感觉四千块钱太不值了，用户体验极差
传奇版,12GB+256GB,1,这电池掉电太厉害了 新手机一天要冲三四次后悔的
传奇版,12GB+256GB,1,是真的卡   打王者还断触     我的天  就这还职业电竞手机  我服了   再多付1000还不如买华为！
传奇版,12GB+256GB,1,待机时间：太短了，接了两个电话不到5分钟30%的电就没有了
传奇版,12GB+256GB,1,手机没啥问题，就是续航实在太差，睡了七个小时，掉了快30%的电，太离谱了
传奇版,12GB+256GB,1,说实话真不想给差评，这电池太垃圾，耗电太快，系统也不人性化，后悔啊
传奇版,12GB+256GB,1,"送手机那个根本就是个坑！

没标注一定要购买两次手机！

之前下单后，立马问过客服耳机的事，也不说清楚需要购买两部手机才可以。现在手机到了跟我说需要在本店买过两部手机才可以？"
传奇版,12GB+256GB,1,发热掉帧，才买不到半个月，客服就给一句自己排查，说事优化不到位，没事了啊，就当是小白鼠了啊，买完了后悔了。
传奇版,12GB+256GB,1,还行也就是到手第5天玩吃鸡出现卡顿掉帧而已然后一边打游戏一边充电半个小时充不进去电而已我用的还是120瓦快充哦什么15分钟充满我14开始充电15分钟后冲到70多而已就那样
传奇版,12GB+256GB,1,一晚上待机6个小时，一觉醒来不见了12电，真的辣鸡
传奇版,12GB+256GB,1,我玩游戏天天断流，这垃圾游戏还kpl专用，我可真是瞎了眼了，一天断流五六次，表情包都加载不出来，谁买谁倒霉！！！！
传奇版,12GB+256GB,1,50天不到 维修两次  死机无数次  第一次检测没出问题 说app导致的 第二次检测说要更换主板 不给退换货  说过了时间  第一次检修没有过退换货时间 也不给退换   ???
传奇版,12GB+256GB,1,垃圾是真的垃圾我打个吃鸡两个小时卡死两次我小米9都一直不卡
传奇版,12GB+256GB,1,不玩游戏，50%电量只能撑5个小时！没有耳机差评，不想骗人，一星都不值
传奇版,12GB+256GB,1,12+256的，今天2月22号，已经出现几次卡死了，无语，客服的解释如图，我不黑任何品牌，这是我用的最差国产品牌
传奇版,12GB+256GB,1,这是什么垃圾手机，安兔兔跑一下烫手！无语了，今时今日散热系统还那么差劲！大家还是要谨慎购买。
传奇版,12GB+256GB,1,刚到手玩游戏还不烫手，买了不到一个月，现在玩游戏能煮鸡蛋，耗电太快
传奇版,12GB+256GB,1,才用一个月直接断流无解，网络是连上在掉掉了在连，游戏是无法玩的，可能是我的运气差，不知道别人用着怎么样。
传奇版,12GB+256GB,1,费电，玩猎手之王前腿三次，关键没有120帧只有60，太费电了
传奇版,12GB+256GB,1,自己去看吧，屏幕发暗太严重了，有时候变形器点了也没反应，出现了几次问题都是让重启试试，我是没啥说的了。
传奇版,12GB+256GB,1,玩着没意思，局局王者闪退，本来不评论，害我从2000分掉到1700，差评差平   大家想掉分的这部机首选
传奇版,12GB+256GB,1,手机做工太差，花四千多买一部缝隙这么大的手机心里很不舒服，这是第一次买vivo手机也是最后一次，还没一千多的手机做工好呢
传奇版,12GB+256GB,1,如果是因为游戏买这手机的人自己看吧，多的不想说，问问题客服还不鸟你，以后也不会相信王者荣耀的广告，更不会相信这个牌子了！
传奇版,12GB+256GB,1,其他特色：给个差评不为别的，就是搞到半夜我整不明白主题咋换，你要是能给我搞好，我就给好评，啥玩意啊，这么复杂???????????????
传奇版,12GB+256GB,1,玩了一局王者，手机都能把鸡蛋煎熟了，还120w快速充电呢？十五分钟充了还不到百分之二十
传奇版,12GB+256GB,1,手机很一般，游戏启动没有865快，屏幕偶尔点不到，手机铃声低，续航也不行
传奇版,12GB+256GB,1,辣鸡手机，网络经常炸，无论wifi还是流量。每把必有炸的时候，真的服气！这还游戏手机？
传奇版,12GB+256GB,1,不到15天按键就坏了，。换新的后，。音量键+一样很软没有嘀嗒声，看来是通病，不能退，不然真想退货，
传奇版,12GB+256GB,1,非常卡，新手机，怎么处理，明天在试试，不行就退机，希望处理，刚到的传奇版，我也不知道是不是假机子！玩着王者接个电话，屏幕上的人物地图来来回回的晃！还会来追评，若有改善再补评，下班再做个测试！非常失望，问了客服就是喊清理垃圾缓存。我说了个若明天还出现卡顿就退货，客服说了一句:感谢支持，真佩服！
传奇版,12GB+256GB,1,耗电太快了，100到30用的快，30以下还行！  玩吃鸡开省电模式3个小时10分钟！   正常使用掉的也不少！！！   太让我失望了！
传奇版,12GB+256GB,1,产品太垃圾了，屏幕很不灵敏，截图保存图片超级慢，截图也不好截图，耗电太快。
传奇版,12GB+256GB,1,垃圾手机，只配玩**游戏和自家有合作的，玩个第七史诗都会闪退偏移，**手机，别买vivo买小米
传奇版,12GB+256GB,1,"差评只是纯粹对物流的评价，第一次感觉自营的物流这么差劲。物流差劲 差劲 差劲
手机充电确实快  耗电也快  耗电应该是芯片的问题
其他方面中规中矩。双压控不是很好用"
传奇版,12GB+256GB,1,手机出厂贴膜真是个**玩意，是粘502了怎么弄都不掉，客服还要我去找手机店，不是傻子才能搞出来的？
传奇版,12GB+256GB,1,手机电池非常不耐用，送的耳机一个星期还没有发货，玩我呢？   花了几千块钱就这，再也不买VIVO手机了，游戏手机电用两个小时没电了，搞笑
传奇版,12GB+256GB,1,就这样卡住了，才买几天出现好几次了，主打的游戏手机，很失望
传奇版,12GB+256GB,1,这还电竞手机呢，和2000左右手机差不多，玩王者声音滋滋的，垃圾，根本不值4200，建议不要买
传奇版,12GB+256GB,1,特地买来玩吃鸡的，烫手的很，现在都这么热了，天气热的时候还玩个毛线，耳机还不是标配的，被坑了
传奇版,12GB+256GB,1,手机不知道，搭配的游戏手柄是非常的垃圾啊。第一不支持使命召唤手游版，无法自定义按键，第二手柄和手搓冲突，不能同时起作用。要退货被告知手柄是赠品不能退。明明套装比单买手机贵了一百多块，怎么叫赠品，最后给的方案是把手机一起退了，你们真会做生意！
传奇版,12GB+256GB,1,我只能说这种垃圾手机都能被吹得这么过分我真的想笑，买来赠品被吃了，第二天手机充不进电，屏幕半边时而失灵。
传奇版,12GB+256GB,1,运行速度：吃鸡九十贞卡的不行，而且大多游戏玩着都有掉帧存在，屏幕还不行，玩吃鸡，新手机我就有过两次卡退，不推荐购买
传奇版,12GB+256GB,1,对京东的服务越来越不满意了，我买一个手机拖到年后发货也就忍了，手机有问题想着能换货也忍了.结果拿去换 京东客服居然跟我反应说需要等待下次抢购新机的时候，京东帮我跟其他消费者一起抢购我买的这个v享焕新版，抢到才给我发货，你们这么大的京东，换一个手机还需要自己抢自己的商品，说出来不怕被人笑吗.关键我只是换手机.普通版有货为什么不能直接换，还说让我直接退款，我抢你一台v享换新多不容易，你让我退款？京东太差了，以前买电子产品就是选择京东的快递快，售后有保障，现在看来京东越做越差了.以后选tb，sn都不选你京东了.
传奇版,12GB+256GB,1,产品质量有问题 麦克风说话模糊不清 手机有刮痕 售后然后还说是自己搞得 还得不到解决 尽量不要入坑
传奇版,12GB+256GB,1,慎买，标注参数4000毫安电池，实际只有2000毫安，询问客服，回答说双核2000毫安电池，等效于4000毫安，不说续航不续航，感觉智商被侮辱了，这是我一次在京东给差评。
传奇版,12GB+256GB,1,第一次在京东买东西糟糕透了，还是4000的手机，给我发的就像是二手翻新的一样，缝里面脏的要死，4000的手机不给个保护膜??然后我17号申请的换货，现在还没到，早知道我就申请退款了，又给我发一个脏的坏的我怎么办太4000哎
传奇版,12GB+256GB,1,"从没给过差评，这次是真的懵。
抢的V享换新版，外地调货等了几天才到。
没有耳机和背包送忍了，被告知不带V享换新。
那我到底抢的是啥？寂寞吗？"
传奇版,12GB+256GB,1,看半小时新闻电量直接掉30%。轻度使用1天，重度使用也就3小时就没电了。太垃圾了。。。后悔买
传奇版,12GB+256GB,1,刚买的手不到一个月 手机充不上电 完全开不开机  。线下服务中心说是要拆机检查 果断选择退换 ，而且换新的周期还特别长。个人感觉体验感极差，特别失望?
传奇版,12GB+256GB,1,在线上买的体验最差的手机，收到货没两天别说快充了，充电电器坏了都充不进了，申请换货了之后，售后说是充电器坏了，寄了一个新的充电器过来，第二天一试，还是同样的问题，又不给退货，只能换货
传奇版,12GB+256GB,1,严重差评，盒子一点护没有，机就更不用说垃圾一台，玩个王者开个超频极致玩了不到3分钟，手机温度接紧60多度，暖手宝一样。这还王者官方机，笑死。问客服，客服叫去售后看一下。呵呵。申请退货吧
传奇版,12GB+256GB,1,QQ视频一个小时，给我卡死自动关机了三次?，什么意思，我一边视频一边看相册就给我卡死了？？给个解释
传奇版,12GB+256GB,1,手机听筒的位置空隙都可以插进卡片了，一个防尘措施都没有！！！！！还有，打王者的老是或多或少出现大大小小的毛病，先不说掉帧严重，这个这个进游戏界面时不时给我来个竖屏是个什么鬼？？？？
传奇版,12GB+256GB,1,刚好过了7天无理由 手机就死机了，一打开相机就卡 就死机 根本不敢打开相机了 现在还没好 无语 辣鸡 一颗星都不想给 只能换货 拿去售后检测去
传奇版,12GB+256GB,1,耗电量贼快，我怀疑电池是以前的，而且我那时候都没咋玩手机，早晨刚充满到下午5  6点的时候就剩下13的电了，我也没咋玩手机就偶尔看来看时间，我还开的省电模式，差评
传奇版,12GB+256GB,1,一星我都不想给  没用几天**的音量键电源键不回弹体验感贼**差  售后就是垃圾  备用机没有  维修需要跑几十公里  换货告诉我必须先去维修点检测？我踏马能检测还用跟你这换货？30天内换货就是**的屁话能别买就别买垃圾手机一个
传奇版,12GB+256GB,1,打游戏后期卡发热严重，还不如我以前的iqoo3。叫我别开高帧率开玩笑呢我专门买了打游戏这都不能开我买这个手机干嘛。？电池不耐用就不说了。就是手机问题换过一次，就没有有退货了？只有自己去检测中心，买这么多次手机这次最糟心了。冬天可以做暖手宝热天我估计没散热器会烫手
传奇版,12GB+256GB,1,作为一个过来人，建议你们用这个手机最好把照片备份好，我三年的照片莫名其妙就没了，找客服客服要找技术员，技术员平均半小时回一条消息，磨磨唧唧一上午最后结论是 我梦游把照片删了！！！就很nice
传奇版,12GB+256GB,1,手机买来才八天，就卡的不行，网络还特别不稳定，打游戏手机特别容易发烫，一发热就没法用手机就特别卡！这手机明显设计有问题，手机自身带不动888处理器，商品存在很大的缺陷！
传奇版,12GB+256GB,1,"垃圾至极，头一回碰到这么糟糕的服务。
购买个手一星期不到，既不办理退货，也不办理换新，还被返厂检测两星期，至今为止没有音信，垃圾至极的服务，不会再来京东购物，跟狗屎一样，差评"
传奇版,12GB+256GB,1,先不说这次15号付完款，24号才到这个事儿，这个毕竟你们解决完了，但是说实话iqoo7王者90帧模式完全翻车，烫手烫到不行，超高分辨率也不能开，一开必定掉帧，发热还严重，90帧也翻车，你们这手机开玩笑的吧骁龙888是真的不行
传奇版,12GB+256GB,1,什么破充电器，，充上电充电头就滋滋响，反馈客服了也就那么敷衍，充电头那样响，谁还敢用，感觉发的二手货
传奇版,12GB+256GB,1,"服务超级不咋滴，我买的手机有十几天了，现在一天充电5次，电池非常的不顶电服务超级差劲，我再玩手机也不能一天充5次吧？
我找客服客服全是敷衍，不解决问题！"
传奇版,12GB+256GB,1,很失败的一次购物，不到半个月音量键和开机键就先后出现回弹无力的现象，虽然不影响使用，但用着还是不舒服，问客服要寄回检查，也不知道能不能换新，这大过年的，还是疫情期间没手机怎么行，只能忍着，估计过完年也过了换新期，到时候只能修修，自认倒霉吧！
传奇版,12GB+256GB,1,手机新系统还可以，各方面都不错！续航是真不行！品控真的差！用了不到半个月，手机音量键和关机键就坏了，然后换货，***按键坏了，一分钟就能检测出来坏没坏，非得要等到7天给处理，检测都是**的吗？以前售后换货收到货就给处理了，现在是真垃圾！
传奇版,12GB+256GB,1,这能叫游戏手机?，断触现象很严重，很严重。平时使用断触现象也很严重，垃圾手机，不过有一点好处，可以戒网瘾
传奇版,12GB+256GB,1,手机系统不干净，自带软件和插件包括第三方软件很多无法删除和卸载。系统恢复出厂设置后又被全部还原。这一点我很不喜欢。每一位客户都不能自主选择需要安装的一些软件需求，而是被vivo手机强行制安装一些不喜欢的软件插件。霸王条款啊。广告商一定给了很多钱可以再每一台手机系统上植入广告插件和被迫安装软件。
传奇版,12GB+256GB,1,手机购买至今未满月，宣传是偏游戏的，但是实际上打王者，会自动调暗亮度，导致游戏体验极差，社区回应会在下次更新中修复，应该是系统故障问题，咨询售后，回应差不多，不确定更新时间，所以观感极差，大家可以做个参考
传奇版,12GB+256GB,1,待机时间：这续航是真的差劲，昨天刚拿到，晚上充满电100%，早上起来剩69%。都没有用就这样差劲，后期担忧。
传奇版,12GB+256GB,1,想要买这个手机的朋友们要注意了，这个手机用其他的任何1个充电器都是充不进电的，一定要用它原装120W的充电器才行。如果在外用完电，如果没带上接近1斤重的120W充电器，那就是个烦恼的问题了，其他充电器一点都不兼容。在上班的地方用完电，也是内办法解决的问题，问客服还叫买多个充电器，其他快充充电器都是没有的。这个体验非常的不好。
传奇版,12GB+256GB,1,"屏幕音效：我感觉距离传感器有问题，在口袋里放着拿出来半天没反应，呆3-5秒才会反应过来！

待机时间：尿崩啊，待机比打游戏还费电，真有意思！
运行速度：玩游戏一卡一卡的，怀疑假的888吧！这优化，没谁了！"
传奇版,12GB+256GB,1,垃圾VIVO！第一次用这么垃圾的手机！换着法子来让我们注册你们的账号！**了吧？你们是脑袋被门夹了里面进水了是吧？我要安装什么APP还要通过你们同意吗？这手机是你用还是我用？打电话给客服还解决不了问题，一个劲跟我说为了你的安全，安**币的！
传奇版,12GB+256GB,1,手机功能还行，送的什么电信卡，明明是充值却是欠费停机 垃圾 而且还不是本地的电话卡 本来以为选的卡号漂亮才开通 难受 差评
传奇版,12GB+256GB,1,这么多年第一次在京东给差评，应该说太差了。本人只打王者荣耀，开90帧率，分辨率、画质都调到最低，依然能卡到50帧，打团战和看画片一样，很想知道KPL职业选手是如何设置这比赛指定用机的图像设置。如果你是为了打王者荣耀，我就告诉你买了就后悔。
传奇版,12GB+256GB,1,这是个暖手宝吗？发烫非常严重！这还是冬天！除了玩王者和吃鸡不太烫！别的网游玩个20分钟烫的要死！不行你踏马下载个倩女幽魂试试！不到20分钟烫的要死！
传奇版,12GB+256GB,1,拿到第三天就死机 小毛病很多 桌面软件图标太大 没用的东西太多 自己看视频吧 王者荣耀刚开就卡死机 死机啦一分钟做左右
传奇版,12GB+256GB,1,一星都不想给，用了10天，关机在开机，俩张卡只显示一张。另外一张卡不显示。手机还发热，我高看了这款手机，买了用后才发现广告打的很好。全部是骗人的。后悔没买小米11。机子有问题找客服。都**草草了事，或者就说对不起给你添麻烦了。解决不了问题有啥用，想买这款手机的，还是选择小米吧，
传奇版,12GB+256GB,1,手机打游戏会很烫手，有时候运行软件会闪退，发烫时充电不会充得很快，但是我还没有试过15分钟能不能充满，手机发烫很损坏硬件，手机温度达到过56℃，很不建议购买，我没有返厂是因为很麻烦，本来就一个手机，返厂了，自己也没有用的，一下子又是半个月，以后买手机可得考虑好，散热真的不行
传奇版,12GB+256GB,1,用着用着自己黑屏了，一个多小时机器开不了，常按电源键也没用，充电也没用，当误我多少事儿？我也算是老iQOO迷了，刚出新机果断入手，没想到整个这事儿，我真是笑了。
传奇版,12GB+256GB,1,不知道是只有我这一部手机这样还是所有的都这样！用一个纯黑的壁纸！打开指纹解锁！亮度调到最低！亮屏在锁屏界面指纹解锁的那一片一闪一闪很明显！已经影响到我正常使用了！！而且屏幕还发绿！！不打开指纹就不会有事！说半天也没有解决！！这是屏幕的事儿！还是系统的事儿！很难受第一次用iqoo手机！！就很难受了！！
传奇版,12GB+256GB,1,"送到手这包装盒破的要死，一个坑一个坑的。连你们的手机壳都是，被挤压的一坑一个坑的！都不敢确定里面的东西是好是坏。你们京东就是这么做人的。赶紧倒闭吧
屏幕音效：屏幕还将就，音效也将就
拍照效果：拍照不咋地
运行速度：运行速度将就。
待机时间：耗电挺快的
其他特色：没啥特色。
外形外观：跟图片看到的不一样实际还不如图片上好看呢。"
传奇版,12GB+256GB,1,"1,经常出现卡顿，2，5G信号是满的，却使用不了，要重启能用好几分钟，然后就是那个造型。3，发热严重，打和平精英90帧和普通60帧一样，没有什么特别，掉帧厉害，会有卡顿。4，客服服务态度差，向他们反馈问题就叫我们自己去检测，反正就是什么问题你去检测，他们不管。好像我们去检测不要花时间，不要耽误工作一样，用了好几个IQOO了，这也是最后一个。"
传奇版,12GB+256GB,1,"外形外观：跟宣传片一样
屏幕音效：真的很一般
拍照效果：我丑不配使用拍照
运行速度：这点儿挺出息
待机时间：4000电池是真不抗用，10天和平精英60帧屏幕一半亮度游戏时长3h，90帧2小时多10几分钟，25天和平精英60帧屏幕一半亮度2个半小时，90帧不到两小时，35天电池亏的有点儿狠了，和平精英3把就没啥点了，都是满电的情况，平时一天玩手机平均超过6小时的话不建议买这款续航太差，
其他特色：系统最新版有时候玩游戏和看小时视频会出现闪退不经常遇到，打游戏的话还是等黑鲨4和红魔吧，这款跟游戏机没什么可比的，10分的话给6分吧，真对不起这个价格唯一的特点就是个120快充了，"
传奇版,12GB+256GB,1,手机分辨率极差，对比以前用的mate30Pro，完全不是一个档次，看什么都带有一种朦胧感，可以退货么，呵呵，后悔了，还不如买小米11呢，大家买之前想好了再买，电池也是拉胯，真的是垃圾呢。
传奇版,12GB+256GB,1,"从没用过这么垃圾的旗舰机
一：屏闪十分严重，看十来分钟头条眼睛就受不了，二：续航能力太差，待机耗电、日常使用和游戏竟然没一样比得上我用了快2年的小米9
三：录像功能非常差，看着那模糊的画面就难受，一个最新的旗舰机竟然比不上两年前的小米9
四：打和平精英这款游戏居然断触比我小米9还多，反正四个字：高价低配"
传奇版,12GB+256GB,1,差评，不吹不黑，刚到手感觉电量耗电快，基本上不玩，一个白天之后百分之三十多吧剩下，想着充电快还是可以接受的。然后就是发热问题，玩游戏发热比较严重，会出现卡顿问题，不太严重。最致命的是，蓝牙问题，耳机搜不到，重启很多次，连上了，以为个例，换了个还是搜不到，一串地址，客服结果说是不是耳机问题，不适配手机，这种态度让我怎么满意。
传奇版,12GB+256GB,1,"垃圾手机，用了一个星期三个主要问题

1.玩王者荣耀一直卡屏，这个我他么真的吐了，我冲着你打王者荣耀的广告去的，结果玩个婉儿在天上卡的动不了 

2 .电池续航问题，一个星期就变成了一天两充到一天三充，关键是工作时间作息时间都没变，打一局游戏的电量明显损耗提升，开的都是777模式

3.程序经常性卡崩，就是来回 程序的时候经常卡崩
我他么真是吐了也不能退货我只想能把这个垃圾3000卖了，再买这个牌子的手机就他么**，**手机，**店铺
匿名不可能匿名的，我他么要明着喷***"
传奇版,12GB+256GB,1,相机不行，照片不清晰，和小米11差不多，续航也不行，重度使用一天要充两次，玩游戏经常死机卡顿，有一局因为卡的次数太多了导致输了，其他几局由于我技术过硬险胜，不知道7pro什么时候出来
传奇版,12GB+256GB,1,能别买的尽量别买 可以用辣鸡形容  掉电奇快 发热变态  如果你想拥有一个暖手宝你可以买 什么骁龙888处理器根本不敢开高帧率 因为电池基本不支持 那掉电速度 另外只要你敢打游戏 那恐怖的发热量 有把内部焊点融化的可能 千万记住不要买 谁用谁后悔 想想吧为什么7比5还便宜 亲身体会了什么叫便宜没好货
传奇版,12GB+256GB,1,我该说什么好呢，自从适配了王者九十帧之后，再玩回六十帧就不行了，猛着掉帧，有视频，有图片，这还是训练营来的，都猛着掉帧，让我怎么打，但是开九十帧，它又不掉帧，最低都只掉到83而已，但是开九十帧发热又有点猛，说的过分点就跟暖手宝一样，所以我昨晚就开回六十帧了，但是一开回来才发现，这掉帧，属实有点猛，根本没法玩，这**的可是骁龙最新的旗舰级处理器啊，我不知道是不是优化的问题，但是这属实让人难以接受，到手一个多星期了，试过两次断流，昨晚打的时候，断触严重，当然之前是没断触的，就昨晚试过断触的，问客服，**的一问三不知，我买来玩游戏的，你让我这体验，这**谁能忍
传奇版,12GB+256GB,1,玩了两天来评价 ，怎么说呢，作为一部游戏手机来卖，我打王者90帧所有画质拉满的话，发热严重（888火龙名不虚传），然后连续玩了一小时左右，经常性掉帧，90掉到60，KPL专用机也这样？王者都这样的话，那原神和吃鸡能不能拉满更是个问题，总之是挺失望的，游戏性能都达不到预期，那我还不如去买米11，好歹屏幕看电影日常用舒服。
传奇版,12GB+256GB,1,京东就是jian，服务也是辣鸡，1.12号晚上下的单付的定金，抢到了传奇版，后来看没有碎屏保没有延保，问京东客服，客服跟我讲不知道，第2天早上发个短信给我过来，说商品数量有限，先到先得，不好意思，那你他，吗的，干嘛可以让劳资下单，下了单说这些屁话，搞的我只能退款，昨天下单又跟我在这唧唧歪歪，说商品需要采购中，20号以后才能发货，可笑的是15号上午我买了传奇版，因为没抢到100%V享焕新又退了，那个时候是显示16号到我里，晚上我八点多又下单，够客服又跟我讲，商品正在采购中不能发货，佬子当时就火大了，去你嘛的，上午就能16号到，晚上就不能了是吧，骂着骂着，后台又显示给我出库中，预计16号到手，够东就是jian，非要我骂人才能发货！
传奇版,12GB+256GB,1,单开一个王者荣耀和**手游加速器，1个小时内全程没充电，温度一度飚到50度，火龙888去**的iqoo7顶级散热，铝合金边框直接烫手。笑死了笑死了4k液冷散热笑死了笑死了，关键是还降频，不打团70-90帧波动，打团30-50帧。这就是iqoo7，别跟我说什么后台开多了，你看图片里的各项数据。说一句假话没后代，12+256  手机戴的是自带的手机壳，送过来的时候那个包装盒子都压破了，本来不想计较，用了快一个月了，实在受不了今天更是上到50度，你是不是要炸
传奇版,12GB+256GB,1,京东第一次差评，手机买了十几天，但激活之后，几天没用，真正用起来不到十天，手机就出现充不了电的问题，开机都开不了，直到换了个充电头，才能冲起来电，首先声明原装充电头没坏，可以充我的其他手机，已经出现俩次了，时好时坏，我想问下为什么原装充电头有时候为什么就冲不起来电，换个充电头，那还是120w闪充吗？lj货，检验不合格，我估计就我一个出现这种情况吧
传奇版,12GB+256GB,1,垃圾，指甲壳掰断了，都没把手机从送的手机壳里拿出来。我用过7个智能手机，这还是头一遭！！！掰了一身汗！！！
传奇版,12GB+256GB,1,外形还好 我喜欢直板的。游戏体验一般，并不惊艳。吃鸡王者偶尔断触，色彩一般。拍照对于一般大老爷们儿来说是足够用的。。无非就是扫个码。。续航不是一般的差。这是让我最受不了的。一天最少充三次电，晚上冲完电早上起来最少掉20。。玩游戏一般打个四五把酒没电了。。受不了。游戏几把过后手机发热严重。其余都还好，没有说的死机黑屏，运行也很流畅。续航是最掉分的！真受不了这续航。。
传奇版,12GB+256GB,1,"手机还没有拆封，希望满意。
此评论针对 IQOO 7 首发预约，第一：严重怀疑是运营事故，就近仓库无货，外地调配发货（旗舰店或京东平台）
我是第一时间购买用户，截止今早9点半收到。请各位看图片，11日发布会后，支付定金，15日0点0分23秒，算很快手付尾款，今天。。。收到。难道VIVO首发后，生产线做了很少手机，几大电商平分（京东不足5000台？？？）
第二：VIVO旗舰店屡次更改详情版面。11日晚发布会后，我来详情页面看资料支付定金时候，页面有个转盘抽奖，等我支付定金后，抽奖页面消失。14日晚（15日0点付款前）详情页面有一条，前XXXX名支付尾款成功用户，赠送充电宝。（可能是前1000名，记忆少许模糊，可能不太准确）这个页面第二天看时候也消失了。

我就是普通用户，相信京东的急速送货，旗舰店的正品保证，才来购买的，有11日-15日的预约期，竟然没现货。如果没货，大家都没货我心里也平衡点（不是私心，是举例）反而15日上午下单的朋友，又能现货就近发出。大家看评论已经几千用户，大部分没有我的订单早。。。我今天才收到。
这个事情，就是运营事故，首发，首发，首发，首发。。。预约的几天，还不能备货，预约有什么意思，何苦广大机友第一时间捧场。气不顺！"
传奇版,12GB+256GB,1,我每年都是在京东买手机，打着爱国的旗号买了这台手机，太让我失望了，买的第三天，竟然突然黑屏，然后强制重启不行，过了半天，重新开机又可以了，那时候又快过年了没手机用，算了，不理它了，现在还没用一个月，各种问题，运行卡顿，打游戏烫手，还突然断网，屏幕点不动的现象，这是买过最失败的手机，还vivo的高端手机，哎，让我情何以堪。
传奇版,12GB+256GB,1,这手机从来开始玩刺激战场麦克风就说不了话！也听不见所有说话！我和我同事组队 麦克风说话没声音 我同事用麦克风说话我手机喇叭也没声音。总之就是玩刺激战场说不了话 也听不见队友说话！删了游戏重新下也不行！把手机重新恢复出厂设置也不行！手机设置里面权限也都开打了！反正能试得办法全都试了就是不行！这不是个游戏手机么 玩游戏居然说不了话！
传奇版,12GB+256GB,1,不是曲面屏，手感很差，比小米11差了几个档次，又厚又重，拿着就像拿了一块板砖在手上，主要是奔着120W快充来的，凑合着用吧
传奇版,12GB+256GB,1,"两个槽点，第一，明明有双天线，为啥不支持同时连wifi，开热点。第二，原装的保护膜贴得太业余了，边缘处很明显能感觉到割手，还不停的提示原装保护膜很好，不要撕掉。另外，装了几十个app，小小吐槽一下。

除此之外都很满意，最震撼的120W快充，肉眼可见的充电速度，一不注意电就充满了，发热也比较大。主题可玩性很高，有点意思。NFC，公交卡，负一屏都有，生活便利性方面没问题。120 Hz我不玩游戏，看不太出来区别。外观方面见仁见智了，我觉得比小米11好看多了。


为了让更多的同学看到，我决定给个差评，哈哈哈，不是真心的差评"
传奇版,12GB+256GB,1,快递很快，但是产品一般
传奇版,12GB+256GB,1,差评，第一天用~闪退，死机重启一次。
传奇版,12GB+256GB,1,使用体验极差！一直发烫！刷个~都发烫！
传奇版,12GB+256GB,1,手机经常充不了电耳机也用不了也没那个头真#！
传奇版,12GB+256GB,1,耗电快，充电快，和平精英不发热，~视频竟然发热，你敢信
传奇版,12GB+256GB,1,手机#机打游戏也卡电量刚开始还行没过几天就不行了没什么优点后悔的很
传奇版,12GB+256GB,1,别的手机行为壁纸都有可以下载，为啥我的只有一个，下载也下不了。~看小说，尽然为显示SD卡内存不足，看不了。真的是服了这手机
传奇版,12GB+256GB,1,游戏体验感极差，我买了2台，游戏语音特别卡，两台都是，我们一个在南京一个在南通用的不是一个网，但游戏里语音都卡，我搜了下~，好多人都出现这个问题应该是手机本身的bug
传奇版,12GB+256GB,1,续航尿崩，肉眼可见的掉电。聊一小时~没了20%多。送的耳机也没见在哪里，谁能告诉我耳机去哪了？还有99元的换电池服务？都在哪呢？一大堆的什么礼包。现在什么都没看到呢？就一台手机，一个延保半年，一个半年碎屏险。其他东西呢？
传奇版,12GB+256GB,1,两个问题一个问题没解决最后消息都不回了体验很差。手机重量很重拿手上玩游戏要不了多久就手酸了，用有些应用的时候信号接收也不是很好，滑动屏幕有的时候有卡顿，隐藏软件以后使用没有信号，数据或者无线都不行。不玩游戏的时候就阅读一些新闻之类的~什么的耗电也挺快。
传奇版,12GB+256GB,1,待机时间：我一般很少评价买回来的东西，不过这次评价一下吧。快递收到了，外面的纸盒子是烂的（长条盒子，漏了一个缝，不知道是摔了还是怎么了，这么&ldquo;贵重&rdquo;的手机你们是随便找了个纸盒子吗？？？）1:首先这电池续航是真的崩，充满电，睡了两小时觉，醒来手机啪6%的电没了，客服说话吞吞吐吐，磨磨唧唧，我手机在那放着动都没动，你跟我说是高刷的问题？？？？2:其次QQ语音或是~语音时声音外放会出现滋啦滋啦的声音，要不是朋友给我打语音我都发现不了这个问题，注意，这是新手机，收到第一天就这样，体验极差。单凭这牛批的续航我还是退货吧。
传奇版,12GB+256GB,1,不得不说，带电是真#。飞行模式都一晚上掉7-8的电。玩的话超级费电。续航超级差。~朋友圈拍的时候很不清晰。手机壳也廉价。还不如我x27pro的带电。其他还可以吧。带电真心差到不能接受。还有就是充电头太大。带着很不方便。
传奇版,12GB+256GB,1,很垃圾的手机，说是说快充，结果还得看手机心情，打个比方，你关着手机游戏不打充电，15分钟后一看充了百分之20多，#，麻烦我后台软件什么都关了，也不怎么打游戏能不能有点保障，垃圾vivo
传奇版,12GB+256GB,1,优点：一是充电非常快，难以想象的快。二是颜值很不错。缺点：一是充电发热，二是重量很重。最想不通的是这种旗舰配置的新出手机，竟然卡顿，对比上一台realme千元机都不如。使用几天，出现的卡顿情况包括，来电时卡死无法滑动，无法接听电话。~和粤政易使用时也有出现卡死的情况，操作无反应。相当郁闷。
传奇版,12GB+256GB,1,耗电不是一般的快，我昨天12点百分之60的电上班时放在办公桌上动都没动，4点40分下班打开屏幕惊呆了，省百分之10今天更给力，直接电量不足关机了，后台就挂个~耗电那么猛？骁龙888处理器玩原神比不过人家865就算了，冬天还烫手，到夏天怎么办？有多烫？玩游戏玩到手出汗，自己体会吧
传奇版,12GB+256GB,1,这手机充电是真的神奇了，从零到百快到十六分钟充满电！不过也有不足的地方，这手机下电也快，还好能接受，这手机信号感觉不是咋太好，手机打开后好像有卡屏，~闪退过一次，不知道为什么！而且这手机总是显示4G！我这个区域有5G网络的！发了十张照片用时一分钟，还有一张发送失败，我也不懂，有截图！
传奇版,12GB+256GB,1,首先~设置面部解锁，晚上在不开灯的情况下正常会无法识别面部打不开~的，然后就看前置摄像头附近屏幕会一直在闪，没办法截屏录制。（控制台调整动画为舒适，刷新率60hz，性能是均衡模式），提高刷新率，动画，和性能为最高，问题会有一定改观，但还存在问题。先看看~登录界面有非常大的光晕这个问题吧
传奇版,12GB+256GB,1,手持第一代iqoo发表一下评论。1，先说下单的事情。发布当天就下单预定了，版本是传奇，v享焕新，可是订单里面没有焕新服务和耳机，但是商品编码又是焕新版，问客服是答非所问。2，再说尾款支付。说好的24期免费分期，结果直接~支付定金的，尾款不能选择白条支付。3，好嘛，我怕送过来不是焕新版本，只好取消预定订单，15号重新抢购，手气还算不错，还是让我抢到了，否则真的跟这手机无缘了，只好继续做回等等党。今天17号才送到，已经不太香了。4，说回新手机，外观尤其是背面非常惊艳，色彩搭配和摄像头模组都好看。屏幕亮度非常不错，色彩艳丽，但是这个居中打孔真的大，虽然面积和iqoo1的水滴差不多，但是因为是打孔所以显得比较突兀。系统花里胡哨的东西，我大叔级别折腾不动了，回头慢慢研究吧。续航啊，充电啊，后续再追评。
传奇版,12GB+256GB,1,手机拿到之后开机直接处于激活状态，根本就不是新手机。(手机打开包装后开机直接就到桌面了，根本没有相关设置和激活选项，手机里面还安装了很多软件)，本来听说京东自营都是正品，谁知道第一次买电子产品就出现这种情况，太影响心情了，本来手机坏了急用手机，给我来这一出，不是逗着消费者好玩？以后再也不信网购了，一肚子气。
传奇版,12GB+256GB,1,今天是我用iqoo7的第八天，第一天手机刚到的时候激活了有60多的电，我把60多的电用完了，手机没电自动关机了，一样能正常充，可今天晚上的时候在外面，手机用没电了，自动关机了，想到15分钟就能充满，去奶茶店买杯奶茶一直充电，可就是充不进去，就在屏幕中间有个闪电的充电图标那里一直充，充两秒，充电的那个图标就消失了，然后手机震动一下又开始显示充电的那个图标了，一直这样重复，就像充电接触不稳一样，充两秒就断电了，然后又接着继续充电，充半个小时一直充不进去，一直这样，我拿旧手机在~上查，发现有人说用小功率充电器充电试试，我就拿朋友的充电器充，充电就正常了，充了一小会就恢复正常关机充电的页面了，我就开机，也能开机了，就用原装120w的充，就能正常充了，真坑，准备明天白天找客服处理给我退货，不要了，坑，谁买谁后悔
