月光银,8GB+128GB,1,手机很不错哦，祝雷卢二老洪福齐天，，，
月光银,8GB+128GB,1,东西很好，但是抢不到，害得我多费300抢
月光银,8GB+128GB,1,10/27付订金，11/1 0点付尾款。11/7手机才到手。手机5星
月光银,8GB+128GB,1,手机我很喜欢但我对于京东客服已经失望透顶
月光银,8GB+128GB,1,上面有手印，好像被用过
月光银,8GB+128GB,1,标的2299我到手2499 是京东吃回扣了吗
月光银,8GB+128GB,1,全品卷100优惠券不让申请价保
月光银,8GB+128GB,1,待机时间：好像待机不是很好。。。
月光银,8GB+128GB,1,开始卡了，还很卡
月光银,8GB+128GB,1,外观不好看
月光银,8GB+128GB,1,我这个顶部有明显的两个划痕
月光银,8GB+128GB,1,手机不谈，1号付尾款，6号送到
月光银,8GB+128GB,1,购买体验差，抢了很多次才。。。。
月光银,8GB+128GB,1,第一部翻车 等换货 一共花了20多天
月光银,8GB+128GB,1,抢购了几次，别人半小时锁单没支付才抢到的。手机重，其他还好。一星给**
月光银,8GB+128GB,1,手机没问题，配送慢1号付尾款，6号才到，也没送手机卡
月光银,8GB+128GB,1,用了九天了，累计死机三次，重启之后才好的
月光银,8GB+128GB,1,外形外观：耍猴耍猴耍猴耍猴永远抢不到抢不到抢不到
月光银,8GB+128GB,1,手机还可以。就是电池真不行！
月光银,8GB+128GB,1,王者荣耀开不了90帧
月光银,8GB+128GB,1,休息时间打电话！！！！
月光银,8GB+128GB,1,这冲电时间看看要多久？我买的难道是假的
月光银,8GB+128GB,1,只能说没货你还抢空气呢
月光银,8GB+128GB,1,新手机用电很快，续航能力很差
月光银,8GB+128GB,1,小米系统有问题，下方提示字很长时间才消除
月光银,8GB+128GB,1,破手机，外壳还漏光
月光银,8GB+128GB,1,耍猴就算了，还不给保价，狗洞小米一丘之貉
月光银,8GB+128GB,1,外形外观：开胶厉害?
月光银,8GB+128GB,1,摄像头是歪的，我不知道你们买到的是不是。
月光银,8GB+128GB,1,手机不错，京东司马
月光银,8GB+128GB,1,手机坏了买了一个，这个颜色不对。。想打零分但是这个必须一个星
月光银,8GB+128GB,1,干啥啥不行，耍猴第一名
月光银,8GB+128GB,1,手机卡
月光银,8GB+128GB,1,为啥数据上网还会出现断流现象？坑！
月光银,8GB+128GB,1,听筒里面的网子都歪了 漏出白底
月光银,8GB+128GB,1,东西没问题，8号才到货耍人
月光银,8GB+128GB,1,这一星给耍猴雷卢和抢空气的京东！
月光银,8GB+128GB,1,至尊版k30s，好用又实惠，支持小米
月光银,8GB+128GB,1,手机满分，发货耍猴，自己体会
月光银,8GB+128GB,1,电池充电发烫，90HZ电量消耗有点快，不知道为什么
月光银,8GB+128GB,1,读取不到电话卡，换货没货，直接退款，
月光银,8GB+128GB,1,ds机，真不戳
月光银,8GB+128GB,1,耍猴机器。爱卖不卖 抢有什么意义。
月光银,8GB+128GB,1,"一星好评，自己去体会
其他特色：厚"
月光银,8GB+128GB,1,儿子林康宁天天吵着要给他买了还给了100买华子抽
月光银,8GB+128GB,1,抢不到，差评差评差评。。。。。。。。。。。宝贝非常棒，是自己想要的那种风格，到货也很快，谢谢老板，服务五颗星
月光银,8GB+128GB,1,昨天旧手机刚刚摔了，就给我发货了，等了十天就为了等我旧手机摔么
月光银,8GB+128GB,1,断流死机了?都是泪
月光银,8GB+128GB,1,27号预定，6号收到。不多说什么了
月光银,8GB+128GB,1,"其他特色：手机各方面都还可以，但手机充电口明显松动。
但退换又没有手机替代的手机。不知道其他人是否有这个情况。"
月光银,8GB+128GB,1,手机没问题，京东有问题
月光银,8GB+128GB,1,用了一个月不到，手机已经开始出现卡顿延迟
月光银,8GB+128GB,1,"感觉还好，就是这个视频让人不爽。
       有明白的回个话"
月光银,8GB+128GB,1,没有用100全品类券就不说，还手欠点了个分期，血亏150
月光银,8GB+128GB,1,耍猴耍得好啊，雷总。有本事你拿现货来卖呀
月光银,8GB+128GB,1,"外形外观：奇丑无比
其他特色：特别厚，能立住"
月光银,8GB+128GB,1,我只想说：抵制耍猴饥饿营销，请小米尊重消费者。谢谢！
月光银,8GB+128GB,1,耍猴
月光银,8GB+128GB,1,没货恁niang的天天搞预售，买个手机第一次这么郁闷
月光银,8GB+128GB,1,"外形外观：外观面有加工碰撞，有刀纹，
所以说小米还是没有做到严格要求"
月光银,8GB+128GB,1,就是有点厚，有点重，品控有些差，红米就红米，还是华为，荣耀质量体验好，其它还可以。
月光银,8GB+128GB,1,"外形外观：很丑！！
屏幕音效：还好
拍照效果：一般
运行速度：挺不错
待机时间：很好"
月光银,8GB+128GB,1,很好抢，很棒棒，看一群猴猴表演咯，物流很快，11号凌晨下单10点多就送到了，给京东物流满分好评，再接再厉
月光银,8GB+128GB,1,拍照好，电量多，865，可以说是性价比之王了！就是发货有点慢
月光银,8GB+128GB,1,10/27预约成功付订金，11/1 0点付尾款。11/5下午手机才到手。
月光银,8GB+128GB,1,手机不错，对雷总耍猴的手段很不满，祝雷总早登极乐
月光银,8GB+128GB,1,27好号定金  5号才收到
月光银,8GB+128GB,1,换了两台机子，都是屏幕底部发黄，京东说再换得等一个月，这就是期待大半天的手机。
月光银,8GB+128GB,1,"屏幕音效：有杂音，
拍照效果：照片模糊
外形外观：下巴太宽"
月光银,8GB+128GB,1,用了一天半就出现屏幕失灵的现象，点了好几下都没有反应，果断退货
月光银,8GB+128GB,1,欠骂
月光银,8GB+128GB,1,手机可以，但京东这个物流我不喜欢，我27定金，6号到货，一直在采购中！！没货就别订购，耍猴？
月光银,8GB+128GB,1,"外形外观：摄像头突出严重
屏幕音效：lcd中不错了
拍照效果：一般
运行速度：真快
待机时间：真长
其他特色：真值"
月光银,8GB+128GB,1,"拍照效果：垃圾
待机时间：一般
运行速度：一般

其他特色：没得

屏幕音效：一般
外形外观：一般"
月光银,8GB+128GB,1,"手机没的说，这个价位不错的。但是快递太无语了，发货慢就不说了，没货还卖个毛，27号预定1号尾款5号发货。还有这快递速度，北京发北京，连着两次给我发错区，**8号才送达，**的快递都能到了！
客服十个里面有两三个能解决问题，剩下的都是混子，没毛用，购物体验十分之不好。
送货的小哥不错，这一星一半是送货的小哥，一半是能解决问题的那俩仨客服，北京的快递真是稀烂"
月光银,8GB+128GB,1,27号付的定金1号尾款，5号才发货，今天手机无法开机了
月光银,8GB+128GB,1,手机数据线连车载都不能用的，换了也没有用。不知道是手机问题还是线问题！
月光银,8GB+128GB,1,手机特色：没货。
月光银,8GB+128GB,1,居然没有耳机插孔，是设计的时候忘了吗?5000毫安的电池也就够用一天的。再用用看效果怎么样吧
月光银,8GB+128GB,1,一分给物流！策划没分，数年来没长进！除了养活黄牛还能作甚！！！...
月光银,8GB+128GB,1,官方标配，是有耳机的，他这个没有耳机，还什么店铺标配没有耳机，作为消费者，你买手机会没有耳机吗？
月光银,8GB+128GB,1,耍猴卖空气
月光银,8GB+128GB,1,待机时间：待机时间长，性能够用拍照清晰，系统非常流畅，物流也很快，手机外观也很好，重量也可以接受，非常开心的一次购物?
月光银,8GB+128GB,1,"外形外观：满满的廉价塑料感
屏幕音效：暗影特别重

拍照效果：一般般

运行速度：断流断触卡顿经常有

待机时间：5000毫安的电池  中度使用不到一天
其他特色：出乎我的意料之外"
月光银,8GB+128GB,1,外形外观：没用几天后壳就坏了，也没有摔过，但不知道怎么就裂了，问了售后换了要110元，，，换不起。。。。凑合用吧。
月光银,8GB+128GB,1,外形外观：手机整体不错，性能可以，发货延迟补贴既然在活动里还不能执行不如把这个活动取消掉，写出来搞笑的吗
月光银,8GB+128GB,1,第一次用小米手机，我27号付定金的，昨天到手了，猴子们你们慢慢抢，嘻嘻
月光银,8GB+128GB,1,不解释，信号差，和女朋友在一块打游戏，同样移动网，我的卡的不会动，她的没一点事，影响我上王者
月光银,8GB+128GB,1,交了定金的读完尾款说等采购，过了几天收到了一打开就都是灰尘，摄像头还有处磕碰
月光银,8GB+128GB,1,"27交定金，现在才收到货，真的慢。一星给京东
手机本身摄像头突出，发热严重，其他都很好，这个价位还要啥自行车。
快递n不错"
月光银,8GB+128GB,1,这是我买的第二台 k30s  用的挺好的  也没啥 就是喜欢差评
月光银,8GB+128GB,1,"外形外观：别的还好，摄像头突出了
屏幕音效：没试过等膜和壳回来了
拍照效果：一般
运行速度：小米还是可以的
待机时间：暂时不知道
其他特色：用过米八，八se小米还是性价比高，这个手机处理器好，重量也可以接受，男生重点没啥的，便宜实惠"
月光银,8GB+128GB,1,手机没有问题，可以给五星。一星给京东，二十七号预订，一号结尾款，掐着点给的，结果六号才发货。不过京东客服不错，快递也很快，两千公里一天半到，今天下午到城市，七点到手。手机很好，不过不推荐在京东上抢，除非有耐心
月光银,8GB+128GB,1,一般般在这个价上还行吧，就是屏幕真的垃圾要不是LCD屏真的想退。K30至尊要是865就非常完美了
月光银,8GB+128GB,1,先是被k30至尊版耍了了大半个月，又被这个耍了半个月，必须给一星，以后买小米通通一星，手机用着还可以，就是偏重不适合女性，另外还有些图片显示上的BUG，但是很少遇到，其他都可以
月光银,8GB+128GB,1,"外形外观：背面好看，银中泛着蓝色
其他特色：摄像头特突出
屏幕音效：LCD不行，要是有k30u的led就好了
拍照效果：一般，会用专业模式就挺好
运行速度：865很快，无敌
待机时间：用一天妥妥的
把iPhone **汰下来当备用机"
月光银,8GB+128GB,1,"外形外观：挺不错
屏幕音效：非常好
其他特色：144真不错，发布会前几天开始关注，看了发布会预定了，认为11月1号会发货，突然说商品采购，要11月7号左右，生气至极，真的吐，今天早上才到。。。一共等了10几天，我知道非常生气，"
月光银,8GB+128GB,1,"快递太慢，这手机说是年度真香机不过分。这次没抢到的猴不要急，下一次你也还是抢不到?
外形外观：圆润
屏幕音效：听不见，就是听不见
拍照效果：扫个码
运行速度：快
待机时间：正常水平
其他特色：耍猴机"
月光银,8GB+128GB,1,"外形外观：6.6寸屏很大，不错
屏幕音效：2000多块钱没啥要求
拍照效果：就那样
运行速度：安卓确实不是几年前的那样了，很流畅
待机时间：电池很大 一直玩王者能玩一上午
其他特色：一星是给这个物流.27首发买的竟然跟5号买的同时发货，没货在这里卖?挺牛的"
月光银,8GB+128GB,1,"外形外观：外观不错
屏幕音效：屏幕有点暗，有时候会掉帧
拍照效果：还行
运行速度：可以
待机时间：太差了，WLAN直接占百分之五十"
月光银,8GB+128GB,1,作为屌丝表示不配拥有小米手机的哈，已经**了不想在用小米手机了，好自为之我已投奔别的手机，彻底与小米手机直说拜拜??。
月光银,8GB+128GB,1,"外形外观：后盖手感不错，ag磨砂
屏幕音效：还行，以前就用的lcd
拍照效果：一般
运行速度：快
待机时间：长，重度使用将近一天
其他特色：到货了两天体验完来评价的，送的保护壳不好用，手机太厚，总体还满意，但是我想给差评，不为别的，就为抢了一个多月k30至尊版没抢到，而且发布会完付的定金，一号凌晨零点付的尾款，六号才收到货。"
月光银,8GB+128GB,1,一星不谢，一号零点付款，一直采购中，一号十点抢购的都发货了，预购的都没货，找客服连人都不理，也是受够了。手机还行，除了确实有点发热
月光银,8GB+128GB,1,雷军耍猴呢
月光银,8GB+128GB,1,机器使用一周时间了，整机有厚重感，系统不稳定，经常出现卡顿现象，连接蓝牙耳机听不到声音，同一款耳机在其他手机能正常使用。
月光银,8GB+128GB,1,"外形外观：漂亮
屏幕音效：好
拍照效果：一般，能扫二维码就行
运行速度：快
待机时间：牛
用着贼舒服，就是快充有点慢 说实话 要是能有50w
以上就完美了，男人嘛 手机重点 拍照差点都没事，但是打游戏就是要内核够猛 电量够足 充电要快 给差评是因为怕别人看不到"
月光银,8GB+128GB,1,"外形外观：很丑后面一个大镜头
屏幕音效：很难听最近
拍照效果：成像效果极差
运行速度：很卡
待机时间：很短
其他特色：难抢广告多，黄牛巨多对小米的负面感越来越大，祝小米倒闭"
月光银,8GB+128GB,1,"五星好评，预付一星。欢迎nt喷子来耍
外形外观：还行，就是摄像头太突出了。如图
屏幕音效：可以
拍照效果：可以
运行速度：可以
待机时间：待使用后了解
其他特色：灰多（如图"
月光银,8GB+128GB,1,"外放后壳有震动，屏幕下方的阴影挺严重的，摄像头模组严重突出。这是缺点。
优点是144hz刷新率，X轴震感很棒，双扬声器也还凑合。磨砂手感也还好。
当然给一星是因为耍猴，我27付的定金首批用户，竟然今天才拿到手机。吐了吐了"
月光银,8GB+128GB,1,"外形外观：又厚又大又重！
屏幕音效：震手，太震手了吧！还不知道听筒处有没有防尘网！！！！
拍照效果：凑数，扫码玩家，但是好几次打开相机全是白色的，不知道什么情况！
运行速度：还行吧，不知道闪存是三星的还是闪迪的！
待机时间：一天下来还是可以的
其他特色：摄像头真的是太突了吧，拍照也不理想，这么突出来有什么意义啊？
  你们没货卖什么呀？还抢购！一直不发货！！！"
月光银,8GB+128GB,1,"其他特色：一星给耍猴
外形外观：大小没什么说的，主要是戴套偏厚一点，后摄突出严重，前摄边缘发蓝
待机时间：续航不给力，跟我的荣耀note10比感觉像是4000毫安电池，也有可能是系统或者处理器原因。但是一天还是够用
运行速度：运行速度：处理器不错，以前都是用麒麟的，高通系第一次用 。拍照什么的就不说了，日常够用。

屏幕音效：偶尔有点触摸不灵，不知道是不是误触
花粉转米粉过程中，，"
月光银,8GB+128GB,1,27号预定，尾款1号0点给的，5号才给发货的，然后在没货的情况下还抢预定，我也是醉了，差评是给京东的，手机在这个价格还行吧，电池耐用，反应快，就是屏幕一般，摄像头扫码没问题，反正这个价格，可以忽略一切缺点了，香
月光银,8GB+128GB,1,"外形外观：挺好看的吧，没有想想中的那么厚
屏幕音效：LCD永不为奴，振手???
拍照效果：一般般
运行速度：我没有想到的是卡了，开始卡了
待机时间：舒服，超级舒服
其他特色：MIUI12赶紧优化吧，呜呜，好多bug"
月光银,8GB+128GB,1,辣鸡手机屏幕断触   打王者延迟高   换卡还不行    把卡插到别的手机好好的   还好是帮同学买的不是我的哈哈
月光银,8GB+128GB,1,"机是好 机 
3号催发货 没货 说补2000豆子 到今天6号了都没有客服态度挺好 但实际 办事效果=0
物流是快 广州中心 十点多打包好 下午四点到站点 五点派送到  到了包装有一边角进去了  打开包装手机原厂膜 有气泡 
别说我不是米粉 家里空调洗衣机 电视也买三四万 小米家电了
我敢买小米家电。你敢买格力手机嘛?
今天我会申诉售后的
一点也不环保 送这么大一个充电头  还有塑料手机壳"
月光银,8GB+128GB,1,唉！27号下的单，6号上午到的，下午就要申请售后，屏幕黄块儿，而且打王者的时候屏幕两端有明显的纹状黄色条纹，听筒没有防尘网罩(就算不带，那也不至于缝隙这么大呀)希望换新吧！今天出去买张彩票去。。。。。。
月光银,8GB+128GB,1,中大奖了！27号交定金，1号开始发货就天天看评论数量，看到北京的小伙伴们最先收到货，评论数量从0涨到2000我的还没发货。好不容易熬到发货收到货，还未使用一天就偶然发现屏幕在黑色背景下有坏点&hellip;&hellip;&hellip;&hellip;这他喵的又要退回去再换货不知道怎么处理了
月光银,8GB+128GB,1,"外形外观：跟10差不多的后盖是玻璃，底边框是略宽，后置摄像头突出，不过手感还可以。
屏幕音效：音质一般，最大声有震感，那些人手麻的是病赶紧治。正常人谁外放音乐最大声，而且感觉吵，一半音量感觉还行微震。屏幕LCD永不为奴，看着真舒服，边缘略发按可以忽略，用着都不想看米10的绿屏。
拍照效果：跟相机参数不成正比，可以正常用，跟10没得比。
运行速度：*比10跑分多了10w多
待机时间：开144重度头条吃鸡王者6小时
其他特色：屌丝机王，这个价位所有不足都可以包容。别矫情了。差评给耍猴的，不来想买两台，只抢到一台，幸好小米之家可以预定一台。想着抢不到就换品牌。"
月光银,8GB+128GB,1,"外形外观：说句实话，感觉还行。
屏幕音效：屏幕是真的不行，看上去发灰发暗颜色很淡，看上去很难受，卢伟冰说这个屏幕比iPhone11好，我拿人家iPhone11比了比，真的差天远，也就比我以前小米6屏幕强。

拍照效果：拍照&hellip;比较差

运行速度：运行速度不错，144hz屏可以。

待机时间：待机没问题

其他特色：MIUI12的bug真的多，唉。"
月光银,8GB+128GB,1,"外形外观：厚重
屏幕音效：没感觉好，白得不纯，昨晚看了一个720p的都比他纯，屏幕看久了也不舒服
拍照效果：一般
运行速度：一般
待机时间：和华为4000毫安的没多差别"
月光银,8GB+128GB,1,"屏幕音效：非常好手机五星，一星给耍猴，6号才到货
首先LCD党，任何入手LCD手机的人，排第一的是屏幕，高品质屏幕和护眼是第一位，其次是处理器，和运行内存，大电池
最不关注点，拍照和售价，售价可高但屏幕素质要好，LCD手机我认为可以使用升降保持屏幕完整性，个人理想LCD手机，高品质屏幕，伸缩摄像头，12g加256，最新处理器，大电池"
月光银,8GB+128GB,1,"外形外观：外观不错 比k30纪念版好看
屏幕音效：屏幕不灵敏打字老打错 或许是我有些手残，但是触摸有些不灵敏 不使劲按有时候不好使
拍照效果：还可以吧，也不注重拍照
运行速度：反应速度一般吧，毕竟价位在这呢，删个聊天记录还得等延迟
待机时间：电池没感觉到什么 本人主玩iPad开热点本身就很费电
其他特色：说一下为什么买小米，17年看见米6就惊到我了，因为当时买的7p不久就没买小米！最近想着换个新手机吧，想着要挺一下雷哥，京东小米供货商的客服不得不说是真吊，好像是我服务他似的，没抢到k30纪念版，突然这个就上市了，发布会当天抢到了 等了好多天 今天6号才收到（昨天预计到达没能准时到！专属客服拿我当猴耍），没感觉有多香 反正这个价是很值得，nfc很灵敏 上班刷门禁就爽了，操作不简介 全屏操作是模仿的苹果 整个震动有动作就震，很烦，滑动返回不灵敏 需要使劲滑一下才行，小米虽说主攻学生手机 但是质量也提升一下啊，使用感觉很一般，最后说一下价格用了北京消费卷2049.1因为缺货等了好几天嘛 又索赔了5000京豆，算是到手价1999吧。也就刷门禁 刷地铁 开热点 就这几个用途 还是我的mini5香啊！！！应该给中评 但是怕你们看不到  所以嘛，嘿嘿！"
月光银,8GB+128GB,1,手机反应还是很快的，毕竟865处理器，拍照还可以，满足日常使用，快递也很快，隔天就到了这个还是可以给5星的，5000毫安的电池是虚标的吗？就是奔着安卓机大电池买的，不打游戏，我苹果7p这么小的电池都用了3年了还能用一天，这个插两张手机卡，允许通知只开了一个QQ，一个微信，一个***，后台不运行任何app只待机的情况下一下午的时间都能掉百分之二十多的电量，现在我都把另外一张卡4g给关了，图片上是下午五点多冲满100％的电，任何app都没打开，到晚上十一点多掉了20％的电了
月光银,8GB+128GB,1,到手价格 支付金额 ￥2049.10 还行把。就是太厚了。正在传资料 一会看看咋样。不行就退了。
月光银,8GB+128GB,1,包装简陋，送来时外包装盒被撞扁，可想而知手机收到多大的冲击。手机本身并没有网传的那么好，电池虽然说5000但是不耐用，lcd屏幕发暗发灰，四边直接发黑，没有屏下指纹识别比较麻烦，小米系统也大不如从前好用，广告满天飞，设计不人性化，总之比较失望！
月光银,8GB+128GB,1,"一星给京东
5号2499买的，血亏，抢到后发现卷用不了，准备退，然后想到有价保，打电话给京东客户，客户说让我订单完成后在给我作废***，退补200元给我

然后:我收到货后，京东另一个客户，说不行，是秒杀商品，处于无货状态，不支持价格保护，需要再抢到一个订单对比一下才可以价保，

早干嘛了，不给价保，血亏
今天又打电话给我说，今天过了价报时间。。价保不了

手机很好用，香，京东赚我了我200血亏。。
其他特色：
音质:不行，一般音质，一听就知道
屏幕:还好，不过没有预期好，吹了一点
摄像头:扫码而已够用了
处理器运行速度高刷用起来没的说，奥利给
MIUi系统香

手机Are you Ok ？
Ok的，香，快给我买"
月光银,8GB+128GB,1,"外形外观：外观很好看，银白色带点蓝，但是摄像头凸起太高了
屏幕音效：双扬声器，声音大的时候整个后盖都震动
拍照效果：中规中矩，要求不高，64w
运行速度：865 +3.1+ 144当然顺畅啦
待机时间：一天一充
其他特色：基本抢不到
给一星主要是为了让有需求的朋友看到

很多买这手机主要是冲着LCD屏旗舰去的，高亮度很好，结果低亮度是pwm调光，这点很失望

低亮度能不能加入DC调光，求全局DC调光
低亮度能不能加入DC调光，求全局DC调光
低亮度能不能加入DC调光，求全局DC调光
有这需求兄弟们帮顶上去"
月光银,8GB+128GB,1,"给差评的原因是想更多人看到。我也不知道我这样发会不会通过或者得罪什么人。首先我是2499买的，卷没用上返还了2万豆。在某鱼79叫黄牛代拍的（希望别耍猴了，这样风气不应该助长）相当于2378到手。
以下我就说说缺点吧！
外形外观：后摄像头突出，不过我不介意！还是香
屏幕音效：音量调到较大的时候，后壳震得厉害！
拍照效果：扫个码绝对没问题的，一分钱一分货！
运行速度：这个挺不错，可惜没有12G。RAM版本！
待机时间：5k毫安电池，相当可以！
其他特色：该有的都有例如，呼吸灯（灵魂啊），lcd屏（本人不喜欢oled屏）大电池，高刷，唯一的缺点是异形屏，如果是全面屏就完美了！但会增加重量。有得有失吧！     多花79！能抢到还是廷香的"
月光银,8GB+128GB,1,五星给手机，一星给京东
月光银,8GB+128GB,1,太难抢了，买不到怎么好评
月光银,8GB+128GB,1,可拉倒吧，耍猴，买不到，真是太气人了可。
月光银,8GB+128GB,1,手机没问题。耍猴给差评。
月光银,8GB+128GB,1,京东金融服务贼差，差评
月光银,8GB+128GB,1,对于京东快递的服务表示无语
月光银,8GB+128GB,1,预估京东这波收割几万差评?
月光银,8GB+128GB,1,手机非常好用，抢到不给差评都对不起自己！！！
月光银,8GB+128GB,1,价格套路，严重差评
月光银,8GB+128GB,1,价格套路，严重差评
月光银,8GB+128GB,1,其他特色：预售付定金购买，结果一直拖到7号发货
月光银,8GB+128GB,1,辣鸡差评麦克风话筒像快断气了一样
月光银,8GB+128GB,1,差评，垃圾***
月光银,8GB+128GB,1,垃圾，摄像头有灰尘。懒的退了
月光银,8GB+128GB,1,京东客服无视客户要求，爱理不理，全部商品我给差评
月光银,8GB+128GB,1,太**难抢了 就算是抢到我也要给你差评  简直是把我恶心坏了
月光银,8GB+128GB,1,什么都不说了，一星给小米。耍猴???
月光银,8GB+128GB,1,买了不到一个月，卡顿，延迟现象很频繁
月光银,8GB+128GB,1,天天耍猴，1号付尾款今天才收到，先差评
月光银,8GB+128GB,1,发货太**慢了，京东越来越恶心了！光收钱不发货。
月光银,8GB+128GB,1,有100块钱全品券客服不退差价，本来2199可以到手的，差评，而且我还要继续投诉
月光银,8GB+128GB,1,太慢了，10月27预订，11月10才收到货。
月光银,8GB+128GB,1,非常难用 老掉帧 还抢购 下次再也不买小米了
月光银,8GB+128GB,1,辣鸡京东，一天两个价，还不给保价！价格保护就是一个笑话，谁信谁倒霉！&hellip;&hellip;。。。。。
月光银,8GB+128GB,1,发货速度实在是慢，预计一天到的，却变成采购了，足足等了四天才发货
月光银,8GB+128GB,1,抢购过程让我很不爽，好几次都没抢到，虽然捡漏了一台，我仍要呐喊：xx小米
月光银,8GB+128GB,1,一星给耍猴！遍地是黄牛！
月光银,8GB+128GB,1,掉帧明显充电速度太慢，屏幕一般和40p相差甚远
月光银,8GB+128GB,1,老是屏幕失灵，垃圾手机
月光银,8GB+128GB,1,待机时间太短了，一天都不用，晚上就没电了。
月光银,8GB+128GB,1,作为二十七号第一批预售的买家，居然比第一轮抢购的收货还慢，没货预***呢，付完尾款，还要采购一星期
月光银,8GB+128GB,1,手机摄像头突出太厉害了，比我想象中的差太多了
月光银,8GB+128GB,1,发热太严重了，拿手里一会就和暖手宝一样
月光银,8GB+128GB,1,屏幕很垃圾，大家别买
月光银,8GB+128GB,1,其他特色：差价不退，客服一直扯皮，屁用没有，浪费时间，还影响心情
月光银,8GB+128GB,1,在直播间承诺了付了定金的11月1号领券到手价2299结果到了1号没有券？付款了2499，申请补差价，京东还不给补。这么言而无信？我当时还专门截图了就怕你们不认，真的是，果然
月光银,8GB+128GB,1,信号差，玩王者发热严重，信号差，网速卡顿
月光银,8GB+128GB,1,自拍太差，看不清楚我的猴样！不行
月光银,8GB+128GB,1,其他特色：京东商城我算是体验到了，一个破手机等了我10天才到，没货卖锤子啊，**的狠，手机还在看。
月光银,8GB+128GB,1,"京东，小米都是差评
说好的2299，实收我2499，我领的200百元卷不能用，还不给退差价。"
月光银,8GB+128GB,1,看到猴王卖手机我啪就点进来了，很快啊！然后上来就是一个收藏、一个关注、一个加购，全被猴王全部防出去，防出去了啊。防出去以后自然是预约，以无货为止，手指按在提交订单上没移开。猴王笑一下，准备给我f码，因为这时代流量为王，他已经赢了，如果这手机卖火了，一下就把米捧高了 到点了手不停的搓屏幕付尾款没移开，它也承认我购买成功。啪的一下猴王突然袭击，把发货手机拖了许久，我大意了啊，没有手机用了，诶，我又拿以前的小米订单把up猴王的东西全追了差评，没关系啊，我当时就已经破防了，心态崩了，捂着眼，我说好好就等你拖着发货。然后几天以后，几天以后诶就好了，我说猴王你不讲诚信你不懂，他说：密粉密粉对不起，对不起，我不懂商业规矩。啊，我是真的没货&hellip;他说他是没货的，他可不是没货的啊，售前预热，广告营销，开卖秒光 后来他说他耍过10年的猴子，啊，看来是有bear来！这猴王和它的手下不讲规矩，来骗！来偷袭！我10年的老密粉，这好吗？这不好，我劝这位猴王耗子尾汁，好好反思，以后不要再犯这样的聪明，小聪明啊，商业要以诚信为贵，要讲规矩，不要搞耍猴，谢谢后孩儿们
月光银,8GB+128GB,1,差评，我27号第一批就下单了，11月1号付款，6号才配送，我看评论别人早就收到了，我为什么晚好几天？
月光银,8GB+128GB,1,手机不错的，发货这速度简直了27号付的定金，一直不发货。我想请问一句没货搞什么预售?
月光银,8GB+128GB,1,"10.27交定金，11.1交尾款，11.5开始发货，11.9到手。
啪的一下就耍起猴来了，很快啊！"
月光银,8GB+128GB,1,真的不行，还是得买华为，到手用了一下，垃圾手机已经退了，还是华为牛批
月光银,8GB+128GB,1,发货太慢了，明明是定金预订，却一直不发货，评价前一万的奖励都拿不到了
月光银,8GB+128GB,1,拍照效果：亏我是个米粉，用了好几部红米手机都是信号不好我们用同样的卡，同样的位置华为的很快，我却没法用，对红米太失望了而且还没货等了七天辣鸡
月光银,8GB+128GB,1,唉 好差劲啊  只有一个手机  什么该配的配件都没有  服务态度还不好
月光银,8GB+128GB,1,别买，武汉发货的都是二手翻新一堆毛病，耳机接上去都没用。
月光银,8GB+128GB,1,物流太慢，等了6天才发货，手机太厚重，拍照还不如苹果12
月光银,8GB+128GB,1,这次预售不给差评对不住米猴，屏幕吹得太过分，相机凸起快一半机身厚度
月光银,8GB+128GB,1,"1号给尾款不发货,说没有现货.一去投诉就发了,那为什么当初不发呢?投诉就能有现货对吧?果断1星好评"
月光银,8GB+128GB,1,价保双11，却不给价保，辣鸡，骗人玩文字游戏，天天在这耍猴，好玩吗
月光银,8GB+128GB,1,运行速度：用了几天，感觉有时候很卡很卡。做工不精细啊，便宜没好货。
月光银,8GB+128GB,1,手机千万好，差不过一个耍猴。从11.1到双十一，而且我就不明白了双十一碎屏保买一送一几十块，抢购哪有时间加购，买完了加碎屏保一年一百多，问京东客服说价格变动，不仅雷军耍猴，京东操作也很e心
月光银,8GB+128GB,1,发布会完就付定金，零点二秒付的款，五号才发货，一星送给京东??
月光银,8GB+128GB,1,一般，没有想象中好，太重了，后面的摄像头突出得太明显了。
月光银,8GB+128GB,1,不愧是***，拿退换货送给我了，除了二次塑封之外，基本上全是打开过的痕迹。
月光银,8GB+128GB,1,京东耍猴只有8+128G，这一颗星给京东。手机一般般毕竟就这价格。10.27号下的定金，11.7号才收到货。耍猴呢。慎重。
月光银,8GB+128GB,1,别的先不说，今天收到的货，屏幕上贴膜有气泡，问客服说让撕掉就可以了，这售后真的很差
月光银,8GB+128GB,1,这个差评是给京东，凭什么不给我补差价，我双十一买的，贵了200，没用券，跟客服说补差价，不给补，这就是你们的价保承诺？？？？
月光银,8GB+128GB,1,一次比较差的购物体验，手机被人半路打开了。又申请换货，开始漫长的等待&hellip;无语???
月光银,8GB+128GB,1,替没抢到的给差评，卖期货，没人比猴更专业！难为了，十年不忘初心！业界良心
月光银,8GB+128GB,1,不说什么，才用了三天，王者打着打着直接卡死，关机重进都不行！直接搞心态
月光银,8GB+128GB,1,一星都不想给，拿到屏幕就有问题，质量太差了
月光银,8GB+128GB,1,手机很不错 爱了 但是是真的难抢啊 连这抢了半个月 还有优惠券也不让用 真麻烦
月光银,8GB+128GB,1,双12抢了一台，震动马达坏了，死活不震动，申请换货，居然说没货可换，只好退款了。
月光银,8GB+128GB,1,买到后面还贵300  我心情能好吗？   都是抢 2299我抢不到  等了那么久还要花2599去抢???这是**什么逻辑
月光银,8GB+128GB,1,屏幕膜是歪的还有个凹坑，京东专员各项坑，说好原价补给我，结果告诉颜色不一样不补款，当初你说清楚啊。
月光银,8GB+128GB,1,预售都这样了 还能说什么 真是网上说的区别对待啊 不服不行  预售现在才到货
月光银,8GB+128GB,1,"一星给快递，差评给耍猴。
另外我这台拿到小米之家看了说是二手机，因为膜贴的有问题，出厂膜不会那样贴的。没货我也不好退换，小米之家帮贴了新的。"
月光银,8GB+128GB,1,运行速度：用了一个月  已经有卡机现象了   没有跌过  现在我刚死机两分钟过来差评的
月光银,8GB+128GB,1,感觉是别人用过的，里面下载了好多软件，客服说是出厂商下载的 ，我老公说买了就算了，好不好自认到霉，下次不要信京东了，自营也不可靠
月光银,8GB+128GB,1,垃圾手机，感觉比他么一千块钱的手机还垃圾，什么**小米，手你吗什么机
月光银,8GB+128GB,1,这手机设计的就是反人类，大游戏时很容易把喇叭盖住，而且信号是特别差，差到你不敢想象
月光银,8GB+128GB,1,预付定金，京东第一时间支付，晚了一周，找客服投诉至今没有回应，手机再好也抵不过购物到货体验差。京东所谓延迟补贴形同虚设。在小米官网买的手机壳第二天就到了。
月光银,8GB+128GB,1,手机没有任何问题是部好手机！但是买了这么多手机第一次遇到手机充电插头是坏的  插上电源一直在那自动断开充电简直了  客服完全就是机器人根本不能解决问题
月光银,8GB+128GB,1,"手机非常好，没说的，小米手机性价比就是高
但是这个差评是给京东的，给京东差评，给京东差评，
地区歧视，27号付的定金，今天才拿到货，要不是天天催，
估计还得等好久"
月光银,8GB+128GB,1,屏幕音效：很差，放歌时后盖跟着振动，还很麻手。买时还是到实体店亲自感受下，以免上当。另外抢购时分期要选仔细，不然就要后悔了。
月光银,8GB+128GB,1,"运行速度：卡顿明显
这机子865的芯片，实际用起来，卡顿很明显，体验很差，真的不能全看参数。"
月光银,8GB+128GB,1,"一星给京东和雷猴。一直耍一直爽
屏幕素质一般没iq得好。充电时间也没菊花的40破快没啥用"
月光银,8GB+128GB,1,像素6400w.后置是真的吗。。，为什么比我原来4800的还差劲，模糊不清，放大10倍真的没眼看。买个教训吧
月光银,8GB+128GB,1,这手机是不是没质检就出货了，运气这么背，才用几天就出故障了！！！！！！！已申请退货ing.........
月光银,8GB+128GB,1,手机总是莫名的没有无网络无信号，打个电话总是会自动挂断 手机最基本的通话功能都受影响那还是手机？ 非常后悔买了
月光银,8GB+128GB,1,手机耗电快，用了几天耳机用不了要重启手机才可以用耳机、这个是不是翻新手机啊？太多问题了，才用十多天一大堆问题
月光银,8GB+128GB,1,*****了，手机到手原装膜灰蒙蒙一片，很脏，去售后服务点贴个膜都说没有这个型号的膜，联系小米官方客户，和京东自营客户，回答让我自行处理？？？？花钱受气的？？？
月光银,8GB+128GB,1,京东自营经典耍猴，比小米还能耍，掉价都不保价的，没货是你不保价的理由么？11号买的，第二天就掉价，打电话啥的嘴皮都说破了都没用，说没货没法保，反正我是看透了，开个plus会员也**没有，这次购物对京东失望透顶！！！
月光银,8GB+128GB,1,挺垃圾的，还是不信任小米系列手机，开几个应用就卡了，然后清理了才不卡，我两年前的荣耀都不会这样子。
月光银,8GB+128GB,1,"待机时间：告打得不错 电池还是一般 
运行速度：运行速度感觉像假865，最不可思议的是，才用一礼拜给我死机一次！！！说实话我也是老米粉了，扎心了老雷。"
月光银,8GB+128GB,1,耍猴耍了整整5天啊，在你京东买就图个物流快，结果耍猴不说，还说到货了给豆子补偿，结果毛都没有，差评打王者还460辣鸡
月光银,8GB+128GB,1,这次买这个手机感觉非常的差，手机蓝牙都打不开，申请售后换货还非常的慢
月光银,8GB+128GB,1,这屏幕裸奔也太不抗划了，在牛仔裤口袋里放了一天屏幕上就出现了两个划痕，真垃圾，还是得贴膜用
月光银,8GB+128GB,1,"屏幕音效：哎，音质太差了！不管是蓝牙还是有线，音质都非常差！这音质连我2年前的360n7pro都赶不上。
很后悔，我应该买q3的！！！"
月光银,8GB+128GB,1,之前一次抢购到的，屏幕跟机身之间有些缝隙，然后申请换货！同意的倒是挺快 但是一直没货 等了半个月 给我发了一个 居然比上次的缝隙还大 凑合用了 小米品控真是差劲
月光银,8GB+128GB,1,"差评给京东，27号附的定金，1号凌晨付的尾款5号发货。 天天刚客服，不刚不给发货。

手机都挺香，就是前置摄像头绿的我难受。"
月光银,8GB+128GB,1,**玩意，利用大数据杀熟客，鄙视你们多收我200块钱，还不同意退。以后大家买东西都去**。?东生意好了就飘了，把顾客不当回事。大家一起抵制这**玩意
月光银,8GB+128GB,1,"手机是很好的。差评的原因是因为京东耍猴
27号的定金，1号守着0点付的尾款，然后就是等待系统确认，直到9点51的无货等待配货，没货搞什么定金预售？？？
人上人地区一直在发货，我这江苏直接就没货，上海仓往外地发，本地区的没货也是骚操作，这就是所谓的付款顺序优先发货？
1号那波抢购的有的收货竟然比27抢首发的还早，真是呵呵
辣鸡！"
月光银,8GB+128GB,1,我只想说，这是新机器？？？？！！！包装膜这样我暂且忍了，这明有人工擦拭的痕迹。供货不足就算了！拿别人退掉的然后连处理都不处理就拿出来卖？？太失望了！！！！
月光银,8GB+128GB,1,原价2499买的我也不去说什么了，屏幕发黄也没有什么好说的。这个鬼手机断流你敢相信？？？？每次接完电话就断流，一段就是10S左右，K30S我对你也太失望了。真的不知道说什么好。
月光银,8GB+128GB,1,手机没话说，10月27号3500名付的定金，11月1号早上起来付的尾款，11月6号才发货！！！    朋友在小米商城买的早就到手了，预售卖了4万多件，你没货11月1号还开抢购！！！这不是耍猴吗？？！！！！！！直接差评！！！！
月光银,8GB+128GB,1,千万别买这手机，网上一搜全是这手机屏幕失灵的消息，经常打完电话无法使用触摸屏，之前的都没录下来，
月光银,8GB+128GB,1,就是重，振动也垃圾，经常听不到漏接电话，都给领导叼了好几次了，真是冤，振动比我现在用的转子马达的k20pro还差，都不懂怎么调教的
月光银,8GB+128GB,1,本不想评价的，付定金，尾款的时候系统不默认使用优惠券，付多了两百块钱，收到货后不给保价，买了六天才收到货，第一次感觉京东这么**，联系客服说有专员处理，结果找了三四次才打电话过来，发过来也没有实质性的解决，京东真棒，区别对待客户，别人申请就通过，我申请就不通过。
月光银,8GB+128GB,1,运行速度还不如我的4G荣耀not10，才用一天就死机两次卡住不动了！电池就别提了别说游戏就是正常用也就半天，第一次用小米家的手机也会是最后一次了！
月光银,8GB+128GB,1,手机已收到，运行慢得有点狠，连接同一个WiFi，视频卡的动不了，游戏更新速度，让人怀疑人生，看蓝光视频竟然还有蓝边，我上一代红米note7一点没问题，红米越来越让人失望了。
月光银,8GB+128GB,1,话不多说先给一个差评，27号付定金，1号付尾款，今天才发货，玩呢？没货别拿出来卖啊！
月光银,8GB+128GB,1,等了这么久，才发货。好不容易等到发货了到手手机膜是皱的，表面还有指纹，你跟我说这不是别人拆过的？跟客服联系，客服跟傻子一样，就知道说全新的，全新的？你家全新的长这样？辣鸡，
月光银,8GB+128GB,1,讲真的，手机配置挺好的系统12真的不行，不自动读取车票不说，后台经常是黑的，我刚打开的软件后台一个没有，而且有时候后台还会卡在后台界面上，只能点叉
月光银,8GB+128GB,1,手机盒里面有槟榔渣子，现在买手机都送槟榔了？要不就是你们员工吃的，要不就是二手用过的，在我买过的手机品牌里面小米品控最垃圾，不会再买了，垃圾小米！！！
月光银,8GB+128GB,1,垃圾，连无线后卡的要死，还不如米8  你们有这问题吗，看个京东都卡的
月光银,8GB+128GB,1,这个差评是给快递的，收到快递盒子尽然破了，手机用着一般，摄像头贼突出，相比2000出头人买的感觉2599这个价不怎么香了，会再来追评
月光银,8GB+128GB,1,"我换钢化膜的时候发现上边框和屏幕有缝隙。而且还会进灰。进东西,说是扬声器,但是那个缝隙根本就不平。感觉斜着,找客服真麻烦,谁也不管太*客服,。"
月光银,8GB+128GB,1,首先手机没有问题，被耍了一整个双十一凌晨终于抢到，自营物流也没得黑，当天下午就到了，唯一令人大失所望的是提前领取优惠券了因为系统的原因结算时没优惠上，和客服耗了一个礼拜的时间才退成功，我是不知道京东客服部门内部管理是有多混乱，当天咨询客服表示到货后可以退还差价，后续两天接待的客服回复都是催促赔付，出于信任我选择默默等待，退款迟迟没有到账，后面几天接待客服一个个又都和我说不给退了，今天再次进线催促此事才完结，时至今日已整整五天的时间，退款刚刚到账，反观我plus会员的朋友，和我一模一样的情况，当天催促下午就到账了，这就是plus专属客服的力量？但同时我也不禁想问问京东，一件简单的事情为什么要弄的如此复杂，为什么一定要让客户软磨硬泡直至破口大骂，才肯申请赔付？写这么多我知道并不会引起京东的重视也不会影响到小米手机的销量，我仅仅只是想出自己心中的一口气罢了。
月光银,8GB+128GB,1,摄像头凸出的想吐，早知道去实体店看看，你凸出也不能凸出这么多。好看吗？红米的产品经理？产品介绍里面怎么不说这一点，第一个小米手机，辣鸡啊！
月光银,8GB+128GB,1,"运行速度：65万跑分，很快
待机时间：一天一天一天
拍照效果：一般一般
屏幕音效：还好吧
本来有很多话想吐槽，手机到的那一刻就不想吐槽了，甚至想给五星好评，不过！这次京东购物体验不是很好，1星给京东。
你们到货了吗？提早买提早体验哦哦"
月光银,8GB+128GB,1,"在京东这么大的平台而且还是自营店买到二次销售的手机可笑不可笑
我于2020年11月27号早上十点十四分在京东自营店下单买了一部小米k30s至尊纪念版的8+128的月光银手，2020年12月2号下午三点收到手机，外观包装都可以，激活手机时手机上显示别人的小米帐号已很登陆过，这时我马上打小米官方客服电话查询手机的激活时间，客服的答复给果为：本手机于11月24号被人下单买走11月26号早上9点多被激活。我买的是新手机，京东你卖给我一部别人用过的退货机你们的良心可真坏，。"
月光银,8GB+128GB,1,作为北京用户  27首发购买    6号才到货  这也就算了  虽然这手机**也才1900   但是屏幕有严重发绿色准失调现象 和我朋友k30s手机屏幕完全不一样  我拿到的是个故障机吧   手机已经拆封使用 自认倒霉吧
月光银,8GB+128GB,1,手机自动亮度在光线暗的地方亮度都看不清楚屏 亮度手动调亮后还会回到最低亮度 触屏有时失灵 七挡变速没见着 只有三挡60 90 144我都怀疑在京东自营买到假货 只能感叹鸡肋差评
月光银,8GB+128GB,1,"外形外观：摄像头比想象中要突出一些。
屏幕音效：很宝贵的LCD屏幕,144hz很爽。

拍照效果：马马虎虎，不是主打拍照的机型。

运行速度：865的合格水平，马上875要出了，不知道什么差距。

待机时间：5000毫安时很厉害。

其他特色：不发货。4号买的人都发货了，就是不给我们第一批预售的人发货，客服只会复制粘贴。问客服：不发货怎么办？ -有解决方案。 什么解决方案？ -没有解决方案。 真的厉害这客服，一星送给客服435532号。到手包装得很用心实话实说，但客服的敷衍态度、延迟的发货时间送你们一星。"
月光银,8GB+128GB,1,买到个故障手机，有个卡槽既没得信号又没法上网，要求换货啊还通知说没得库存了。要差不多一周才能有，相当于一周的时间一张卡都没得法用。这么大个品牌，一些应急的手机都没保留，全部卖完了。有这么缺钱吗，急着全部卖出去。
月光银,8GB+128GB,1,才买不到一个月  还一直带着保护套  也没摔  自己背面就裂纹了   然后问京东售后  还要我交150自己掏钱维修  之前给奶奶买的红米9也是屏幕碎了要自己掏钱维修  问客服又是自己去找售后网点  我真的呵呵了  以后再不买小米  小米这质量  一味追求性价比   我话放在这  小米3年之内必倒闭  ***吧  ****
月光银,8GB+128GB,1,年轻人的崩溃是从抢小米手机开始的，从始至终小米的第一批，第二批预售我从来没抢到过，然后我还依然坚持守在开售的第一时间，是因为穷，也是因为热爱！等什么时候不再需要抢这条差评就取消了。
月光银,8GB+128GB,1,不是爱耍猴吗？不是抢到了也不发货吗？可以呀，那我遇到了直接差评就行了。没备好货就不要卖，搞个噱头然后让人跟傻子一样抢那就别怕被人骂喽   机子质感很普通，重而且坠手。
月光银,8GB+128GB,1,手机有点卡，双击亮屏与息屏，只能用双击亮屏！是不是反应慢，有点卡顿，才买两天！！还有一台VIVOneo3 ，买了两个月，双击亮屏与息屏没点问题，反应超快，第一次用这个牌子！小米的忠实粉丝，小米5，小米8，如今30s，失望！
月光银,8GB+128GB,1,屏幕音效：【pwm 闪屏垃圾】K30S 的LCD屏幕居然不用DC调光！ 没想到是pwm调光，为什么不是DC调光？ Pwm调光闪屏啊，所以还是眼睛疼不舒服累呀，希望增加DC调光功能选项。
月光银,8GB+128GB,1,用了20天了，基本还可以。重量比较重这个就没啥可说的了，但是有时会出现突然死机重启的情况，不知道为什么，现在这个问题很严重，两天连续3次出现死机重启的情况。以及，最重要的！！！发货实在是太慢了，不仅小米耍猴，京东也耍猴！垃圾**！！！！
月光银,8GB+128GB,1,"运行速度：手机系统经常会假死，不知道为啥，865的机器，不应该会卡啊，可我的时不时就会卡死一下，有点搞不懂。
拍照效果：摄像头特别突出，突出的有点夸张了，可能是给成本让步了吧。"
月光银,8GB+128GB,1,手机除了厚重，王者荣耀断流其他都挺好的，小米还是性价比很高。差评是给京东的，**真恶心，明明领取了200元优惠券，付款时没用到，联系平台客服，第一个客服说可以退差价，收到货再次联系就不承认了，服务真的顶，网购这么多年第一次碰到官方平台这么不要脸的，后续的客服也只会说登记给电话专员处理，然后你就等着吧，48小时后那个专员事情都不了解，反正就是一句话，保价不了，钱不给退
月光银,8GB+128GB,1,快递破损，付完尾款三天才发货，身为北京地区的购买的时候没有任何提示可以用消费券，有消费券购买的时候没有自动用，联系客服也不能重新拍了，只能硬着头皮原价买了，很无语，手机外观不错，有些太厚了，865很香
月光银,8GB+128GB,1,原本不想评价的，但是太过分了，发布那天买的，发货慢就算了，刚拿来几天就wifi一断后面很难连上就算了。现在不到一个月充着充着电就黑屏了，完全不亮了，开机什么的都不行了。太过分了。
月光银,8GB+128GB,1,我收到的手机也是应该是二手的，打开包装有灰尘，包装与手机之间有异物，手机左下角有划痕，手机充电器有明显的划痕，手机开机电量是50%，如果是小米官网发的肯定不会出现这些问题，京东卖残次品也不是第一次了，前几年在京东上买过两次魅蓝note2（手机左上角缝隙大，不是返修就是残次品），奉劝大家不要在京东上买东西了，反正我是最后一次了，花同样的钱，为什么不买全新的呢，相信和一样经历的人有不少，
月光银,8GB+128GB,1,"外形外观：漂亮
屏幕音效：好听
拍照效果：一般颗粒感十足
运行速度：快的飞起
其他特色：真香
待机时间：两天充一次
差评是给老卢的，老子5月份买了个k30pro3000块，六月份就掉到2200一个月掉了八百块踏马的，满共才三千的手机，以后买老卢的东西直接差评，11月11号当天买的下午就送到了，上手真爽啊，卢伟冰你坑我一次我差评你一辈子，秀下我攒的宝贝显卡，"
月光银,8GB+128GB,1,***的垃圾手机，打个王者经常给我断流，wifi好的时候卡，wifi不好的时候切数据直接卡半天不动，用了一个多月，现在连打开个***都闪退，第一次用小米，真有你的，
月光银,8GB+128GB,1,耍猴吧就 我是最早一批27预订的  1号付的尾款  6号才发货  中间我催了无数次  货到了还不派送？？？？ 我自己上门取得  电车半路还没电了  我服了  真的无语  没货你卖什么手机  第一批都没发走 就卖第二批。手机唯一的缺点就是太厚  别的无所谓  真的不喜欢这种营销
月光银,8GB+128GB,1,"外形外观：外形一般  摄像头突出一开始就觉得无所谓吧
屏幕音效：屏幕是真垃圾，冲着LCD护眼买的结果使用了几天眼睛不舒服就是有一种雾蒙蒙的感觉深超屏幕真差，不要被参数忽悠了，都2020年了还有这么差的LCD真不如几年前了去他的性价比真不如苹果11对国产失望了。
拍照效果：没用过
运行速度：我追求好的屏幕
待机时间：耗电快充的快
其他特色：第一次买小米也是最后一次"
月光银,8GB+128GB,1,雷猴王不愧是雷猴王，买货耍猴，发货还耍猴，10w现货就这？首发用户到5号晚上才拿到手，没现货你就别在京东上卖啊，全在你那破小米商城上卖不好吗？在京东上买了这么多东西基本没打过差评，这次真是给我气到了，猴子们别挠。
月光银,8GB+128GB,1,"差评给京东的，跟机子没关系，跟机子没关系，跟机子没关系。
最早付定金，最早付尾款，4天后才发货，没货你收毛线尾款？晚付定金，晚付尾款都到手了，几个意思？别把责任推到仓储、产能什么的，京豆不要了，反正你们不在乎差评，也不在乎12315的投诉，还在待受理中。
机子是挺香的，第二次买小米，雷军刚说三季度超过了苹果，没想到饥饿营销这尿性还是没改。三大件没话说，拍照中规中矩，估计1亿像素也就那样，参考晒图第四张2400W残幅拍的，关键拍出来的文件还贼大&hellip;&hellip;质量不行，占空间挺在行"
月光银,8GB+128GB,1,终于等到你～～～红米K30s至尊纪念版！但期望越高失望越大！厚重，屏幕显示差，发热严重，拍照模糊&hellip;是不是运气不好，反正这款手机和红米Note系列无明显差别，千元机卖两三千&hellip;&hellip;&hellip;
月光银,8GB+128GB,1,真的不想说什么，本以为小米会越做越好，谁想到会是这样的垃圾品？这是我第一次买小米的产品，也是最后一次，整天跟华为比，跟苹果比，简直就是笑死人，自己的品控都还做不到，还做什么？去跟人家比，连这点品控都做不到位，还想做高端机，真是滑稽，可笑，以后那些水军闭上你们那些臭嘴吧！你们的那些品位，我真替你们感到可笑，那些不服的，闭上你们的臭嘴，也别来烦我，我没收谁的广告费，也没收谁的好处费
月光银,8GB+128GB,1,多说无益，买回来手机麦克风收音特别小，申请十五天换货说没问题原反，然后联系客服说确实有这个问题，客服说可以去线下检测一下，有问题的话换货是可以继续的，我去了，当时测试人员也说声音特别小需要拆机检查，拆完机他说没找到问题，但是他承认麦克风收音特别小，说需要另外拿台同款机做对比，过了三天让我去取手机，说手机根本没问题，我过去拿回来诶，收音好了，问他他说没修，就这样，笑死我了，把我当傻子，你不给换就算了，骗人没必要吧，也不想我参与这售后了，来来回回一个多星期，修好就得了，还换啥自己多找事干
月光银,8GB+128GB,1,体验太不好了，抢了好久抢到了，用了2  3天发现手机收音有问题，对方听到我的声音很小，考虑之后决定换货，这已经寄回去10多天了，客服给我回电话说没货只能等，至今没有解决，但是京东售后状态还是商品检测中，明显是在拖延时间啊，现在也没有客服给我同步状态，打了好几通电话都只有官方回复，让耐心等候，这都已经这么长时间了，还没有消息，我的耐心都已经没有了
月光银,8GB+128GB,1,老米粉了，期待这手机好久，至尊10都不要了，抢了半个月终于抢到了，结果首次体验确实不行，特别是网络，刚用就断流，网络特别慢，玩游戏也卡了好几次，看视频还要bug，今天又用了小爱同学，发现小爱用不了，玩现在是后悔死了，
月光银,8GB+128GB,1,"这么久一直是网购东西先上京东，冲着多快好省。
可这次，，，，没有金刚钻，别揽瓷器活。
不知道问题出在京东还是出在红米，抢到了又不发货，我是?吗？
换到平时我也不会给一星，因为手机我也不急用。
关键是这次，同事和我一起买的，他说可以去申请延时发货补贴，给补偿京豆，让我也试试。我问客服，客服:啥是延时发货补贴，我不懂，查询不到??? 
同事知道了嘲笑我，说活该我不充plus会员?我寻思我是乞丐吗？就缺那几个豆？
这个事不能怪客服，更不能怪快递小哥，只怪我自己，给自己找了不愉快。"
月光银,8GB+128GB,1,手机非常完美，一星差评给?东。27号定金1号0点尾款，说没货，就拖。没货妳就敢收那麽多人定金尾款，为了冲双11销量一点脸不要。今天5号倒是到货了，比7号早两天，但是这是我最差的一次购物，抢个首发，结果别人玩臭溜够了我才收到货，愤怒。手机非常好用，但是?东给我弄的非常生气！
月光银,8GB+128GB,1,连续三台摄像头里都有灰，第三台好歹不在主摄像头里，是在广角镜头里，不是一颗两颗，是一片，想想广角也不经常用而且本来像素也比较渣就忍了，凑合用了。第一台打开后发现主摄像头里有灰尘就直接申请换货了，第二台换来的镜头里好大一片污渍，后盖有划伤，屏幕上还沾着一条毛，估计是别人退回来又给我了，换回来这第三台也不知道是不是别人退货的，机身有点小划痕，充电插头有使用痕迹，耳机转接线上好多划痕，算了算了，就当是便宜没好货吧。
月光银,8GB+128GB,1,货太少了，我是在小黄鱼找黄牛秒的，请不要怪我，我从上个月27号一直抢都没有抢到，基本上抢的时间超过两小时，然后去找黄牛，他给我说我抢到他吃④，好狂哦，不过的确，找黄牛抢到了。对不起了，没有抢到的，抢你们名额了，我也是刚需。  耍猴，耍猴，耍猴，差评！！！
月光银,8GB+128GB,1,"外形外观：还不错，没想象中那么厚重
屏幕音效：屏幕观看可以，没网上传得差
运行速度：865不是盖的
待机时间：5000大电池岂是浪得虚名
拍照效果：直男就扫码，不重要
其他特色：最后产品五星，一星是给京东都送货速度差评，预售的结果还没货，1号当天10点别人下单的当天就发货了，预售不如?，这年头没货都敢卖东西了"
月光银,8GB+128GB,1,"用京东五年来  自营商品的第一个差评
手机对于男生来说重量还可以，AG银挺好看的
让我难过的是物流27交定金31尾款 到货已经是6号了
用京东买主要是信赖的物流 然而让我失望了
手机整体体验可以  相机有个没调校好的地方
在日光灯室内条件下 严重偏白  很难受看着
CIT测试后发现后置相机会偏白 超广角相机没问题 但是双摄时又会变白  超级影响心情 
另外夜景模式不够强大  体验不太友好
第一次给差评 
到手价格2048  同志们可以参考一下  相机调的不是太好 也许后面OTA升级后会好一点 但是现在相机真的差 想考虑摄像的话 可以考虑华为  我会把我拍的照片放上来
第一次差评  给小米  也是给京东"
月光银,8GB+128GB,1,苏州，27号预订100元，1号0点5分付尾款。之后一直显示采购中，直到3号晚上。妈个@，2728293031123采购了8天，小米这是刚刚一点一点组装起来的吗？27号预订4.2万拿着几万人的两千多块钱这么多天利息不少啊。手机我没拆先不做评论，这么多年小米的产能我给0分。最后一星给京东快递员妹子不错哦(&acute;-&omega;-`)
月光银,8GB+128GB,1,这辈子不会再买小米的产品了。十年了，耍猴不忘初心。硬生生当猴子。祝小米早日倒闭，从来就没有过一次愉快的购买体验。第一部小米手机，红米1S，上高二的时候加价购买，一千二百元购入。第二部小米手机，小米5普通版，即阉割版降频版，性能拉胯。第三部小米手机，小米8，首发购入，延迟发货，遭到不公平待遇，当时很多人补偿了两百元京豆，客服当时承诺补偿，后面又变卦。第四部小米手机，就是这部红米K30S，当时发布后给女友安利过，女友想买于是一直在抢购，而且女友想两个人用一样的手机，自己也有换机想法；于是**出掉了iPhone11准备买这台手机。前面两次抢购无果，双十一凌晨两个人三台设备抢购，苦刷到凌晨两点也只买到一台，寄给女友了。 也许这台手机性价比本身很优秀，但是无疑，购买体验是我买过所有的手机最差劲的。小米十年，不忘初心。刚上高一的时候小米一发售，抢购无货，这么多年过去了，依然如此。
月光银,8GB+128GB,1,"本来以为是V30p的替代品，实际上真的不行。
屏幕拖影严重，滑动的时候字体变红变模糊，跟K30标准版那块屏幕一样，而且滑动不灵敏，感觉有点费劲。
扬声器比v30p好不少，但是后盖振动严重，我发现原因是后盖板太薄了，稍微用手按压都可以压变型，再加上听筒扬声器有开孔共鸣，不震就怪了。
指纹按键手感差，上下阻尼感都不一致，上半部分很软下半部分很脆，导致有时候按下去都没有感觉是按到了。
相机拍摄不如v30p，同样是三摄进光量也没有v30p多，同一时间角度拍摄，k30s需要手动拉高亮度，放大到同一规格也没有v30p清晰。
发热严重，带上自带的软壳，只是刷网页手机上半部摄像头那边就发烫，非常明显。总结下来除了马达，内存规格和扬声器以外，其他都没有v30p体验好，果然还是一分钱一分货，说是lcd旗舰确实不达标，2000元机标准还是可以。
值得一提，这个自带的软壳手感一流，紧实不松垮磨砂手感也很好，感觉这个壳子比手机本身更让我满意"
月光银,8GB+128GB,1,"外形外观：比苹果手机也没宽多少主要是很长，看我拍的跟switch对比，长度都快赶上它了。摄像头太凸出没办法平放在桌子上打字，一打字就晃荡。银色实机没有渲染图好看磨砂感不强但胜在不反光。正面贴膜很烂，比屏幕小一点，不过我自己贴膜也烂就不尝试撕下来了。
屏幕音效：音效听个响吧，说实话好烂，而且默认声音很大，我点进视频吓一跳。不如接个百元小音箱。可能贴膜缘故，有点涩涩的，没有苹果的顺滑（苹果我没贴膜）。显示效果没什么问题挺好的，我瞎眼看不出区别。
拍照效果：比我几年前的苹果好很多，是在暗光下拍的我家鹦鹉，很清晰。
运行速度：有卡过，打开天气准备关广告的时候半天没反应，然后就是偶尔左上角摄像头附近点上去没反应。正常的时候非常棒。然后看这几天在吵内存的问题就去测了一下，内存应该没什么问题。
待机时间：天哪，这机子能做到两年不卡我再也不用苹果了。我这折腾半天下软件等，到现在就掉了2%的电！想想我那时时刻刻都想连在充电线上的苹果手机，哭了。

我27预定1号0点0分21秒付款现在才发货特此差评，手机还是很好的，差评是给京东的。还有就是不知为何背面塑料折叠正面塑料内有灰。没有想象中那么重女生用着也没问题，外观确实一般般，但LCD＋实体指纹只有这款了。"
月光银,8GB+128GB,1,手机可以，马达震动感觉挺好，一星是给京东物流的，太辣鸡了，离大兴仓30公里你运输了一天，最后取货的时候快递员居然没穿京东的衣服，还一地的快递，要自己慢慢找，这也太差了吧，快递盒子包装得也很随意，那胶带和糊弄人似的！有图，图片应该还得审核一段时间
月光银,8GB+128GB,1,"1.先说发货，27号下的单，1号付的尾款，5号才发货，实属慢。
2.再说快递包装，京东快递的包装越来越差了，电子产品应该用泡泡纸全包好，而不是一面。泡泡纸用来防止摇晃震荡，是对电子产品的一种保护，这不应该省事的事情。
3.小米的饥饿营销并没有因为它成了世界500强而改变，耍猴是他们的特性，吹牛是他们的特长。
4.说手机，等了五天，网友收到的情况也基本了解。①手机盒内有灰尘，包括膜上有灰尘。②背膜居然会有压皱的情况。③深超屏就是深超屏，屏幕底部发黄，阴阳屏是深超的传统，别想它会改变了，起码这两年内可能看不到它这方面的改进吧。
5.收到货就评价了，但是没空拆封，等晚上拆封，后续有遇到什么情况，追评"
月光银,8GB+128GB,1,手机用着很完美，但必须给卢伟冰一个差评，我T么抢的#了
月光银,8GB+128GB,1,#，买个手机套路满满，双十一买的8+128到手价2499。优惠券更耍猴似的
月光银,8GB+128GB,1,QQ~语音通话的时候看视频对方会听到你看视频的声音
月光银,8GB+128GB,1,差评，手机包装连个泡沫袋都不放，到货后盒子都有点磕了！第一次见这样包装发快递的！而且手机卡也不送，我~旗舰店买的人家包装多好，还送手机卡！
月光银,8GB+128GB,1,2299刚到手没几天，这边就2199了，找客服保价区别处理！这操作可把人#到了
月光银,8GB+128GB,1,辣鸡小米刷新劳资的认知，手机摔过就没有售后服务了，#。各位买手机后一定要好好保护，要比老婆保护的还要好，摔了后就会告诉你这个无法售后
月光银,8GB+128GB,1,东西很好，但是差评。迟这么多天发货，一种我#，你爱买不买的感觉。总之，耍猴令人生厌，抢到了，体验也不好。
月光银,8GB+128GB,1,京东买的东西以后只给差评， 买手机商品被专员承诺过，结果无法兑现，直接造成经济损失300。
月光银,8GB+128GB,1,产品本身很不错，就是这次京东购物体验台差劲了迟迟不发货就算了，客服态度太差劲问啥都是让我找京东去包装也不走心，没有任何保护和缓冲措施直接装在小盒子里就发过来了，派送也是直接扔驿站让自己取快递员就走了还想着当着面开箱验货结果就这？反正产品是非常nice的就是京东从各个方面都给我#到了??????
月光银,8GB+128GB,1,差评，2299的手机。收了定金收了2499每台。一分不退，然后先收货。先试用。然后说差价补不了。优惠价过期了，不能下单了等等。真是**京东。太恶心了
月光银,8GB+128GB,1,为什么差评，不用说了吧？27号付定金1号0点结尾款，8号才到货，京东可真够#人的，问客服就一直在踢皮球。
月光银,8GB+128GB,1,东西不错，但是必须差评，抢了三次才在双十一抢到了，说实话我是真没想到自己能抢到货。东西第二天就到了，#还是依旧给力屏幕不白的，LCD都这样，追求色彩最好抢k30u或者别的olcd。摄像头适合扫码
月光银,8GB+128GB,1,垃圾快递，到了配送站不送货，还让我自己去取，说什么两个快递员打架去派出所处理了，#
月光银,8GB+128GB,1,27号下的单，显示有货，31号付尾款，显示有货，然后一直不发货，说是没货？？，，真**垃圾，两个星期了才收到货，#
月光银,8GB+128GB,1,7档变速高刷是真的香，很好的一款手机，发货很快，包装的很好，价格也特别实惠，还有这么多功效也是不错了，值得购买.....
月光银,8GB+128GB,1,#，没货就不要搞这么多预售，第一批拿不到货，人家第二批货发了你才拿货，问客服，几天只会哪两句话。
月光银,8GB+128GB,1,好不容易抢个小米手机给父母用，刚到手就被小米高管嘲讽#丝手机，瞬间手里的小米手机不香了！！！！
月光银,8GB+128GB,1,买到手，刚拆盒，准备录个门禁卡结果nfc坏了，手机还没捂热就申请了换货，而且换货过程#至极，把我逼去12315投诉，和黑猫投诉
月光银,8GB+128GB,1,用了半月，相册开始提示需要开启联网，每次打开都提示，真的是#，怎么也关不掉，垃圾流氓#
月光银,8GB+128GB,1,手机不错，差评是给发货的，我付完定金付完尾款和我说1号发货，结果给我说没货了要7号才能调货完成，去刚了下客服，结果把我号黑了，真有你的#。
月光银,8GB+128GB,1,第二次换货，第一次拆封发现是摄像头有灰尘，这一次是刚拆开，前置听筒直接没了，小米太#了，这品控跟山寨机也差不了多少吧
月光银,8GB+128GB,1,太#无话了，5号抢的2599，不给优惠券。到了11就2299了，雷猴王就这样瞎搞？申请补偿差价，一直用红米，这次超级差评!
月光银,8GB+128GB,1,耍爹有一套哈哈，每次抢购放一万台，几十万#们一起抢。#客服，普通用户用不了优惠券换了4个客服不说给补偿，plus会员的客服直接说给200补偿。哈哈都很有一套啊，有意思，这年头都这么想当狗呢。其他特色：很会耍爹玩。
月光银,8GB+128GB,1,首先，手机没问题，小米很ok。但是同样是一号凌晨付的尾款，有人早上就拿到手机了，我的四号才发货。我是四年京东会员，就这？？？其次快递员上午8:00拿到快递，中午12点才配送，在我家附近200米转了几个小时就是不给我派送。派送的时候还打电话来说给你放快递柜了啊！#！果然#在京东的地位大不如前，这购物体验直线下降。
月光银,8GB+128GB,1,外形外观：外观不错屏幕音效：屏幕还可以，没有说的那么差待机时间：待机时间好评，一天没问题。给京东客服差评，因为plus会员券没用上，好多人都联系客服补了差价，我也提交了申请，但是没有补，说因为是~商品，不符合条件。比别人多花了100块钱。都是plus会员，待遇却不一样。
月光银,8GB+128GB,1,真不是#差评用了一个多月开始卡顿很厉害打电话有时候点好多次都不管用，太#了真是没想到。还好意思说865处理器！！！！！！！！真是对红米伤透了心。。。。。。。。。。。太失望了#
月光银,8GB+128GB,1,因为小米电视，小米的所以产品一律一星差评，本人也是米粉，从小米2S开始用小米手机，但是小米电视真的太#了，感觉小米这些年来越来越会耍猴了，觉得自己做大做强了就瞧不起我们这些消费者了，有些客服嚣张的很，那些年我们买小米手机给小米支持的时候你们还在用OV或者苹果吧，你们这些客服有什么资格瞧不起我们，真是恶劣至极！
月光银,8GB+128GB,1,信号极其差，跟网上的测评一模一样，经常莫名其妙地断网，~~什么的经常刷着刷着就缓存了，介意这点的人要慎重
月光银,8GB+128GB,1,这是我用过手感最差的手机，傻大黑粗这个词足以形容它。传说中吊打iPhone11的屏幕更是呵呵，再加上猴王的耍猴营销更是让我#至极。
月光银,8GB+128GB,1,#啊服了，这个手机断流断的太严重了，用流量打一局王者好几次460，把手机卡换小米8上面就没出现这种事，红米k30s用流量贼卡贼卡，不是流量限速问题，就是这个手机本身就存在断网问题，他这个问题一直没有解决好，我希望红米官方看看我的陈述，好好改一改这个毛病，给你们差评是稳稳的。
月光银,8GB+128GB,1,这就是传说中的红米k30s至尊版，安兔兔跑分我也是醉了，我这台机子双十一抢购的，电池耗电快，不正常，申请换货，京东说测试没有问题，又给我寄回来，不给我换，对了，有一次还间歇性断网，刚才下载安兔兔，不想说了，自己看跑分，我是不是被坑了，要买这款手机的擦亮双眼，*? *坑我啊
月光银,8GB+128GB,1,外形外观：重，厚，摄像模组外凸明显，月光银的背面磨砂材质不错屏幕音效：震耳欲聋?拍照效果：哥哥，这性价比，还要什么自行车？能扫二维码运行速度：63万，别说了，redmi#待机时间：还行，挺耐用其他特色：暖手宝哈哈哈耍我四次猴，抢到了一定要给差评，哈哈哈
月光银,8GB+128GB,1,太重太厚太大，使用了几天，感觉对得起这价位吧，两千多就这样了，唯一一点，你们都说声音大了背后会震，我测试了，声音是够大，只能在室内感觉得到，在外面调到最大声也感觉很小声，原因在于发音在手机背中间，不是由手机底部的出声口发出的，感觉整个背部都在发音，很散，也很震，所以室外调到最大声也感觉不出效果就是这原因，听~发来的语音把出声位放在耳朵上也是听不清楚，压根就不是又那里传送声音来的，以前手机小声，但声音传输就是在底部，在外面调大声真听得清楚，
月光银,8GB+128GB,1,一颗星都不想给，首先这个饥饿营销模式就让人#，然后说一下使用期间遇到的问题，用来看电视，结果发现出现了很大的噪音，联系客服，客服让换其他电视看看会不会有这种情况，然后就换了其他电视，没有出现噪音，也就以为这个问题解决了，结果没过几天就出现了图片这种情况，在聊天界面打着字，还没打完，就突然变白屏了。现在联系客服就说过了15天，而且要看检测出什么问题，我是正常使用这个手机的，万一给我检测出什么人为问题，那我不是哑巴吃黄连，有苦说不出？我才用了一个月不到的手机就要我出维修费，那我跟买了个坏手机有什么差别？我买手机不是为了让你们提供售后的！而是为了日常使用，以后不会再买了
月光银,8GB+128GB,1,双12买的好像2599今天来评价，我不玩手机游戏只看一下视频还不看~这种，主要打电话和用~。。然后大家的都抢的这款手机，卡，没错，真的卡。卡就重启。然后还联系了客服修改了参数还是卡，我换一个手机多麻烦，~信息手机电话安装app等等。。。买了就算了，第一次用小米，体验感很差。另外，电池不经用，我常常出差，是需要拍照，一天都用不到，什么情况。。。辣鸡。。。我上一款用的华为nova3i紫色，用了一年后才电池没那么好才换的手机。受不了电不经用还有卡。最基本的功能。还有这款不配耳机。。
