星河入梦,12+256,3,价格比实体店还贵好多
星河入梦,12+256,3,到附近站点啦，几天没有进行配送
星河入梦,12+256,3,充电快，耗电也快。
星河入梦,12+256,3,运行速度：不够快
星河入梦,12+256,3,"对拍远景很不友好！
近景还可以"
星河入梦,12+256,3,还没有我第一个Reno待机时间长
星河入梦,12+256,3,外观好看拍照也不错京东服务一流
星河入梦,12+256,3,这个手机怎么说，就那样吧
星河入梦,12+256,3,我感觉像素还没有我用的vivos5好
星河入梦,12+256,3,第一次京东买手机碰到烂成这样的
星河入梦,12+256,3,用着感觉还不错，在用用看
星河入梦,12+256,3,待机时间：虽然充电速度很快，但电量消耗很快
星河入梦,12+256,3,一搬 个人喜好吧 颜值还是可以的 快递服了！
星河入梦,12+256,3,还在用，目前电池不咋好，不耐用
星河入梦,12+256,3,拍照还好，外观也好看，就是电量不耐用
星河入梦,12+256,3,运行速度：日常用足够 玩游戏就不行 总休来说一般
星河入梦,12+256,3,"插上耳机还是外放 不知道什么原因
手机挺漂亮"
星河入梦,12+256,3,用了半个月，来评价下～没感觉好啥好这机，速度真不感觉好。
星河入梦,12+256,3,卡机。闪退。其他还可以。
星河入梦,12+256,3,棒哒哒
星河入梦,12+256,3,刚用就卡的
星河入梦,12+256,3,还可以吧
星河入梦,12+256,3,网速慢还卡
星河入梦,12+256,3,还行吧
星河入梦,12+256,3,一般。
星河入梦,12+256,3,一般般吧！
星河入梦,12+256,3,充电快，用电也快。???
星河入梦,12+256,3,存储空间还不错，反应速度不行，像素比较差。
星河入梦,12+256,3,第二部到货手机通讯录怎会有陌生人名字和电话号码，真不敢相信是换的新机，下次买电子产品还是要到实体店买放心
星河入梦,12+256,3,辣鸡
星河入梦,12+256,3,照相挺好，机子不是用很多但电量耗得很快，都不得12个钟
星河入梦,12+256,3,好卡啊&hellip;&hellip;慎重选择。
星河入梦,12+256,3,电池不耐用，很快就用完了！但是值得欣慰的是充电速度也很快！
星河入梦,12+256,3,电池不耐用，玩十来分钟就去了百分之一的电，颜色还是挺喜欢的。
星河入梦,12+256,3,用了几天还不错，就是拍照不知道是不是没调好，拍出来的效果不是很满意
星河入梦,12+256,3,很喜欢这个牌子，但是这款手机有个缺点，游戏时，靠近边框的方向键不灵。
星河入梦,12+256,3,物流是挺快的！！用了两个礼拜了出现过一次黑屏！关机后又开机使用了！！还行吧！目前这款性价比不错了！是同类手机里性价比好的！
星河入梦,12+256,3,稍微有点卡顿，其他还好，电池没达到预先要求，其他方面怪满意了，r17功能还是有习惯了换这个还是可以，整体还是给好评快递怪快，
星河入梦,12+256,3,外观很好看，摸起来质感不错，充电快，但是续航能力不足，夜间关数据不断是会消耗百分之8～9的电。
星河入梦,12+256,3,"拍照效果：还不错，挺高清的
运行速度：还是比较满意的
外形外观：大小合适，手感不错，
其他特色：系统功能太少，连视频铃声都设置不了，菜"
星河入梦,12+256,3,价格还可以吧，做活动是买的，比实体店的话还要优惠一些物有所值！评价一下手机的性能吧，虽然说是12gb但是运转起来的话，没有感觉系统的流畅，之前一直用华为，这次在媳妇的建议下用这个牌子的。总体感觉中等偏上吧！
星河入梦,12+256,3,"这款手机外观颜值没得说，指纹解锁不是很灵敏
充电很快半个小时左右能充满电，就是电池不耐用掉电快，待机时间短，现在刚买也就能用一天"
星河入梦,12+256,3,产品还可以2999的价格偏高  整体运行  和12G内存不匹配，配置参数看着很好 用起来达不到 12的效果。再说一下售后和服务 刚买了4天 就开始搞活动了 多送蓝牙耳机  或者送蓝牙音箱  同样的价格  晚4天 买的多送蓝牙耳机  或者音响  。想买的可以在活动的时候买 能多送东西。 看直播的时候送的产品用眼镜都能看出来有质量问题  让我去检测中心 做检测
星河入梦,12+256,3,"外形外观：外观说实话还是可以的，手感也挺好的 
屏幕音效：音效嘛一般般，不好也不差
拍照效果：拍照说实话还是可以的，最好的可能就是拍照了

运行速度：说到运行速度就来气！！卡得要死！玩个游戏卡，刷视频也卡，这真的是极差，还是华为的比较好用，之前也是在京东上买的荣耀，荣耀系列运行速度和待机时间比较好，写这么多主要是希望给一些人的建议，仅此而已
待机时间：待机时间也就大半天吧，我刚买来的时候待机时间也就一天不到就没电了，还是没有玩游戏的情况下，现在用了两个月来评价，希望有的小伙伴们不要入坑了
其他特色：总结来说，用过苹果，华为，OPPO，对比才知道，华为的性价比最好，有实力的也可以买苹果，哈哈。OPPO也就外观和拍照还可以，至于待机和运行速度不忍直视。"
星河入梦,12+256,3,为什么比线下贵三百多
星河入梦,12+256,3,跌价了又不肯保价，都是空话
星河入梦,12+256,2,扯淡，才买三天，19号就便宜一百
星河入梦,12+256,2,第一次刚到货不到半天就申请售后
星河入梦,12+256,2,耳机没有充电仓不能唤醒
星河入梦,12+256,3,连车上蓝牙老是自己断开
星河入梦,12+256,3,手机还凑合，就是系统太卡
星河入梦,12+256,2,系统不稳定音量忽大忽小
星河入梦,12+256,2,用了一个半月感觉有点卡
星河入梦,12+256,2,手机放口袋里没几天就弯了
星河入梦,12+256,2,手机经常自动重启
星河入梦,12+256,3,为什么耳机不是原装
星河入梦,12+256,2,网速不好拍照不清楚
星河入梦,12+256,2,一般般，不是很满意
星河入梦,12+256,3,通话信号时好时坏
星河入梦,12+256,2,声音沙哑，运行卡顿
星河入梦,12+256,2,没有想象的那么好
星河入梦,12+256,2,不怎么样，速度不快不值这价钱
星河入梦,12+256,2,已退货，两次退换，充电滋滋响
星河入梦,12+256,3,啥东西也没有赠送，就是一个手机
星河入梦,12+256,2,刚买一周，手机屏幕就出现了印子
星河入梦,12+256,3,感觉一般，用一天电能坚持
星河入梦,12+256,3,不是很流畅，指纹识别不灵敏
星河入梦,12+256,3,手机符合三千块钱的价位，但是送的充电宝没到
星河入梦,12+256,3,有点拉，快递半天都不送来，还送错地方。。
星河入梦,12+256,3,没有想象的那么好，不是特别值吧
星河入梦,12+256,2,突然卡成黑白    关机都关不了。
星河入梦,12+256,3,用一段时间手机有点卡，反应迟钝
星河入梦,12+256,2,玩游戏闪退每次都是，不推荐买??
星河入梦,12+256,3,拍照自拍，画面反应迟钝，比华为mate的慢几拍
星河入梦,12+256,2,第一次充电居然会发热，估计用不长
星河入梦,12+256,2,耗电，其他都还好，两个小时从35到10
星河入梦,12+256,2,刚用一个月就出现这样的问题&hellip;&hellip;
星河入梦,12+256,3,哎 三千块就这性能  还改不了高价低配
星河入梦,12+256,2,手机买来自动关机就没法开机，好在还可以退换货
星河入梦,12+256,2,只送了一个蓝牙耳机，
星河入梦,12+256,3,这部手机比较耗电，反应也比较慢，后悔了
星河入梦,12+256,3,手机是好手机，但是商家承诺的礼品没有到位，有点不爽。
星河入梦,12+256,3,字迹显示不清楚。屏幕频率没有说的那么高。
星河入梦,12+256,2,用了一个星期，觉得还不错，很大气
星河入梦,12+256,2,待机时间：待机时间：充电快，玩游戏 耗电时间快
星河入梦,12+256,3,这个是啥情况呢，来电的时候屏幕一闪一闪，我嘞个去。
星河入梦,12+256,2,有点卡顿，准备返回去
星河入梦,12+256,3,拍照效果有点虚，贴膜有2次起泡，其他还好。
星河入梦,12+256,3,蓝牙连接不上，**鸡
星河入梦,12+256,3,手机可以，但系统是安卓11，体验很差
星河入梦,12+256,2,电池真的不给力，充满电不干什么，最多一天多点
星河入梦,12+256,3,我都取消电话卡了，不要了，为什么还和手机一起发过来给我
星河入梦,12+256,2,感觉一般，网速好慢，点击屏幕经常没反应
星河入梦,12+256,2,待机时间：充电是特别快，但待机时间真的很短，不耐用
星河入梦,12+256,3,有些费电
星河入梦,12+256,3,工艺不咋的
星河入梦,12+256,3,会闪退
星河入梦,12+256,2,才买两天，降价100元，并且赠品由充电宝变成蓝牙耳机&hellip;&hellip;
星河入梦,12+256,3,不是很理想
星河入梦,12+256,2,一般般吧
星河入梦,12+256,3,拍照效果：不好
星河入梦,12+256,2,手机耗电快
星河入梦,12+256,2,手机耗电好快
星河入梦,12+256,3,像素不太好
星河入梦,12+256,3,手机有点卡
星河入梦,12+256,3,为什么会五谷无故自动重启，还会无故卡住自动关机
星河入梦,12+256,2,反应很慢，照片不是很清晰，比想象中不够好
星河入梦,12+256,3,别的都好，电是真不抗用，充电提示音和震动还关不了。
星河入梦,12+256,2,"拍照效果：蒙蒙的。
外形外观：还&hellip;&hellip;行？
其他特色：没特色"
星河入梦,12+256,2,拿到几天充电就有问题了，一号提交的换货申请，到现在都还没处理完
星河入梦,12+256,3,没看清楚这款居然没有NFC，为啥4都有这个功能5就没有？？
星河入梦,12+256,2,用了7.8天每天卡，现在又突然接电话打电话都听不见声音.
星河入梦,12+256,3,耗电十分快，待机十几个小时就没电了，可能是翻新电池
星河入梦,12+256,3,这手机还行，就是模太差了，不知道是原装的不，你们看一下这条边
星河入梦,12+256,3,用几天再来追加评，目前没有感觉那里不好，但质量一般般
星河入梦,12+256,2,不如华为，动不动就检查网络，扫码费劲。识别不低，总打错字。
星河入梦,12+256,2,手机只能用原装充电器和充电线，其他的冲不了电是什么情况
星河入梦,12+256,3,"本来同时买的2个，还有一个黑色的，选的时候都有货，第二天才发现黑色没货，取消重定，赠品充电宝又没有。都是打一棍子放一个P。
买个爸妈老人家用的手机，没看到实物。"
星河入梦,12+256,3,手机电池不是很耐用，不过充电到时很快。配送员态度不咋地，可以送货上门坚持不给送
星河入梦,12+256,3,买回来手机边缘有点划伤，虽然不是很影响，但是还是心里不舒服
星河入梦,12+256,3,手机一般，还是20年12份才出不理想，京东客服服务很好，第一台出了问题，客服马上换了一台
星河入梦,12+256,2,摄像头没有说的那么好，像素也没那么清晰，跟我破手机一样。
星河入梦,12+256,3,差不多用了一个月了   有十多次闪黑屏   触摸有时不太灵敏
星河入梦,12+256,2,我的充电器充电的时候那个头总掉，插不紧，有时候会充不上电..........
星河入梦,12+256,3,用一天 手机就没信号 重启一下又有 不知道是次品机 还是什么机
星河入梦,12+256,3,刚买手机没几天就出现每天都会时不时的出现卡死的情况  得按锁屏键重新打开
星河入梦,12+256,2,虽然长的很漂亮，但是好卡，不知道是不是处理器原因，用着感觉很慢
星河入梦,12+256,2,不是想要的效果，用后不喜欢。想加价换ACE2都不行。只能按使用感受评价啦。
星河入梦,12+256,3,不是说有移动电源送给我吗？啥都没看见，就一个充电宝，充电宝连根线都没有。
星河入梦,12+256,3,"屏幕音效：屏幕显示效果没有我以前的华为nova5好
拍照效果：相机有点模糊，拍出来的照片放大不清晰"
星河入梦,12+256,3,"外形外观：外观漂亮和R17差不多，有些卡，互传东西传好久，来来回回失败好几次才成功
运行速度：一般，东西多些不是很快"
星河入梦,12+256,2,居然没有NFC，多年没买手机了，以为这都是基本配置了，怪自己没了解清楚，拿到手机就激活了，包装也扔了，想退都退不到，唉，不满意
星河入梦,12+256,2,其他的挺好，就是电池不行，刷视频的话一下子就没有电了，而且手机容易发烫
星河入梦,12+256,2,"你说手机流畅呢，它又有点迟钝！
反正感觉用起来不是那么舒服！有时候触屏都不太灵敏"
星河入梦,12+256,3,号称三年不卡机，买了几天就卡住了两次了，需要重启，功能不够vivo好用方便
星河入梦,12+256,3,没那么惊艳的地方&hellip;&hellip;连周冬雨的那个图片都没有外？？？相素这？没看出来 拍拖
星河入梦,12+256,2,刚拿到网速还可以，用一段时间后感觉慢了好多！跟自己用了五年的手机差不多！
星河入梦,12+256,3,手机别的感觉都还好，就是感觉前置摄像头偏在一边，拍出来的照片怪怪的，变相了都
星河入梦,12+256,3,手机其他的都不错，就是电池不太耐用，赠品电话卡没什么用，等了好几天都不更新，手机刚到手他把赠品换成充电宝了，跟客服商量商量吧，都没得商量！所以不懂商家的套路，同样的价钱不如实体店里给的东西多。
星河入梦,12+256,3,没有想象中的好。拍照可以，但手机反应有时慢、卡。手机自带太多删不掉的app了
星河入梦,12+256,3,我感觉12g运行，用起来很一般诶   下东西和浏览网页还是跟8g差不多  有时候会卡    爱哎
星河入梦,12+256,2,手机颜色看起来很不错，就是不知道为什么新手机贴钢化膜吸附不上去，不知道是不是屏幕不平
星河入梦,12+256,3,虽然说买这个手机过程有点曲折，不过好在最后还是圆满的解决了，在这过程中还得要感谢工号36218的这位客服小姐姐态度很好很有亲和力，这才是京东该有的服务态度其他的人就不敢恭维了，是她让我没有对京东失望看上了中意的就冲她也会再次下单的，虽说这是她的本职工作但还是感谢她帮我解决问题！！！祝你生活工作都能乘心如意???
星河入梦,12+256,3,感觉电池待机时间较短。本来打算退货，商家说要退回去检测，我这边已经激活，资料也全部弄好了，嫌麻烦！
星河入梦,12+256,2,这面部解锁太lou了，灯光昏暗点，就解锁不开了，其它的还可以吧，一年多不用oppo，现在技术都这样了吗？？
星河入梦,12+256,3,"待机时间：一般般，没有感觉到电池电量很耐用。
运行速度：容易卡机和白屏，需要重启。"
星河入梦,12+256,2,指纹差，打游戏放歌跟暖手宝似的，电量充的快用的也很快，拍照和外观还不错
星河入梦,12+256,3,"货没送到，就显示签收。询问后说车坏了在修，不能及时送达。可以谅解这个原因，但不能容忍货没到就签收，这是欺骗。手机本身挺好，但从购买到收货，体验贼差！
关键是外包装纸箱也破个洞。"
星河入梦,12+256,3,不支持nfc，屏幕不是amoled，拍照没有想向的好，充电快。可能K7比这个性价比高，首发赠了个灵动蓝牙耳机。
星河入梦,12+256,2,机子卡，开个APP都要转圈圈，哎，换个机子等于没有换，用了十天就居然还自动退出来，哈哈，可以，
星河入梦,12+256,3,这手机，不建议购买。运行速度一般，有个别软件，打不开，&ldquo;斯&rdquo;机，不值这个价格。
星河入梦,12+256,2,手机收到，手机还不错没有去验证是不是正版，但是今天路过实体店一问价格虽然一样，但却送了好多东西，京东自营店什么东西都没有送，本来在网上买心想会比实体店优惠呢，结果却不是，，，，这是我第一次再网上买手机，以后还是去实体店吧，送的东西不说，2年内手机膜免费贴，想想我受伤的小心脏??
星河入梦,12+256,2,充电很快，耗电更快，正常使用用不到一个白天，而且手机容易很烫，接收信号非常差。
星河入梦,12+256,3,购买是3.3号今天评价是2021年3月19日，降价了100块钱，价保服务已经过期了，觉得有点亏的慌，什么都没，手机现在有时候还有重影，时不时就有，不知道怎么回事也，害，不是很满意
星河入梦,12+256,3,用了有快两个星期在来评价的 第一次用OPPO 刚开始因为安装软件还要密码就好烦躁 各种验证码 我只是想要安装软件而已 气死我了 搞好之后就还行了 还没有习惯 反正第一印象就给我搞不好了 虽然是七天无理由退货 但是要付8块钱运费 大家好好考虑考虑
星河入梦,12+256,3,屏幕显示效果不佳，不够细腻，底色偏红，屏幕严重反背光总是像镜子一样看见背景导致看不清屏幕！屏幕没有上代显示好。
星河入梦,12+256,3,"外观：还不错
内存：够大，足够我使用
电池：一般般，待机时间不怎么样，一晚上耗电几十左右
其他：手机有时候会发烫"
星河入梦,12+256,3,耗电太快   新手机耗电这么快   感觉不正常    但是充电很快    还有就是触屏感觉不是很好
星河入梦,12+256,3,唉！拿到新的时候，挺开心的迫不及待拿出来体验了，可是当白天拿出来使用的时候，不尽人意的地方出现了，居然摄像头的地方有污点&hellip;&hellip;唉！要不是因为激活使用了，不然就因为这一点百分百要退货&hellip;&hellip;问客服也没有给一个满意答案，唉&hellip;&hellip;
星河入梦,12+256,2,第一时间订的货，用了一段时间，总体评价一下，网速感觉和4G手机没两样、视频通话和电话通话经常出现声音沙哑，反应速度也一般，失望失望。唯一值得安慰的就是充电速度快。
星河入梦,12+256,3,"面部解锁反应慢。
有的时候指纹解锁不灵敏。
外观很好看。
处理器稍微差一点。
信号差的原因不知道是我卡原因还是手机问题。
这是手机使用第二天。"
星河入梦,12+256,2,听歌的声音会突然变大（不是歌的问题） 录屏会有细细的黑条（不多也没有持续就偶尔有） 新机也没有觉得很顺畅  不值这个价 还没有我用了4年的r9好用
星河入梦,12+256,3,像素比较好，就是要拍的时候，时间超过大概8秒左右，相机自动返回主页，运行12GB，感觉跟6GB没啥区别，打开软件没有那么快速的显示，没有介绍的那么好
星河入梦,12+256,3,"屏幕音效：视频声音正常，游戏卡顿，游戏声音卡顿，自带电音效果
外形外观：外观漂亮，不同角度颜色不同                                       个人使用反馈，可能一百个里面就这一个有这种情况，但是对于刚买一天就出现这种问题，很不满意，已申请退货，仅作为购买参考"
星河入梦,12+256,3,以前用oppo R系列很好用，现在用这个不是很好，拍照卡，手机有时还黑屏，点也点不了，运行速度也一般，激活了退也退不了，怪自己没去实体店体验一下，优点可能就是充电比较快，半小时冲满，日常用还行，打游戏选其它的吧，不值这个价
星河入梦,12+256,3,屏幕触摸不太灵敏，经常卡顿，之前一直用的苹果手机，可能这就是差距吧。照相功能在安卓机里也很一般，毕竟价位在这里。有一点要说一下，电池和充电真的不错，电池用一天没问题。充电超级快！！
星河入梦,12+256,3,果然oppo手机前置自拍确实很不错，但能不能把后置摄像头稍微提升下，打开后置明显感觉色彩非常暗淡，晃动手机，屏幕还有点卡，拍出来的效果也不尽人意。另外我下载唱吧，不知道是不支持还是手机耳机有问题，唱歌的效果不好，声音巨小。之前用过r7感觉音质不错，现在reno5怎么感觉不如以前了，我买的是盗版手机吗？
星河入梦,12+256,2,"这款手机这段时间用下来有几点不是很满意
1.电信流量卡无法使用
2.后台运行不流畅，多个应用运行时经常有加载不出来的情况
3.正常打开时部分软件无法正常运行，一直显示加载中
4.像素不是很满意
总结，这款手机作为3000左右价位的手机，运行不如华为流畅，部分软件加载时间长，电量目前感觉还可以。"
星河入梦,12+256,3,耗电太快了，拍照也一般
星河入梦,12+256,3,手机屏幕太窄了
星河入梦,12+256,2,只能说，非常一般
星河入梦,12+256,2,太没有诚信了，买手机送的赠品一样没有到
星河入梦,12+256,2,辣鸡手机，这辈子不会再买OPPO
星河入梦,12+256,2,玩游戏闪退手机超级烫&hellip;
星河入梦,12+256,2,新手机连张好的钢化膜都没有贴，差评！
星河入梦,12+256,2,电池太不耐用了，一天都用不到
星河入梦,12+256,3,手机后台运行很卡，保护膜顶部缺一点
星河入梦,12+256,3,虽说是5G的手机，网速还是很慢，也会卡机
星河入梦,12+256,3,实物跟照骗不符，塑料外壳廉价感，有点失落
星河入梦,12+256,2,手机听歌外音非常差，
星河入梦,12+256,2,触屏很不灵敏，耗电快 ，确实不怎么行。
星河入梦,12+256,3,颜色很亮，系统不稳定，有的软件出现闪退
星河入梦,12+256,2,服务差劲，发货发了几天都不知道货发到哪里去了，简直是差评
星河入梦,12+256,3,声音太小。。。。
星河入梦,12+256,2,电池太差劲了
星河入梦,12+256,2,电池耗电快，上网信号差，太卡了，不好
星河入梦,12+256,2,卡的不行！从来遇到过这么卡的手机！还不如我的旧的！垃圾！！！
星河入梦,12+256,3,感觉一般，电池真的不耐用，特别是打游戏的时候
星河入梦,12+256,2,啧，干啥都烫，充电烫，看视频烫，玩游戏也烫，差评
星河入梦,12+256,3,刚买了两个月就黑屏了一次，怎么按也重启不了，我真是心累。
星河入梦,12+256,2,原装的耳机质量太差，手机吹嘘的有点过了。带电时间不是很长。
星河入梦,12+256,3,我买的是12G+256G用了几天有时候看导航有点卡屏，有点无语了
星河入梦,12+256,3,手机电池不行，指纹识别有点问题。一点都不灵敏&hellip;&hellip;&hellip;&hellip;
星河入梦,12+256,3,太容易花屏了，用一天两条杠，以前用的手机怎么用都不会花
星河入梦,12+256,2,声音有杂音，售后检测说没问题。也不知道什么情况。对这次买的手机很不满意。
星河入梦,12+256,3,无线耳机杂音非常大，不知道为什么，反正用唱吧和全民k歌就是电流声和杂音
星河入梦,12+256,2,用了两天才来评价，手机不咋滴，app经常性闪退，体验感极其差劲
星河入梦,12+256,3,充电时异常的烫，别说后台运行什么的，根本新机还没有后台运行
星河入梦,12+256,3,真心烦！店家要是不想送卡就别送了！从昨晚到今天上午一直激活不了，就最后一步！本来买到手，心情挺好的，结果就因为这张卡把人搞的烦
星河入梦,12+256,2,一点都不好，进一个软件卡，还死机，半天都开不了机
星河入梦,12+256,3,买了两台，这个是后面买的。充电慢，线都有问题。客服回复效率慢，解决问题效率低。差评
星河入梦,12+256,3,买了不到一个月 就坏了 黑屏 什么也做不了 不过客服和快递态度非常好 也及时的换了新机
星河入梦,12+256,2,跟别的渠道买对比没有任何优势，送的东西也不实用，就送个耳机还得等上一个月，不厚道，以为是无线耳机结果跟正常耳机一样，手机都自带了，还用你送？
星河入梦,12+256,3,满心欢喜拿到手。感觉好廉价，和两千没啥区别。比姐姐的还差劲，物流不准时。这是唯一一次京东折磨慢。不想再说了，还是去实体店买吧，就当一次教训
星河入梦,12+256,2,赠品有就给到位，要不就不要把赠品说出来，展示出来了，还不给，客服都搞不清楚，一次不开心购物！！！信用让我怀疑！推荐大家不要在这家买，如果要买，提前和这家谈清楚！不要一而再，再而三！
星河入梦,12+256,3,收到手机有点尴尬，手机的原装保护膜缺了一块，物流又送错，还说是我的收件地址错了，各种推卸，最后还是我自己去拿，我写的地址是狮山，结果发到大沥去了，自己买的东西还要自己去拿才能准时到我手上，不敢在京东买那么贵重的东西了！感觉一次过吧！
星河入梦,12+256,3,刚拆开就看见顶部喇叭右边接缝处做工很一般，明显的胶水都有，还不如之前买的reno4.太失望了
星河入梦,12+256,3,一点电都没有，而且产品充电，我都没有感觉到有充电，显示这让人很不方便，我都不知道我有没有充上电都不知道。
星河入梦,12+256,2,以后再也不会首售日买了，当时买的时候超想要一个无线耳机套餐的，那时没有，那时直播间说过了首售日后就不会有12期免息了，但是现在不但有12期免息还有无线耳机套餐，而且价钱跟首售日一样优惠。
星河入梦,12+256,2,手机充电快，耗电更快。有的时候按键没反应。本想退货，可是已经激活，后悔。第一次买OPPO，希望越大，失望越大。
星河入梦,12+256,3,一直觉得京东物流比较靠谱，但这次买的手机，外面的包装太差了，完全是糊弄人，收到的时候封口的胶带都开了，明显盒子被摔过，打开之后手机盒也有变形，有一处磕碰的小坑，其他东西也就算了，手机应该算是贵重物品了吧，弄的太草率了吧～
星河入梦,12+256,2,我不知道为什么新手机到手其他还好玩儿个游戏卡的不行，比如阴阳师又不是一个吃配置的游戏，我旧手机OPPOR11s内存都挤满了玩儿这游戏都一点儿都不卡，然后新手机从登录界面就开始卡，进去了更是玩儿一秒卡一秒
星河入梦,12+256,2,这是我买的最差的一个手机，还最新上市的，又卡反应也慢，我看的芒果TV电视一关屏幕都成那种说不出来，有时候接收信号也不好，好好一下就从5g变成2g，反正很不满意
星河入梦,12+256,2,"插上自带的oppo耳机，触电了好几回，吓死我啦。
问客服说是耳机的问题，要他们补发一个，却要我但点击售后，维修的话也需要自己出钱，和上面门取件的钱。

用了几天就卡，慢。。。前置摄像头可以，后置的很一般。"
星河入梦,12+256,2,能去实体店买就去实体店买吧，真的实体店最少便宜两百块钱，还有这个手机上贴的那张膜，质量真不好，我才用了几天，就起泡了，而且我听完音乐，拔出耳机后，手机上面还显示耳机状态，听不到外放音量，我重启后才行的
星河入梦,12+256,2,是试用机，想买的最好等一年左右再买，容易出问题，今天才不到一个礼拜天，手机就卡了几次，我没注意到这种试用机细节，激活就不能退了，要是想买的最好都看一下是不是试用机，最好买那种一年后被认可的机子，被坑了。
星河入梦,12+256,3,后置6400万像素只能用于4：3比例的拍照，画面太小，  而且不能放大拍，其它比例使用的像素还没有OPPOr11的后置2000万像素高，前置3200万像素和OPPOr11的2000万像素比起来差不多，喜欢拍照、要求像素高的谨慎选择，感觉被坑了。
星河入梦,12+256,2,"买了这台所谓的5G手机，使用感非常差！！！！我原本以为是app的问题，但是刚做对比发现不是！！！！在同一地点同一时间，华为能顺利快速的打开网页，这个oppo却不行！！多个页面都是如此！！拍照不知道是我的问题还是手机问题，拍出来那个眼睛是花的，特别的恐怖！
请问商家能告诉我，为什么这个手机连进入普通的页面都是难以体现出来，你们会怎么处理吗？好无语！！第一次购买oppo，使用得非常不爽！"
星河入梦,12+256,3,1.16号左右收到货，到今天（2.22）出现了三四次闪退现象，闪退现象在一个月内就出现了，只不过当时我没有第一时间联系客服，7退30换，但是换了又怎么样呢？还要重新装软件设置参数，很麻烦！在与客服的沟通中，建议我去检测，线上线下都支持检测，但是这其中的时间成本太高了！本来买手机就是稳定最好，不想折腾，这倒好！如果之前没用过OPPO，不建议买！还是买其它的吧！至少我上一部手机nova2s没有出现这种情况。最后，没用过OPPO的不建议买这款手机！！！
星河入梦,12+256,2,用了一周就卡了，客服给了解决方案，解决有什么用，重点不在这儿，重点是为什么才用一周就卡，33秒的视频也传不上去不想重新再录了。不知道接下来的一两年这个手机怎么办，手机就这么多应用，连个游戏都没下载就这样了。
星河入梦,12+256,3,用了很多天了！做个评价！首先我是12号定的手机，18号10点付的尾款！结果从沈阳发竟然不是长春，需要19号到！跟18号下午买次日达有何区别！然后手机到了马上下载和平精英和王者荣耀，建议跟我一样买来打游戏的，慎重考虑，游戏卡顿，屏幕短处，标点卡顿延迟！游戏体验结果就不用我多说了吧！没办法当照相机吧！像素又很一般！绕行吧！
星河入梦,12+256,3,"手机不错，手感好，运行流畅，正在适应中。我买的带无线耳机的套餐，多花近100，但耳机很一般，音质一般，没有声音调节键，没用耳机接过电话，也不知道接按电话按键在哪里。最烦心的事，而且耳机摘下一个，就停止播放音乐，不能单耳听。这个功能对需要随时跟人交流的人很不方便，仁者见仁智者见智吧！
最烦心的是，耳机是加钱买的，居然买耳机后不送充电宝了，咨询客服，居然说，你也没问啊！算了，不计较了&hellip;&hellip;"
星河入梦,12+256,3,拍照可以，~拍***不清楚，失望
星河入梦,12+256,3,用了十几天，~总是闪退
星河入梦,12+256,3,还可以，就是啥都没送
星河入梦,12+256,2,还行
星河入梦,12+256,3,还可以
星河入梦,12+256,2,很难受，~步数计步不对！有些应用还闪退
星河入梦,12+256,3,信号太差了，5g网刷个~都卡的要死，还不如我之前带的r15
星河入梦,12+256,3,手机用了一阵，感觉还可以，就是赠品发货太慢了，年前的拖到年后，送货的速度也慢，明明到了站点，却迟迟不配送，原本以为京东的配送速度是不用怀疑的，结果还不如~
星河入梦,12+256,2,手机电池太差劲，3个小时就没电了，就看~，游戏都没打。
星河入梦,12+256,3,闪退，给~好友推荐名片的时候，闪退，安装应用的时候也闪退，别的倒是挺好，拍照不防抖，视频防抖
星河入梦,12+256,2,刚刚今天拿到手机，插卡用了一下卡的要死~里面的商品图片都刷不出来，还不如我一个用了两年的华为，还不给退货。上了一次当，郁闷死了。
星河入梦,12+256,2,待机时间：暂时还没怎么使用，打个几个电话，用了下~，还差不多吧！但是电池超不耐用，当备用机待机时间都没有20个小时
星河入梦,12+256,2,Oppo手机除了好看一点体验真不怎么样电池耗电快想退来着#联网试了一下不能退了慎买
星河入梦,12+256,3,外形外观：还可以，有点大。运行速度：比之前用的华为p30要慢一点，特别是~视频的时候会闪退。。。。。待机时间：一天充两次电。也没有很耐用。整体感觉一般，不会再买oppo了
星河入梦,12+256,2,手机用了一天，感觉电池耗电非常严重，就上~，不刷视频不看电视不打游戏，半天都要充一次电了，这种手机不值这个价钱，不考虑电量的可以购买用用??
星河入梦,12+256,2,这个手机~声音有点小，不知道就我的是这样还是，~分身单独设置提示音设置不了之前用的oppo手机都是可以的，买的糟心，激活了还退不了，只能这么用着了，真的买的人很难受
星河入梦,12+256,3,不知道怎么回事，一开始~打不开文件，退出登录重新登录才可以，这个暂先可以说是~有些小问题，但是今天还在视频就被闪退了，搞得一脸懵。说好有充电宝，但是没有送到
星河入梦,12+256,2,第一次充电器有问题，让我在赠品订单申请售后备注充电器，第二天送来充电宝第二次客服说前一天的同事说错了，要在手机订单申请，充电宝的售后无法取消说到时间会自动取消，第三天还是充电宝第三次物流说他接到的信息就是这样，让我找客服，客服说充电宝的没取消，两个售后关联了，他后台取消，物流又去了一次把充电器取走第四次只送回来充电器头，数据线没了，物流说他订单就是这样，找了自营店客服让我联系京东客服，手机还是给妈妈买的，我不在身边，每次妈妈都是着急的找我，她不懂这些，跟客服也说不清楚，这几次下来不怪她急，连我这种年轻人都很无奈，索性在~买了线，我也累了这一年我在京东买了四个手机，三个都是给家里长辈买的，不过也就到此为止了
星河入梦,12+256,3,经常发不出原图，发原图发不出去，烦死了用了几天经常是发~，发原图的时候发不出去，我也是醉了，而且网络也就一般吧，甚至还有点小卡，第1次用OPPO有点失望，拍照还好，后摄拍人简直丑爆了&hellip;&hellip;还是挺失望的说好的后盖是玻璃盖，结果根本就不是玻璃的好吗？也就摄像头那也是玻璃&hellip;&hellip;
星河入梦,12+256,3,机子性能、外观、手感都很好，就是打开使用时发现~拍作品是编辑文字时，文字位置移动非常不灵敏，售后官方检测说手机硬件没问题，说是可能与~软件兼容的问题，说以后系统升级就会好了，因为手机插卡激活了不能退，本来买手机就是为做~的，结果出这问题，只能认栽了，买个新手机出问题，心情很不美丽，介意的慎拍
星河入梦,12+256,3,1.用了一个礼拜，~发语音信息～声音时而大时而小，甚至有的断断续续&hellip;2.听音乐音质不好&hellip;.3.拍照一般&hellip;4.触屏有时无反应，截图操作也不好，头几天还很容易很快截图，这两天就不行了，截一张图要操作好几次&hellip;5.充电很快，剩余百分之十几，半小时能充满，耗电应该还可以吧，每天使用十几个小时，一个充一次电，不知道算好还是不好&hellip;6.收到手机之前看别人评价说机身四周做的不好，拿到手后仔细观察一下，发现右下角缺了一个小角，如果不是用手电筒照是看不到的，但作为新机不应该有这样的瑕疵&hellip;&hellip;
星河入梦,12+256,3,我来说说收到以后，熬夜玩了一下手机的感受，我的使用只能代表我的个人观点未按提示的时间送到手机同一个房间，同一网络，此手机比我的荣耀8x打卡软件还慢，荣耀才1200买的，就是内存小了才换的充电确实很快，新手机到的电是百分之五十左右，我是硬给耗没了，自动关机以后，看了时间半个小时充满断网睡觉，耗了百分之二，接受范围指纹处，如果不关闭，一直都亮着，如果关闭了，每次开手机得按一下侧方，开机这块荣耀背后指纹一秒开，这个得多放一下挺容易发烫的，我本人不看~不玩游戏，就刷刷新闻这些，拍照等还没测试最后如果有oppo粉，请嘴下留情，手下留情，我是用户，别来攻击我
