碧海星辰,8GB+256GB,3,还没用   过段时间在评论
碧海星辰,8GB+256GB,3,还可以，发货很快，手感不错
碧海星辰,8GB+256GB,3,拍照效果：感觉还没得我的小米pro9行
碧海星辰,8GB+256GB,3,拍照不行。其他还好
碧海星辰,8GB+256GB,3,充电很快！但是电池电量很快耗掉！
碧海星辰,8GB+256GB,3,手机还可以，快递一般
碧海星辰,8GB+256GB,3,充电快，放电也快。。。十分不经用。。。
碧海星辰,8GB+256GB,3,还可以，送货快，服务好！
碧海星辰,8GB+256GB,3,不知道为什么用电用的非常快，虽然充电也快
碧海星辰,8GB+256GB,3,手机挺不错的，但是为啥打游戏左上角会有个点
碧海星辰,8GB+256GB,3,外观还不错，还没有上手，怎么没有配送耳机呢
碧海星辰,8GB+256GB,3,一拿到手机，听电话打电话对方听不清
碧海星辰,8GB+256GB,3,阉割MIUI12的动画就贼难受
碧海星辰,8GB+256GB,3,好用，继续努力
碧海星辰,8GB+256GB,3,表现一般化！
碧海星辰,8GB+256GB,3,手机耗电特快
碧海星辰,8GB+256GB,3,京东小哥给赞
碧海星辰,8GB+256GB,3,勉强
碧海星辰,8GB+256GB,3,挺好的
碧海星辰,8GB+256GB,3,挺好
碧海星辰,8GB+256GB,3,很好贴，就是不够宽，也不够长
碧海星辰,8GB+256GB,3,一分价钱一分货，没有物超所值的感觉，京东送货一如既往的赞?！此次购物体验只能&ldquo;呵呵&rdquo;了之！
碧海星辰,8GB+256GB,3,手机好用，用的合约补贴方式套路深，又复杂。
碧海星辰,8GB+256GB,3,"这一亿像素跟玩一样，其他还行
性价比高，配送速度很快，次日达"
碧海星辰,8GB+256GB,3,物流很快，电池发热，待机一般，充电速度快
碧海星辰,8GB+256GB,3,挺好的
碧海星辰,8GB+256GB,3,"还好
屏幕音效：还没用
拍照效果：没有说的那么神奇
运行速度：快"
碧海星辰,8GB+256GB,3,我现在用的就是小米手机&hellip;&hellip;所以对小米的印象还是不错的&hellip;&hellip;不过这一款嘛(给父母买的）&hellip;&hellip;可能价格摆在那里&hellip;&hellip;拍照一般&hellip;&hellip;其它也就那样吧&hellip;&hellip;中规中矩&hellip;&hellip;
碧海星辰,8GB+256GB,3,"待机时间：用的时候掉电快，这是我最在意的
拍照效果：一亿像素和4800万差不多"
碧海星辰,8GB+256GB,3,还是蛮不错的，充电很快，像素也还行，就是发少了一些东西
碧海星辰,8GB+256GB,3,京东是没毛病，第一天下单第二天就到了。但是这个手机差强人意，主要表现在按键不准确，输入的时候经常打错了字。
碧海星辰,8GB+256GB,3,"外形外观：不错
屏幕音效：非常棒
拍照效果：很好很清楚，就是打游戏太卡！很失望？！！"
碧海星辰,8GB+256GB,3,"外形外观：渐变色挺好看的
屏幕音效：声音立体感
运行速度：速度快，不卡顿
待机时间：时间长
拍照效果：还行"
碧海星辰,8GB+256GB,3,"外形外观：漂亮
屏幕音效：挺完美
拍照效果：正常像素
运行速度：有时卡顿
待机时间：挺耗电量，充电速度挺快！"
碧海星辰,8GB+256GB,3,外观不错，速度也OK，用了几天发现游戏语音不靠谱（声音断续.可有可无.似乎就一个人在战斗）
碧海星辰,8GB+256GB,3,"拍照效果：一般 宣传的1亿像素 那是不可能的 牛吹飞上天了
屏幕音效：70分
外形外观：75分
运行速度：75分"
碧海星辰,8GB+256GB,3,使用了两天，外观可以，手机发热有烫手感，拾音比较差，是不是这型号都这样，其他使用方面还行。
碧海星辰,8GB+256GB,3,"拍照效果：不错
运行速度：不错
外形外观：不错
待机时间：一天
屏幕音效：不错
其他特色：充电快，10分钟，赠品没有收到"
碧海星辰,8GB+256GB,3,"外形外观：漂亮
屏幕音效：可以
拍照效果：L 有点失真，颜色加重了
运行速度：今天突然就卡住了，APP出来一半，刚过7天，哎！
待机时间：可以
其他特色：充电确实非常快"
碧海星辰,8GB+256GB,3,"外形外观：比较满意
屏幕音效：觉音质 没有我那个荣耀play好
拍照效果：比较满意，但是一亿像素也不是很好
运行速度：经常会有卡顿，要不是冲着这个性价比的话我肯定是不会选这款手机
待机时间：一般，一天两冲"
碧海星辰,8GB+256GB,3,"外形外观：满意
屏幕音效：中规中矩，能接受
拍照效果：不如以前的老旧手机清楚，一亿像素介绍不符
运行速度：够用
待机时间：一般
其他特色：双扬声器"
碧海星辰,8GB+256GB,3,"拍照效果：夜景质量很不好
5G切换后网络直接掉线，无法稳定的使用
国产手机的通病，安装了一堆垃圾软件

其它的都很好

运行速度：运行速度很好

其他特色：充电快，待机还行"
碧海星辰,8GB+256GB,3,一开始拿到手机感觉挺好的 外观颜色很好看 现在用了不到两个星期 手机会突然一亮 然后又恢复正常 不知道什么原因 经常这样子 可能 新的手机都会有亿点点不知名的毛病还没发现然后去修复叭
碧海星辰,8GB+256GB,3,"首先像素没有这么好吧，感觉拍出的效果没有特别与众不同很清晰，和平常的差不多；
系统本身占用内存30多g了，还好买了256g的内存，不然怕不够用；
运行正常使用还是可以的，毕竟是新机状态，本人用了一个星期；
星辰大海颜色还是漂亮的?"
碧海星辰,8GB+256GB,3,"说下我的使用感受吧
1如果冲着一亿像素买，建议三思，可以看看低好多像素的三星，华为的拍照效果。
2实体店买送耳机，送钢化膜，京东没送，送个手机卡几天了无法激活。
3我对手机性能要求不高，就是想内存大点，所以买了256g的。
4两千块钱的手机对于不打游戏，平时使用是够了。
5实体店多看看，多用下看看，主要送物品，当时能用，比网上买的合适的多。"
碧海星辰,8GB+256GB,3,K30至尊版一直没拍到，买的note9Pro，外观什么的还不错，跑分35+配置在那也就够用，但是才用两天感受电池电下的有点快，充好电后台全清理了放在那，自己半小时跑了10%；上午手机拍照无故卡屏，没有镜头画面，用另外手机拍的，一言难尽，作为一个在小米还只是个论坛时的老米粉，对这款机型比较失望
碧海星辰,8GB+256GB,2,买了第一天QQ崩了 第二天相机崩了 不知道是不是我中奖了???
碧海星辰,8GB+256GB,2,附加流量卡无用没有赠品
碧海星辰,8GB+256GB,3,外形外观：为什么没有发票？
碧海星辰,8GB+256GB,3,那个赠品入耳式耳机怎么没有
碧海星辰,8GB+256GB,3,东西还没拿到，还说不上好不好。
碧海星辰,8GB+256GB,3,买这手机，连耳机都不带
碧海星辰,8GB+256GB,3,送的流量卡呢？啥也不是
碧海星辰,8GB+256GB,3,反应有点慢以外，其他还好
碧海星辰,8GB+256GB,3,确定这是一亿像素的吗？？
碧海星辰,8GB+256GB,2,前方的孔为什么与屏幕不齐
碧海星辰,8GB+256GB,3,返回键有时候感觉不太灵敏
碧海星辰,8GB+256GB,3,小米只能说将就着用
碧海星辰,8GB+256GB,3,没耳机，有点小烫
碧海星辰,8GB+256GB,3,真的有一亿像素
碧海星辰,8GB+256GB,3,反应好慢哦，能退不
碧海星辰,8GB+256GB,2,所谓一亿像素有待提高，哈哈哈
碧海星辰,8GB+256GB,2,软件闪退，手机自带广告
碧海星辰,8GB+256GB,3,一般，没有想象中那么好。
碧海星辰,8GB+256GB,3,手机还行，没赠品，物流太慢，本地货都要3，4天
碧海星辰,8GB+256GB,2,不怎么好用，现在用了有点卡
碧海星辰,8GB+256GB,3,电池不耐用，买不到一个月已经有点卡机了
碧海星辰,8GB+256GB,3,两天，就这反应？半天都打不开
碧海星辰,8GB+256GB,2,系统卡顿厉害，吃鸡能出现掉线，
碧海星辰,8GB+256GB,3,像素并没有那么夸张，应该不到4800万像素。
碧海星辰,8GB+256GB,3,处理器不行。手机反应迟钝
碧海星辰,8GB+256GB,2,照相功能是真的差，图片迷迷糊糊
碧海星辰,8GB+256GB,3,还没开始用官方标配居然没有耳机，先减2星
碧海星辰,8GB+256GB,3,电池没怎么用上午就只有80/的电了
碧海星辰,8GB+256GB,3,一分价钱一分货，手机有点重，外观有点长
碧海星辰,8GB+256GB,3,一直不喜欢小米，只是华为手机芯片不能生产了，只能买小米
碧海星辰,8GB+256GB,2,不知道为啥刷着某音刷着自动重启了，不知咋回事
碧海星辰,8GB+256GB,2,说实话，玩游戏还是很卡。不玩游戏还行。
碧海星辰,8GB+256GB,3,快递很快，但是快递流转有点粗暴，包装盒子都烂了！希望改进！
碧海星辰,8GB+256GB,3,还是不如华为 才用几天 感觉不怎么流畅
碧海星辰,8GB+256GB,3,去实体店买还送耳机，这里买啥也不送，等了几天不值
碧海星辰,8GB+256GB,2,为什么还是发烫发烧？都多少年了，这点问题就做不好？
碧海星辰,8GB+256GB,3,一般般吧，这个价位。
碧海星辰,8GB+256GB,2,没有华为好用  同配置比华为便宜  照相一般
碧海星辰,8GB+256GB,2,对的起这个价格，唯一的缺点的话，就是屏幕，，，
碧海星辰,8GB+256GB,2,说是15点送达，催了一天，16点才出来快递员手机号，打他手机，说是在小区外面整理货呢，让出去拿
碧海星辰,8GB+256GB,3,手机有的厚，有点重，像素没有说的那么好
碧海星辰,8GB+256GB,2,电池真的不行。
碧海星辰,8GB+256GB,2,卡
碧海星辰,8GB+256GB,3,拍照效果：没有感觉到1亿相素的优势，和4800万的没区别
碧海星辰,8GB+256GB,3,怀疑是次品
碧海星辰,8GB+256GB,2,怎么没有耳机
碧海星辰,8GB+256GB,3,拍照不清晰
碧海星辰,8GB+256GB,3,不送钢化膜
碧海星辰,8GB+256GB,3,机身有点厚，
碧海星辰,8GB+256GB,3,一般，有些卡顿，其它还好，这价位不能要求太多了。
碧海星辰,8GB+256GB,3,后台清理较麻烦，像素言过其实，小程序有时卡顿
碧海星辰,8GB+256GB,3,一般吧，基本够用，但愿不卡，像素不高，一般吧
碧海星辰,8GB+256GB,3,不怎么好用，第1次用小米，好差呀，我早知道还不如买小米10看看呢
碧海星辰,8GB+256GB,3,就一个充电器和一个透明外壳，耳机线都没有，不满意
碧海星辰,8GB+256GB,3,一般般吧，第一次用红米手机，新手机有点点卡，不灵敏
碧海星辰,8GB+256GB,2,"拍照效果：拍照是真的不行，这一亿像素怕是假的
待机时间：续航也一般"
碧海星辰,8GB+256GB,3,用了一段时间，还行。就是前置摄像头上面有屏幕有黑影
碧海星辰,8GB+256GB,2,电池不耐用，手机性能差，还是刚买没几天就这样子了。
碧海星辰,8GB+256GB,3,手机收到了，使用中，没感觉有多牛，也没感觉有多差。中规中矩吧。
碧海星辰,8GB+256GB,3,真的不如note8pro呢！一亿像素不实在！触摸灵敏度也不怎么好！
碧海星辰,8GB+256GB,3,一亿像素。。。呵呵，电池没有说的那么好，不要报太大的期望值
碧海星辰,8GB+256GB,3,这个手机比较长，略大，重量加手机壳超过了半斤，略重。
碧海星辰,8GB+256GB,3,手机丢了赶紧买了个 用了一个月才来评价 主要就是有些卡 性价比是高 但是你卡就不对了
碧海星辰,8GB+256GB,3,原来那个手机送来用了两天就坏了，关机开不了机。后来联系客服又重新换了
碧海星辰,8GB+256GB,2,电池使用感觉不行，和其他牌子那些3000毫安时的电池没有区别，要改良
碧海星辰,8GB+256GB,2,使用几天就断网四次，第一次重启恢复，第二次第三次重新插卡恢复。今天突然没信号又自己恢复。一亿像素是个噱头。
碧海星辰,8GB+256GB,3,虽然内存挺大，但手机配置真的差点，8倍速看个监控回放都能卡住，不能图便宜
碧海星辰,8GB+256GB,3,用了半个月了，续航不行，4820mA电池浏览网页都用不了一天，不知小米官方是有改善方案？
碧海星辰,8GB+256GB,3,手机收到完好新的，用了一段时间，除了听筒声音不太好，耳机孔也不太好，其他都可以
碧海星辰,8GB+256GB,3,其他不说了，感觉换了这个手机 网络变得巨差&hellip;一分钱一分货 下次还是考虑换个贵点的吧
碧海星辰,8GB+256GB,2,手机买了一个多月了，开始用着还可以，但是最近两天手机充电一会一断，不知道出现了什么问题，问了客服，客服回答让我看看充电器问题，问题现在也没有解决。
碧海星辰,8GB+256GB,3,抢不到小米10及K30S 才买的  最高配置 新机用起来就有点卡  拍照效果也没有宣传的那么好  手机一般
碧海星辰,8GB+256GB,3,屏幕素质不行，显示效果还没我老手机mate8的显示效果好，没钱，凑合用吧
碧海星辰,8GB+256GB,2,，体验有点差，不知道是不是我没更新系统的原因，在QQ出错误，乱串联系人，出现未读消息联系人却又找不到
碧海星辰,8GB+256GB,2,以后还是在官网买吧，这里的东西还是不把握。连配件都不全，我怀疑是不是开过封，二次包装，配件弄对了。
碧海星辰,8GB+256GB,3,"外形外观：看 
拍照效果：反应慢
待机时间：正常使用不到一天，感觉电池不到4820ma
其他特色：手机发热比较厉害"
碧海星辰,8GB+256GB,2,晚上拍照渣，宣传的是暗夜拍照清晰其实就一点都看不见，VO只要打开拍照感光度做的很好，夸大宣传诱导消费者，
碧海星辰,8GB+256GB,2,为啥刚开机看到4200多步，7个小米生态设备，之后突然变成126步，0个小米生态设备？你们能给我解释一下吗？别人退回去的给我？
碧海星辰,8GB+256GB,3,信号不稳定，除了5G状态网比较好，掉到4G及以下等于没信号，时不时就掉一回，重启才能恢复。
碧海星辰,8GB+256GB,2,"一亿像素有点夸大，
电池耗电快
运行卡顿

感觉没性价比"
碧海星辰,8GB+256GB,3,这款机子不仅厚重，待机时间也不长，一天下来正常使用，只剩下60%左右！输入文字不是很灵敏！
碧海星辰,8GB+256GB,3,我可能买了个假的，大家都说待机多厉害充电多快，我的20%到满电需要两个小时，早上100%出门上班，不怎么用下班回来还剩30%
碧海星辰,8GB+256GB,2,"抢的首发，结果发现后盖内部有划痕，连着换了两次还是一样。
很有可能是生产工艺有问题，后盖玻璃切割后抬刀划伤，希望重新刷程序吧"
碧海星辰,8GB+256GB,3,拿到后发现有两个手机离的近视频或者免提通话明显的回声噪音 随即要求JD换货 经京东检验不是手机品控 问题而是小米手机都有这个问题 作为这个价位的手机我不太能接受这种明显问题 商品本身大小可以 但是略有点厚重
碧海星辰,8GB+256GB,3,体验了一个月，前几天退了，感觉吧电池还可以，但一亿像素可能跟4800万没啥区别，然后浏览朋友圈有点卡顿，第一次用小米?
碧海星辰,8GB+256GB,2,手机收到了，用了一段时间。刚开始用的还可以，现在出现了一点问题就是充电不稳定一会儿充一会自己就断了，总是断断续续的。现在和卖家沟通中。
碧海星辰,8GB+256GB,3,就待机方面耗电有点大，还有就是侧边指纹解锁在使用过程中不太好用！还有一亿相素也没有想象的那么美好。综合来说还行吧！
碧海星辰,8GB+256GB,2,没有耳机配送，贴的pVc膜，像素1亿，比不上我上款手机华为Nova 5的4000万像素，拍照反应速度慢，适合老年人使用，价格有点高。
碧海星辰,8GB+256GB,2,"信号，反应速度，手感，厚度等综合使用效果，不理想。
后悔买了。用了三年的1加5t，只是内存不够用了，其他方面都很好。"
碧海星辰,8GB+256GB,3,手机外观精美，性能一般，使用第五天已经出现两次黑屏2分钟以上不会动，过几分钟后又继续可以使用，不知道是就我这手机这样还是黑屏死机是普遍现象。
碧海星辰,8GB+256GB,2,这款手机性能一般般。用起来明显有卡顿感觉，只不过是个5G手机，手机信号和其他的手机一样，上网的网速还可以吧。电池够耐用的
碧海星辰,8GB+256GB,3,冲着1亿相素买的，但是拍照设置界面却一点不友好，全是英文，不知道怎么样设置参数，不是专业人员拿着这个手机也拍不出好的照片，有点遗憾。
碧海星辰,8GB+256GB,3,怎么说吧？之前用的是红米7 notePro，都是刚刚发行不久后买的，感觉没有红米七买回来的时候好用，奈何我们这边红米七又下架了，现在感觉就是这个运行速度和内存好了一点
碧海星辰,8GB+256GB,3,刚收到手机开机体验了一会儿，手机开机电量显示50%，下载了几个APP，看了一会儿视频总共用了不到两个小时就么电关机了，待机时间比较短，手机微微发热，后续在追评
碧海星辰,8GB+256GB,3,"物流是快，湖光秋色没有货可以选，只能选了个蓝色的，这是要搞饥饿营销？
手机充电的时候怎么突然断电了？
看了一些评论，用几天后再追评。"
碧海星辰,8GB+256GB,3,用了几天，其他方面都挺好的，就一个要吐槽一下，手机振动太弱了，来电的时候振动还时断时续，放在兜里根本感觉不到震动，是我个别手机的问题？
碧海星辰,8GB+256GB,3,本来还挺满意，无论是颜色还是运行，但是，麻烦发货的时候能不能检查清楚，残次品不要发！！！屏幕上方边缘的地方金属都被摩擦掉了，让我有些怀疑这是个二手机！！！
碧海星辰,8GB+256GB,3,"待机时间：电池续航短 没玩游戏基本一天两充 电池就是个** 只有充电速度算快
运行速度：运行速度算一般 还没用了快六年的苹果6sp快
拍照效果：一亿像素就是个笑话 拍照一般般
屏幕音效：声音还可以 蛮大声的
其他特色：玩游戏的极力不推荐 不管是运行速度还是续航都会让你抓狂"
碧海星辰,8GB+256GB,2,"运行速度：可以
拍照效果：基本上拍的照都有白点
屏幕音效：可以
外形外观：可以
待机时间：玩的话，一天三充
运行内存大幅缩水，8g运行内存，稍微打一个应用，就剩3g了"
碧海星辰,8GB+256GB,3,第一次买小米牌子货，以前一直用oppo！现在用了半个月体验感受感觉还行吧！就是感觉像素一亿是不是太虚假了！！手机外观鲜艳夺目，尺寸就差异了感觉厚重了点，可能是我用习惯了以前的，以后就看时间见证了&hellip;&hellip;
碧海星辰,8GB+256GB,3,东西不错，显示屏不如我两年前买的vivoX20收到货后没发现什么毛病，用了两天原厂手机带的一层感觉不舒服，换了一个钢化膜，结果贴钢化膜的时候发现屏幕边缘部分有瑕疵，像是磕碰造成的。应该是出厂前就有的，不然原厂带的膜肯定也是坏的。我是完美主义者。给五星好评不可能的。退货嫌麻烦就算了。
碧海星辰,8GB+256GB,3,总体来说这个价格还算可以吧？只是用了这么久，感觉电池也不是那么够，然后就是还是会有断流的现象，就是你连手机信号的时候不是连WiFi他那个总会网络中会断。这次送了个耳机，还可以吧，也算是一点点福利。但是小米11出来之后还是想买11还有一点就是小米惯用的计量就是饥饿营销。想买的没有货，得预约还得抢。
碧海星辰,8GB+256GB,3,配置高，内存多，但效果不是很好，主要缺点：一、耗电太快，充一次电用不了12小时，二、1亿像素拍稍远景物放大后看不清，与之不符，三、反应较慢。总之比小米系例有一定距离。钱少者可考虑，经济宽裕者直接越过。
碧海星辰,8GB+256GB,2,以前一直用华为mate系列，换这款手机之前用的mate9，因手机内存满足不了需求。使用体验主要有几点：1.锁屏密码输入，四位数密码这款手机一秒完不成，总是卡一下，mate很流畅2.整体速度和使用过三年多的mate9差不多3.开着途游@锁屏，再开锁就是黑屏一会儿。。。整体一般，比不过华为mate系列毕竟价格便宜，还有就多一个主题小米不收费，华为收六块
碧海星辰,8GB+256GB,2,"外形外观：碧海星辰不是AG工艺，容易留指纹
屏幕音效：没感觉出高刷的快感
拍照效果：差，真的不行，不知道是不是没优化好，广角下噪点太明显，超级夜景就是个笑话，灯一关，啥都拍不出来，和发布会宣传的出入太大了
运行速度：速度还可以，没什么特别的地方，毕竟是处理器差强人意
待机时间：只能说中规中矩，充电发烫"
碧海星辰,8GB+256GB,3,"外形外观：样子还行，不像千元机。但是太笨重了。
屏幕音效：双扬声器还行。不过不失。
拍照效果：非常差劲，一亿像素真的就是当做噱头用的。效果比不上我的老手机。夜景更是一塌糊涂，该走走变焦相机。最后照片一张纯黑的是note9pro。另一张是mate30pro。
运行速度：用换了旗舰cpu还是觉得有点卡顿。早知道想用两年的说。
待机时间：还行，比较稳定。
其他特色：支持tf卡。"
碧海星辰,8GB+256GB,3,昨天打开包装的试了一下机，今天第一天才开始用，现在还不知道性能各方面怎么样，用时间长了再看看，这个1999元价格的话就感觉跟其他网购平台同一品牌同一型号比较有点贵了不划算，跟实体店比较也贵，就是别的网购平台商家、实体店商家的卖得便宜还送礼品，昨晚收到快递打开的时候啥都没有，耳塞、蓝牙耳机、充电宝、音箱这些套装该配备的都没有，还得另选购另外加钱，别的平台商家就不一样免费送的，也是一年免费保修，评价的话不管商家还是物流我都给三星，如果这款小米机用的满意的话，下次我再继续选购京东自营的小米k305G，在京东平台选购是经别人介绍的，嗯，暂时评论就这些了，看用的效果怎么样，下次再继续追评吧！还有我的快递地址都给弄错了，服务还得继续加强。
碧海星辰,8GB+256GB,3,"用了四五天了，来客观的评价一下，手机卡了三次，指纹解锁偏慢，照相没什么感觉，电池号称4800，实际4500，还不如我米8的3300，不玩游戏，不看视频，一天都要一充，耗电太快了，插卡连个针都不送，综合远低于预期，
待机时间：耗电了， 不像新手机，
运行速度：卡顿 
外形外观：寸小点更好看 
屏幕音效：还行吧
其他特色：低于预期之外
拍照效果：没有一亿，还行吧"
碧海星辰,8GB+256GB,3,"拍照效果：一亿像素解析力是有的，但整体拍摄效果感觉不如手上的一加6t
屏幕音效：双扬有点闷声音不够通透，，一般水平吧
运行速度：750g功耗性能不如天机800u，，没啥好说的王者荣耀和平精英还是能玩的，，至于原神啥的，，还是加点钱上天机1000或者865吧，不考虑5g的话，855的机子也是个不错的选择。
外形外观：整体比较厚重真的！！！手感一般

待机时间：发热有点明显，，考虑到手机耗电不敢一直开着120hz所以一拿到手就关了。

对了系统的非线性动画被阉割了，，手机的话中规中矩，，家里人不太喜欢。"
碧海星辰,8GB+256GB,3,"第一次买小米手机，想说一点详情上没有的东西
手机自带的系统是MIUI12.0.4,没有超级壁纸，没有万象息屏，没有防闪烁模式，没有小白条，自由窗口没有小杯，窗口也不能自由移动，深色模式也不能自己设置应用，其他的例如小米闻声，游戏加速，声音助手，视频工具箱还没有看有没有，其他的都还好，"
碧海星辰,8GB+256GB,3,总体来说还可以吧，离开小米很多年了，这几年都在用华为手机，从这款红米手机又回来了，说实话感觉有些不适应，这一亿像素的宣传也不知道是真的还是假的，反正觉得不咋地，电池续航一般吧买这个版本主要是看中颜值，手里都是水滴屏、边部挖孔屏、全面屏（升降式前置摄像头），这个在中间挖孔的和我之前用过的三星很像，短时间内估计等不到屏下摄像头了，就买这个体验一下，还好不是挺贵，就留下来用吧，手机有点多，用不过来，感觉很累，过年回家把手里的4G手机转送给家人吧！
碧海星辰,8GB+256GB,3,"个人感觉真的一般。上手体验还可以，就是玩游戏画质开满的话，团战会掉帧。日常使用的话也会有轻微的发烫。而且现在是冬天哦。夏天玩的话还得了。要不是至尊纪念版s抢不到，肯定不会买这台机的。还有就是，耗电也挺快的。两小时差不多耗了百分之三四十（可能和开了高刷和5G有关系）1亿像素感觉也不怎么样。但是一千多块钱的手机做成这样也还不错了，毕竟一分钱一分货。最后再附带一个娱乐大师的跑分图吧
外形外观：还行
拍照效果：很一般，毕竟是手机 拿来扫二维码够用了
待机时间：不咋地 耗电太快"
碧海星辰,8GB+256GB,2,"外形外观：还行吧，后置镜头太鼓了不太舒服。
拍照效果：冲着拍照买的。因为红米note在千元机里照相效果算不错的，之前的note 7 pro拍照就很理想，想着9应该更好，结果大失所望。画质太糟了，比7差远了。而且快门反应慢。目前只用了一天的感受，后续继续观察。
运行速度：运行速度：毕竟新机， 不玩游戏的我觉得速度挺快。
其他特色：充电是真快：半个钟头涨了50%。"
碧海星辰,8GB+256GB,2,手机速度很慢，拍照模糊
碧海星辰,8GB+256GB,3,"屏幕颜色不正,真心不舒服."
碧海星辰,8GB+256GB,2,游戏玩不了太卡了
碧海星辰,8GB+256GB,3,手机用时太爱发热。手机都烫手
碧海星辰,8GB+256GB,2,手机发烫很严重。
碧海星辰,8GB+256GB,2,说今天下单，明天货到，谁知道是骗人的！！！差评！！！
碧海星辰,8GB+256GB,3,分辨率太低，照相不清晰
碧海星辰,8GB+256GB,3,和华为比起来有差距，手机太重了，
碧海星辰,8GB+256GB,2,物流太慢了，超过五天，订单到了之后快递员就是不送差评
碧海星辰,8GB+256GB,3,手机电流太快了。一会儿电就没剩多少了。
碧海星辰,8GB+256GB,3,就这四舍五入，也2000块了吧。简直差劲！
碧海星辰,8GB+256GB,3,**??，看起来后置四个摄像头，其实只有一个是真的
碧海星辰,8GB+256GB,3,快递包装不用心，这是京东快递吗？最近在京东购物的体验很不好，尤其是快递方面的。
碧海星辰,8GB+256GB,3,像素很垃圾啊，不是说一亿吗，这个像素，我也是醉了
碧海星辰,8GB+256GB,2,拍照效果不好，屏幕不清晰，很模糊的屏幕！
碧海星辰,8GB+256GB,3,手机太重了
碧海星辰,8GB+256GB,3,很多软件下载了&hellip;打不开，或者找不到软件
碧海星辰,8GB+256GB,3,手机电待机不是太好，外送员服不好 贵重东西本人未签收 他就随便放质了，服务差极了。
碧海星辰,8GB+256GB,3,一分钱一分货，没有太多期待。声音蛮大的，美太多功能，
碧海星辰,8GB+256GB,3,闪充电量好评，运行速度不行，买了没一个月屏幕死机两次
碧海星辰,8GB+256GB,2,配送非常非常差，整整一上午都在等单，结果一直没到，打电话催才知道给的信息和实际配送人不一致，说把手机号发我催了两遍才发。送到之后没有打电话告知，只是发了个短信放到快递点，第一次觉得京东物流这么差，整天宣传隔天送达就不要再催了好吧
碧海星辰,8GB+256GB,3,"待机时间：真心不是很好
拍照效果：没觉得像素忒么忒么好
其他特色：真心觉得一般般"
碧海星辰,8GB+256GB,3,手机还没用，用后回会追加评价，但是说好的赠品耳机却迟迟不发货，问小米客服让找京东客服，京东客服让找小米商家客服，推来推去，买个手机送的耳机没收到，惹一肚子气，不知道在搞什么
碧海星辰,8GB+256GB,3,一亿像素太惊艳了，都快赶上我4000万像素的旧手机了。
碧海星辰,8GB+256GB,3,"指纹解锁不好用，手机快速移动时候信号很不好，
屏幕点触有时不灵活，"
碧海星辰,8GB+256GB,2,刚购进的新机就有点卡，屏幕灵敏度也不够反应迅速。这次购机太差！
碧海星辰,8GB+256GB,2,"待机时间：待机时间太差
运行速度：运行还没我原来荣耀6+64的快
屏幕音效：每天都会卡屏卡上几次"
碧海星辰,8GB+256GB,3,数据网络太差了，连接wifi也是，有时要刷新很久！卡顿延迟严重，害...
碧海星辰,8GB+256GB,2,收到货用了两天，今天第三天，手机死机自动重启起码有十次，感觉被广告骗了
碧海星辰,8GB+256GB,3,没用多久就出现卡顿现象，我刚看着看着电视就死机了。重启了才好。好担心。
碧海星辰,8GB+256GB,2,"屏幕音效：屏幕特别暗，白色特别差
拍照效果：夜景根本没有用，啥也看不见"
碧海星辰,8GB+256GB,2,相素根本达不到一亿像素，还有局部地方触屏不灵敏，音质接电话偶尔有杂音
碧海星辰,8GB+256GB,2,手机是被拆过的 二次塑封的也很差 手机的保护膜没完全粘上 有很多颗粒的灰尘
碧海星辰,8GB+256GB,3,本来手机还好，后来发现每次用完耳机拔出后还是显示耳机模式，每次都要重启才会消失，也没办法解决，真是坑~失望
碧海星辰,8GB+256GB,2,电池真的很无力，我是从荣耀转用红米，荣耀平时支撑一天半都没问题，这个红米，支撑个多半天，就电量告急，能告诉我为什么吗？电池希望改进啊，我都真的想退货了。
碧海星辰,8GB+256GB,2,刚买的手机感觉亏了，八点多充电冲到八十多，十点多只剩下五十多，我荣耀9x续航都比你强，还4800的电池容量，打把游戏耗电真的快
碧海星辰,8GB+256GB,2,"外形外观：一般
屏幕音效：还行
拍照效果：差
运行速度：一般
待机时间：耗电快！
其他特色：小爱同学一直都叫不醒！耗电又贼快！体验感真的很一般，还没我7por好！做为老米粉，真的失望了！"
碧海星辰,8GB+256GB,2,"屏不好，用护眼模式时上下滑动屏黑色字体会产生明显的红影，看着很难受。
手机太重了，拿久了手难受。"
碧海星辰,8GB+256GB,3,其他都好，1999就给了一个塑料套，第一次买，我丢！小气，抠门，我看评论别人都送耳机，我也抢购的为毛线就个五块钱的塑料套，**雷军好坑
碧海星辰,8GB+256GB,3,还说不说物流很快，但是还是要说句实话，总感觉这款手机哪里不对劲，今天用第二天了，就出现卡顿现象，今天下载了一个软件直接就卡了，怎么返回也不好使，有些App在小米商店根本下载不到。也许是一分钱一分货的问题吧！
碧海星辰,8GB+256GB,2,手机一般般，性价比没有说的那么好，毕竟价位放着。之所以三星，是因为手机卡槽打不开，拿到手机店花了钱才打开的，说是卡槽卡着了。网上买东西不是特别过分一般都五星的。总体来说不是特别好的一次网购
碧海星辰,8GB+256GB,2,像素真是吹出来的、拍起来显示的很抖、一亿像素比起苹果都差太远、咱能低调一点吗、价格到不贵、但是别吹嘘呀愁人
碧海星辰,8GB+256GB,3,1.指纹识别能力太弱，2.新手机的电池电量，正常使用居然用不了8小时，3，参数说明一亿像素，实际使用达不到这个配置。4.售后服务和客服服务敷衍了事，不配合，
碧海星辰,8GB+256GB,2,手机收手一般，一亿像素就是个噱头笑话。照相不是很逼真色差也很大。，而且机身很重，没办法和苹果比，有钱还是上苹果吧。
碧海星辰,8GB+256GB,2,说真的，真的是有点吹过了，1亿像素哦，效果比上几年的荣耀v8也没有优胜多少。是我没有正确使用吗？另外信号也不好，在停车缴费点，是负一层到地面的半坡缴费点哦，点缴费了，半天还在转圈圈，如果是负一层的，那不是要先上一层缴费了，然后再去负一层才可以取车？？？？由于已过7天体验期了，也无法退了。
碧海星辰,8GB+256GB,3,"后壳被拆过，在灯光下能看到后壳左侧有用刀片拆过的痕迹，右撇子！安兔兔GPU，adreno619跑分不支持！搞得什么？别人支持到我这里不支持！
原装机子后盖不可能有痕迹的！
我发现我买的所有的电子产品，手机，笔记本，耳机都被拆过！国安的**搞得吗？还是京东配合的？"
碧海星辰,8GB+256GB,2,首发买的这个750G真不能打游戏，玩和平最低画质人一多就卡成狗游戏体验贼难受，一亿像素在LCD屏显示不出效果，和4800万的机子无区别，就待机时间不玩游戏能坚持7/8小时正常水平，怪不得一直不缺货，k30S一直缺货
碧海星辰,8GB+256GB,3,不太满意，普通相机功能排出的照片锐化严重啊，甚至模糊，不太明白为啥卖点居然如此大脸。其他功能还好吧，主要用习惯小米了，第一次使用红米&hellip;有点失望
碧海星辰,8GB+256GB,2,支持国产手机好是好，一亿像素，呵???&quot;???呵！唉也后勤也跟不上，花了2138块人民币买了加小米air2se耳机套装的手机还没用优惠券，结果到手里的是1999块人民币标配套装，找了商家客服还推三推四，订单编号都是复制的还偏说是手机号，两台手机都怼没电了，我也服了！真的是！买了就买了！给两星是好的，手机不退了，希望国产越来越好吧。
碧海星辰,8GB+256GB,3,用了一段时间，感觉相机一般，甚至还有点模糊，电池太不经用了，不保电，电量掉的特别快，而且新手机竟然还感觉有点卡，这个是我没有想到的，
碧海星辰,8GB+256GB,3,"外形外观：和宣传的一样，个人感觉很好看
屏幕音效：120很流畅很丝滑
拍照效果：图片是夜景模式，普通
运行速度：不知道什么原因，第一次打开app的时候会卡，而且追剧的时候，从竖屏切换到横屏字幕会卡住
待机时间：普通
其他特色：有点沉
而且第一次充电的时候是双闪电，第二次就变成单闪电了，莫非快充是一次性的？"
碧海星辰,8GB+256GB,3,11月30晚上买的，当时看到是新品，一亿像素，比较好奇，就决定买了，当时我买的时候看见预计送达时间是12.1号中午三点之前，结果第二天在看，提示需要到供货商进货，问客服，说的大概需要七天时间才到！当时心都凉了，结果拿到手一亿像素？算了，还是我太年轻了，没有防抖功能，拍照简直了，像素不行，拉进看一片模糊，和其他手机比差远了，
碧海星辰,8GB+256GB,3,"只能说一般般
拍照效果：一亿像素只是噱头，说严重点就是**
运行速度：我以前那部手机是6g运行内存的，这是8g肯定要好一点，具体好多少，现在还没感受到
待机时间：老样子，每天都要充电
其他特色：下载一个桌面都不能用，说是要小米官方认证的，可是一个官方认证都没有，只能用小米桌面，小米桌面太垃圾了，连循环滑动都不能，是个流氓手机，这要是在美国，要接受反垄断调查"
碧海星辰,8GB+256GB,3,我买的是红米note9pro，256  G的，用了不到10天，很不理想，特别是续航吋间太短，大约连续用5 小时就没电了。相机说是一亿像素，夜景根本拍不出来效果。另外手机配有手机套也贴了膜，却未加说明，相反又让客户换购，有种受骗的感觉，实在不能给好评。
碧海星辰,8GB+256GB,3,"外形外观：有点偏长
屏幕音效：长  大
拍照效果：一亿像素就**是个唬头（可惜我现在才知道）
运行速度：新手机都**一样
其他特色：作为游戏智能手机，我只能说别玷污了游戏智能，按键设置集齐鸡肋，
  充电与耳机孔都在一边，现在打游戏谁不是边充电边打游戏。
全屏设置的意义不知道在哪里，打游戏，左手摇杆总体接触到最底处，一不小心就把菜单按钮滑出来了，虽然有二次才可以滑出来，但是每次第一次滑出来都**摇杆划不动，搞的手跟不上脑，非常忙恼火，
还是一句话，游戏智能手机完全只能说一般，这两处设置存在很大缺陷，
建议各位玩游戏的慎重考虑，不然关键时刻掉链子，摔手机额
不得不说到货速度挺快的。"
碧海星辰,8GB+256GB,3,挺好的就是外观有点划痕，
碧海星辰,8GB+256GB,3,还行，就是电量掉的太快了
碧海星辰,8GB+256GB,3,屏幕音效：还行吧，就是声音太大，把屏幕震到了，
碧海星辰,8GB+256GB,3,还行
碧海星辰,8GB+256GB,2,待机时间：不知道是手机本身原因还是什么原因，感觉手机续航能力有点低，晚上待机都会耗百分之十二的电，白天上班时间正常使用(看下~，接打电话)都要在办公室加冲一次电才能用到下班
碧海星辰,8GB+256GB,2,买了刚用20天，过来吐槽一下，这款手机耗电是真踏马的快，不打任何游戏，听听歌，挂个QQ，~，一天一充，跟我以前的苹果6一样，不值得啊。不信的大家可以多看看追评，只是实话实说而已。
碧海星辰,8GB+256GB,3,今天第一天拿到，总感觉怪怪的，感觉~，朋友圈照片什么的分辨率不怎么好。有时候浏览网页什么的，还有卡屏现象。可以退出，就是当前屏幕没反应。其他感觉挺好的。
碧海星辰,8GB+256GB,2,就一个快递盒子除了手机，充电器手机壳之外什么都没有??????真的是什么都没有！手机上贴的膜就普普通通的保护膜拍照一般，~开视频还不如iPhone7plus送货是真的快
碧海星辰,8GB+256GB,3,外形外观：外形外观：很漂亮，单看外观完全值得拥有照片很一般，感觉还不如小米闹特3的1200万像素的质量高，对照相要求高的建议还是参考其他机型。没有光学变焦。介意的也不要选京东物流竟然要把我的货放到~，不往家里送。我这个是疫情之前买的。不敢想象。不过我去的早了，还没放到驿站，还是从他手里借接的。
碧海星辰,8GB+256GB,3,感觉触摸反应没有那么灵敏，其次是手机真的太容易发热了，刷会儿~都很热，我觉得最不方便的应该是侧边的指纹设计，拿手机经常就会碰到，然后提示多次解锁失败个人觉得很不方便，
碧海星辰,8GB+256GB,3,买到手感觉挺好，就是手机信号不稳定，没办法正常刷快手，~！玩着玩着就一直在缓存，烦死了，经常~最上面显示无网络，我测了好多办法才知道是手机的问题，可是我工作理不了手机，以后有时间保修吧！Wifi挺好用
碧海星辰,8GB+256GB,3,外形外观：手机太重，拿久了手疼屏幕音效：没发现问题拍照效果：虽然和单反没法比，感光一般，就像素高运行速度：可以吧待机时间：一天其他特色：刚开始不识别第二张卡，反复装了好几次才识别，相册总是弹~，即使关闭联网提示按钮也没有用，只有同意才不弹，BUG。我正在纠结要不要退。
碧海星辰,8GB+256GB,3,就是不知道是不是手机自身问题，还是就是我这一个手机问题，感觉手机下电特别快，就只是连着网偶尔看一下~消息，手机充满电一上午两三个小时，就下去20%，下班回来看个直播，就看个视频一两个小时差不多手机就要没电了，不过外观还是很好看的
碧海星辰,8GB+256GB,2,重量稍沉，习惯就好，晚上拍照没有想象中好，相机放大聚焦反应有点迟钝，知乎、~搜索、WPS不能截长屏让人难受。一两个小时不用手机再唤醒屏幕时指纹解锁无反应，必须按开机键唤醒再指纹解锁，作为一个新手机这不应该。B站看视频有时返回或重播无反应，有点不开心。
碧海星辰,8GB+256GB,2,手机正面的全面屏很漂亮，但翻过来背面很丑。不过没关系，我看中的是性能。指纹解锁做在开关键上真是太好了。不像旧款红米不小心误触就会亮屏。高刷新屏看着挺好的，可惜太费电，平时就关了。一般操作很流畅。关了高刷屏，gps，蓝牙，nfc，禁止了乱七八糟的推荐与各种app自启动后也相当省电。看看~听听音乐等一般使用大概能一天半到两天一充。标配的充电头充电相当快，大概每5分钟能充10%。本来就这样的话我是很满意，应该给个五星好评了。红米N9P最大的问题在5G设置。系统默认5G只开启NSA网络，需要手工打开NSA+SA才能连接5GSA网络。更要命的是，一旦手机重启就会回到初始默认状态。每次开机都要手工设置NSA+SA模式，否则只能做4G手机用。咨询客服结果是叫我下载最新的MIUI12系统安装。但下载更新加恢复出厂设置等折腾了一晚上也没有解决问题。扣掉三颗星。
碧海星辰,8GB+256GB,3,凌晨尾款，今下午就到了，新机上手系统流畅，外观做工都不错，屏幕材质也很棒，后盖还是塑料材质贴的变色膜，就是冲着一亿噱头买的，结果成像效果一般，光线不太好成像就更差，参数除了主摄强点，广角才800+200+200就是凑数，摄像头凸起严重，机身太重。750的cpu日常凑合够用，玩游戏不推荐，高刷和续航试用之后再追评，不用抢的备货量和配置来说，注定不会像30+系列成为爆款，推荐买低配6+128最合适，用一年淘汰再换新，高配不如加点钱上30s或者30pro
