深海蓝,8GB+128GB,3,觉得没p30好看，使用起来还是可以的
深海蓝,8GB+128GB,3,把4G手机放在5G专区里面
深海蓝,8GB+128GB,3,一般般吧费电呀，华为性价比慢慢不存在了
深海蓝,8GB+128GB,3,没有想象中的好，屏显颜色偏蓝。不如P9
深海蓝,8GB+128GB,3,买不到mate40，不喜欢大屏。偶然抢到P40，总的感觉不如mate系列，屏幕色彩差距明显。拍照功能一般。而且，买到了才发现是4G版
深海蓝,8GB+128GB,2,收收网络很慢，还有卡网
深海蓝,8GB+128GB,2,快递箱没有变形破损，但手机包装却受损成这样，难道是原本已经这样了还装箱发出了？糟糕的一次购物体验了，还好能换货。
深海蓝,8GB+128GB,3,体验感太差了，用半个小时左右就发热，一视频通话也发热，是不是用了小米的技术？
深海蓝,8GB+128GB,3,感觉我买了个假的新机子，用起来竟然会有卡顿。还有这是4G啊，不知道的还以为自己是2G呢，上个~都要刷新半天，这是移动的锅还是手机的锅呢？总体用起来，说真的，和我三年前用的p10分毫不差，所以，这么多年从10到40具体升级了什么？
