【新品】DJI Pocket 2,,1,买回来就是个问题机，无法升级固件
【新品】DJI Pocket 2,,1,刚开箱，这么大一片油渍？？？
【新品】DJI Pocket 2,,1,快递员不打电话，也不配送，打电话过去催也不理
【新品】DJI Pocket 2,,1,镜头里面有油渍和灰尘。。。
【新品】DJI Pocket 2,,1,用途不大，除了拿着方便。
【新品】DJI Pocket 2,,1,买不到合适的内存卡，
【新品】DJI Pocket 2,,1,大疆售后差到了极点
【新品】DJI Pocket 2,,1,机器是坏的，无法正常使用，十分不好的购物经历。
【新品】DJI Pocket 2,,1,太上当了，希望大疆先把品控控制好，再谈其他的。
【新品】DJI Pocket 2,,1,像是被用过的，摄像头处又明显补漆，关键是补的还掉了一点，打算尝试联系更换
【新品】DJI Pocket 2,,1,屏幕坏点一堆，纠结的人建议不要买，走苹果路线，售后非常麻烦，退换货时间周期超长，电池超级不耐用，性价比极低，相比索尼佳能的卡片机摄像拍照都不在同意档次，但是便携性确实很赞，云台也确实一如既往地好用，就是售后太渣
【新品】DJI Pocket 2,,1,全差评，给人工客服小郭
【新品】DJI Pocket 2,,1,刚买一周就坏了，云台无法转动！！！！！！
【新品】DJI Pocket 2,,1,当玩一下吧，出片效果很一般。客服很差劲
【新品】DJI Pocket 2,,1,申请七天无理由退货，货已经退回去好几天了迟迟不见审核，购物体验极差
【新品】DJI Pocket 2,,1,附件没有，一直不给补寄，投诉一个推给一个。
【新品】DJI Pocket 2,,1,能买gopro千万别买这个，别问为什么
【新品】DJI Pocket 2,,1,京东的客服实在是太差了，全是机器人转人工也没人。
【新品】DJI Pocket 2,,1,"**客服,买的时候说单机就可以拍照,到了又说要内存卡!"
【新品】DJI Pocket 2,,1,收到东西就有问题，一直不退款 ，说什么返厂检测，太气人了
【新品】DJI Pocket 2,,1,这个售后非常的垃圾，派送也非常的慢，遗漏的广角镜头还说全新的机子不会遗漏，难道是我吃了不成，一直都没解决这个问题，我信赖的京东让我刷新看法了！
【新品】DJI Pocket 2,,1,没有自带的内存卡，还得自己买。没内存卡也没法用啊。。。。真是。。差评！
【新品】DJI Pocket 2,,1,第一个买了有瑕疵，退货，收到货后卡了一个多礼拜都没退，最后搞了很久才退，算了 说多都是泪 视频效果也很一般不如kol说得那样
【新品】DJI Pocket 2,,1,第一次使用电池很短时间没有电，电池手握位置感觉有点发烫，不知道是不是电池的原因，给我的感觉这个新品的质量让我产生一定的疑问，还有点闹心，昨天安排换今天只能返修
【新品】DJI Pocket 2,,1,云台收到手后，开机时发现云台自检时出现卡顿，使用迷你摇杆操作时无法正常操控云台，等了这么久真的很失望，店家的处理态度也令人很不舒服，有一种店大欺客的感觉。
【新品】DJI Pocket 2,,1,首批货千万别买，全是残次品，手机转接头两个都是划痕，云台里面还卡的不知道是什么，蓝色的朋友买的机身上还有划痕，快递发过来袋子装着，连个快递盒也没有
【新品】DJI Pocket 2,,1,11月24号上午到货，11月24号下午固件升级后，手柄就无法控制云台，大疆客服喊我手动怎么刷机哟。现在软件都这么多问题，立即果断退货。大疆这款产品真是垃圾。 一周过去了，大疆还在审核，还没退款给我，大疆的售后大家自己去体会，不要被大家段子手洗脑了，不要迷信大疆
【新品】DJI Pocket 2,,1,"操作难易：很难控制，云台速度太慢了，拍静态影响我要云台干嘛，动态又跟不上
其他特色：品控差，开包装就发现掉漆，售后流程长，服务态度僵化"
【新品】DJI Pocket 2,,1,我是说满心欢喜地买来 结果换了两张闪迪的卡 都提示SD错误，都是指定卡型，太伤心了，准备寄回维修了，这个是pocket2的通病，很多人都有这种情况，每次开机都提示SD错误，需要重新拔插很多次才会正常，但是隔段时间关机之后再开机又会出现SD错误
【新品】DJI Pocket 2,,1,翻了翻评论看来我是双十一之后第一个中奖的?，拿出来就是坏的，按一下开机键之后镜头抖动一下就不动了，然后亮黄灯大概两秒，就开始一直闪红灯，现在已经申请换货了，看看过几天大疆那里怎么说吧，到时候再追评。明明期待了好久的pocket2，天天看评测视频，没想到自己中奖了，现在有点失望?
【新品】DJI Pocket 2,,1,第一次买大疆产品，说实在很失望，买回来直接不能用。开机红灯闪烁，无法读取画面，就算偶尔能进去，关机也是不正常的红灯闪烁，用的很恼火。申诉的退货周期要15天，以后应该不会再考虑大疆产品了，心累。
【新品】DJI Pocket 2,,1,DJI 大疆 DJI Pocket 2 和DJI 大疆 DJI Pocket 2 全能套装是一版详情页，光看图了，没细看配置，我要的是带全部配件的，结果只发来单机版，不带配件 而且我补差价还不支持，必须要退货后在下一单才可以**运营支持 我邮寄产品，还让我拍摄视频为证，证明机器没有坏，我刚拿到机器，补差价不行， 还得拍视频，最差的一次购物体验，没有之一 大疆美工** SIM也是小字备注的，我也不知道没有SIM卡 大疆美工** 配送费我不承担
【新品】DJI Pocket 2,,1,正常使用一个月 ，小按钮突然断裂，品质极差，走售后，售后分析 ，因为按钮在外力作用下，断裂，可笑至极，意思是这个按钮不能用力来操作，需要隔空无力操作，才能确保此按钮平安.
【新品】DJI Pocket 2,,1,买了就后悔。第一，屏幕太小，很多时候回家看回放才发现跟焦虚了，整个片都废掉了。第二发热厉害，无论接充电宝还是电池供电，不一会就发烫，不知道夏天能不能拿来煮鸡蛋。第三，生态太封闭，要想拿手机当监视器，手机是没办法一边充电一边监看的，意味着你要准备好几台手机。此外要想拿来做直播，你要花500多块钱再买一台&ldquo;全能手柄&rdquo;。第四防抖功能简直是开玩笑，一边走一边拍，画面晃得眼花。第五，关机后几秒钟，镜头就松了，
