,,1,售后差劲！
,,1,反正不知道怎么前屏就坏了，收获的兄弟姐妹一定注意，自认倒霉，10.1用不了了。就算换好也只得等到假期之后了。没摔没进水一次也没有。
,,1,商品本身没问题，但是比我早买的有赠品，比我晚买的也有赠品，到我这里就没有赠品了？虽然那个椅子没啥用，可是让我不舒服。
,,1,垃圾，出现质量问题，要求换货
,,1,没有在比gopro9垃圾了的，触控屏幕基本没反应
,,1,没有在比这个gopro9垃圾了的，屏幕基本没反应
,,1,差评是给活动的，买完发现它有预订送赠品。我要求补一个赠品，客服不给。
,,1,价格高于其他店铺的同款商品，送的东西也极少，极度不建议大家购买，希望大家别入坑
,,1,配件少了，找客服9天还不给解决，一天一个说法，说的都不一样，垃圾
,,1,太贵了！香港2700港币合人民币2100，含多一个电池，64g卡&hellip;&hellip;才在官网上看见。
,,1,下载不了app，连接比较麻烦，九代还没有相适应的电池座充，防护套，屏幕的显示太模糊不清，找不到客服问问题，光线不足是感光度不太好比较黑，广角变形严重，送的保护套放不下自拍杆
,,1,发热严重 耗电快 和大疆没有什么差距 送了一个128的内存卡，真心就那么回事 还有就是包装拆了 不能退货 大家要买的注意点 我就想不通 不拆开怎么看
,,1,"便携性能：奉劝普通用户千万别入，本来想买一个每天记录生活日常做vlog，但实际上根本没地方架，太沉，一点都不便携
其他特色：还有就是你根本没机会 &ldquo;试&rdquo;，拆开就不退了，我也是第一次见识了！国外品牌真的是，不知道谁给惯的！"
,,1,"全新Gopro9,体验感差，死机，卡屏，触摸没反应，迟钝，用过安卓手机的就知道，手机有多卡，就有多卡，用一次就想摔一次，买过最差的一款电子产品，"
,,1,临晨3:20起来写评语也是第一回。原因就是被GoPro给吵起来了。&quot;滴滴滴&quot;一直重启。一直重启。充了3小时的电一点没充进去。这是我买的第二台了 第一台就是这个毛病，因为换货太慢我今天要去旅行着急用。我把上一单直接退了，然后买了个新的。结果万万没想到和第一个机子一模一样的问题。我一度觉得不可能两个有问题的都让我赶上了，是不是我哪操作不对。废了半天劲还是不行。果断退货了。
,,1,掉电太快 堪比无人机耗电量 几秒一个电 拍一会立马关机 奔5K来的 可惜只有5 K30 桢 目前所有视频网络都不支持高画质 夜晚拍摄弱成渣 不如普通手机好 视频导出很麻烦 仅对口苹果手机 电脑要求系统高 经过压缩才能制做 总归讲不如高端手机香  这家店售后也是三不管 总之不建议购入
,,1,刚刚打开开机看了一下，什么感觉，气炸，单机版只有一条充电线充电头都没有，真**抠门，这个相机官网卡死，APP下载不了，最关键的是网络上那些测评的人都是瞎说，开机一分钟相机就开始发烫，感觉坑，
,,1,垃圾产品，垃圾服务，买回来就是坏的，联系客服说拆了包装不能退，我不拆包装我怎么知道是坏的？？？换货换了半个月，说没有外包装不能换，你们怎么不说明换货要哪些东西？？？我朋友从~~买的送卡送支架一共2600+，我买你们的裸机3000还是废品，真垃圾。
,,1,体验非常非常差，下载频繁死机断线，5K手机根本不支持下载，何从谈观看。其他分辨率视频下载至手机速度慢不去说它，频繁卡顿，死机。连电脑，电脑也#机重启。我服了！！！！
