,,5,女生，小白，很像入手微单，当然原因就是单反太重太大了，也不够美观，然后在很久以前就开始关注富士这个牌子了，做工精致，市面上少有得复古款式，外观颜值真的没话说，拿出手绝对即刻成为焦点，身边朋友都说非常非常好看，反应速度很快，便携性也非常高，刚拿到手的时候还感觉有点小重呢，成像效果我现在没办法说太多专业的，刚开始学习，但是该有的功能全都有，总结只有两个字：完美
,,5,拿到手很满意，颜值超级高，想用的欲望超级强，拿手里面也很轻，上周去拍了几张，还不太熟，还要好好学习，要是有视频的教程就好了!
,,5,一直想买一个微单相机，看了很久，最后决定买富士，开始是喜欢它的颜值，拿到手之后，拍了几张，感觉确实名不虚传，只是对于我这种小白来说，调起图来不那么利索，还得多学习，相机拿到手里很有质感，希望能遇到个大神指点一二，早日上手给孩子拍出美丽的照片。
,,5,"产品包装：包装非常稳妥
外形外观：富士的外观真的是吊打同级别
成像效果：非常好，独有的胶片模拟超级好用
便携性能：很轻很好带
反应速度：非常快速"
,,5,搞摄影的朋友给小白的我推荐的这款，一眼就爱上，外形太复古了，而且很轻巧。使用感受也很好。说明书厚厚一本，很详细。发货超快，很满意。
,,5,这款相机期待已久了，看到618活动有十二期免息分期，马上决定下单购买。银色复古，到手后颜值比广告照片更漂亮，一天下来未离过手，上手也很容易，网上有许多基础教程，多看几篇基本能够上手。只可惜活动没有配件赠送，很多配件要另外购买。如果多配配件就更好了。
,,5,经过挑选比较终于选中这个外形复古的小巧玲珑的相机  算是七夕的礼物吧   它很轻  非常适合女生使用  原来有佳能相机  但是太重了  基本不怎么用.这款相机包装很好  拿到拍了几张照片  感觉色彩果然很好  需要学习一下怎样使用  期待拍出美美的照片
,,5,"选择相机的时候对比了很多款的参数，这个并不便宜但是外观好看，像素很高，且有富士胶片色调的效果，这对我是必杀技，所以选择了这款
拿到手分量还蛮足的，主要是镜头比较重，机身质感不错，
对焦点很多可以对的很准，对焦速度也很快，色调确实好看，有点清冷的感觉；
想吐槽的点是操作系统设计的太不人性化了，用佳能很多年，所以富士的操作系统对我来说好难完全看不懂，明明一个拨轮就可以解决为什么要搞这么多拨轮，屏幕上的数据写的位置也很不科学，要好好适应一段时间了；
另外就是在成像时在取景器上看到的和最终成像差异蛮大的... 并不是所见即所得，还要好好练一下
最后再表扬一下物流小哥哥人好好态度很文明礼貌"
,,5,包装完好，相机很漂亮，富士的复古外观很养眼，同类看了很多产品，最后还是被富士的色彩跟胶片滤镜俘获芳心，而且机器外形小巧便捷，适合出街旅游，生活拍照。
,,5,"产品包装：包装非常好，保护的很好，而且都是新的，没有拆开过的痕迹
外形外观：外形是想象的样子，当初选择买这个相机就是因为它外观好看，小巧精致还实用，强推银白色这款，太好看了
成像效果：很好，是我想要的照片，原图出片可以的
反应速度：很快！可以随便照，自动模式时就可以当傻瓜相机随便拍，而且不用费时间对焦"
,,5,腹肌南波湾！送货很快，很满意的相机，比我以前的尼康单反轻很多，很便携，1855的套头分量很足，腹肌的颜值很高，操作还要慢慢摸索，操作跟单反还是有点区别，学习中。
,,5,送给宝宝的生日礼物，主要是感觉这款比较小巧一点，适合女生用，而且拿着也不会太重，不会吃力，颜色这款也比较好看，很复古，也适合出门带着拍照，两千多万的像素也足够她发朋友圈用，富士相机的色彩还是一贯的迷人。腹肌南波湾
,,5,"产品包装：完好无损，比较细致
外形外观：完好无损，做工精湛
成像效果：拍一张不错，慢慢学习
反应速度：反应速度很快，超喜欢
便携性能：小巧灵便，携带方便。
其他特色：就喜欢这款复古的特色，值得推荐。"
,,5,还没用，但比想象中的小，太小，我手大拿着不舒服。送给媳妇玩了。一直很喜欢富士的外观，很棒。
,,5,"外形外观：我就是因为他的颜才购买的。
成像效果：成效效果很棒。镜头质量高。
便携性能：相对于单反来说还是轻了很多。
一直很想买这款相机，终于到6月1买了，当天买当天到。京东很快。之前纠结了索尼6400最后还是入了富士。熟悉了一下操作系统。很快上手。可以开始创作了。"
,,5,物流速度很快，相机包装仔细完整，无破损。是帮外国友人买的，选来选去，最终选这款，轻巧方便携带，成像效果好，机身外观新颖，不笨重，如需要英文说明书可以通过富士中国官方网站下载。上京东，放心购，大品牌，值得信赖。
,,5,超级好看！颜值太高啦！虽然不太会用 第一次拍 照片都是直出的( &acute;▽` )??
,,5,"产品包装：很细致！包装仔细科学合理
外形外观：复古外观！很喜欢
便携性能：轻便！出门旅行、街拍都很适合！带着一点都不累！
总之非常喜欢！目前刚到货，还没试拍～等正式用了再来回评！"
,,5,"物流快
产品包装：包装很好。
成像效果：还没有研究透
便携性能：大小合适。携带方便
其他特色：外观超好看 超级适合女生。出门旅游必带 就是电池好不耐用。
反应速度：速度不错。"
,,5,很喜欢很漂亮，就是什么配件都没有，都得自己买，然后服务挺好的，双十二便宜五十，可以申请保价，棒棒的
,,5,本来想买索尼a73，不过这台有胶片效果直出，也十分便携，老婆很稀饭，休闲旅行够用
,,5,佳能和富士之间犹豫了 最终选择了富士  外观很好看 。纯小白  不太会用 学习中 ～ 对于日常拍照真的够用啦 ！
,,5,"外形外观：复古时尚有特色
便携性能：轻巧方便出门背着不累
成像效果：有质感内置滤镜很棒
反应速度：对焦很快"
,,5,很不错的，推荐购买，外观也很时尚复古。拍视频也很好用，就是镜头很贵。
,,5,"产品包装：完好无损
外形外观：没有任何问题
成像效果：非常喜欢这个色彩
便携性能：小巧便携"
,,5,看了好久总算下手了。外观加分很多。实际使用次数不多胶片画质很喜欢
,,5,今晚上刚收到  颜值真的超级高 银色很好看 好像里面没有送内存卡 需要自己买 小巧便携 说明书超级厚 跟专业书似的  需要有一些基础知识才能看懂感觉 很高端 复古
,,5,相机拿到手很快，以前用的佳能单反，太重了买了富士微单，比想象的还是重一点（带镜头），不过也还可以外出携带没压力，上手摸索了一阵出去溜达一圈，拍摄效果也不错，富士的色彩感还是很好
,,5,"它的胶卷模拟太牛了，直出特别漂亮。
大家搜一下富士胶卷模拟参数，网上有很多，也可以到B站搜一下视频

未经任何后期，也未剪裁，直出效果。
参数网上找的"
,,5,对于全新小白来说是不错的上手相机。就是说明书厚厚的一本，看着都头疼，但是又不得不看。相机的颜值真是绝了，复古又好看。可能是因为我选的镜头吧，觉得相机还是挺重的。很多相机设置和滤镜设置都需要慢慢学。直出的滤镜照片真的太好看了，不用后期真的省了很多事。相机内置的滤镜真的好看到哭。如果有哪位xt30的大神看到这个评论能够带带我。万分感谢！
,,5,"完完全全是个新手，首先相机很好看，这样才愿意出去拍照。
自学几天，终于成功拍了第一张照片。说明书好厚，要有耐心。希望有一天能够拍出好看的照片。不能辜负毛爷爷以及自己这份喜欢。"
,,5,?我终于入坑了，相机很棒！连我们老板都赞不绝口，我要好好开发了，告辞了，学习去了
,,5,04年开始一直用尼康的单反，佳能用得不多，各有千秋。被富士的直出胶片色彩吸引，相机很有质感，外观复古帅气，非常喜欢。
,,5,色彩出众，视频质量相当到位，轻便小巧，搭配稳定器能干活，机械转盘让指令效率提高不少，特别享受盲拨转盘一次到位的感觉！
,,5,"产品包装：很棒，信京东
外形外观：是自己想要的复古相机?
成像效果：对于小白来说很友好
反应速度：暂时还没带出门，在家感觉还不错"
,,5,"现在东西基本都在这买，已经成为习惯了，又快又方便，服务还好，价格很实惠
直出爱了爱了，稍稍卡一下就美得不行，极大提升了我的摄影兴趣，努力学习提升中。
有没有一起的小伙伴可以共同进步的？拉我一把啊？哈哈哈哈哈哈"
,,5,"人生中第一台相机?，买到手安徽几乎天天下雨，没法出门。拍的照片比较少。一个新手，直出的照片能有这样，啥也别说了，买它买它买它！色彩真的超级棒！啥也不用调。复古的造型，背出去也很吸引眼球。真的是太赞啦！棒！
成像效果：棒"
,,5,不错，一直很喜欢富士的色彩，直出效果好。
,,5,"产品包装：包装很好，没有破损
外形外观：不错，很满意
成像效果：色彩鲜艳，很喜欢富士自己的滤镜
反应速度：灵敏
便携性能：很小巧
其他特色：比我想象中轻"
,,5,帅的不要不要的！手感不错！做工扎实！质量很好！正在学习使用！很满意！
,,5,外包装什么的都很好，还在研究说明书，相机对我这种手小没劲的女生很友好，还需要继续磨合学习，返一张相机直出的照片吧，现在只会自动模式?
,,5,"外形外观：很复古 拿在手里就是一件艺术品
成像效果：直出 颜色很好看
反应速度：对焦不错
便携性能：比较轻便 单反拿久了太累了 xt30真的太适合旅拍街拍了"
,,5,效果非常棒！腹肌蓝波湾！直出就很棒！相机手感佳！颜值高！上一波直出照片！
,,5,以前一直是尼康和索尼的用户，第一次尝试富士，操作逻辑和其他的单反微单不是很一样，适应以后觉得很好用。相机内自带的胶片模拟滤镜很不错。
,,5,腹肌南波湾，哈哈。颜值没话说，很复古。性能我说不上话，因为第一次买相机，什么都不懂。不喜欢笨重的单反，这个刚刚好，配上18-55的镜头，握感真的超级棒呀。首秀被同事笑话了?
,,5,"外形外观：简直就是一件艺术品
便携性能：精致小巧便携方便
成像效果：很nice"
,,5,"产品包装：很结实
外形外观：超级好看，冲着外形买的
成像效果：不错哦，富士自己的效果就很好
反应速度：很快
便携性能：比较轻，很便携"
,,5,真是挺轻便哇，颜值在线，性能也不差，反应速度挺快的，而且自带滤镜，毕竟腹肌南波湾，感觉更适合女生拿着用～自带的wifi连接也挺方便的，手机下载对应的软件，打开按照提示连接就可以了，传照片的传输速度也很快！
,,5,挺不错的相机，颜值高小巧便携，xt30性能画质没的说，18 55套头素质很好，操控转盘很有特点很舒服，摇杆控制手感不太好，颜色直出很有富士特点，自动白平衡很准，后期省心，自动对焦也不错
,,5,"外形外观：复古机型，非常喜欢
成像效果：挺好的，小白一个，慢慢摸索"
,,5,原来一直使用佳能e0s5d，虽然出片质量没的说，但是太重了，长途旅游还是富士xt30合适，很喜欢复骨的机型，小巧精致，对焦极快，功能强大，京东买东西太方便了，上午下单，下午货就到了。
,,5,配送快，京东售后服务很好，相机质量很好，拍照清晰，功能丰富，配件齐全
,,5,"外形外观：外观一流，颜值党的最爱
成像效果：直出很棒，成像不是特别锐利
便携性能：微单胜在轻便，相机照相具有仪式感！"
,,5,我想问一下大家的相机，耗电都很快吗，如果拍视频和照片的话，大概多久用完电量呢
,,5,"外形外观：复古造型，颜值担当，扫街利器
便携性能：小巧轻便
成像效果：相机直出，无后期，超爱～(￣▽￣～)~"
,,5,"很早就关注X-T30了，20号果断下单，21号就到了，包装完美，京东配送真的又快又好。自己买了手带和快门按钮，感觉非常好看(??&omega;??)??买来后每天都在拍。
这是自己的第一款相机，使用感觉对新手很友好，操作方便，但是摄影肯定是要慢慢学的，300多页的说明书，都把我看懵了???，好多东西不懂。。。
银色款一定要小心磕碰划痕；相机挺耗电的，最好备三块电池；原装的背带质量差，而且不好看，相机不重，买个手带就够了；
这些照片都是直出的，腹肌南波湾?(?^o^?)?"
,,5,朋友推荐的，确实可以，外观看起来很秀气。
,,5,"不错，外观很好，特别喜欢
反应速度：反应速度也很快。
便携性能：还行，差一个23mm的镜头"
,,5,"产品包装：完美
外形外观：好看
成像效果：逼真
反应速度：灵敏
便携性能：便携"
,,5,外形外观：很喜欢这款机，想买很久了，很喜欢外形，期待出片！
,,5,"心心念念一年多的相机，真的不负期待！
外形外观：复古好看！

成像效果：拍出来的照片也很好看哦！18-55镜头不错，不过后期可能还需要买个大光圈定焦镜头。"
,,5,很好很满意！滤镜功能强大，直出效果很好。富士的颜色真的很不错?
,,5,"产品包装：包装有点磕搀，京东的外包装都没完全包装好里面的相机包装，也没有做防碰的包装，送过来也不知道是贵重物品
成像效果：效果很好
便携性能：特别小巧 好看，可以装进很小的包里
其他特色：外观真的好看，直出色彩真的棒
外形外观：好看"
,,5,反正我是爱了，因为我是摄影小白，所以我很喜欢他第一个相机很爱很爱很爱。
,,5,"产品包装：严实
外形外观：好看，富士好看就完了
成像效果：很nice
便携性能：续航OK，很轻便"
,,5,感觉好可以，就是调货派送有点慢，不过用起来感觉还是蛮可以的，果然富士是真爱了，哈哈哈哈，很感谢了，假期可以用来拍很多好看的照片了，真的很好诶，另外自己再配个其他镜头，相信能拍出更多更喜欢的照片了，哈哈哈哈?
,,5,"产品包装：包装完美无损
外形外观：相机简直太满意了，之前有个佳能单反，买回来没用几次就吃灰，出门旅游也从来不带，因为太沉了，这个富士T30微单就不一样了，非常轻巧，以至于周末我都会带上，往包里一塞，出门给娃拍照，简直不要太棒
成像效果：色彩鲜艳，成像效果好，虽然本人拍照技术不高，但就是觉得好，照片是我拍的美女，没做过任何处理！
反应速度：反应灵敏
便携性能：太方便携带了，巴掌大，冬天都可以塞在大衣口袋里，非常好"
,,5,"产品包装：完好无损
外形外观：非常喜欢
成像效果：Cc很给力
反应速度：爽
便携性能：不重
其他特色：带红帽 酷"
,,5,"机身小巧复古，颜值高，便携带
胶片模拟可以拍出很多不同的感觉，直出色彩非常美
新手入坑
腹肌南波湾！"
,,5,一个小白，所以相机刚到的时候很怕会刮花所以很久才开箱，最后边看说明书边组装好相机，总体不错。
,,5,包装的很仔细，比单反要轻也要更漂亮，照出来跟清晰，性能非常好。
,,5,"外形外观：银色复古的外形，爱了
成像效果：自带的滤镜，根本不用后期就很好看了"
,,5,"出片的颜色很棒，机身也很轻，外观偏复古。
没有摄影基础也没拍出很棒的照片，适合新手和懒人，当然有摄影基础就更好了 哈哈"
,,5,真的是不错的！作为一个小白，直出效果颜色漂亮，操作很方便，继续学习之中！大爱！
,,5,"产品包装：包装完好
外形外观：非常漂亮，复古风格很好看
成像效果：基本可以直出了
便携性能：小巧方便"
,,5,"便携性能：很方便带出门！！！！
外形外观：复古好看
反应速度：电子快门超级快！
其他特色：买它！"
,,5,"产品包装：包装很好
外形外观：外观很精致
成像效果：成像效果不错
便携性能：相机很小，方便携带"
,,5,"产品包装：很好
外形外观：富士复古外观不错
成像效果：很好，自带多种效果
反应速度：追焦还是很快的，机身速度也不错
便携性能：还算便携？微单就那样吧
其他特色：不知道有什么特色"
,,5,样子非常惊艳，性价比超高，因为第一次入门，要边摸索边学习，而且客服小姐姐回答问题也非常仔细，蛮有难心的，会解释你的疑难杂症，买了个包包配相机背着感觉还行不是很累
,,5,"产品包装：还行没问题
外形外观：外观很好
成像效果：纯小白，照出来不用后期了
反应速度：反应速度快
便携性能：也很轻
其他特色：帅气"
,,5,相机?到手，用了几天，非常喜欢?
,,5,颜值超高 直出效果也很赞 很满意??
,,5,618价格实惠，非常小巧精致，好东西。
,,5,色彩直出很棒，操作也是别具一格。
,,5,半夜发现有货了赶紧下单，相机真的还不错！感觉可以直接出片！对于女生，颜值满分，重量也满分！分享三张原图给大家！
,,5,看了很多评价，基本都是小白，因为我也是小白，所以相信小白们的介绍，真的很好用，一学就会，机器不重，去哪儿玩都可以带着了！
,,5,特意使用后才来评价的，安装说明书很快入手，正在抓紧学习
,,5,很不错，机身轻便，带出门没压力。
,,5,"产品包装：包装很好噢 无破损
外形外观：富士就是以高颜值著称呢～银色很好看
成像效果：很好 视频也很清晰
便携性能：很小很轻很便携"
,,5,很好用，带出去旅行方便，值得入手，镜头出乎意料
,,5,包装完好，机器很棒，等天气好了出门拍片
,,5,外观很好看，真不错，慢慢学习中。
,,5,"选择相机的时候对比了很多款的参数，这个并不便宜但是外观好看，像素很高，且有富士胶片色调的效果，这对我是必杀技，所以选择了这款
拿到手分量还蛮足的，主要是镜头比较重，机身质感不错，
对焦点很多可以对的很准，对焦速度也很快，色调确实好看，有点清冷的感觉；
想吐槽的点是操作系统设计的太不人性化了，用佳能很多年，所以富士的操作系统对我来说好难完全看不懂，明明一个拨轮就可以解决为什么要搞这么多拨轮，屏幕上的数据写的位置也很不科学，要好好适应一段时间了；
另外就是在成像时在取景器上看到的和最终成像差异蛮大的... 并不是所见即所得，还要好好练一下
最后再表扬一下物流小哥哥人好好态度很文明礼貌"
,,5,"便携性能：很不错，握持感比我想象的好一点
反应速度：对焦很快
外形外观：nice"
,,5,很不错，女朋友很喜欢，够她玩一阵子了，估计她也整不太明白哈哈哈哈哈她真是太可爱了。
,,5,之前关注很久，趁618降价，上午下单，下午就送到了物流真是快。
,,5,非常好看，也很好用，喜欢
,,5,相机包装很好，拍照水平一般。还在研究中
,,5,"相机很好看～
还不太会拍哈哈
（有没有人夸我）"
,,5,颜值完美，还没开始用，但是相信口碑。京东效率还是快。
,,5,给女儿买的，她很满意，这几天照了不少的照片。
,,5,"产品包装：包装完整
外形外观：小巧可爱
成像效果：色彩效果很棒
反应速度：反应很快
便携性能：方便携带"
,,5,"成像效果：超级棒 超出了我的预期
外形外观：外观无敌，颜值爆表"
,,5,不错！成像效果真心好，而且很轻，跟单反比简直好太多了！
,,5,超级棒，功能很多，慢慢摸索中，富士的直出图效果确实好，看了很久了，618果断下手。
,,5,颜值很高，对焦很快。
,,5,很好用，买了两个月才来评价的，直出照片是真的不错
,,5,"很喜欢，圆了一个很久的相机梦?
纯小白，还有太多需要学习的了"
,,5,很好用哦，小菜鸟也能使用，但还是买来送男票的，他用着很顺手?
,,5,颜值爆炸，很喜欢富士的直出，很开心
,,5,颜值很高哦 趁着活动拿下有12期免息很不错～辛苦快递小哥下着大雨送货了
,,5,期待已久的大玩具，非常不错?
,,5,这个相机真的非常棒 拍出来的效果很好??
,,5,买来送给朋友的，颜值很高，对方很满意
,,5,机子很棒，颜值高，成像质量好
,,5,挺不错了，看了很多都选择了这个，感觉很好！！！
,,5,产品包装：精美，经典，很适合大学生学习摄像技术！
,,5,直出效果很好，没的说，机型也很好看
,,5,非常精致的相机，很是个带出去旅游。而且京东的售后服务相当的好
,,5,很好，试拍了一下，超级好用，直出效果很棒，赞一个
,,5,富士的相机，颜值真的绝了，巨好看！！！
,,5,"产品包装：玩好
外形外观：美观
成像效果：优秀
反应速度：很快
便携性能：不错
其他特色：好啊"
,,5,非常满意，新手使用很可以了，富士的色彩确实很喜欢
,,5,非常奈斯，拿到相机就去拍了下，还可以
,,5,"便携性能：很轻，一机一镜也能单手拿着
反应速度：很快！"
,,5,非常棒的一款相机，正在努力学习当中。
,,5,很不错。外观漂亮，小巧精致适合女生，试拍几张完美
,,5,给公司买的，总体来说还不错，京东小哥很给力！
,,5,"不错，非常不错
便携性能：高
外形外观：漂亮"
,,5,"成像效果：色彩很好
外形外观：复古很好看
便携性能：小巧"
,,5,"外形外观：有颜值
成像效果：确实很不错，拍出来很喜欢
产品包装：包装也没有瑕疵"
,,5,外形外观：颜值高很高，体积比以前买的单反相机小多了，很适合扫街
,,5,"产品包装：一直很好
外形外观：漂亮
成像效果：理想
反应速度：快"
,,5,"产品包装：包装严实
外形外观：外观复古，这颜值真是爱了
成像效果：超过非常满意，胶卷模拟直出，可以不用修图
反应速度：反应速度很快
便携性能：产品小巧，方便携带
以下照片均为相机直出图片，如果不清晰就是**压缩了图片了"
,,5,相机很好，很漂亮，很喜欢
,,5,"物流很快, 相机很好, 还没使用."
,,5,拍落日真的绝，绝对适合入手
,,5,相机颜值高，质量不错，性价比高，发货速度很快。
,,5,可以可以，非常不错，挺好的可以
,,5,还在琢磨怎么操作，外观很漂亮
,,5,东西很漂亮，很划算，物有所值，京东购物很放心，一直考虑京东！
,,5,一台让你有欲望带出门拍照的机子，小白很爱
,,5,东西很好，跟我实体店看的一样！下次还会来
,,5,颜值真的不错，手感也很棒
,,5,复古款式 很喜欢的风格
,,5,"成像效果：颜色很棒
反应速度：可以接受 
外形外观：没的说"
,,5,非常喜欢，很好，慢慢把玩
,,5,"东西很完美
帮朋友买的很喜欢"
,,5,很不错的，拍的效果很好，初学比较喜欢
,,5,相机非常满意 发货特别迅速
,,5,拍照非常nice，值得入手
,,5,特别好用   值得推荐
,,5,扫街神器，色彩也超赞！超级喜欢！
,,5,颜值在线，色彩好评，超级喜欢！！
,,5,富士T30性价比很高，优秀啊，照片直出
,,5,真的外观超好，冲着颜值买的
,,5,给ld买的，很喜欢，精致
,,5,非常好，还要好好练习
,,5,不错 快递第二天就到了很快
,,5,超好看，用了再来评价 ～
,,5,非常不错，信任京东，值得购买
,,5,首先得夸夸京东的配送速度，我们这是三四线城市，头一天下午2点拍，第二天中午12点就送到手上，服务一流。从决定买微单开始，对比了好多，索尼6300、6500，A7m3，佳能M6、M50等，还是觉得这款颜值高、性价比不错。配18.55镜头，对于新手来说，足够玩半年应该没问题。没有去实体店，比想象的还小，携带方便。唯一不足右手容易触碰Q键，设计上不合理，有待改进。摄影技术希望从富士XT30开始，慢慢学习提高吧。一次非常满意的购物体验。
,,5,"手感很赞，就是许久不玩机子手生了&hellip;&hellip;功能比较多要熟悉一段时间
产品包装：包装很严实，产品盒子外面还有一个箱子
外形外观：复古型，很拉风。按钮设计手感不错
便携性能：产品是中高级别的，所以镜头有点分量，相比单反轻巧很多。"
,,5,"产品包装：包装简单但也安全，不过那个防拆标签总感觉怪怪的，心理作用？
外形外观：富士的外观没的说，可以说放弃索尼入它就是因为颜值。
成像效果：胶片模式可玩性高，直出也有几分意思，慢慢探索吧。
反应速度：对焦比起原来的单反好像是快了点。满足日常使用，但是小孩动来动去的，的确不容易聚焦。
总体感觉非常满意，富士直出，对于我这种不懂后期的，也算一种福利"
,,5,小白一枚，喜欢富士的色彩，懒得后期了，上手简单，比较适合新手，颜值太高了，可以当道具用
,,5,相机到手，非常惊艳，银色外观、金属外壳，套装镜头沉甸甸，质感很好，就是手握的地方有点小，经常碰到Q键。拍照还在熟悉当中，不好评论
,,5,"产品包装：京东快递的包装一向是最舒服的，安全整洁，相机盒包装还行吧，电子产品里不算惊艳的
外形外观：富士的颜值应该不需要多说了吧
成像效果：成像没毛病啊，必须好，只不过快到11.1号的时候，35定焦居然降价便宜好几百，然而交了定金还不能换唉&hellip;图三是CC胶片模拟直出
反应速度：还没怎么拍，目前很快"
,,5,"产品包装：包装挺好，打开之后看了一下，固定牢靠。
外形外观：相机主体还算比较规整方正
便携性能：不重，比单反轻的多
反应速度：反应速度也挺快
之前一直纠结买哪一款，最终下定决心买这个。拿到手之后研究了一下，整体比较满意。"
,,5,东西第二天就到了 很不错 箱子外壳上有点小瑕疵 咨询了客服之后给了满意的答案 出仓的时候箱子上有了划痕 保价618的活动也很好 客服售后反应后马上就到账了 相机还在琢磨研究中 具体产品质量还有待考核 京东物流和客服还是很信的过
,,5,小honey的复古外型简直不要太好看，fuji的色彩超好看，日系风爆表～上手很容易，虽然是18-55镜头但重量也还挺轻的，女孩子拿着拍照也比较轻松，机身质感也带感，无线传输也还算方便。就是要自拍的话&hellip;不行！因为屏不能沿Z轴旋转&hellip;对于爱自拍的小伙伴确实有点心塞&hellip;哈哈&hellip;我还好，其实手机代替自拍也没问题，比微单强大十倍的美颜功能，也方便P图嘛。反正用到现在还是很喜欢?
,,5,"产品包装：还可以吧，包装没有我预想中的那么好
外形外观：很复古，颜值狗??????，感觉还是很nice的
成像效果：小白正在摸索中，目前就感觉像素比手机好一点而已，没有真正发挥xt30本身的作用，小白正在摸索
反应速度：还可以
便携性能：小巧，挺方便携带的"
,,5,色彩丰富，性能强大，形状复古小巧，适合扫街和郊游，就是从佳能换过来，操作系统有点不习惯。
,,5,"产品包装：包装很好，看了挺有安全感
外形外观：复古风，黑配银灰，绝对吸睛
成像效果：18-55摸索中
反应速度：感觉还行吧，对焦挺快的，菜单操作也挺流畅
便携性能：重量不算多轻，挂脖子里久了还是有些累的"
,,5,"产品包装：相机小小的一台，但是包装好大一个哈哈哈，而且包装也没有破损什么的。
外形外观：一开始就是冲着富士的颜值买的！！超好看！
便携性能：小巧，没有单反那么重，很方便携带。
成像效果：内存卡是另外买的还没到，期待成片！"
,,5,第一次买相机，直接看网上推荐的就下单了，还好没翻车。总体比较小巧适合我，要不然出门可能不想带。买了后还得另外买内存卡和备用电池，小白还以为内存卡自带的。  。。其他专业的测评不太懂，先学习基础概念和使用。总体很满意，也是心心念念了很久
,,5,"产品包装：包装还行就用的自身盒子，可能618货多，气泡膜并没有保护到包装
成像效果：成像真的棒，稍微设置一下胶片模式真的好好看！！
便携性能：机子也小 
外观好看"
,,5,不错子！大宝贝真好看！！感谢老爸送的二十岁生日礼物哈哈哈哈哈哈！
,,5,"产品包装：包装严实，大盒子套小盒子，快递包装没有损毁的痕迹京东物流也很快，隔天货就到了
外形外观：外形复古，很好看，被颜值吸引，金属质感看起来也很舒服
成像效果：因为刚接触相机，还不太会拍照，常常有对不上焦的情况，也不太会用各种设置，以后多学习一下，应该能拍出更好的照片
反应速度：开机速度很快，照相各方面都很优秀，之前用过
便携性能：机身还是挺轻的，但是镜头有点重，挎在脖子上还是有点重的
其他特色：有几个滤镜还是很喜欢的，可惜不会对焦，影响了发挥"
,,5,种草很久富士相机，本来年初家里领导已经批准了xt3，没想到2月份出了xt30，看了不少上手评测视频，30已经能满足我的需求了，机身大小也更方便出行，省下的钱还能多入个镜头，果断下单！清明出去踏青去！
,,5,"个人亲测，从比较远的位置走过来的人可以准确识别眼睛，缓慢笔直向前走，准确率很高；但是一旦左右稍微一动，一定跟丢；另外，大法、鞋厂已经支持汪星人了，不知道富士会不会有后续，一句话总结：有总比没有强。目前准备考虑充值信仰做汪星人备机。

2、高感

m43、全画幅都深度使用过，目前可以接受xt30的高感。iso1000以内完全看不出来有噪点，1600以内完全可用，3200以内降噪处理也很不错，如果是街头摄影6400带噪点也挺好看的。

而对应的松下G9差不多iso1600给我的直观感受和xt30的3200差不多，没有科学对比，是直观感受。但是m43有防抖，所以夜拍感受差别不是很大。

建议xt30夜拍尽量用大光圈、带防抖的镜头。

（尽量不要用富士的自动iso，23f2夜景基本全糊，防抖镜头好一些，但也不保险。）"
,,5,单纯的就是被它的颜值俘虏，选性能就不选它了。
,,5,富士相机，微单，拍照的色彩效果不错，比单反相机轻便很多。
,,5,今天刚收到，小心翼翼 摄影小白的第一部相机，希望大家都能珍惜自己的爱好  办公室拍了2张绿植，下班沿路拍了几张，个人喜欢复古风格所以才选择的富士相机，选的1855套机，目前还在摸索，??喜欢喜欢喜欢！
,,5,"产品包装：包装完整，封签完整，没有压
外形外观：大小合适，重量也轻，18-55镜头金属质感。
成像效果：套头光圈偏小，虚化不是很明显，机身把曝光补偿单独做了一个旋钮，比较方便
反应速度：对焦很快，回看照片切换略有延迟，我的存储卡是170m/s读写速度，下次换个试试
便携性能：很好，但是原机不带相机包，有一根背带"
,,5,"产品包装：包装严密
外形外观：外观漂亮跟我想象的银色有点差距
便携性能：小小的一个很轻"
,,5,小白入手，今天到手就赶紧看看教程视频摆弄摆弄，拍了两张照片，虽然有的地方还是没整明白，但是还行，不错不错(*?&acute;╰╯`?)?
,,5,富士相机的特点是：高颜值、富有色彩管理和复古操控体验。从这三点看，富士T30是一台很富士的相机。各方面表现优秀，体积重量更加小巧，是一台高颜值的中端微单相机。优秀的高感照片颜色控制出众，连拍与对焦速度优秀。有待改善的地方包括，机身操控逻辑，防抖性能，追焦准确度。
,,5,太酷了！！喜欢，第一款富士相机，爱上了，就是有点小，不好上手，哈哈哈哈哈。
,,5,"电确实不耐用，但色彩鲜艳很讨眼球。不喜欢后期的喜欢。
便携性能：小巧精致"
,,5,"产品包装：好
外形外观：复古大气
成像效果：不错
反应速度：一般般
便携性能：轻便
其他特色：不知道"
,,5,"产品包装：包装很踏实
外形外观：非常小巧，买之前对比过很多相机，例如sony的6400，最后还是喜欢富士的高颜值，已经带着相机去过了顺德，澳门，还有摩洛哥这些地方。注意的是会有掉漆的情况。
成像效果：成像比想象中要好，和xt3和新出的pro3一样都是最新的传感器，所以拍照质量区别不大。选他就对了。欢迎交流。耗电问题要准备多电池才行。
反应速度：反应速度还可以。视频对焦不太好。机身没有防抖。
便携性能：目前除了适马fp，就他最轻的微单了。"
,,5,"产品包装：简易明了，该有的都走了，不过官方没有座充，只能使用type c充电，这个没什么影响，我自己另外买了两电一充。
外形外观：银色的可以说是颜值非常在线了，另外购买了红色和银色快门小按钮，装上以后相信会更加漂亮。
成像效果：拍了几张照片，高感还是挺不错的，虽然不是全画幅但是这支镜头基本也够用了，主要是用来拍视频，成像质量和跟焦很不错，vlog神器名不虚传，唯一就是防抖差一点。
其他特色：大小不算大也不算小，但是重量轻，菜单功能非常好用，某尼学着点。"
,,5,"参数都不错，看中强悍的视频功能入手的，总体感觉比xt3小了点，所以握持手感也差一点，感觉有点抓不牢。
1080p画质确实不错，拍摄画质我感觉不比6d2差。"
,,4,"产品包装：包装稍显简陋，不过好像相机包装都这样；
外形外观：外观无可挑剔，颜值高好看，腹肌南波湾；
成像效果：直出效果很好，背景虚化效果完美；
反应速度：反应速度看快门速度，这个没啥可说的；
便携性能：由于没有赠品，便携这一点也没什么好说的，对女生，有点重；
其他特色：注意防潮，以及贴膜"
,,5,相机未开封，开封后查验是正品，相机有点份量，用料应该很好。还不太会用，要摸***再拍相片上传。
,,5,"产品包装：包装很严实，贴着封条。
外形外观：富士的外观就是很赞嘛～
成像效果：拍照真的很不错，虽然不是大光圈但是基本要求都能满足了，单纯拍静物宠物什么的都很好看，直出色彩好，省略后期矫正调整是懒人福音啊～不过其他摄影技巧还在慢慢学。
便携性能：没接触过太多机器，总之比佳能5d轻了不止一个度，便携这一点尤其优秀！"
,,5,"产品包装：完整
外形外观：好看
成像效果：很棒
反应速度：很快
便携性能：1855有点重
其他特色：太好看了吧，就是不会用，哎"
,,4,相机还是不错的，只不过我一小白，好多功能啥的也正在摸索当中，暂时还没发现有什么问题
,,5,"产品包装：包装完好
外形外观：不得不说，我就是看上了这外观才买的
成像效果：富士的出图效果对于小白真的很友好
反应速度：速度很快，晚点再试试
便携性能：比其他单反便携多了，但是第一次用，还是有点份量的
其他特色：外观党只要求好看，哈哈哈！其他晚点再补几张照片"
,,4,"外形外观：外观还是貌美的，就是好像容易刮花。加上套机镜头说实话也是不轻的了。
成像效果：像我这种买了微单当傻瓜机用的，觉得够了，之前用的索尼5100这么些年也是当傻瓜机用了～不太会操作，但是出片颜色比较好看，比5100好太多～
反应速度：速度也很快！
我不太会操作，有时候会对焦不清楚，可能还是要在捣鼓一段时间"
,,5,"产品包装：包装挺严密的
外形外观：文艺复古范
成像效果：图片直接导入手机的格式不大
便携性能：适合女孩用
根据使用说明慢慢摸索的一枚新手小白，喜欢胶片cc，适合大多数场景~"
,,5,"产品包装：产品包装：还不错 
外形外观：外形外观：复古好看 
成像效果：画质还可以，
反应速度：反应速度：对焦迅速非常不错 
便携性能：便捷还好，但是出门还得带包。
其他特色：色彩不错"
,,5,看中小巧外观，带出去扫街十分方便，打算换个定焦镜头
,,5,挺好的，除了显示屏不能反转，其他都OK。后面四张图是第一次用相机拍的。
,,5,朋友推荐，颜值高，操作容易上手，适合小白。随便拍了一张。
,,5,"产品包装：有点简约
外形外观：非常漂亮，比图片上的漂亮
成像效果：颜色非常耐看，但锐度和紫边不算好"
,,5,画质不错，机身小巧，最重要的是颜值很高，值得推荐，手感和对焦速度都比较满意，唯一不足是电池续航一般，而且没有配备座充，京东多送了一块电池也不是很好用，富士镜头相对比较贵，考虑用转接环转接佳能的头，慢慢适应，胶片模拟据说很不错
,,5,是正品，然后第一次买相机，上个礼拜出去旅游拍了好多照片，朋友圈一发被夸了好多次，哈哈，开心。
,,5,价格不便宜，出片比索尼略强。颜值担当。
,,5,"便携性能：轻巧便携
成像效果：富士真的棒
外形外观：复古好看"
,,5,"成像效果：不错
外形外观：好看
便携性能：方便
挺喜欢的这款相机的，还是小白，慢慢研究吧。"
,,5,是我喜欢的类型，成像不错，效果不错，给大家一个建议，可以入手哦
,,5,XT30配了1855的镜头，有点头重脚轻了，试拍了一下，感觉还不错
,,5,挺好用的，应该晚点买便宜一点，银色版小心，会有划痕的，很明显
,,5,颜值不错，就是小了点，可玩性不错，喜欢
,,5,"便携性能：方便出行
外形外观：时尚感足
产品包装：完美！"
,,5,复古的外形，舒适的操作，腹肌南波湾
,,5,尺寸比想象的小，蛮好，只是右手的把手处设计得不到位，单手握不稳，拍摄效果还没来得及试，应该不错吧，
,,5,相机爱了，这色彩是真的好看，对焦也好，视频功能也强大
,,5,多次在京东买相机了，更好的装备，更好的作品。
,,5,包装问题很大，看起来很旧，划痕很多，不过相机是新相机。，拍照方面是可以的，你要买好点的内存卡，两个花就是用相机拍的，
,,5,成像不错，和我买的佳能EOS 600D比，轻便小巧，成像进步明显，当然，APS-C画幅也有自身局限，自己喜欢就好！
,,5,"外形外观：小巧美观
成像效果：还没试拍
产品包装：好
反应速度：还没试拍
便携性能：好
其他特色：未获取"
,,5,闺女要求买的微单，我必须要选择一个可以信赖的平台和品牌！这么贵的一个相机要是遇到假货或者有瑕疵就不好了！所以第一个想到的就是京东！京东这个品牌已经是中国老百姓买电子产品首选第一平台，希望他能坚持做好
,,5,颜值高体积小，比单反轻巧太多，功能还在摸索中。
,,5,"产品包装：简洁大方
外形外观：风格讨喜
成像效果：色彩贼棒
反应速度：达到预期
便携性能：要个电宝
其他特色：整体棒棒哒"
,,5,京东发货就是快，11日凌晨下单，11日下午4点多就收到，购物体验没得说，相机未使用，使用后再追评
,,5,相机不错，画质果然出众，符合对富士的预期。美中不足，有点小拿着不方便，也确实容易碰Q键
,,5,外形外观：颜值爆表的一款相机 fuji南波万
,,5,攒了半年钱，买了，好
,,5,"产品包装：包装严密
外形外观：颜色复古 是新机器 密封条都在
便携性能：便携"
,,5,用了几天还不错，就是控制盘手感稍微欠缺。
,,5,"外形外观：小巧
成像效果：不错
便携性能：便于携带
反应速度：还算快
产品包装：完美"
,,5,"产品包装：包装完好
外形外观：外观设计复古好看
便携性能：加镜头也是有一定的重量"
,,5,第一次买相机，拿到相机后胡乱拍了2张，感觉还行，就是开机没一会电池就没电了
,,5,"挺喜欢的 但是就是挺重的 女生出门有点不方便 kukule
不得不说 直出真的好看"
,,5,种草了好久终于下手，喜欢
,,5,最大的感触是物小饱满，喜欢?，还没有组装，研究中。
,,5,新手一枚，反正用起来还可以，放几张自认为拍的还可以的照片，后期处理了下?
,,5,微单小白，正在学习当中，感觉还可以
,,5,一直用的富士微单，习惯了。外观文艺复古好看。
,,5,相机还不错，出图很好，虽然收到货少了一个配件，但是沟通过后商家还是补发了配件，给京东客服一个?
,,5,感觉握持手感不舒服，但是富士的颜色真的不错
,,5,素质优秀，重量合适，值得购买！
,,5,关注很久了，终于入手，不错
,,5,正在适应新装备 好东西！
,,5,还是不错的，客服也比较耐心。
,,5,哈哈哈哈哈哈哈哈 挺好
,,5,还在摸索中，外形好看
,,5,棒棒哒 好看好用喜欢
,,5,商品不错，使用后看看效果怎么样
,,5,包装精美，是正品，物流快，手续齐全，好
,,5,速度一如既往的块，，
,,5,为了拍摄购置的新设备，功能强大
,,5,"产品包装：包装完美
外形外观：颜值吊打
便携性能：个小便捷"
,,5,感觉还不错，已经在用了。
,,5,在网上了解了好长时间，纠结于买单反还是微单，最终选择了买更加便携的微单，又纠结于型号品牌，看过佳能m6-2，索尼，尼康，最终选择了富士MT30作为人生第一台相机。MT30绝对颜值担当，手感沉重，具体功能还在进一步摸索中
,,5,入手富士X-T30/XT30 银色微单相机，带有18-55mm镜头， 2610万像素分辨率，可以录制4K视频，具有蓝牙WIFI功能。颜值高，银色复古，上手比较容易，没有配包和卡，需要自己买。
,,5,小白入手，之前做了很多功课，在佳能M50、索尼a6000和富士xt30之间纠结了许久，终于决定了富士:兼具颜值、色彩和性能，对于第一次接触微单的小白来说可以学习摆弄很长时间了，18-55套头也满足了小白的一切需求，等学习一段时间后再入个定焦镜头拍人像，希望学习摄影的热情能一直高涨。一句话:除了贵没啥毛病，腹肌南波湾~上几张相机直出~P.S:好久没有认真对什么东西做笔记了&hellip;&hellip;
,,5,选了很久，看了索尼佳能，最后还是选了Fuji。毕竟，让人想要经常拿在手上，带出去拍照，才是最重要的，不是么～
,,5,"怎么说呢，如果你是T系列旗舰用户的话，建议还是直接上T3，但是你是在6400跟T30之间做选择，那就还是T30吧，别问，问就是腹肌南波湾！
视频功能上巨香无比，谁用是知道！"
,,5,心心念念两天，冲动拿下！上手学习中。
,,5,小白努力学习中，说明书好厚一本啊
,,5,齐活，做为小白，还需要慢慢研究。
,,5,腹肌南波湾，玩了这么多年相机终于有fuji了，666冲冲冲
,,5,收到货了，我太爱了，配的18-55头
,,5,提前的圣诞礼物 你值得应有
,,5,这个 还可以的吧，买完想换个镜头，看了下 太贵&hellip;
,,5,成像效果：一入拍照深似海，不过，嗯，这坑我是心甘情愿的入
,,5,xt20还是xt30，纠结了好些天，最后还是选了xt30
,,5,觉得还是要买个定焦头～相机大小真的适合女孩子用呀嘻嘻
,,5,功能很强大，新手入门还在学习中暂不做过多评价
,,5,颜值太高了叭??
,,5,富士相机垂涎依旧，趁着双１２优惠赶紧收进
,,5,只能用完美来形容
,,5,买的生产力工具，放了好久了，还没使用。
,,4,可以吧，可惜还没有点用过。
,,5,帮朋友买的，目前没说有问题
,,5,不错不错吧&hellip;&hellip;颜值超高的必备品&hellip;&hellip;出彩特别棒&hellip;&hellip;很赞&hellip;&hellip;趁着618入手&hellip;&hellip;大爱&hellip;&hellip;非常非常非常不错&hellip;&hellip;
,,5,还没怎么使用，用过后再来追加评价
,,5,功能很多，慢慢研究
,,5,帅气
,,5,成像效果：拍人像，色彩比较好
,,5,还可以 慢慢学习吧！
,,5,挺好的，老婆喜欢
,,5,很好好好好好好好好
,,5,复古外观好看。方便
,,5,腹肌NO.1！
,,5,小白一顿乱拍
,,5,发货快，物美价廉
,,5,很精美  用后再评
,,5,外形外观：完美
,,5,外形外观：漂亮
,,4,"缺点:电池
其他挺好"
,,5,腹肌南波万！
,,5,配了18-55镜头，对于这台相机，性价比不错，还是那句话：&ldquo;索尼大法好，腹肌南波湾&rdquo;。
,,5,腹肌南波湾
,,4,很喜欢?
,,5,喜欢
,,5,非常不错！
,,5,很喜欢
,,5,好用
,,5,还在
,,5,"成像效果：大片效果
便携性能：轻巧"
,,5,成像效果：直出色彩好
,,5,好看好看，好用好用
,,5,将就，用起，还可以
,,5,还行！外观比较稀罕
,,5,很好看也很好用
,,5,完美中的完美
,,5,满意哈哈哈
,,5,很好！喜欢！
,,5,不错不错
,,5,颜值很高
,,5,上手中
,,5,喜欢
,,5,使用不错 很喜欢
,,5,太喜欢了 特别好
,,5,很好用，很惊艳
,,5,简直太棒了！！！
,,5,品质好
,,5,不知道是不是每个机子都有这两个这个点点还是说这台机机子有划痕，如果是划痕到不影响他的颜值，，感觉电池有点凹进去，不知道这是不是正常的??，重量还比较合适，大小我用刚合适，刚刚拿到还在适应中，谢谢老板送的东西
,,5,习惯了单反的大小和重量后再接触微单真的会觉得微单真小，手感有点不习惯，但是带出门很方便，至于功能还需要慢慢摸索。要是有送皮套就好了，相机背带不是很好看。
,,5,"总体满意，有几个毛病。
1、发热，录视频长些时间会温度过高关机
2、稍高iso噪点明显
3、电池续航能力不行，不过副厂电池便宜?
4、触屏Fn功能不是很灵敏
5、习惯单反的人可能觉得很小不舒服，不过这也是微单优势，去旅游妥妥的，至少我现在不愿意带着单反到处走?"
,,5,全直出，腹肌画质无可挑剔。相机很不错，爱不释手。唯一的缺点就是连续拍摄会，机身会发热，没有配原装独立充电器，不方便。就一个套机，独立充电器都没配，X-E3都配了独立充电器的，其他什么配件也没送，价格还是略贵。
,,5,相机很漂亮，就是感觉太小了，还在摸索中，很没有发掘出它的性能
,,4,趁着国庆去玩在9月底买的，现在降了200，还有赠品送，这怎么算，噢麦歌。点评：续航不行，要买上备用电源，屏幕暗下来后，出现严重卡屏现象，按下快门恢复好又可以了，总之就是这样反复现象不停歇。照片拍出来真心不错，Q键设置不合理，男生拍照会经常碰到。其他还好。再研究研究后再作补评
,,5,作为一个小白用了一个月，表示基本满足我扫街的需求，只是晚上的动态捕捉不是很容易，但对我来说无碍。
,,5,这台相机出乎意料得优秀，图片全是自动模式原图，未调整，都这么优秀，太无敌了！
,,5,"第一，没有去实体店看过这款相机的，请千万千万千万不要买！！！
第二它拆封了，不管你用没用，一律不给退货！！！
第三售后服务简直了一层层推卸责任，找客服根本不能解决任何问题，只会说这不是它们负责的，一个退货问题，永远只会说页面上全都写清楚了，说商品没问题，有问题的就是我们这些买东西的人了呗，好评只能给物流，体验感差极了"
,,5,小白一枚，内存卡一到下班就去拍了几张，画面色彩一级棒，就是还不太会用?
,,4,等货等了一个月，下单后疫情特殊时期物流依旧给力，相机跟描述一样，就是今天立马降价了.....
,,5,拿到手还没时间出去拍，给的说明书像本小教程，慢慢摸索～颜值真的高，腹肌南波湾就完事了
,,4,第一次买显示镜头错误，拍不了，退了又买了，用了几次后感觉还是不错，就是显示屏显示画面时好多噪点，拍出照片没有，不是道是不是显示屏有问题，大家的是这样吗
,,5,6.18个活动是幌子，6.17比6.18价格还低，太好笑了。100字是吗？好的 。。。。。。。。。。。。。。。。。。。。。6.18个活动是幌子，6.17比6.18价格还低，太好笑了。100字是吗？好的 。。。。。。。。。。。。。。。。。。。。。
,,5,"经典的复古造型
蒙皮的手感不错
机身轻的不可思议
腹肌无狗头是真的
大波轮小波轮
前波轮后波轮
手动模式时全都要用上
Q键疯狂误触
胶片模拟用了都说好
虽然和真正的胶片相比有差距
触控是真的垃圾
evf和显示屏在暗光条件下会拖影"
,,5,非常小巧，也非常好看复古，就是没想到套装里不包括内存卡和相机包，要重新准备有点尴尬
,,5,对于相机我是一窍不通，单反相机更是不懂。被同事拉着去学摄影赶鸭子上架，可苦了卖家，被我问来问去，可他们态度非常好，耐心解答我的问题，可我到现在还不能运用自如，也太笨了。
,,4,富士的色彩真是没话说，就是手机传图非常不方便，传图速度很慢
,,5,就是冲着颜值来的，还不会用，慢慢学
,,5,京东自营商品描述和实物严重不相符！售后服务不专业，完全是业余水平，相机不懂的地方只能自己研究，问售后根本无用。差评！
,,5,没有说明需要另外配存储卡，差评，买来没有办法马上用
,,5,小白，一通乱拍，自动模式，感觉良好，更多功能还得慢慢发掘！自己技术很有待提升啊！
,,4,评价晚了。相机不错。但是光圈伸缩处，发现有磨痕，按说不应该啊，是新机器啊。
,,5,说明书很厚一本。操作和佳能的略有点不一样。慢慢熟悉
,,5,腹肌南波湾！直出糖水片，不说了，攒钱买镜头
,,5,爱不释手！有图有真相！
,,5,京东的服务一流，虽然更换时间有点长，但是直接给我换了新机器。
,,5,送货飞快，价格不低，就一块电池，还没配卡有点儿不地道！
,,5,整体很精致，就是没有提前说不带sd卡和相机包耽误了很多事情。
,,5,还在摸索阶段，确实有点容易发热
,,5,便携性能：没有送包包，。。。。。
,,5,就这？
,,5,1855真的不狗综合素质太#整机十分轻盈（相比c幅单反）画质和colorsince只能说腹肌南波湾
,,5,"质量非常好，与卖家描述的完全一致，非常满意,真的很喜欢，稜全超出期望值，发货速度非常快，包装非常仔细、严实，物流公司服务态度很好，运送速度很快，很满意的一次购物店家很讲信誉，而且很不错哦，在这家店买东东，我很满意~，申请保价，降价了就返款，很快"
,,5,挺好看的，价格真的是保护，对比了所有电商，还是京东便宜，至于~的便宜七八百所谓正品，不敢靠近。
,,5,物流超级超级快！质量也非常不错，的确物有所值物流很快，?产品很快就收到了，比想象中还好，不错不错！希望能耐用
,,5,整体感觉不错，但是镜头调焦有点偏紧了。
,,5,送货快，服务好，一直用京东也一直没有失望过，超级体验一流服务，价格也比较合适，最最重要的是没有纠结，不用比较，正品就直接出手
,,5,还是试验当中，感觉自己真的好#，不过手感真的很好，买对了
,,5,抢到了。外包装盒好像是再次利用。内包装有京东塑封。其他回头再评价。
,,5,不错
,,5,很好
,,5,好
,,5,好
,,5,不错
