,,1,成像质量差到与手机没多大区别，怀疑是假货，要不就是不值这个价
,,1,成像效果：这个电子取景器太渣了
,,1,第一次给差评 主要是短时间内降价幅度太大 购买不过半个月不到 降价接近2千，不支持价保 ，只能差评差评。
,,1,11-10下单9999 11-11就降9399！不让申请价保，理由是送了一个破袋不能价保！**这吃相太难看了！差评
,,1,"反应速度：对焦很慢，眼部识别基本不可用，在光线暗的时候人脸基本无法对焦。
便携性能：小拇指无处安放，拿着很难受

其他特色：机身usb充电不可用，用插头充不进去，然后用了闪充宝充了几分钟又自己断开了
成像效果：祖传的尼康黄还是无法避免，后期的时候电脑上看人的皮肤全都黄到不行，增加后期难度"
,,1,相机还没有用，这个客服和快递是我在京东买东西以来最#人的，客服对自己的相机了解还没我清楚，问个问题翻大半天说明书才含含糊糊答出来，答不上来就把人晾在那里半天不说话，最后给我发个说明书，我劝你还是多读点书，不要早早出来打工。还给我发阴阳怪气的?，你在搞谁心态呢？还评价有礼，自己做贼心虚服务态度极其恶劣就用钱买好评？提醒大家是&ldquo;有可能&rdquo;有礼，有没有另说，而且这个z5白纸黑字写着&ldquo;边充边拍&quot;，一问客服是&ldquo;图片信息有错&rdquo;？？？等我自己试试好吧，如果不行，我直接举报虚假宣传，如果可以，建议客服回去重读九年义务教育再出来打工，不花钱的呢亲?
,,1,#，说好的送帆布包，没有送，说是没货了，第二天又开始送了，垃圾
