,,3,买来做运动跟拍用，典型的日光机，电子稳定还不错，画质一般，稍微暗一点，噪点爆棚，拍照效果一般。DJI Mimo APP连接有点很难用，挨得很近都经常无法正常连接，使用APP远程连接Action拍照，延迟很厉害。防水设计不错，光线好的时候，可以用来拍一些特殊角度及场景画面。
,,3,镜头部分有异响，感觉品控不咋地
,,3,拍摄角度小，机身发热大，冲动性购物，
,,2,"防抖效果：一般
画质效果：有噪点
便携性能：轻巧
操作难易：还行吧"
,,3,"全能套装没有内存卡？？？这叫全能？我吐了
其他特色：能拍不能存  全能"
,,2,说实话不明白这是什么质量 镜头外圈扭不开 给客服反应叫我用力，用了半天也没反应。客服反应说的寄回去维修 这个也算维修？？换货要7天  解决办法太low了   最后我用管钳才扭开的！佩服佩服！！
