,,1,"成像效果：差
拍的效果差"
,,1,不好用，色彩也不好，想卖掉盒子里面竟然没有保修卡也卖不出去。不知道其他人买的是不是都有保修卡就是我的没有呢！
,,1,"新买的相机有凸出的金属，不知是否是划痕，京东说拆了就不退不换，那么不拆谁能看到瑕疵？透视眼吗？
包装盒还是巧克力糖果的！"
,,1,体验很差
,,1,"成像效果：像素太低
反应速度：反应迟钝
轻便程度： 手感不好
产品性能：一般"
,,1,进灰非常严重，买来不到20天镜头内部中央好几颗灰尘，无法清理，因为超过14天也不能换货，现在已经返厂，谨慎购买吧
,,1,买了相机，想买一些搭配的配件，索尼客服找不到人，委托专属客服问，我就是不知道哪个配这款相机才咨询的，索尼客服这回复真的可以，我要是知道哪个可以还用问你么？我还得先自己找完再给你发链接？那我自己买不行？？
,,1,我一般不评论  但是这个必须得说一下  拍出来其实和手机拍的差不多 光圈太小了 残画幅  重要的是性价比太低了 不建议购买 另外 虽然是旗舰店 服务也太差了吧 哎
,,1,真的只想给负分！完全是二手的，到手发现商品不能充电！半小时内返回去告诉我条形码不一致！解决20天了，还没有结果，只能打315投诉，大家千万不要买！千万不要！闹死心了！
,,1,无
,,1,成像效果：相机是好的但是这个客服态度真的是一眼难尽问东答西妙哉的服务跟~完全不一样可能这就是京东吧
,,1,超级差的一次购物体验。下单的时候，换购物品缺货。刚收到货，换购物品又有货了。跟京东客服沟通，客服跟我讲规定，讲原则。说什么可以退货，重新下单。问题是我已经拆封了，没法退货了。一点都不以顾客的购物体验为上，不懂得变通。京东越来越差了，以后还是去~~吧。
