M6 Mark II 黑色,（15-45）套机,5,"产品包装：这次没有使用塑料袋包装了，改换成薄的纸盒子包装了
外形外观：很轻巧，便携，
成像效果：想去很高，比以前的2千多万像素好很多，喜欢佳能的颜色，有时拍照会使用内置的中性风格拍摄，再加点锐。
反应速度：电子快门有滞后性，电子快门没有声音，也不能开。机械快门反应还是很快，连拍很快，不过需要缓存时间。
便携性能：轻巧
其他特色：软件很方便，可以随时传到手机上分享。15-45镜头确实像网上说的那样特别肉，要收点光圈还行；后来买了32mm F1.4，一切都非常好。下次准备买55-200，网上有推荐55-250可是有点大，原装ef-M接环也买了，对焦特别快、准。正好把之前的50F1.4转接过来。
 其实买微单就是便携，有时候玩转接，确又失去了便携性！
  自带闪光灯还是很好用，可以跳闪哦！
   好了，就这么多了
   追焦特别快准，"
M6 Mark II 黑色,（15-45）套机,5,在索尼和佳能之间选择了很久，最终入手了佳能M6make2，可能是因为用惯了佳能的5D3，会更顺手一些，最近刚好带上，去上海参加了漫展，照了一些，感觉还是很不错，成像清晰分辨率高，室内曝光补偿效果好，特别是防抖功能强大，体积小巧，做工细致，适合外出携带。
M6 Mark II 黑色,（15-45）套机,5,"产品包装：包装很好，很严实，外有气囊，内有泡泡垫，从北京运到南京没有一点磕碰
外形外观：黑色的，很好看，还耐脏?
成像效果：预算不够，只买了15-45套头，两难，要光圈没锐度，要锐度没光圈，十分建议适马三剑客，套头实测24mm端f6.3以上够锐，72mm端f10以上够锐，借同学的适马56定耍了耍，画质直接起飞，就是大光比有一点紫边
反应速度：很棒，对焦迅速，也不跑焦，**抓拍不成问题，目前为止从来没有拉风箱和跑焦的情况
便携性能：套头很轻，包里一放就走，一瓶矿泉水的重量
其他特色：屏幕真的好，以前用同学的a72，感觉没取景器活不了，后来发现是索尼屏幕太拉?，阳光下手动调到最大亮度很清晰，真·阳光屏"
M6 Mark II 黑色,（15-45）套机,5,相机非常好，做工，大小，画质，4K无裁切视频都是亮点，15-45的套头也不错，轻，视角刚够vlog自拍，黑色机身大气，稳重且不招摇。重量轻，体积小，携带方便，加上兔笼，装在稳定器上也不是很重。操作便捷，和佳能单反的操作大致相同，用过佳能单反的人很容易上手。触屏反应灵敏，对焦快且准，加接环后可以使用手上的所有佳能镜头。发货快，早上下单，下午就收到了。
M6 Mark II 黑色,（15-45）套机,5,"相机屏幕的素质真的太好了呜呜呜 颜色也很漂亮 摄影小白啥也不懂一直麻烦客服  速度也很快 凌晨下单 下午就到了
外形外观：买的是纯黑的 手柄深 握感超好
成像效果：不错子！直出也无压力！而且晚上拍人像也很好看诶！／其实小白也不太懂哈哈哈
反应速度：快！传照片也很方便！
便携性能：轻巧便携 女孩子也无压力
还不太会拍 希望能坚持拍下去 拍出好作品 就是还是不太会后期?"
M6 Mark II 黑色,（15-45）套机,5,"外形外观：挺好看的，很小巧适合女生！

成像效果：清晰，狗头晚上不太行，白天还可以，准备下个月入小痰盂
反应速度：快门有延时
便携性能：很便携哦上课都带着
其他特色：猫咪是我们学校的大黄，狗头拍的"
M6 Mark II 黑色,（15-45）套机,5,女儿心仪了一年多的相机，这次618优惠了不少，果断下手。相机到手，马上开照。比较小巧轻便，适合女孩子用，携带比较方便。成像效果清晰，反应灵敏，出门携带比手机大气多了。还能直接往手机上传照片，非常给力。其他功能摸索中。
M6 Mark II 黑色,（15-45）套机,5,很不错的一个相机，首先是大品牌值得信赖，物流也很快，第二天就到了，不像单反那么的重，但是画质也很好，操作功能比较的多，需要慢慢摸索，不错
黑色,【推荐】M6 II（15-45镜头）套机,5,全新正品，三码合一，试用感觉很好用，之前的老镜头对焦非常迅速果断，没有拉风箱现象，固件是1.*.1最新的。
M6 Mark II 黑色,（15-45）套机,5,"产品包装：严实
外形外观：华科
成像效果：暂时没有感觉，还没有怎么拍
反应速度：快
便携性能：好
其他特色：很好看"
M6 Mark II 黑色,（15-45）套机,5,"产品包装：很简单，没有什么可说的
外形外观：m6二代外形还是可以，好看
成像效果：像素高，拍照不错"
【EOS M6 II 】（15-45mm）丨黑,,5,这个相信用起来真的很不错，性价比非常高，而且小巧轻便，外出携带也比较合适。之前拿着单反总感觉笨笨的，现在这个小相机基本上满足了拍照拍摄视频的基本需要。以后就靠它了。
【EOS M6 II 】（15-45mm）丨黑,,5,?宝贝收到了，很惊喜?，设计合理，时尚大方，继续关注，以后会回购的???M50只有三种对焦模式 人脸、单点、区域 比M62少了定
M6 Mark II 黑色,（15-45）套机,5,虽然像素没有手机高，但是拍出来的照片，不知道超手机多少倍，超级喜欢，超级赞????
M6 Mark II 黑色,（15-45）套机,5,非常好的一款相机，还好使用。客服态度也非常好，帮助选机型，不错不错。
黑色,【推荐】M6 II（15-45镜头）套机,5,"产品包装：包装简约完整
外形外观：小巧好看精致
成像效果：液晶显示屏惊到我了
反应速度：微单连拍之王
便携性能：单手可控
其他特色：物超所值"
新品 M6 II 黑色,【推荐】（15-45）套机,5,相机很漂亮，拍出来的照片比手机拍的要好很多，喜欢，可以用来拍家里的咪咪了。
M6 Mark II 黑色,（15-45）套机,5,相机收到了，很漂亮，小巧精致。虽然还没有sd卡还没有到，开机试了试，拍照是没有问题的。套机头先用着，以后上手了再换镜头。
黑色,【推荐】M6 II（15-45镜头）套机,5,相机很小很棒 适合女生出门带着 对焦速度也很快 拍出来照片也非常好 双十二买赠了包 卡 和原装电池 觉得很棒 物流也是非常好的 早上下单 下午晚上就到了 相机不仅可以冲电池 还可以直接usb充电 非常非常方便喜欢
黑色,【推荐】M6 II（15-45镜头）套机,5,"产品包装：两层箱子，不错
外形外观：非常好看
成像效果：还不错，小白一个，正在学习中
反应速度：挺快
便携性能：跟单反比小巧多了，随身携带的话也是个问题"
新品 M6 II 黑色,【推荐】（15-45）套机,5,"产品包装：精巧简单
外形外观：美观大方
成像效果：三千多万像素不是吹哒
反应速度：非常迅速
便携性能：方便携带
其他特色：可玩性极高"
M6 Mark II 黑色,（15-45）套机,5,"产品包装：包装完好无破损
外形外观：如图所示本人非常喜欢
成像效果：比较满意
反应速度：反应速度对焦快
便携性能：携带方便，很轻，很方便
其他特色：赶上618入手简直不要太划算，等了很长时间一直在等活动，价格满意，使用了一段时间，操作页面简单，触摸屏，小白很容易上手，太棒了?"
M6 Mark II 黑色,（15-45）套机,5,618买的，等了一年了，终于等到618降价，包装很完美，物流也挺快的，这款相机外型很经典，外观看上去像皮革纹路，显得高端大气上档次，刚到手，还没有研究怎么用，正在研究产品说明书，之前已经买了好几本单反拍照指南，希望以后可以拍出美美的照片。
M6 Mark II 黑色,（15-45）套机,5,"成像效果：成像效果很好，比正常的像素要高一些，非常清晰。尤其是人像，焦距刚好；照景物的话，可能需要换镜头。
便携性能：因为是微单，所以非常轻巧便携。
其他特色：有旋转屏，所以超棒！只有液晶屏，没有取景框，但是液晶屏取景也很方便~
偷偷吐槽一句，相机包好贵嘤嘤嘤
外形外观：挺好看的"
黑色,【推荐】M6 II（15-45镜头）套机,5,"产品包装：完好，没损坏，还有封条，应该是正品
外形外观：还行吧，个人感觉，还是单反好看
成像效果：挺不错的，拍视频真的很好，画质真的很好，适合拍视频
反应速度：很快，挺满意的
便携性能：小巧玲珑，方便携带，容易上手
其他特色：还在研究中，还找不到缺点，还在使用中，以后再追评，"
M6 Mark II 黑色,（15-45）套机,5,一天就到了快递很快，玩了一下午，相机直出色彩很好看，而且特别轻，很适合女孩子拿，画质也很棒！
M6 Mark II 黑色,（15-45）套机,5,"产品包装：完好
外形外观：小巧精致
便携性能：很小很轻比单反便携多了"
【EOS M6 II 】（15-45mm）丨黑,,5,"京东物流很快，晚上下单，第二天就到了
包装好，没有损坏
拍照很清晰，画面色彩都很棒
客服回答耐心解答"
M6 Mark II 黑色,（15-45）套机,5,"产品包装：很好
外形外观：漂亮
成像效果：优秀
反应速度：灵敏
便携性能：可以
其他特色：相片、视频的画质清晰，入门级微单首选，操作简单方便、相机小巧玲珑，质量对得起这个价格，物有所值，值得信赖。"
M6 Mark II 黑色,（15-45）套机,5,"产品包装：包装ok
外形外观：好看的，很高级
成像效果：超棒
反应速度：快门很快，容易抓拍
便携性能：小巧便携"
黑色,【推荐】M6 II（15-45镜头）套机,5,"产品包装：快递盒破了，里面没事
外形外观：比我预期的小了一点
成像效果：很不错
反应速度：很快，时代变了
便携性能：小，轻，很方便"
黑色,【推荐】M6 II（15-45镜头）套机,5,包装完好，拿到手迫不及待打开，有待慢慢研究。机身很轻便，非常适合女孩使用！
M6 Mark II 黑色,（15-45）套机,5,视频神器  高速连拍小巧精致装个减焦环 非常牛叉
M6 Mark II 黑色,（15-45）套机,5,相机手感超棒诶！很轻巧携带方便，性价比很高的一款相机，日常拍照足矣，总之太喜欢了！
M6 Mark II 黑色,（15-45）套机,5,对于摄影小白来说完全够用了，非常轻巧，适合外带和随拍。喜欢?
黑色,【推荐】M6 II（15-45镜头）套机,5,外形很小巧  女生拿在手里也不觉得笨重 实物黑色比图片上更精致和高档 出去玩携带很方便。总之特别的满意 物流也是?对于爱出去旅行的人来说 必不可少 下载一个软件 照片传手机上也特别的方便。不喜欢的照片可以直接在手机里删掉。电池的话目前续航两三个小时，如果拍照多还是买个备用电池好一些。总体体验感五颗星！
【EOS M6 II 】（15-45mm）丨黑,,5,包装很好，相机大小、重量很适合女生，带出门也很方便
新品 M6 II 黑色,【推荐】（15-45）套机,5,"人像三要素:1、模特好看，2、模特好看，3、模特好看。相机买好了，没小姐姐拍。
咳咳，回归主题，很轻，成像效果不错，操作比较简单。但是我以前是尼康用户。可能需要一定时间过渡"
M6 Mark II 黑色,（15-45）套机,5,"产品包装：可以的
京东很赞
我还是喜欢单反，微单太小了，拿不上手"
M6 Mark II 黑色,（15-45）套机,5,大学生用来课堂拍摄用，里面是一块电池，一个电池充电器，一根肩带，一个镜头和机身，快递挺快的，不愧是京东。颜值还是有很高滴，收到货就急忙冲好电拿机子拍了几张照片。都是原图直出，滤镜也是在机子里调的滤镜。文字是后期加的。意见仅供参考！
黑色,【推荐】M6 II（15-45镜头）套机,5,一直想购买一台小巧轻便的相机，对小相机的画质不放心，去年佳能发布了新款的1.6x微单M系列，就一直观察了解这台相机，年初终于下手了这佳能&rdquo;（Canon）EOS M6 Mark II（15-45镜头）黑色微单套机（3250万像素 触控翻转LCD）Vlog视频拍摄&ldquo;相机，第二天京东就送货了，非常小巧，画质很好，套头非常秀气，这款相机操控性极好，做工相当好保持了佳能一贯的高水准，非常喜欢这款相机！以后出去玩就可以轻松的拿着这台相机去啦，画质让人放心！
M6 Mark II 黑色,（15-45）套机,5,很满意，入门小白上手很方便。翻转屏也很方便，自拍和手机还是有好多不一样
新品 M6 II 黑色,【推荐】（15-45）套机,5,国行正品，拍摄对焦很快，锐度尚可，拍摄视频功能强大，人眼追焦盯的很紧，拿在手上手感不错，夜景拍摄比较好，可以转接使用ef卡口的镜头，老镜头还是可以用，手机连接很方便，旅游日常使用可以了，送货很快，搞活动价格实惠
M6 Mark II 黑色,（15-45）套机,5,相机?成像很好，小白也能拍出不错的照片，跟m50比少了取景器，其他倒还好，而且拨轮比50舒服，颜值高，好评
M6 Mark II 黑色,（15-45）套机,5,非常好，双十一还保价成功，没让我白多等一周，不过这个套头真的很鸡肋，但是又没办法买裸机，能直接充电宝充电，触摸屏，以及佳能本身非常好的引导系统，让人用着很舒服。用来入门还是不错的
M6 Mark II 黑色,（15-45）套机,5,"相机小白  这个拍的很清楚  套机头拍人巨丑，脸上瑕疵太清楚了，。。呜呜呜也许是技术？，在摸索，有人推荐，拍人像镜头嘛，22饼，小痰盂，和32.14有推荐人像镜头嘛
产品包装：不错
外形外观：好看
成像效果：还好
反应速度：棒
便携性能：好极了
其他特色：轻便
哦  还有夸一下京东物流巨快，凌晨买的，下午到了"
【EOS M6 II 】（15-45mm）丨黑,,5,新手小白一枚，这个相机真的绝了，拍出来的照片很清晰而去颜色也非常的漂亮，对于我这种不会P图的小白来说非常的友好，直接省了后期，正在学习当中...
黑色,【推荐】M6 II（15-45镜头）套机,5,相机不错   。应该是我不会用     感觉套头和手机拍的感觉差不多图一是手机拍的图二是相机拍的   等降价了再入一个32 1.4 哈哈   想买相机的小姐姐可以选择这款的  新手也好操作 手感挺好  看了很多教程   所以我买的时候配了两个沣标电池一个闪迪65G内存卡 还有富图宝的八爪鱼   都是物美价廉的配件  仅供参考哟。。。。。。
M6 Mark II 黑色,（15-45）套机,5,"产品包装：好得很
外形外观：美得很
成像效果：好得很
反应速度：快得很
便携性能：轻得很
其他特色：舒服?"
M6 Mark II 黑色,（15-45）套机,5,选了很久，最后还是下手了，佳能m62，综合性价比真的特别高，轻巧又美观，出去带着一点也没有思想负担，佳能界面友好，适合新手，相片可以直出，这个价位视频竟然还支持4k，真是太值了，物理操作很多，有助于新手进阶，特别是m50二代出了以后，这款相机更是供不应求，很长时间处在无货状态，本来还纠结没有取景器，至少目前来看没啥影响，相机和手机拍照真是完全不一样！
M6二代（15-45）黑色,,5,微单相机真心不错，小巧方便，出门带着也轻便，点个赞！
M6 Mark II 黑色,（15-45）套机,5,个人第一台相机，选了很久还是决定入m62，很小巧，手感很好，操作也很简单易上手，拍照直出不错，还在学习中！
M6 Mark II 黑色,（15-45）套机,5,"产品包装：心仪很久了，就迫不及待下手了
外形外观：很小巧可爱(?&bull; . &bull;?)
成像效果：佳能大发，相机果然比手机成像靓很多，不晓得是不是心理因素，哈哈哈哈哈哈
反应速度：还OK
便携性能：很便携，随便塞包里，出去玩很方便带着
其他特色：很满意啦，现在在熟悉技术方面的内容&hellip;"
M6 Mark II 黑色,（15-45）套机,5,"感觉体验蛮不错的
配了一支适马30/1.4的定焦头，锐度很奈斯
上点这几天拍的样张 醒图调色"
M6 Mark II 黑色,（15-45）套机,5,"产品包装：外包装精致
外形外观：拿捏起来手感很好
成像效果：对焦快  质量高
反应速度：再有亮度的情况下 非常流畅 对焦也稳，但是在夜晚 噪点多的时候 拍照片时屏幕会变得特别卡
便携性能：小巧，不带特别多配件的话基本很方便
其他特色：防抖强 对焦快 基本可以排除来让我满意的照片 但是主要用途来拍视频"
M6 Mark II 黑色,（15-45）套机,5,"产品包装：很好，保护措施得当。
外形外观：很时尚。
成像效果：很好，夜晚拍照的效果也很不错。
反应速度：很快，聚焦很好。
便携性能：很轻便，比单反的便携性能好很多，特别对于女生有很大方便。
其他特色：能与手机、**云传照片很实用。"
M6 Mark II 黑色,（15-45）套机,5,包装完整，外观新颖，成像效果不错，反应速度超快，光线好拍出来就很好，打开闪光灯拍出来就更清晰，微单小巧精致。
新品 M6 II 黑色,【推荐】（15-45）套机,5,色彩表现很喜欢，成像效果也很清晰
【EOS M6 II 】（15-45mm）丨黑,,5,总体感觉还不错，下午试一试。拍出来的照片应该也很不错，很期待，先用着吧，应应急。
黑色,【推荐】M6 II（15-45镜头）套机,5,"产品包装：产品包装小巧精致，很好的保护相机和镜头的同时又不是很大很占地。
外形外观：黑色机身，很有质地感。手柄部位有磨砂，增加摩擦力。
成像效果：成像效果网上有很多图片，日常用没问题。画面比较清晰。像素很高。
便携性能：机身比普通单反相机要轻便许多。方便旅行携带。自带的相机帶挂脖子很方便。
反应速度：拍照速度快，成像快。一秒钟吧。连拍效果还没用。"
黑色,【推荐】M6 II（15-45镜头）套机,5,"外形外观：外观简洁大方，手持方便(女士，手小)
成像效果：相机小白，相机支持ai模式，可以自动美颜，调节背景色，对入门级选手很友好。
便携性能：小巧轻便，主要是不沉，去哪里玩都喜欢带上它。
产品包装：京东包装的很好，送货也很快，当天买当天送到"
【EOS M6 II 】（15-45mm）丨黑,,5,"很喜欢入手以后真香哈哈
很有质感推荐大家买黑色嘿嘿
成像效果：佳能色彩真的非常不错
反应速度：对焦速度很快录视频的话也挺不错的
便携性能：还可以会比手机重不少 如果配镜头的话应该没有那么便于携带了 总的来说还是不后悔入手
总的来说还是很喜欢的"
黑色,【推荐】M6 II（15-45镜头）套机,5,"产品包装：不错 一直信赖京东，买了好几年的东西了
反应速度：特别好，几年前买了一个佳能相机?。用着一直不错，前一段时间 相机坏了，看到这次活动 果断购买了这款。
外形外观：比以前的相机轻巧了很多，越看越喜欢。
便携性能：全家出去玩的时候带着，大小方便。"
黑色,【推荐】M6 II（15-45镜头）套机,5,包装完好，颜值一流，成像效果佳，尺寸不大，重量轻，很适合旅游携带，反应速度迅速。
【EOS M6 II 】（15-45mm）丨黑,,5,很小巧，手感也很好，用起来很顺手，照片放大后也不失真，过段时间再来追评
M6 Mark II 黑色,（15-45）套机,5,很值得购买的！原来总以为有手机高清拍照就可以了，但出去旅游总看到旅友用相机拍，经过这次购机使用过知道一定是相机好。总的价格也不贵啊！！！！看看我用相机拍的二张照片。
新品 M6 II 黑色,【推荐】（15-45）套机,5,第一个微单相机。用了一段时间，总体感觉很好。（对于我这种摄影小白来说）很小巧。对焦很棒
M6 Mark II 黑色,（15-45）套机,5,充电准备开机拍拍拍！拿到手上小巧轻便但是很实诚，手感很好！京东的电器感觉还是很靠谱的哈哈哈！
M6 Mark II 黑色,（15-45）套机,5,我的第一台相机，嘿嘿还是很满意的。小白一枚学习摸索中
M6 Mark II 黑色,（15-45）套机,5,"成像效果：效果很棒，但最近还在学习，等熟练了就可以拍照了
便携性能：真的是很小了，随便装着就可以带走
外形外观：手感真是好到爆"
【EOS M6 II 】（15-45mm）丨黑,,5,购买这款相机?，主要还是比较信任这个品牌，拿到后感觉颜值不错，具体还没怎么用，只能用后再来追评了！物流速度也很快！信任京东！
M6 Mark II 黑色,（15-45）套机,5,"帮朋友买的，
外形外观：外形还不错，这个价格还算的起
成像效果：拍照一般般，近照很漂亮，大像素
反应速度：还不错，很快"
黑色,【推荐】M6 II（15-45镜头）套机,5,"成像效果：满足日常使用
小白一枚，买了出行和拍摄一下自家蜜蜡琥珀，自动挡图片直出
反应速度：非常快 对焦速度
外形外观：好轻"
黑色,【推荐】M6 II（15-45镜头）套机,5,"外形外观：能 这款微单真的好看有复古的味道
成像效果：图是用自带15_45mm狗头拍的，我又买了22饼干头
便携性能：很小巧可以放兜里"
M6 Mark II 黑色,（15-45）套机,5,"成像效果：非常好??！
反应速度：不错???
外形外观：美观大方！
产品包装：可以
便携性能：可以
其他特色：轻便，家用非常不错???！"
M6 Mark II 黑色,（15-45）套机,5,"产品包装：包装完整
外形外观：相机外观真的很漂亮
成像效果：3250万像素可不是吹的
便携性能：小巧轻便，附上一张拍的照片，个人觉得真不错"
M6 Mark II 黑色,（15-45）套机,5,"产品包装：纸盒包装，简洁，
外形外观：美观大方，
成像效果：好
反应速度：快
便携性能：小巧，方便携带
其他特色：物流很快，一直使用佳能，信得过"
M6 Mark II 黑色,（15-45）套机,5,"快递很快的，第一次买相机，看到网上的各种帖子最后就决定是你了哈哈哈哈哈哈。
但是如果机子能赠送相机包之类的配件就好了"
黑色,【推荐】M6 II（15-45镜头）套机,5,送礼很有面子，包装很不错，高档！送的酒杯也还不错
M6 Mark II 黑色,（15-45）套机,5,"便携性能：跟全画幅比体积不大，携带很方便
外形外观：外观很好看，做工也很用心
成像效果：不错"
黑色,【推荐】M6 II（15-45镜头）套机,5,"产品包装：很棒！
外形外观：很酷！
便携性能：很小！
超喜欢，把单反卖了换了微单，太方便了！京东快递快，包装完美！"
【EOS M6 II 】（15-45mm）丨黑,,5,很小巧，方便携带。画质和全画幅单反肯定是有差距。日常也够用了。
黑色,【推荐】M6 II（15-45镜头）套机,5,买给老婆用，单反太重了，这个小巧方便，出片子效果也不错，非常满意
M6二代（15-45）黑色,,5,物流很快，包装完好，小小一个适合入门的，拿着也不重可以到处跑跑拍拍，直出效果也不错
黑色,【推荐】M6 II（15-45镜头）套机,5,"产品包装：很不错
外形外观：挺小的，带着也方便
成像效果：暂时不会区分这个
反应速度：很快
便携性能：超级便携
其他特色：美滋滋，就是价格真贵"
M6 Mark II 黑色,（15-45）套机,5,非常小，非常轻，非常好。配适马16能到全幅35的效果，价格可美丽多了。
【EOS M6 II 】（15-45mm）丨黑,,5,机子使用体验很不错，适合日常在外视频拍摄，是个Vlog拍摄的好机器。
M6 Mark II 黑色,（15-45）套机,5,"产品包装：外包装到货完好
外形外观：真的很棒
成像效果：我很喜欢
反应速度：太棒了
便携性能：真不错
我犹豫是否购买，也犹豫是否在京东购买，差点准备在多多买，最终还是在京东买了，考虑的还是售后，还有服务确实是京东更棒，我是个小白，拍的照片不太会，在慢慢研究，相信自己迟早可以出师的"
黑色,【推荐】M6 II（15-45镜头）套机,5,选择没错，这款相机的手感和功能很不错，而且可以加上转接环使用EF所有镜头。
黑色,【推荐】M6 II（15-45镜头）套机,5,"成像效果：非常好
反应速度：很快
便携性能：可以接受
其他特色：机身上的红色快速摄像按钮只支持1080P拍摄，想要拍4K必须将拍照模式转盘转至摄像档位，这点十分不方便
其它方便比较满意。比sony黑卡的成像质量好很多，拍照速度也很快。买前在sony黑卡7、佳能G5x2、佳能G7x3之间犹豫不决了好几天。后来下手了佳能M6x2。使用后觉得选对了"
M6 Mark II 黑色,（15-45）套机,5,"外形外观：特别好看
其他特色：很好
产品包装：特别好
成像效果：我觉得特别好
反应速度：很快
便携性能：很便携"
新品 M6 II 黑色,【推荐】（15-45）套机,5,"产品包装：包装很严实
外形外观：小女子单手就能拿住，拍的黑色经典，
成像效果：很好
反应速度：快
便携性能：轻便易拿"
黑色,【推荐】M6 II（15-45镜头）套机,5,"外形外观：黑色看起来很简单大气。
成像效果：成像质量好。
便携性能：小巧方便，可单手操作。"
M6 Mark II 黑色,（15-45）套机,5,机身蛮小的很轻便  适合本小白  随便按快门拍拍都很好看呀
黑色,【推荐】M6 II（15-45镜头）套机,5,小巧便携，功能强劲，秒杀价很优惠，京东还是靠谱的。
M6 Mark II 黑色,（15-45）套机,5,产品包装：外包装小巧晶莹，送给女孩子的东西。他们的评价都还不错。照相的速度也非常的快，对焦速度非常快又又很精准。物流也非常的快，只用了一天的时间就送到了，给快递小哥点赞。价格实惠，本来以为没有多少钱的。结果比想象中的还便宜
M6 Mark II 黑色,（15-45）套机,5,说明书介绍清晰，小白很容易上手。
【EOS M6 II 】（15-45mm）丨黑,,5,操作方便，摄影效果好，物超所值！包装完好！反应灵敏！
M6 Mark II 黑色,（15-45）套机,5,物流速度很快，相机颜色啊不错，新手，朋友推荐了这款。
M6 Mark II 黑色,（15-45）套机,5,"便携性能：方便
成像效果：清晰
外形外观：非常小巧精致"
【EOS M6 II 】（15-45mm）丨黑,,5,很轻，携带方便，简单好用，拍照清晰，感觉很不错。
【EOS M6 II 】（15-45mm）丨黑,,5,非常棒，我超喜欢！！黑色真的真的绝美！特别高级洋气
M6 Mark II 黑色,（15-45）套机,5,"成像效果：真是非常不错的一款相机
便携性能：轻巧方便"
【EOS M6 II 】（15-45mm）丨黑,,5,颜值很棒，转接个小痰盂也不错
【EOS M6 II 】（15-45mm）丨黑,,5,妹妹用的很开心。功能强大效果很好。
M6 Mark II 黑色,（15-45）套机,5,"产品包装：包装挺严实的～保护的很好～过来也没有什么损坏
外形外观：很小巧～符合微单的定位～价格美丽～性能强劲
成像效果：3250万像素～在微单里是数一数二的了～佳能的直出也很好～很喜欢～用了网上的调教再改了一下～直出和后期都挺好的～用起来很简单～也很不错"
黑色,【推荐】M6 II（15-45镜头）套机,5,很喜欢，速度也快～拍的很清楚，没什么价格优势，不过送货快，到手质感也很好
M6 Mark II 黑色,（15-45）套机,5,"外形外观：高颜值
便携性能：很适合女生用 跟方便携带  操作简单"
【EOS M6 II 】（15-45mm）丨黑,,5,"成像效果：手机清晰
外形外观： 很漂亮，小巧可爱
便携性能：很轻"
【EOS M6 II 】（15-45mm）丨黑,,5,很好用，轻便容易携带，在同类中算是不错的选择！
M6 Mark II 黑色,（15-45）套机,5,相机收到，物流很快，包装很好只是还没用，不知道成像怎么样
黑色,【推荐】M6 II（15-45镜头）套机,5,"外形外观：外包装很好，高档
成像效果：很不错，达到预期效果
便携性能：方便"
M6 Mark II 黑色,（15-45）套机,5,上手很快，适合初学者，物流很快！
黑色,【推荐】M6 II（15-45镜头）套机,5,相机很漂亮，质量很轻，综合对比后觉得这款质量更高
M6 Mark II 黑色,（15-45）套机,5,"外形外观：好看
反应速度：快速
其他特色：简便，傻瓜式操作
成像效果：非常清晰"
M6 Mark II 黑色,（15-45）套机,5,"外形外观：很好看
便携性能：方便携带
还不错，"
新品 M6 II 黑色,【推荐】（15-45）套机,5,摄影小白拿到这个相机自己没事瞎研究拍的，相机很好看的
【EOS M6 II 】（15-45mm）丨黑,,5,"外形外观：符合标准
产品包装：很安全
便携性能：很不错，出乎意料的随身"
黑色,【推荐】M6 II（15-45镜头）套机,5,总的来说很值得，目前正在尝试各种效果，成像效果和功能都很惊喜！
M6 Mark II 黑色,（15-45）套机,5,用着很好，很适合小白，小巧玲珑，很喜欢！
M6 Mark II 黑色,（15-45）套机,5,很漂亮，成像效果很棒，赞
【EOS M6 II 】（15-45mm）丨黑,,5,首次购买，慢慢摸索，很满意
黑色,【推荐】M6 II（15-45镜头）套机,5,本来是凑单买的，没想到超预期了，总体来说对商品很满意，送货小哥也很负责。
M6 Mark II 黑色,（15-45）套机,5,"产品包装：不错
外形外观：可以
成像效果：都很不错的
反应速度：还可以的"
黑色,【推荐】M6 II（15-45镜头）套机,5,"产品包装：好
外形外观：帅
成像效果：非常好
反应速度：快
便携性能：很好
其他特色：很佳能"
【EOS M6 II 】（15-45mm）丨黑,,5,相机?很好用，外观也非常的好看，物流也很快
黑色,【推荐】M6 II（15-45镜头）套机,5,第一台相机，目前很满意。
M6 Mark II 黑色,（15-45）套机,5,还在尝试中，感觉很不错，小巧漂亮。就是那个热靴...
黑色,【推荐】M6 II（15-45镜头）套机,5,"产品包装：包装完好
外形外观：不笨重，手感很好。清晰度高"
黑色,M6 II（15-45镜头）套机,5,"产品包装：好
外形外观：大气
成像效果：很锐利
反应速度：快门很快
便携性能：方便携带"
M6 Mark II 黑色,（15-45）套机,5,送的也太快了 我以为买了个外卖...查验是正品 价格也合适 这个速度是真惊到我了
【EOS M6 II 】（15-45mm）丨黑,,5,非常的好用，值得购买。
M6 Mark II 黑色,（15-45）套机,5,"成像效果：非常清晰
反应速度：比较快
外形外观：小巧，方便携带"
M6 Mark II 黑色,（15-45）套机,5,"用了一段时间了  很不错  适合新手入门学习
成像效果：很好"
M6 Mark II 黑色,（15-45）套机,5,很不错，值得购买，没有存储卡，需要单独买！
M6二代（15-45）黑色,,5,已收到相机，真的很不错，触感拍照都很棒
黑色,【推荐】M6 II（15-45镜头）套机,5,物流很给力相机记录我们生活很好
黑色,【推荐】M6 II（15-45镜头）套机,5,双十一买比平时划算，颜值很耐看呀 黑色的。原图直出
M6二代（15-45）黑色,,5,很全面的一个相机，适合拍拍视频vlog
黑色,【推荐】M6 II（15-45镜头）套机,5,外形外观：比较轻便 易于携带 外观也很好看
M6 Mark II 黑色,（15-45）套机,5,"产品包装：结实
外形外观：很好
成像效果：好
便携性能：可以"
M6 Mark II 黑色,（15-45）套机,5,佳能相机非常不错，满足家庭出游拍摄
M6 Mark II 黑色,（15-45）套机,5,速度飞快，大爱京东，我喜欢，强烈推荐支持，京东快递
【EOS M6 II 】（15-45mm）丨黑,,5,"产品包装：完整
外形外观：好看
成像效果：果特别好！"
M6 Mark II 黑色,（15-45）套机,5,"产品包装：完好，很细心
成像效果：小白，还在使用中"
【EOS M6 II 】（15-45mm）丨黑,,5,一如既往，给公司采购的，发货很快，质量很好呀
M6 Mark II 黑色,（15-45）套机,5,东西很漂亮，也很好用。物流也很快。
【EOS M6 II 】（15-45mm）丨黑,,5,快递很快收到，新手，客服及时解决问题，赞?
黑色,【推荐】M6 II（15-45镜头）套机,5,还是很不错的，外观也好看
新品 M6 II 黑色,【推荐】（15-45）套机,5,不想说话，非常nice，客服回复很棒！！！
【EOS M6 II 】（15-45mm）丨黑,,5,很好，很满意！相信京东，值值信赖！
新品 M6 II 黑色,【推荐】（15-45）套机,5,"成像效果：很清晰的
反应速度：很快
便携性能：易携带"
M6 Mark II 黑色,（15-45）套机,5,外型超级好看！！！！手感也很可
M6二代（15-45）黑色,,5,很棒！很轻巧！太方便了～
【EOS M6 II 】（15-45mm）丨黑,,5,第一次买，非常好，视频拍起
【EOS M6 II 】（15-45mm）丨黑,,5,体验下来，佳能的操作性太棒
黑色,【推荐】M6 II（15-45镜头）套机,5,初学者，拿到手很喜欢，慢慢学!
M6 Mark II 黑色,（15-45）套机,5,"相机屏幕的素质真的太好了呜呜呜 颜色也很漂亮 摄影小白啥也不懂一直麻烦客服 速度也很快 凌晨下单 下午就到了
外形外观：买的是纯黑的 手柄深 握感超好
成像效果：不错子！直出也无压力！而且晚上拍人像也很好看诶！／其实小白也不太懂哈哈哈
反应速度：快！传照片也很方便！"
M6 Mark II 黑色,（15-45）套机,5,"618买的，等了一年了，终于等到618降
价，包装很完美，物流也挺快的，这款相机
外型很经典，外观看上去像皮革纹路，显得
高端大气上档次，刚到手，还没有研究怎么
用，正在研究产品说明书，之前已经买了好
几本单反拍照指南，希望以后可以拍出美美
的照片。"
M6 Mark II 黑色,（15-45）套机,5,相机很好  适用  可以购买哦
M6 Mark II 黑色,（15-45）套机,5,非常好的一次购物体验，下次继续光顾
M6二代（15-45）黑色,,5,很好一直在京东购买，到货速度很快，东西质量
M6 Mark II 黑色,（15-45）套机,5,照片效果还不错！很轻便。
M6 Mark II 黑色,（15-45）套机,5,非常喜欢的M6，外观好看！
黑色,【推荐】M6 II（15-45镜头）套机,5,"成像效果：很棒很满意
便携性能：比想象中小，比较方便"
M6 Mark II 黑色,（15-45）套机,5,第一次买，到手试了下感觉很好
M6 Mark II 黑色,（15-45）套机,5,选了很久终于找到他了，非常好
M6 Mark II 黑色,（15-45）套机,5,成像效果：质量很好，方便易操作
M6 Mark II 黑色,（15-45）套机,5,非常不错的相机，性价比也还行
【EOS M6 II 】（15-45mm）丨黑,,5,功能很强大，非常好用
M6二代（15-45）黑色,,5,还在摸索学习中，触屏很好用
黑色,【推荐】M6 II（15-45镜头）套机,5,已收到，很细致，还没用。
【EOS M6 II 】（15-45mm）丨黑,,5,物流很给力，相机很好用
M6 Mark II 黑色,（15-45）套机,5,"产品包装：包装严实
外形外观：外形小巧
成像效果：呈现效果很好"
M6 Mark II 黑色,（15-45）套机,5,昨晚下单，今天到货，超赞
M6 Mark II 黑色,（15-45）套机,5,心心念念很久了，质量很好
【EOS M6 II 】（15-45mm）丨黑,,5,配小痰盂拍人很好看呀
M6 Mark II 黑色,（15-45）套机,5,赞，用来旅途拍vlog很好用
M6 Mark II 黑色,（15-45）套机,5,小巧方便，非常精致。
黑色,【推荐】M6 II（15-45镜头）套机,5,"外形外观：很漂亮小巧
便携性能：轻便
反应速度：很快"
M6二代（15-45）黑色,,5,不错不错 性价比很高
M6 Mark II 黑色,（15-45）套机,5,很好的机器，物有所值！
黑色,【推荐】M6 II（15-45镜头）套机,5,"产品包装：好
外形外观：好
成像效果：好
反应速度：好
便携性能：好
其他特色：好"
M6 Mark II 黑色,（15-45）套机,5,物流很给力，货品很不错！
黑色,【推荐】M6 II（15-45镜头）套机,5,物美价廉，超级好用。
M6 Mark II 黑色,（15-45）套机,5,太喜欢了！！！！！！！
黑色,【推荐】M6 II（15-45镜头）套机,5,"产品包装：好
外形外观：好
成像效果：好
反应速度：好
便携性能：好
其他特色：好"
M6 Mark II 黑色,（15-45）套机,5,相机看了很久，原计划是想买长焦的镜头，后来感觉15-45可能更实用一些，毕竟便携性也很重要。京东会员和银行会员优惠后六千一多，感觉标签之前应该是被撕过用透明胶粘着，但质量是没啥问题。自营的相对贵一两百，存储卡什么的也没的送。裸机是日本产的，镜头是台湾产的，总体来说还算满意
【EOS M6 II 】（15-45mm）丨黑,,5,相机手感不错，重量也刚好。取景器视野率也达到100%，连拍较高速，快门声个人感觉偏小，对焦系统在非专业机里还是比较先进的，高感还可以，直出锐度不高，总体画质一般，在容忍范围。整个相机操控好，方便。
M6 Mark II 黑色,（15-45）套机,4,"外形外观：外观可以，手感不错
成像效果：目前只有狗头，等适马的56 1.4到了再试
便携性能：买M6主要为了便携，适合旅游
要是不带狗头就好了，浪费钱"
M6 Mark II 黑色,（15-45）套机,5,"产品包装：包装正常，大纸盒子里气泡塑料裹着相机盒子。
外形外观：我喜欢纯黑色的感觉低调一点。
成像效果：拍视频新手还挺容易上手，套头画面也还可以，拍照只会一个A+档，还要学习。
电子说明书几百页够得看的了。
使用一段时间再来追评。"
M6 Mark II 黑色,（15-45）套机,5,非常棒，色彩无可挑剔，缺点是夜间比较噪点大，不易控制，但绝对在可接受范围。还有对焦不太快，总体不错！
M6 Mark II 黑色,（15-45）套机,5,相机包装外另套装了一个纸盒，既隐秘也保护了相机，相机小巧玲珑，还不会使用，待慢慢研究，拍照效果只有以后再评价。
新品 M6 II 黑色,【推荐】（15-45）套机,5,"开始还有个赠品包，后来也没了，真是小家子气。
相机也没有什么好说的了，还满意。"
黑色,【推荐】M6 II（15-45镜头）套机,5,"外形外观：外形小巧靓丽，吸引眼球！！
便携性能：重量轻，体积小，方便携带！！
产品包装：包装正规！
京东还送了相机包，好评！！"
【EOS M6 II 】（15-45mm）丨黑,,5,好用，现用套机头随便拍拍，官网又去买了32mmf1.4拍人像
新品 M6 II 黑色,【推荐】（15-45）套机,5,"产品包装：包装很严实
外形外观：外观很好看，但是其实想买银色的
成像效果：很好，但是快门震动太大，长焦容易糊，套头不好
反应速度：反应速度挺快
便携性能：很轻，挺迷你的，女孩子用没问题
其他特色：操作便捷吧，比索尼好
等了挺久的活动，入手感觉还行，但是突然想买隔壁90D，人真是麻烦"
M6 Mark II 黑色,（15-45）套机,5,一直心心念自己要有一台相机，虽然手上的手机拍照已经可以接受，但是总觉得相机比较有仪式感，也比较有可玩性，机身加一两个镜头价格也才接近新款的手机。看了好多个品牌，看来看去，看来看去，看到大家推荐佳能直出，就决定买它。家里打印机也是佳能的，对这个牌子的印象不错。相机拿在手上有点重量，拍照的快门声还真有感觉，慢慢学习中。
M6 Mark II 黑色,（15-45）套机,5,京东物流包装不正规，机子外性外观感觉不错，因为第一次购买，心里激动，成像效果有待琢磨，便携方便，其它特色今后慢慢体会。希望众望所归。希望买大件官方平台提供一些简单操作视频。以便消费者容易掌握。
M6 Mark II 黑色,（15-45）套机,5,"朋友推荐购买的，说是性价比比较高，适合我这个喜欢户外活动的女生用??
回来用了一段时间，因为之前没用过单反相机，很多功能还不熟，慢慢摸索吧。期待能拍出满意的大片??"
M6 Mark II 黑色,（15-45）套机,4,"产品包装：两层盒子，京东一层，相机本身一层。相机盒子上面有防拆贴纸，貌似撕下来后就不给退货？
外形外观：重量上，比起数码相机还是重挺多的。但是手柄握感不错。黑色很耐看，塑料部分也不会有廉价的感觉。
成像效果：对摄影小白来说可玩性比较强，很多成像创意效果可以选，傻瓜式操作。
反应速度：有时候照完一张相片屏幕会出现&ldquo;busy&rdquo;字样几秒后才出现成像，这个问题好像评论里很多人都反应过。
便携性能：自己买了个小相机包方便出门随身携带。
其他特色：屏幕可以一百八十度翻转，拍照时候挺方便的。"
M6 Mark II 黑色,（15-45）套机,5,"第一次在京东买这么贵的东西，相机很好，没有问题，也没有瑕疵，试用了两天才来评价，希望日后的使用也没有问题。
产品包装：挺好，但还可以防震加强。
反应速度：好好好！
便携性能：小巧，不累。"
【EOS M6 II 】（15-45mm）丨黑,,5,像素不错，用起来虽然不习惯（因为之前一直用单反）但是慢慢的就适应了，携带方便，自拍录视频也很方便
M6 Mark II 黑色,（15-45）套机,5,产品包装：信赖佳能，身材小巧，简单操作，适合出去游玩，更适合手残一族
黑色,【推荐】M6 II（15-45镜头）套机,5,"反应速度：对焦速度挺快的
便携性能：体积比较小，比卡片机大点。但比单反小太多了。
外形外观：经典的外观设计
其他特色：现在疫情期间，没想到京东速度一样快，谢谢！你们辛苦啦！"
M6 Mark II 黑色,（15-45）套机,4,"产品包装：包装完整
外形外观：很好看
成像效果：还好吧，我还在研究
反应速度：可能是我调的不对，快门总是慢一点，我再看看吧
便携性能：还是比较轻的
对惹，送货速度绝了，前天晚上8点多下单，第二天中午就到了！！"
M6 Mark II 黑色,（15-45）套机,5,颜值高，成像清晰，就是稍微有点重，日常出去玩带着比较方便，买的价格也算划算。
M6 Mark II 黑色,（15-45）套机,5,让懂相机的同时参考购买，实际想买长镜头那个因为用途更广一点，但是一直没货。确实小巧方便携带。
M6 Mark II 黑色,（15-45）套机,5,"产品包装：包装比较简单
外形外观：很帅，外观设计的不错，可惜手柄握感不好。
成像效果：成像效果不错！
反应速度：反应速度也可以，可惜没有目镜取景。
便携性能：很小的微单，非常便携的。
其他特色：这台机器用来拍摄视频不错。"
黑色,M6 II（15-45镜头）套机,5,"产品包装：好
外形外观：好看，i了
便携性能：方便
拍摄怎样等我摸***再来评价，反正这个颜值让我好激动呜呜呜呜"
M6 Mark II 黑色,（15-45）套机,5,外形外观：m62虽然没取景器 但对初学者取景器用处不大 换来的颜值爆表 喜欢
【EOS M6 II 】（15-45mm）丨黑,,5,感觉还不错，在慢慢摸索中，赠相机包和内存卡还是比较划算的，不过包太大了
新品 M6 II 黑色,【推荐】（15-45）套机,5,"产品包装：好
外形外观：好
成像效果：好
反应速度：好
便携性能：轻松"
黑色,【推荐】M6 II（15-45镜头）套机,5,这款相机挺好的，自认为在这个价位挺不错的，就是摄像头没有想象中好，毕竟是附带，想要更清晰的，花点钱再去买一个，不然也没办法，手感还行，更多操作还在研究中，外观的话，也还行，凑活着，反应速度没得说，第一次都这样
M6 Mark II 黑色,（15-45）套机,5,日本原装进口的机身品质优异，外观小巧时尚，皮质机身手感好，整体重量也不是很重，比单反轻多了，等着有一天出去踏青游玩，拍摄下美好的自然风光！
【EOS M6 II 】（15-45mm）丨黑,,5,"非非非非常适合小白！ 界面简洁， 对焦速度快， 但是镜头15-45确实有些鸡肋， 还需要再买个镜头辅助
第一次买相机 刚知道还要单买储存卡?"
黑色,【推荐】M6 II（15-45镜头）套机,5,佳能M6终于出第二代了，作为M6一代用户，还是剁手了二代，毕竟用过了对系统和拍照各方面还是比较好上手的，也一下都是用佳能相机，还是支持回来了，比一代提升的地方有很多，不止像素高，把手和按钮这些细节的地方也有改变，更人性化了。
M6 Mark II 黑色,（15-45）套机,5,"成像效果：外很清晰 ，室内噪点略多，颜色艳丽，人像漂亮
反应速度：场景模式拍照稍慢，A模式秒拍，一般界面操作流畅
便携性能：相对轻便，带上镜头一斤，适合初学者
外形外观：小巧漂亮，黑色皮质显得高档"
M6 Mark II 黑色,（15-45）套机,5,"产品包装：不廉价
成像效果：套机镜头 准的来说已经很可以了
反应速度：就是用滤镜还是啥 会出现busy
便携性能：不重 很好便携
外形外观：是我喜欢的黑色 整体来说看着很有质感
超级新手小白了 ，第一次接触相机，上手还行吧，虽然我还是花了一点时间研究。。有点蒙圈 但总体来说 相机使用感还是很好的 操作易懂（庆幸没买sony ）佳能系统都有点为难我了 哈哈哈哈哈哈 我觉得成像效果还行 毕竟我小白不能期待太多 。。 感觉以后会接着买镜头照更好看的照片"
M6 Mark II 黑色,（15-45）套机,4,我心心恋恋的相机终于到了，好开心，相机操作简单，一下就掌握了，来两张作品让大家瞧瞧，相机电池续航还可以，但是出去玩一直拍就有点不够
【EOS M6 II 】（15-45mm）丨黑,,5,"成像效果：成像效果：一小时了解相机，一下午时间上手， 附上图片
便携性能：平时用的斜挎包轻轻松松带走
反应速度：平生第一台相机，没法对比，自己觉得还可以
可能镜头是55的好，不懂的问题客服也很细致回答
以后好好研究情景模式。
可能习惯用手机九宫格辅助线，相机没找到有九宫格辅助线，所以还不习惯使用。"
M6 Mark II 黑色,（15-45）套机,5,"狗头试机，感觉还是可以的毕竟是小白，目前还在探索，再来回评。
产品包装：包装严实，两层完好
外形外观：小巧便携
成像效果：还在探索
便携性能：完美"
M6 Mark II 黑色,（15-45）套机,5,"产品包装：很不错，没有磕磕碰碰的
外形外观：小巧方便，容易持握
成像效果：很不错，我就是一个小白，第一次接触相机，刚开始学习。我今天刚拍的，后期调了一下。
反应速度：使用的就是赠送的卡， 连拍速度还可以。不过准备买一张速度更快的。
便携性能：相当便携，对了。自己买个相机包，小一点也行，这个微单体积很小，也不重。非常便携。
其他特色：其他的嘛，我还在研究。呜呜呜，小白太无奈了。对了，价保是真的好，之前我想着买sony的a6400，竟然价格能上下浮动700块钱，有的人还说那家店不给价保。
这家还可以，虽然6.18这天价格比我当时买的便宜了200块钱，但是我还是可以申请价保的。退了一部分钱。对于学生党还是ok的。"
黑色,【推荐】M6 II（15-45镜头）套机,5,"产品包装：包装佳能老样子
外形外观：M62代塑料感强
成像效果：成像不错，特别拍人物
反应速度：对焦还好
便携性能：小巧
总体来说，还不错，佳能感动常在。"
【EOS M6 II 】（15-45mm）丨黑,,5,"产品包装：包装完好未拆封
外形外观：黑色很耐看，颜值很高
成像效果：还在摸索中，三千万像素成像效果肯定可以，附图原图直出。狗头拍拍小物件或者花花草草感觉还凑合，人像和风景说实在的就相对一般了，还是要上好一点的镜头
反应速度：除了快门声稍微有点大以外其他没毛病"
新品 M6 II 黑色,【推荐】（15-45）套机,5,"产品包装：一般
外形外观：很?
成像效果：代确认
反应速度：很快
便携性能：很轻便
其他特色：好看
总体感觉还行，就是没有配卡，感觉贵了五九九九"
黑色,【推荐】M6 II（15-45镜头）套机,5,"反应速度：相机小白，感觉还行
成像效果：挺满意的
产品包装：正常
外形外观：中规中矩

便携性能：小巧袖珍"
黑色,【推荐】M6 II（15-45镜头）套机,5,"产品包装：包装精细完整，两层箱，有佳能封条，应该是正品
外形外观：外观精致，触摸有质感
便携性能：小巧轻便，方便携带
等内存卡到手在感受一下内涵"
黑色,【推荐】M6 II（15-45镜头）套机,5,不错不错，下午阳光正好的时候拍的，然后调了色。白天拍照可以，晚上噪点比较多吧
M6 Mark II 黑色,（15-45）套机,5,用起来了，还是挺顺手的，拍了很多照片和视频。
新品 M6 II 黑色,【推荐】（15-45）套机,5,第一台相机，整体不错，玩玩就行了。
【EOS M6 II 】（15-45mm）丨黑,,5,京东的物流快，服务好，光是这点就赢得了不少粉丝，佳能老品牌直得信赖，创新、专业、品质绝对保证。
新品 M6 II 黑色,【推荐】（15-45）套机,5,这个相机 是一直心心念念的也被各大博主种草 确实是不错的
M6 Mark II 黑色,（15-45）套机,5,"外形外观：外观设计好看
成像效果：近物效果还不错 远距离感觉不是很清晰
便携性能：也不是很重，适合女孩子用
其他特色：小白一个很多功能不会用
产品包装：包装完好
反应速度：速度好快"
黑色,【推荐】M6 II（15-45镜头）套机,5,还没开始用，对于小白的我来说，也是第一次买这么好的相机，正在摸索中，感觉还行。
M6二代（15-45）黑色,,5,相机看起来还可以，家人喜欢，快递小哥送货快。
黑色,【推荐】M6 II（15-45镜头）套机,5,"产品包装：严实
外形外观：小巧，颜值高，适合手小的人
成像效果：还行，在摸索学习中
反应速度：这个就得吐槽一下了，拍了照要停一两秒才能成像"
M6二代（15-45）黑色,,5,感觉跟nice。小巧轻便，各种功能还在摸索。
M6二代（15-45）黑色,,5,"00:00下单的，下午就到了！不愧是京东！
终于拿到了心心念念的相机，全家福在下边！
还没来得及用，在充电。"
M6 Mark II 黑色,（15-45）套机,5,"产品包装：包装完好
外形外观：炫酷时尚
成像效果：完美无缺
反应速度：迅速
便携性能：方便"
黑色,【推荐】M6 II（15-45镜头）套机,5,"产品包装：包装完好，没有任何破损问题
外形外观：精致复古
成像效果：素清晰，成像效果高 
反应速度：自动对焦快
便携性能：小巧便携，功能性强
其他特色：容易上手，手感舒适"
M6 Mark II 黑色,（15-45）套机,5,"产品包装：完好
外形外观：大气漂亮
成像效果：好
反应速度：快
便携性能：操作简单
其他特色：唯一遗憾感觉整体比较小"
M6 Mark II 黑色,（15-45）套机,5,不懂摄影技术，目前只用了自动拍摄，成相效果不错，相机外观手感都不错
黑色,【推荐】M6 II（15-45镜头）套机,5,佳能感动常在，无防抖，但是很轻便，整体来说还行，蛮喜欢的
M6 Mark II 黑色,（15-45）套机,5,小白入手，感觉不错，就是屏幕翻转不舒服，再有就是双卡就完美了！
黑色,【推荐】M6 II（15-45镜头）套机,5,"产品包装：包装比较失望，不应该因为双十一降低包装质量，盒子到手已经破损，非双十一会好一点，但这一个快递袋就直接包上，没有一点保护
外形外观：我个人还是非常喜欢这种类似胶片机的复古外观的
成像效果：画质非常惊艳，宽容度在apsc主流水平，打破了我对佳能的一贯的印象，但对镜头要求非常高，套头肯定不够，需要高素质镜头（适马三剑客，唯卓仕三剑客）
反应速度：速度还可以，就是快门有一点不灵敏，感觉慢半拍，说明书和菜单也非常简陋，非常入门，好多东西都没有，但操控上可以说是旗舰水准三波轮加上几个自定义和5d在同一起跑线上，比rp和6d要高很多。（都说索尼菜单不好，但我还是喜欢索尼的菜单）
便携性能：非常便携，买来是用来替代gr1的，加上22饼只是大了一点点，而且对焦画质都要更好（就一点快门有点滞后）
都是晚上搭配22f2，快门50/1，光圈f2，iso自动最高6400，可以看出来高感还行，也都做了裁切。"
M6 Mark II 黑色,（15-45）套机,5,还不错还不错，满意！一开始纠结g7x3，后来因为这个可以换镜头，就选了这个。
M6 Mark II 黑色,（15-45）套机,5,"成像效果：还不错，比较真实
外形外观：比较稳重
产品包装：普通
连拍功能蛮强的，适合拍照新人练手。"
黑色,【推荐】M6 II（15-45镜头）套机,5,机器不错，比上一代提升明显，就是4k60不知道怎么设置出来
黑色,【推荐】M6 II（15-45镜头）套机,4,因为原来用的微单机身内出现污迹，想换一种相机，使用中感到除了清析度和感应速度上好一些外，其它方面比章尼相机相差很多，如镜头完全手控，在抢拍中完全没有优点尤其在微单相机。
M6 Mark II 黑色,（15-45）套机,5,"外形外观：美观
成像效果：好
反应速度：快
便携性能：轻松
其他特色：操作简单"
黑色,【推荐】M6 II（15-45镜头）套机,5,"产品包装：公司完整的在包装上还有专门的封口贴。
外形外观：相机的外形很小巧，比我想象的要小巧一些。
成像效果：真相效果还没有试，因为新电池要充电。"
M6 Mark II 黑色,（15-45）套机,5,"反应速度：昨天下午下单，今天就到，京东速度，牛
其他特色：机器一直是vlog专用和家用高端机，好用，专业人士必备"
黑色,【推荐】M6 II（15-45镜头）套机,5,很好，除了偶尔跑焦其他还不错，买了转接环接小痰盂拍人像比套机镜头好太多
M6 Mark II 黑色,（15-45）套机,5,"产品包装：还可以
外形外观：很不错
成像效果：还可以残画幅
反应速度：快
便携性能：轻
其他特色：电池不耐"
M6 Mark II 黑色,（15-45）套机,5,"外形外观：手感刚刚好
成像效果：APSC画幅搭配高像素，效果满意。
便携性能：比单反方便多了。"
M6 Mark II 黑色,（15-45）套机,5,干什么都要专业的，拍照这个事，再好的手里感觉还是不如相机
M6 Mark II 黑色,（15-45）套机,5,"产品包装：瓷实
外形外观：还在熟悉
成像效果：套装镜头不行～
反应速度：还可以
便携性能：便携"
黑色,【推荐】M6 II（15-45镜头）套机,5,"产品包装：完好无损
外形外观：巧 
便携性能：可以直接放进胸包
成像效果：觉还行，还在研究 
反应速度：敏 
还需要更多的使用体验！"
M6 Mark II 黑色,（15-45）套机,5,相机使用目前感觉还好，需要继续用一段时间再看，会继续关注
【EOS M6 II 】（15-45mm）丨黑,,5,佳能半画幅微单小巧好用，功能还不错
【EOS M6 II 】（15-45mm）丨黑,,4,总体不错！就是拍的时候屏幕老显示busy  要是能送个相机包就好了
【EOS M6 II 】（15-45mm）丨黑,,5,这个年头熙虽然有了方便快捷的手机，但是还是照相机来的过瘾
【EOS M6 II 】（15-45mm）丨黑,,5,选了好久，预算顶配这款，入门够了。
黑色,M6 II（15-45镜头）套机,5,"产品包装：包装完好
便携性能：小巧易用
反应速度：对焦灵敏
成像效果：成像素质高"
M6 Mark II 黑色,（15-45）套机,5,终于买到啦，研究了好长时间 ，黑色的漂亮，显得高级哦
黑色,【推荐】M6 II（15-45镜头）套机,5,携带方便轻巧，速度反应迅速，操作简约，成像效果优异，送女儿的生日礼物！
【EOS M6 II 】（15-45mm）丨黑,,5,没怎么用过微单，还在摸索当中，试拍几次感觉还可以
M6 Mark II 黑色,（15-45）套机,5,"产品包装：结实
外形外观：美观
成像效果：美观
反应速度：速度
便携性能：方便
其他特色：好"
新品 M6 II 黑色,【推荐】（15-45）套机,5,"外形外观：外观比图片好看。
成像效果：还不错，准备升级镜头。
便携性能：方便。"
M6 Mark II 黑色,（15-45）套机,5,比想象中小一点，但是东西听好的，排除的照片挺好
M6 Mark II 黑色,（15-45）套机,5,感觉还可以，期待已久的相机
M6 Mark II 黑色,（15-45）套机,5,入门首选，和手机比确实好，录像和景深确实好
M6 Mark II 黑色,（15-45）套机,5,还不错，买了个小饼干头出门更轻便～
黑色,【推荐】M6 II（15-45镜头）套机,5,还不错的小机器，希望全画幅能给力一点
新品 M6 II 黑色,【推荐】（15-45）套机,5,"产品包装：挺好的
外形外观：我喜欢的
成像效果：挺真的
反应速度：快
便携性能：方便"
【EOS M6 II 】（15-45mm）丨黑,,5,小巧轻便，拍出来的效果不错，正在摸索中。
M6 Mark II 黑色,（15-45）套机,4,挺喜欢的，主要是需要录视频，所以入手了。
M6 Mark II 黑色,（15-45）套机,5,"产品包装：原装正品
外形外观：做工精致
成像效果：效果不错
便携性能：携带方便"
M6 Mark II 黑色,（15-45）套机,5,用着感觉挺好，相机还是不怎么会玩需要摸索一番。
M6 Mark II 黑色,（15-45）套机,5,还没使用，质量应该不错，待使用后再来追评
M6二代（15-45）黑色,,5,拍人挺清楚挺好看的，拍出来的颜色比手机好看
M6 Mark II 黑色,（15-45）套机,5,相机使用方便，日常使用足够，基本使用满足。
M6 Mark II 黑色,（15-45）套机,5,身材小，用着不错，送的肩带略短，新手直出图
M6 Mark II 黑色,（15-45）套机,5,"产品包装：完好
外形外观：无损
便携性能：方便携带
成像效果：不错"
【EOS M6 II 】（15-45mm）丨黑,,5,M6二代比一代提升了很多，旅游便携机推荐
【EOS M6 II 】（15-45mm）丨黑,,4,初步体验良好，没有塑料感，材质优秀
【EOS M6 II 】（15-45mm）丨黑,,5,相机不错，入门首选，价格贵了应该买裸机的
M6 Mark II 黑色,（15-45）套机,5,"产品包装：比较满意
外形外观：满意
成像效果：满意
反应速度：满意
便携性能：中"
新品 M6 II 黑色,【推荐】（15-45）套机,5,公司买的，活动拍照方便，效果好又轻便
M6 Mark II 黑色,（15-45）套机,5,还阔以，适合新手小白，操作也不复杂&hellip;
黑色,【推荐】M6 II（15-45镜头）套机,5,反应速度：定焦速度快，体验感舒适，产品质量不错
黑色,【推荐】M6 II（15-45镜头）套机,5,"产品包装：密封
便携性能：小，轻便
成像效果：清晰"
【EOS M6 II 】（15-45mm）丨黑,,5,好啊哈哈哈哈哈哈哈好
M6二代（15-45）黑色,,5,简直大好评！瞬间对手机相机没兴趣了。
M6 Mark II 黑色,（15-45）套机,5,第一部微单，入门上手，家庭自用足够
M6 Mark II 黑色,（15-45）套机,5,"产品包装：挺好
外形外观： 好
成像效果：好
反应速度：好
便携性能：好
其他特色：好"
【EOS M6 II 】（15-45mm）丨黑,,5,第一次购买，感觉还可以呢，画质不错
M6 Mark II 黑色,（15-45）套机,5,"产品包装：严实
外形外观：小巧精致
成像效果：还不错
反应速度：还行"
M6二代（15-45）黑色,,5,功能全，拍照效果好，操作简单
M6 Mark II 黑色,（15-45）套机,5,物流方便，送货上门，质量可靠，但是价格变化大。
黑色,【推荐】M6 II（15-45镜头）套机,5,相机便携外观好看，佳能eos m6 Mark Ⅱ  这款相机可以哦
M6 Mark II 黑色,（15-45）套机,5,"外形外观：还可以吧
成像效果：目测比手机拍的清楚"
黑色,【推荐】M6 II（15-45镜头）套机,5,方便携带，出片稳定，易用，强大功能，你值得拥有！
M6 Mark II 黑色,（15-45）套机,5,不错不错，摄影小白要正式开始了！
M6 Mark II 黑色,（15-45）套机,5,挺好挺好，不错不错，可以可以
【EOS M6 II 】（15-45mm）丨黑,,5,质量挺好的！价格合适！发货速度快！！！！
【EOS M6 II 】（15-45mm）丨黑,,4,相机小巧轻便，颜值也好看，蛮好
黑色,【推荐】M6 II（15-45镜头）套机,5,好好，轻巧，不用再拿着单反了。
新品 M6 II 黑色,【推荐】（15-45）套机,5,"外形外观：好看
便携性能：很小巧
反应速度：挺快捷的 感谢"
新品 M6 II 黑色,【推荐】（15-45）套机,5,"成像效果：精美
反应速度：快
便携性能：强
其他特色：读片方便"
黑色,【推荐】M6 II（15-45镜头）套机,5,包装完好，各种不懂的操作都在佳能人工服务咨询好了
【EOS M6 II 】（15-45mm）丨黑,,5,小白一个 比手机要清晰多了
【EOS M6 II 】（15-45mm）丨黑,,5,挺好，比较小巧，好带。
M6 Mark II 黑色,（15-45）套机,5,"外形外观：好看
成像效果：完美
便携性能：轻便"
黑色,【推荐】M6 II（15-45镜头）套机,5,相机小巧便携，对焦快，挺不错。
M6 Mark II 黑色,（15-45）套机,5,一如既往信赖京东，送货快，质量有保证
M6 Mark II 黑色,（15-45）套机,5,"成像效果：好
外形外观：好
便携性能：好
产品包装：好
反应速度：好"
M6 Mark II 黑色,（15-45）套机,5,这台机器真的不错，全能型的
M6 Mark II 黑色,（15-45）套机,5,成像效果：比手机强太多了，色彩鲜艳
新品 M6 II 黑色,【推荐】（15-45）套机,5,"可以,拍照效果不错???"
M6 Mark II 黑色,（15-45）套机,5,"产品包装：一般
外形外观：不错
成像效果：不错
其他特色：挺好
便携性能：挺好"
M6二代（15-45）黑色,,5,不错，对小白来说够用了
M6 Mark II 黑色,（15-45）套机,5,质量不错吧，下次还买
M6 Mark II 黑色,（15-45）套机,5,帮单位买的，用着不错
M6 Mark II 黑色,（15-45）套机,5,"产品包装：包装完好
外形外观：好
成像效果：完美
反应速度：快
便携性能：轻便"
M6 Mark II 黑色,（15-45）套机,5,性价比还行，用了再来评价
M6 Mark II 黑色,（15-45）套机,5,相机不错，正在学习中
M6 Mark II 黑色,（15-45）套机,4,贵就是好，挺好用的，
M6 Mark II 黑色,（15-45）套机,5,机子原装。小巧可爱。
黑色,【推荐】M6 II（15-45镜头）套机,5,经常在这买东西，目前还没有失望过，棒棒哒！
M6 Mark II 黑色,（15-45）套机,5,"成像效果：拿到相机后第一次拍摄，感觉还不错，上手比较快，
还有一些功能还没摸透，摸透之后拍照效果应该更好"
黑色,【推荐】M6 II（15-45镜头）套机,5,喜欢，阴天拍照也依旧可以
M6 Mark II 黑色,（15-45）套机,5,"外形外观：第一款相机感觉还可以
成像效果：不知道是不是套头的原因感觉成像效果一般般，准备换个标准头试试
其他特色：操作简单感觉挺适合我这种初学者"
黑色,【推荐】M6 II（15-45镜头）套机,5,"在等降价可惜价格差不多，终于买到手了
原图直出，功能...还在摸索中"
M6 Mark II 黑色,（15-45）套机,5,成像效果：不晒产品，晒产品拍出的图片，哈哈?????。拍人像和微距都不错的，用的套机镜头15-45的。买的时候也是很纠结的，一直在纠结型号。参考几天才确定买M62 ，现在简单的会用了，其他参数还不懂调，慢慢再学吧，前些天去旅游拍了些照片，拍的照片还是挺满意的。分享给大家做个参考哦。
M6 Mark II 黑色,（15-45）套机,5,相机没得说，是个好相机。我在破站看测评看了很久，最终决定买它送给女朋友。但没有光学取景器，她不喜欢，由于已经拆封退不了货，本人想出！因为没有用过所以体验心得就不说了。
M6 Mark II 黑色,（15-45）套机,5,相机拿到手是开过封的，然后重新贴了一个佳能的标签。相机本身是不错的，然后你得重新买一个镜头，原装的镜头不行。相机买来没有SD卡，你需要另外购买。
黑色,【推荐】M6 II（15-45镜头）套机,5,成像效果：挺棒。。。。。。。就是镜头群太少了。。。。去漫展拍了几个照片。。。正在学习拍照和修图。。。。。。目前只有一个sigma 30mm f1.4的头。。。正在考虑要不要买11-22拍风景。。。。30 1.4的头拍人像虚化还是差点。。。50 1.4估计拍半身更漂亮一点。。。。
M6 Mark II 黑色,（15-45）套机,5,在摸索中 相机不错 有取景器就更好了 没什么更高的要求 套机镜头也可以记录日常
黑色,【推荐】M6 II（15-45镜头）套机,5,入手的第一台微单～看起来好?～比想象中的小一些～
M6 Mark II 黑色,（15-45）套机,5,在6400和mark2徘徊最终选择mark2，上手两天，没后悔
M6 Mark II 黑色,（15-45）套机,5,我的入门微单～接下来准备好好学习摸索啦
黑色,【推荐】M6 II（15-45镜头）套机,5,其他特色：相机拍照是任何手机都无法取代的，首先相机拍出来的真实性成相效果等等。
M6 Mark II 黑色,（15-45）套机,5,"手机和相机的质感
图一苹果as max 图二相机"
M6 Mark II 黑色,（15-45）套机,4,便携性能：女朋友觉得有点重，准备** 联系我！全新***
新品 M6 II 黑色,【推荐】（15-45）套机,5,新手表示很友好 正在努力学习中
M6 Mark II 黑色,（15-45）套机,5,没什么的说的了用了才知道
黑色,【推荐】M6 II（15-45镜头）套机,5,"拿到手的第一张照片
2020好好学习拍照！"
【EOS M6 II 】（15-45mm）丨黑,,5,小巧便携，摄影小白，学习中
M6 Mark II 黑色,（15-45）套机,5,我的手配不上这台相机呜呜呜呜&pi;_&pi;
黑色,【推荐】M6 II（15-45镜头）套机,4,东西还行吧~还没用。。。用了再说呗
M6 Mark II 黑色,（15-45）套机,5,"产品包装：好
外形外观：好
成像效果：很好
反应速度：很好
便携性能：好
其他特色：大品牌"
【EOS M6 II 】（15-45mm）丨黑,,5,绝对相信，相机给你世界！
M6 Mark II 黑色,（15-45）套机,5,"产品包装：还行
外形外观：好看
便携性能：好"
M6 Mark II 黑色,（15-45）套机,5,"产品包装：好
外形外观：ok"
M6 Mark II 黑色,（15-45）套机,5,拿到相机之后的试水照片
M6 Mark II 黑色,（15-45）套机,5,便捷专业，不输单反！！
【EOS M6 II 】（15-45mm）丨黑,,5,新年给自己的第一件礼物
【EOS M6 II 】（15-45mm）丨黑,,5,赞?
黑色,【推荐】M6 II（15-45镜头）套机,5,便携性能：很小一个很方便
黑色,【推荐】M6 II（15-45镜头）套机,5,"产品包装：??
外形外观：??
成像效果：??
反应速度：??
便携性能：??
其他特色：??"
【EOS M6 II 】（15-45mm）丨黑,,5,买来给女朋友拍照和拍vlog
M6 Mark II 黑色,（15-45）套机,5,"反应速度：不错
便携性能：不错"
【EOS M6 II 】（15-45mm）丨黑,,5,东西挺不错，是我喜欢的
【EOS M6 II 】（15-45mm）丨黑,,5,不错不错味道好极了
M6 Mark II 黑色,（15-45）套机,5,还不错吧，速度挺快的
【EOS M6 II 】（15-45mm）丨黑,,5,还没搞懂 慢慢来吧
M6 Mark II 黑色,（15-45）套机,5,产品包装：产品质量很好
【EOS M6 II 】（15-45mm）丨黑,,5,"包装结实
送过快"
【EOS M6 II 】（15-45mm）丨黑,,5,终于有相机了
M6二代（15-45）黑色,,5,公司买的，不错
【EOS M6 II 】（15-45mm）丨黑,,5,还在摸索中
M6 Mark II 黑色,（15-45）套机,5,精美绝伦，品质保证
黑色,【推荐】M6 II（15-45镜头）套机,5,非常的好，我很喜欢
M6 Mark II 黑色,（15-45）套机,5,成像效果：很给力
黑色,【推荐】M6 II（15-45镜头）套机,5,不错不错，新手入门
M6 Mark II 黑色,（15-45）套机,5,挺好的相机
【EOS M6 II 】（15-45mm）丨黑,,5,还不错哦
M6 Mark II 黑色,（15-45）套机,5,正品，非常棒！
【EOS M6 II 】（15-45mm）丨黑,,5,挺好用！
【EOS M6 II 】（15-45mm）丨黑,,5,非常强
新品 M6 II 黑色,【推荐】（15-45）套机,5,质量很好，满意！
新品 M6 II 黑色,【推荐】（15-45）套机,5,整体上不错的
黑色,【推荐】M6 II（15-45镜头）套机,5,成像效果：非常好
M6 Mark II 黑色,（15-45）套机,5,目前都还好！
M6 Mark II 黑色,（15-45）套机,5,蛮好的呀
黑色,【推荐】M6 II（15-45镜头）套机,5,可以 便携。
黑色,【推荐】M6 II（15-45镜头）套机,5,挺好的
黑色,【推荐】M6 II（15-45镜头）套机,5,"便携性能：小巧轻便 
好评"
黑色,【推荐】M6 II（15-45镜头）套机,5,还挺好 慢慢研究
黑色,【推荐】M6 II（15-45镜头）套机,5,成像效果：好
黑色,【推荐】M6 II（15-45镜头）套机,5,很棒很喜欢
黑色,【推荐】M6 II（15-45镜头）套机,5,全新，正品
M6 Mark II 黑色,（15-45）套机,5,收藏了半年，一直等待时机，一直在犹豫要不要买微单，之前用尼康单反，出门太重，尤其爬山，简直痛苦，重量的确很轻，自动对焦也很好用，用习惯了取景器，屏幕拍照很不习惯，关键看不清，尤其强光下，15-45的镜头素质也一般，建议买好点镜头吧
黑色,【推荐】M6 II（15-45镜头）套机,5,"买的时候没搞活动，啥也不送，唉。?
比想象中的小，帮别人买的，不知道实际效果怎么样，不过这个价钱，也就是很一般入门及以下的东西了。
买着三分钟热度，瞎玩玩?
但真的好亏啊，现在活动5999还送包，当时啥也没，又贵，又额外买了内存卡。"
M6 Mark II 黑色,（15-45）套机,5,刚买还不太会用，为什么用FV和AV模式按下快门后，总是busy讷，明明快门速度也没有很慢。还有一个问题是如果用手机连上相机看照片的同时也用相机看照片就总会黑屏闪退。以及拍人像时想让背景模糊一点，调大光圈也没有用，怼脸上才能有一点点背景虚化效果。摄影小白太难了。。。。
黑色,【推荐】M6 II（15-45镜头）套机,5,"产品包装：产品包装一般 有点low的感觉 买了XT30退了又换了M62 
便携性能：挺小巧的 女生用很合适
外形外观：作为一个有点颜控的人来说 M62比想象中好看 哈哈哈 其实更喜欢富士的外观和质感 更好看更高级  但是综合考虑还是买了M62
成像效果：还没买内存卡  待验证
反应速度：新相机竟然电池一点儿电都没有&hellip;&hellip;充了一会儿电才能开机  差点以为中奖了:相机是坏的"
新品 M6 II 黑色,【推荐】（15-45）套机,5,配送好慢，晚上七点才到。另外，内存卡晚了一天还没到，相机用不了。等到了在追评。
黑色,【推荐】M6 II（15-45镜头）套机,5,我个人觉得和m6的区别不是特别大，而且3240w像素的话，讲道理对于摄影小白来说没有那种质的分跃，就是如果和其他2000多w的相机同一角度拍出来的照片我甚至有可能挑不出来哪张是3240w像素的照片，差别真的非常非常小，没有那种拿到手，哇，这个像素是真的牛的这种感觉，整个感觉就很平淡，讲道理对于一个6000多的相机来说，它的价位没有对得起它的质量，和佳能其他4000多的相机相比差别真的很小，我个人有一点后悔觉得应该买佳能m50，以上均是个人看法拒绝睿智找茬，只是提供给纠结m6还是m6二代得人一点建议
M6 Mark II 黑色,（15-45）套机,5,第一次买，还是送人的，但是套机居然没有储蓄卡，这也算套机，也有可能是我不懂，也是醉了。新电池没有电，充了几个小时都没有充满，还没开始用就已经低于预期了，还不知道用的时候是什么情况，不敢想象。送人礼物丢脸丢到家了，售后还不理，还是得去实体店买。
M6 Mark II 黑色,（15-45）套机,5,人生第一部相机，说实话，某些方面比手机确实好一点，但是画质不如手机，（不知道是不是因为镜头问题）对不了焦就按不了快门，手机是随便按快门
M6 Mark II 黑色,（15-45）套机,5,小白一枚，啥也不懂，图是相机直出，学习之路还很遥远。就是双十一当天上午一个价格，下午一个价格，很郁闷。找客服吧，完全没法沟通，不知道到底是谁数学不好。相机本身还ok，要学的太多了。。。
黑色,【推荐】M6 II（15-45镜头）套机,4,优点看页面介绍。说说缺点，机械快门机震较明显，有时影响出片率，无电子前帘快门，只有全机械和全电子快门。无机身防抖，搭 配无防抖的定焦头，安全快门不能有效降低。套头不附送遮光罩。
M6 Mark II 黑色,（15-45）套机,5,给我换新相机，刚买来18天出问题，怎么说也不给我换新，实在没办法，拿回去修，说要修一个月时间，太久了就给我换台新的，希望不要再出问题
M6 Mark II 黑色,（15-45）套机,5,虽然有点贵，但重要的节日还是要用相机拍，当傻瓜机用
【EOS M6 II 】（15-45mm）丨黑,,5,包装太差，这都不敢相信是京东物流的包装，一个小纸盒，里面没有衬垫任何缓冲措施。电子物件能这么运输也是挺奇葩。电池充电充不进去，指示灯不停闪烁，问了客服还需要寄回原厂测试，正赶上过年真是无语。
黑色,【推荐】M6 II（15-45镜头）套机,5,"还不错，新手接下了需要慢慢适应，调整参数很重要，一开始还觉得不太行..后来发现是参数问题。
默认模式是人像拍摄物体的时候可以对调整，价格的时候略贵，幸好有补差价。"
新品 M6 II 黑色,【推荐】（15-45）套机,5,商品收到了  中间虽然发生了不愉快的事情  但不影响使用  佳能成色还是很好的  图片是没有开闪光灯和开了闪光灯的效果  还在摸索当中
M6 Mark II 黑色,（15-45）套机,5,刚上手还在摸索阶段，就是防抖有点差，套头也有点烂，打算再买个22m饼干头
黑色,【推荐】M6 II（15-45镜头）套机,5,摄影小白，只能说相机性能优异，画质优秀，尤其是在低iso下，3200w像素的提升感明显，对焦很稳，跟焦提升明显，几乎没丢过焦。牙膏厂的牙膏这次怕是要被挤爆了？
【EOS M6 II 】（15-45mm）丨黑,,4,本来很开心终于买到了心仪已久的相机了，可是收到货才发现下单前看到的赠送相机包和内存卡都没有。。。  当时直接付款也没仔细看，白瞎一场，又要重新买卡回来才能用。 第一次买数码产品啥都不配只有裸机的，很不爽
黑色,【推荐】M6 II（15-45镜头）套机,5,不到一个月降价300元，什么商店了，什么保价，对于刚使用京东的消费者，简直就是欺骗，不良商家。
M6 Mark II 黑色,（15-45）套机,5,还不是很会用，慢慢摸索吧，按快门的感觉确实比手机爽多了啊哈哈
黑色,【推荐】M6 II（15-45镜头）套机,5,感觉不怎么理想，缺的实用东西太多，有上当的感觉，
【EOS M6 II 】（15-45mm）丨黑,,5,机器很好 封条也是好的 但是物流太慢了 京东自营北京市内3天才到货
M6 Mark II 黑色,（15-45）套机,5,产品包装：一般，包装箱不是佳能原包装，相机盒子的外封条都开了，还不给退换货，客服说是正常现象
M6 Mark II 黑色,（15-45）套机,5,镜头很一般，还没仔细研究，凑合用吧
黑色,【推荐】M6 II（15-45镜头）套机,5,相机是好相机，物流点服务态度不好，希望改进
M6 Mark II 黑色,（15-45）套机,5,还没用，今天到的. 断货了 等了好久才到
M6 Mark II 黑色,（15-45）套机,5,还可以吧，就是蓝牙有时候会连接不上
黑色,【推荐】M6 II（15-45镜头）套机,5,感觉还要研究一下，新手感觉拍不出效果
【EOS M6 II 】（15-45mm）丨黑,,5,送个小内存卡卡嘛倒是～～
黑色,【推荐】M6 II（15-45镜头）套机,5,买的时候降价200，买完又降价200。。。
【EOS M6 II 】（15-45mm）丨黑,,5,比想象中的小巧
M6 Mark II 黑色,（15-45）套机,5,服务太低
黑色,【推荐】M6 II（15-45镜头）套机,5,不值这个价～套机
【EOS M6 II 】（15-45mm）丨黑,,5,首先，称赞下京东的物流，当天下单，第二天一大早就到了，发货快速，京东物流神速果然名不虚传，令人赞叹。拿到货物后，迫不及待看了下，实物与图无差别，非常好，好用耐用实用，建议大家选择，品质好，物品好，推荐&hellip;&hellip;
【EOS M6 II 】（15-45mm）丨黑,,5,买来给m6二代配套的，配件的标配了，手感还好，安装略紧，整体使用效果符合预期，配送还是一如既往的快，同时买了很多配件，都快把这个忘了～
M6 Mark II 黑色,（15-45）套机,5,产品包装：包装挺好的！外形外观：m62真的很好看成像效果：效果不错，反应速度：快便携性能：高，适合小白入手其他特色：头素质不高，需要其他镜头来~m62的素质
M6 Mark II 黑色,（15-45）套机,5,很好，买给公司的，直播用的设备。一下买了好多好多设备，凑成了一个小直播间，很棒！会推荐给身边的小伙伴们！
【EOS M6 II 】（15-45mm）丨黑,,5,特别特别满意，超级好看，客服很有礼貌，很客气，良心商家，支持！比平时要便宜，囤了不少，特别特别满意?，超级好看?，客服很有礼貌，很客气，良心商家，支持！(*^__^*)非常满意的一次购物，物有所值，比实体店里实惠多了！物超所值，非常满意，期间有点小插曲，店家细致周到的服务让人很感动，祝生意兴隆，还会再来
M6 Mark II 黑色,（15-45）套机,5,相机全新也查了三码合一没什么毛病现在正在摸索中佳能拍人#
M6 Mark II 黑色,（15-45）套机,5,发货太慢，退了~的选了京东没想到等了半个月。客服除了会道歉没有一点实质性帮助，道歉有用的话不如请个机器人。
黑色,【推荐】M6 II（15-45镜头）套机,5,非常不错哦，是最~的时候买的，服务也很好，充电器坏了立刻帮我处理好了
黑色,【推荐】M6 II（15-45镜头）套机,5,5800出~，开过机冲过一次电。全新
【EOS M6 II 】（15-45mm）丨黑,,5,不错
【EOS M6 II 】（15-45mm）丨黑,,5,好
M6 Mark II 黑色,（15-45）套机,5,还行
【EOS M6 II 】（15-45mm）丨黑,,5,一
M6 Mark II 黑色,（15-45）套机,5,不错
M6 Mark II 黑色,（15-45）套机,5,不错
黑色,【推荐】M6 II（15-45镜头）套机,5,可以
