,,3,画质效果：差
,,3,东西一般，价格偏贵。做工有缝隙，感觉像使用过的，
,,3,送货体验好 。产品不太稳定发烫死机，电池仓缝隙大。app不好用。
,,3,刚刚用还可以，目前还在研究。就是AirPods连不上，连上了没几秒就中断链接，然后又链接有中断
,,3,机子手感挺好，有份量。更新了最新固件，几个模式之间的切换经常会卡住，或者转换不了，甚至还有一两次死机，不得不拿下电池。发热比较严重，拍个2分钟的视频已经热得不行，不知道长时间拍摄会怎样。
,,2,里面的塑料质感很差，不知怎么鉴定正品，暂不评价
,,3,看app里功能玩法还是挺多的，关键问题是刚收到货，开箱体验的时候就死机了，升级完固件版本以后还死机过一次，因为上班也没时间玩，总共开机时间也就一个小时左右吧，总共录制时间不超过15分钟，目前就这些
