,,3,还没拆包装，打开快递，盒子都坏了，叫我怎么送人？
,,2,人工客服对这款优秀的产品简直啥都不懂 只会复制粘贴
,,3,礼盒是坏的  还好里面的东西没有太大影响  但是影响心情啦
,,2,"包装使用不配套，用一个欧乐比牙刷的大箱子来装，里面只放了一个空气袋避震，所以拿到货的时候底下一层的包装全部出现裂痕。
这个是礼盒啊!!!!!!!!你们就这样子送货的？"
,,3,"做工质量：塑料感比较强，套子套上去太费劲儿了
外形外观：外观样式还可以，显示屏太小了
操作难易：观察镜设计比较反人类，怎么试怎么不舒服"
,,3,"相机还不错，就是相纸给的有点少，是太少了，给了十张？？？
想想我就来气，就给十张，真气人"
,,3,"写一个真实的评价吧
开箱体验: 差
由于包裹的保护层过薄，导致礼盒出现严重破损
拍立得功能体验: 一般
由于以前没用过拍立得产品，不清楚旁轴取景的问题，废了3张相纸后问客服客服说0.6米到3米最佳所见即所得，但是在这个范围内还是会偏，而且偏的方向貌似不固定，不过应该是所有拍立得会有的问题
拍立得外观体验: 相机包和拍立得的外观都很好看"
,,3,京东上最不满意的一次购物！没有之一！
,,3,东西先不说，我花这么多?买了送礼物，就拿一个薄薄的带子装着，长途辗转送来，摔摔打打，都不敢拆了！！！！！！！
,,3,"这个****的国庆礼盒装可以说是相当沒有良心了
主打的包装都可以做反了也是没谁了
相机包也是反人类，把取景器遮住了三分之一
这不是用也不是，不用也可惜。
难受"
,,3,做工质量：送的相纸太一般，拍出效果一般。有这钱买个数码相机或者网络洗照片都比这个合算。发货速度超级慢，想退还没机会了，
,,3,我送给一个单身小姑娘的礼物，结果你给我弄个这个包装，还是她室友给取回去的，尴尬的很，过了好两天才发现是自己的快递，你说我这送的糟心不糟心
,,2,物品和介绍的严重不符。拍摄的照片黑白色的不说还很不清晰。晚上拍出来的一片模糊看不清。相纸也很贵。还不如手机拍摄拿去洗照片。
,,2,买拍立得之前问盒子上有没有标注乙亥年时间之类的，客服信誓旦旦说没有，让放心，买完之后说是2019纪念款，客服存在的意义是帮顾客答疑，向顾客介绍产品的优缺点，而不是引起歧义。拍立得是好东西，这客服是啥也不知道，就知道把东西卖去出再说。可能你说有标注2019我也买，但是现在就是很气，我也没有要求，差评也不是因为东西，只是因为心情
