,,5,"松下s5,2020年最具有性价比的全画幅微单，太强了。到手后试了一下。画质是真的帮，防抖也很强。就是希望f1.8军团快点到来，我想买一个50定。
我永远爱松下！"
,,5,外观超赞！4k 10bit 422真是这个为数不多同类机器能达到的参数，菜单也很好懂，触屏灵敏，照片画质也很好，还有满血的vlog！机身和镜头的品质感也很赞，一上手就知道手机一台可靠高品质的机器！
,,5,"产品包装：产品包装外还有一个大纸箱，保护得很好。
外形外观：外观是我喜欢的四四方方感觉，很cool。
成像效果：成像清晰锐利，近摄也挺好的，靠很近都可以拍。之前买的XT3成像不锐利，虽然也很好看。建议相机还是一步到位买个全幅。
反应速度：拍照反应速度，对焦还可以。屏幕颜色很好，触摸灵敏，按键挺好。
便携性能：不算太重，手感很好。
其他特色：喜欢一台相机，它就是哪都好。"
,,5,"自己买了一台，忍不住帮公司也买了一台，作为GH5的老用户，强烈感受到比之前的对焦更加进步了，所以入手根本不用考虑，而且整个重量也更轻了，外观很大气，全画幅的画质真的没得说，又有翻转屏，对我来说简直是完美的存在！
成像效果：无法挑剔"
,,5,"产品包装：可以
外形外观：比较喜欢，外观真没的多，香
成像效果：可以
反应速度：比以前快了很多，对焦也快了很多，
便携性能：比较小巧，方便携带"
,,5,"一直喜欢松下的相机，第一次买松下相机，希望s5能给我一个惊喜（专业广播电视编导）
开箱过程很nice"
,,5,性能强悍的视频机，画质属于同级第一档，造型好看，体积比S1小多了，便携易用，套头焦段非常实用
,,5,"产品包装：包装非常厚实，盒子很小很好拿
外形外观：机器品质良好 做工很棒
成像效果：画质巨棒nice 10bit422nb嗷
反应速度：对焦迅速准确"
,,5,"产品：很不错的，很好用，用的很舒服，是自己想要的相机，除了对焦马达声音有点稍大
物流：京东物流没得说，头一天下的单，第二天一下就到了，很快，服务很贴心"
,,5,"外形外观：别致，合适
成像效果：可以 接受
便携性能：方便 已经很用心了
反应速度：行"
,,5,S5是一款非常有诚意的产品，视频自动对焦有了非常大的改善和提高，跟焦、人眼/动物眼部识别功能，以及暗光下的自动对焦都比较靠谱，给我们留下了深刻印象。而4K 60P、30P 4:2:2 10bit、双原生ISO以及V-Log、HLG的加持，都让它超越了其他竞争对手。就图片拍摄来说，它也并不落伍。
,,5,很实用的焦段 2060覆盖超广角 广角 微距
,,5,第一次买属于自己的相机，用了一个月，宽容度真强。性价比很高，在知乎上看了很长时间才决定买这款机器，事实证明没错。
,,5,第一台松下的机子，用来拍视频的，对焦并没有其他人说的这么差，基本都是可用的，这个价位松下能给到这么多功能已经很强了，非常棒的一次购物体验！另外说一句，松下s5真香！
,,5,"s5 目前市面上性价比最高产品。4k60p
成像效果：高
外形外观：小巧方便携带
便携性能：方便携带
产品包装：完美"
,,5,"成像效果：非常不错，比预期好
反应速度：对焦也改善了
便携性能：主要是比较小，带出去很方便"
,,5,"香就一个字，我只说一次。
左选右选，从富士到大法到佳能绕一大圈选了初次使用的松下。看了一堆评测，最后想想，目前也没很多时间去玩巨单的s1h了，直接s5入手。机器做工应该是入门到中高端之间的水平，操控很舒服，菜单很舒服。还在熟悉摸索，整体好评，摸起来很开心哈哈哈。"
,,5,灭门佳能转入松下，拍照视频双修，没让我失望。上手快，画质好，使用放大对焦峰值对焦，各种物美价廉手动镜头取之不尽，买镜头不再是大坑。
,,5,松下S5是一台轻量紧凑的全画幅微单，机身重量714g，搭配L卡口20-60mm镜头可以获得轻量化的拍摄体验。但是这台相机性能非常强大，甚至某些性能要比S1更加强悍这台相机既适合摄影初学者，作为第一台全画幅相机，也适合专业用户作为专业相机使用。
,,5,第一台微单，很喜欢，我们一起去探索世界的惊奇。
,,5,这是我第一台全幅相机，松下的画质非常好，宽容度非常高，高光阴影随便拉，一点噪点没有。不后悔买松下
,,5,"产品包装：包装盒比索尼质感好。
外形外观：外观嘛中规中矩吧。
成像效果：照片画质胜于a73，更不用说色彩科学了。20-60也超出预期。
反应速度：操作非常舒服，界面菜单响应速度有智能机那味道了。
便携性能：重量轻体积小，10 bit 422真心强大。不是索尼8bit 420能比，v-log也比富士F-log强大很多。视频追焦嘛，追的太快反而很数码。只能说还不错吧。"
,,5,非常好的相机，手感扎实，套头实用，大多为视频而来，但用来拍照也很合适。
,,5,给女儿买的，很不错！家用完美。以前的550D可以退休了。
,,5,"产品包装：包装完好无损
成像效果：松下的色彩很浓郁
反应速度：反应灵敏
便携性能：重量轻手握感舒适
外形外观：外观硬朗
其他特色：操作快捷方便按键合理"
,,5,很赞，vlog 格式太舒服了，简单套lut就有很好的效果，有时间再慢慢研究折腾
,,5,"外形外观：四四方方 非常硬朗
反应速度：对焦神速 追焦可用
其他特色：1.8军团搞快点"
,,5,"产品包装：包装的很好
其他特色：发货速度相当快"
,,5,非常不错的机器，高感很好，画质很棒，视频最佳选择。
,,5,非常好，一直是松下忠实用户
,,5,"拍视频照片非常方便,自动对焦也处于高度能用的状态。"
,,5,"产品包装：非常好
外形外观：好
成像效果：好
反应速度：很好
便携性能：非常好"
,,5,首发买的真的很值，作为第一台微单也是松下的我，一直想升级全画幅，看了真的牌子还是选松下，就是为了这品牌。
,,5,不得不赞叹京东的速度，凌晨拍的，当天就送到了，太太太优秀了！
,,5,使用很方便，还能设置很多快捷键，好用
,,5,高感不错，手动对焦有辅助很实用
,,5,"外形外观：外观很好看
成像效果：成像效果不错"
,,5,已经习惯了在京东购物，送货快，品质有保障，服务也很好
,,5,"产品包装：包装很好没受损
成像效果：全幅还是全幅"
,,5,比预想的要轻一些，翻转屏很方便
,,5,预售刚到手，相机真的很好
,,5,"外形外观：很精致，好像比A7M3大那么一点点。
成像效果：试拍了一下夜景，图片效果还行。
便携性能：送的小包全部放进去了，小小很方便。
其他特色：视频效果可以说同级别最好了，起码这个价位的来说，因为我自己也是视频工作者，不过松下的镜头太下，希望出多一些比较亲民的镜头。其它功能还没用到就不方便评论了。"
,,5,"产品包装：包装可以，正常包装外面还有个箱子。
外形外观：外形硬朗，按钮比较多。
成像效果：2400万像素，拍照够用。拍视频格式较多，成像效果很好。
反应速度：照片对焦够用，视频追焦拉风箱严重。

便携性能：松下最小巧的全幅。"
,,5,"便携性好，手持防手振达到使用需求，主要手动对焦，但自动对焦可用使用，色彩、双增益非常满意。干活机器还是轻了，受限于此，机身材料安全感不足，尤其开关键太小不方便，这些不如S1H，做辅机可以。
镜头仅焦段有卖点，非常低端。"
,,5,"产品包装：简单实用，对相机的保护足够了，不挑剔就没啥毛病。
外形外观：小巧轻便。买微单出门当备机，平时随身携带，就是为了轻便。LumixS5功能也足够用
成像效果：内直出效果不错，套机镜头好像还喂不饱CMOS， 还要再使用一段时间才能评价。
反应速度：灵敏快捷，机身旋钮按钮布局比尼康好用，快捷菜单功能足够用。
便携性能：机身加套机头还不到一公斤，相当轻便。20～60mm镜头可以支持很多场景了。
其他特色：视频功能更加强大，估计我只能用整机性能的20%不到，慢慢学习吧。"
,,5,主拍视频，也能兼顾拍照，同等性能下体积小巧，再搭配松下以后的1.8镜头，真香
,,5,"产品包装：现在的包装盒都这么薄了吗，但是看着挺好看的配色
便携性能：机器不大，但是挺结实，有点分量
成像效果：试了试视频，虽然对焦有时稍有犹豫，但画质是真的挺好"
,,5,"机器我觉得很棒！
拍照对焦一点问题也没有，视频对焦不如索尼，但是升级固件后也变得可用了！
颜色比索尼好看，视频能力比索尼同价位强一个时代"
,,5,"东西不错，全新，s5是台好机器，拍视频色彩特别好看！！但是拍照色彩一般，追焦别想，对焦挺好，看到有人反馈死机，我用了将近2个月了没有遇到嗷，还是不错吧！
但是又一个问题，就是镜头转到底居然接触不良，还问了好久客服，不要转到底，隔一点点就行。"
,,5,"包装和s1比是真的弟弟，手柄略小也没s1的舒服。
按键手感和快门声音也很廉价，尤其是摇杆，不够凸出来不是很好用。
2060镜头变焦略紧，可能用久了就好了。
别的方面都还不错，照片对焦是真的快，视频对焦是真的啦。"
,,5,看了好久，实体店也体验了几次，最后决定购买。完全ok
,,5,"产品包装：包装还行。比较小巧
成像效果：成像不错，比D600清晰，尤其是20毫米起步的广角不错，省一个广角头的钱。到手了升级1.1固件。"
,,5,除了对焦不太稳，其它方面都非常不错
,,5,相机一直是心怡很久，终于做的决定！机器不错！镜头可选择的确实有点少！
,,5,"产品包装：很好很好~只是还不太会用
特别表扬快递员，本来还没到派送时间，但是急着要，然后快递员大晚上的又特意送过来，感动~"
,,5,"产品包装：好
外形外观：好
成像效果：还没有使用，
反应速度：没有使用"
,,5,希望视频性能可以满足需求
,,5,快递迅速，包装精美，物有所值。
,,5,宝贝质量挺好的，值得购买
,,4,谢谢！双十一换货比较慢！
,,5,纠结了几个月终于出手拔草了，拍照对焦没问题，视频追焦比想象的好，特别是残幅模式下的追焦达到了可用级别，色彩科学不用多说了，就是冲着它去的，不然为何要买松下？
,,5,从r3过来的，不枉我灭门索尼。视频比r3好太多了，vlog的色彩纯净度和夜景让人感动。
,,5,刚到还得熟悉一下才能把玩
,,5,完美！
,,5,购买前纠结于sony、佳能、松下，最终选择了松下。
,,5,除了买不到第二块电池其他完美
,,5,第一次用松下，真香！
,,5,真香现场
,,5,谢谢挺好！正在试用
,,5,还行吧
,,5,我是经过深思熟虑之后选择的松下S5 购买之前我看了很多的关于松下S5的评测与成片素质 综合自己的预算支出 权衡S5与其他品牌竞品的优劣 取舍自己的需求 最后决定就松下S5了 到手之后我试拍了几天做了一个开箱视频与S5的测拍上传到了某站 在这里也说下这部机器的特点 功能强大 拍摄的素材后期空间让你尽情发挥 双iso夜拍控噪能力太强大 五轴防抖稳到不需要后期增稳 对焦迅速 指哪打哪 菜单逻辑人性化 显示屏显示效果好 触控灵敏 手动对焦辅助功能强大 内藏许多非常实用的拍摄技巧 快捷键设置简单易用全面广泛 基本达到了你想怎么设就怎么设的地步 还有很多的彩蛋功能我还没有完全掌握 也说一下美中不足的地方 开关机旁边那个拨盘转动阻尼太小经常误碰 导致快门速度变化 反差式对焦在追焦能力上的不足有待松下继续努力去完善 还有个特点要说一下 虽然S5的视频拍摄规格很强悍422 10bit 4k 但一般的内存卡就能支持 很奇怪 我上部微单因为我用的一般的U1卡 拍摄4k视频与100帧1080的时候显示内存卡速度低 不能拍 而这部s5用那张卡即使拍摄最高规格视频也可以 松下的存储黑科技给个?
,,5,"视频画质可能是两万元内的第一梯队，最惊喜的是麦克风收音效果出乎意料的好，收音有点Sony zv1感觉了。防抖几乎够用，对我来说暂时可以不需要买稳定器了。视频连续自动对焦的话，稍微把灵敏度调低一点点，可以有效减少啦风箱。最高规格内录的话，V30速度卡足够。对于后期剪辑来说，比佳能那编码好太多。
但是有一点购买前要好好考虑，就是拍照画质，虽然和a73是同一块底，但照片画质和噪点控制，可能还没有6400好，别问我怎么知道的，我有一个6400?1650套头，等效光圈和焦段后对比过了（虽然抛开镜头聊画质都是耍流氓）"
,,5,"曾经的ZS15和FZ1000用户，对松下有非常好的印象。第一次买松下全画幅，够小巧。拍照录像全能型。虽说是主打摄像，但是拍照一点不菜。是塑料外壳，做工非常不错，各处严丝合缝。镜头焦段实用，内部非常干净，打着电筒都找不到一点灰尘。说的就是你，索尼出来挨打！值得表扬的是后镜组是密封设计的。镜头阻尼很大，简直拧不动，希望用一用能顺手。
不足在于操作还是复杂，这一点要像佳能学习。三转盘有点多余了，大拇指那个手感好，位置也好。屏幕旁边那个似乎有点多余，不是很有必要。镜头焦段这么实用了，给个4.0恒定光圈就完美了。建议转盘上面不要用这种螺纹面，很容易有划痕，贼难看，就用光面就挺好。"
,,5,"产品包装：盒子还挺小的，有点出乎意料
外形外观：我觉得颜值完全在线，还独立出了摄像的小红按钮，有那么一点点逼格，就是加个镜头有点重了
成像效果：很nice，松下的色彩真的很棒，机子A档调教到可以傻瓜式直出的地步了。视频就更不用说了，我真的爱死
反应速度：网上诟病的对焦问题，在固件升级到2.0之后感觉完全够用，没有黑子说的那么不堪，而且真要拍视频就上手动了
便携性能：有一点点重了 不过有防抖，没什么影响
其他特色：五轴防抖 摇摇乐 莱卡单色 满血vlog...这还要啥?

总之，这是一款在全幅市场拥有强大对抗性的微单，在SC两家遥遥领先时，我体会到了松下想要追赶的信念，虽然现在对焦一般 没有镜头群，但我相信军工厂一定可以赶上的。松下冲冲冲！

对了，我的赠品啥时候可以发货?"
,,5,说实话，开始还很忐忑对焦，到手之后才发现，对焦绝对比我的A6400好，其它优点更多，本来我还想留着a6400当备机，现在看来没必要了，完全被秒杀的节奏，后悔死我了。
,,5,"11998这个价格真的是最具性价比的视频相机，非常喜欢松下的工业设计，视频色彩也非常好。
有一个小问题，视频设置vlog后，照片也成了vlog，这就有点尴尬了。拍的照片回来一顿调，还调不好。不知道是我不会设置还是咋的？"
,,5,松下s5，首先做工真的扎实，握感很好，其次布局合理，4k 24 25 30 10bit 422 不香吗，内置vlog曲线，后期达芬奇直接套个松下709，颜色很正，这一点完爆a73吧，说到自动对焦，如果你坐着录谈话那种，完全和a73无异，眼部脸部很快，如果走动的话，里面的感光灵敏不用调满，一样可以，至于类似youtube Daniel shicffer 大神那种视频拍摄，依然可以胜任，因为人家用a73用的是40mm手动对焦，所以自动对焦对于s5来说没啥问题，考虑屏幕像素低了点，有钱就直接上个阿童木外录机，还可以外露4k 60帧 10bit 422 视频，还有5.9k raw ，12000的机器，要啥自行车，里面内录100 120 150 180帧 1080p 8bit 420视频，机内完成慢放，还要说的一点，照片功能，有个高分辨率达到9600万像素，这个需要三脚架，手持不太行，还有个hlg图片模式，像素没记错6k的，我一般都用这个拍图片，相机2400万足够了，毕竟视频机器。对于l口镜头来说，可能少与其他厂子，但是你看你佳能，索尼的镜头有几个，无非那就那几个，松下都有
,,5,"便携性能：性能达到s1h的百分之七八十吧，小了很多，感觉很轻巧。
外形外观：手柄握感不错，让人感觉比较舒服。
成像效果：视频没得说，就是对焦是反差的，这个还是差点，尤其是反差不大或者暗光的条件下，一直拉风箱。
反应速度：这个不是这台机器的强项，这台机器主要强项是色彩深度，10bit422.420的色彩。"
,,5,"外形外观：帅就完事了
佳能太娘炮，Sony太直男，松下刚刚好
成像效果：这个价位，不同厂商，互相差不了多少的。"
,,5,相机本身没任何问题，但京东的服务这次真是太差了，我半夜12点付完尾款，为的是能早点拿到货，结果发货比天猫晚太多了，尤其恶劣的快递员，跑到距离我几公里的地方让我取件，我告诉他送错地方了，结果对方骂骂咧咧的，我让他送过来，连理都不理，把人气个半死，第二天由另一个人送过来的。
,,5,到手直接原价转了，连拆封都没拆。如果对焦连a7m3都干不过，那没有购买的必要。
,,5,人生第一台，很强大，还在研究中。就是包装有点水
,,5,发货火速，十点拍十一点就出库了，神速！！！
,,5,产品包装：完好便携性能：方便不大不小外形外观：小小小成像效果：#哄哄的反应速度：快快快其他特色：可以拍4k60p
,,5,京东快递#
