,,5,"产品包装：产品包装完好，京东送货还是很贴心的。
外形外观：黑色外形霸气上档次，使用的握持手感比之前的要强很多。
成像效果：买这个主要是录视频的，拍了几张，发现成像也很不错。好久没玩这个画幅了，完全超出预期。
反应速度：不得不承认索尼的对焦真是太好了。买这台机器也是冲对焦来的。
便携性能：小巧轻便，好携带，效果还好。也挺拉风。
其他特色：对焦，画质。a7r4的很多功能都有，这样看还行。主要是出门轻便。"
,,5,很好的一部相机，之前也是认真的进行了比较，这款手感远比6000好太多，有种全幅的手感。快门的声音也很好听，有了这款机器，花的钱感觉很超值。如果有犹豫升级的，直接可以剁手买了，一定不会后悔的。感觉摄影的体验又上一个层次了。还有取景器也很清晰，防抖也很好，很完美的机器，很值得的升级。不要犹豫了，是下手的的好机器了，值得拥有。
,,5,"产品包装：包装严实，封条严实
外形外观：庄总大方
成像效果：画质清晰
反应速度：开机速度很快
便携性能：小巧玲珑
其他特色：续航能力翻倍"
,,5,"产品包装：一般，大法风格
外形外观：给力，轻便，低调
成像效果：配合镜头，像素可以了
反应速度：速度快
便携性能：便携，体积小了
其他特色：五轴防抖，非常好，sony apsc的旗舰"
,,5,"产品包装：完好无损，一如既往的索尼品质。
外形外观：易上手，握持感很强。
成像效果：满足日常各种场景，成像效果非常棒
反应速度：基本无虚焦
便携性能：轻巧"
,,5,物流很给力 包装很严实 快递小哥服务态度超级好 外观良好 无碰划伤 反应速度较为灵敏 操作简单 机身小巧 便于携带 不是特别重
,,5,"成像效果：感觉特别好，像素没的说了，
便携性能：物流速度特别快，头天晚上下单，第二天上午就到了！
反应速度：很快，开机速度很快，操作也很流畅，测试了一天还没有卡顿的现象！
外形外观：包装的很好，看样是用心了，
产品包装：外观尺寸很大，保护得很好，不存在磕碰的情况！"
,,5,比6300握感要舒服的多，其实在一些设定上已经有7系列的影子，残幅旗舰已经很棒了！
,,5,"产品包装：是正品，包装高大上。sony标志性的橙色。
外形外观：便携就是微单最大的特色了，外形时尚大方
成像效果：拍照和录视频都非常好。因为带有稳定效果。手机是无法比的，特别是晚上。
反应速度：旗舰机不用说了，反应非常的快。对焦和人眼跟踪属于是变态级别的。
便携性能：一个包包就可以了
其他特色：综合都是很不错的机"
,,5,第一次买相机，a6600是真的香，颜值也在线，没用过别的相机，菜单反人类什么的也没啥感觉，喜欢！
,,5,"产品包装：完好
外形外观：很不错
成像效果：索尼大法好
反应速度：非常快
便携性能：非常合适，就奔着这个个头来的"
,,5,看了好几个月，终于决定买了，会员又便宜了1500多，赚大了。真的，看了那么久，从年前到年后，幸福，摄影小白，看看我拍的照片吧，真的一分价钱一分货，没什么好说的，钱花哪哪好，没错的，太喜欢这个增加幸福感的东西了
,,5,从黑卡5A升级索尼到半福旗舰之王a6600，兄弟俩先合个影，哈哈，一起工作。产品包装依然很索尼，一大特色就是大电池，续航有了极大的提升。a 6600握在手第一感觉很舒服，很有质感，轻巧便携，对焦迅速，画质清晰没的说，很喜欢它的翻转屏，自拍啥的超级方便，想怎么拍就怎么拍。总而言之，非常满意的一次购物。
,,5,这是一部很好的相机，高端大气，比6000好很多，抓握手感很好，成相效果清新，携带也很方便，喜欢就赶紧入手吧
,,5,很好的一部相机，之前也对比了几款，比6000手感好太多，精致的外观高端大气上档次，快门反应速度和快，成相锐度清晰，携带很方便
,,5,续航强，拍照防抖，功能很多很专业，接口相对齐全；就两个缺点，没闪光点和没typec，双十一的优惠力度很大，就下手了。
,,5,机身防抖效果很好，对焦快，自带水平仪。触摸屏对焦的设计，液晶屏的翻转设计不如佳能，没有内置闪光灯
,,5,总得来说这机器不错，业余玩玩，够用了。视频实时对焦确实很强大，绝对不虚。大电池很省心。9599拿下就不谈性价比了，图放心在京东买，图便宜就去实体店买。
,,5,"产品包装：索尼一贯作风，盒子一角有磨损，不影响内包装，感觉经历了十万八千里长征。
外形外观：机子外形没得说，简约简洁简单，很喜欢索尼的工业设计风。
反应速度：半幅新旗舰，没得说，很索尼，很快很好！
便携性能：昨天A7R3送修，无意间在索尼展厅看到这机子，简单了解性能够用，体积比A7R3轻便太多，还能接G大师的头，就算A7R3修不好，最起码几个大师头没浪费，立马京东下单，隔天到！想想这体积，太舒服，装上24-70GM头，头重脚轻挺有意思，希望新年出游能出好片子！"
,,5,"产品包装：京东自营快递现在很多都是达达在送。
成像效果：要是拍视频用，比a7m3小巧，轻便很多，拍视频时眼部追焦牢牢锁住眼睛确实香，再装上斯莫格还是很能装的，资金有限只能先用18～105镜头，上如影S加线控后可以转转轮变焦确实舒服，都有资金了以后再入手适马定焦三剑客。
其他特色：感觉比A7m3省电。
便携性能：用惯了公司的a7m3再用6600轻很多。"
,,5,精致的外观高端大气上档次，机身大小携带方便，成像效果清新，反应速度也和快
,,5,相机外观小巧精致，携带方便，产品包装很完整，反应速度很快，成相锐度清晰，
,,5,非常满意，除了残幅有点心理阴影意外，其他非常满意。效果见样张，未p
,,5,产品包装完整，外观小巧精致，成相效果杠杠的，反应速度很快，便于携带
,,5,机器收到了挺好的，之前一直用黑卡7，菜单都很熟悉。京东送货很放心，原封包装，外面还有一层京东的塑封。
,,5,包装完整，京东快递还是蛮贴心的，黑色外观霸气上档次，用起来手感很好，成相效果也是杠杠的
,,5,"外形外观：全金属机身
成像效果：视频眼部对焦很牛
反应速度：a9处理器就是快啊
便携性能：轻便又大碗"
,,5,"外形外观：舒适感很好
其他特色：人眼追踪，人像锁定，对焦速度确实很牛"
,,5,刚到手还没试手感很棒物流也很快凌晨下单下午就送到了
,,5,物有所值，上手很容易，入门首选，哈哈，功能齐全
,,5,"产品包装：完好
外形外观：正常
成像效果：不错
反应速度：较快
便携性能：很好"
,,5,高端大气的外观，成相锐度清晰，反应速度超级快
,,5,"成像效果：很好
反应速度：很快，适马三剑客加70&mdash;350基本都能拍了。"
,,5,"产品包装：完整
外形外观：漂亮精致
成像效果：一流效果
便携性能：小巧很方便"
,,5,拍照非常清晰，夜拍也不错，颜@真，值得推荐。
,,5,外形外观：非常的好看，简约大气，拍照效果也非常不错。
,,5,产品包装：器 追焦很快，正在上手
,,5,"产品包装：结实精炼
外形外观：大小适中
成像效果：优秀
反应速度：很快，特别是对焦"
,,5,经过一段时间的使用感觉这款相机使用起来非常爽，超赞?
,,5,成像效果：拍出来效果非常的好，很不错。
,,5,包装很好，很多气泡，能够保证商品安全。机器嘛都说性价比低，买之前也考虑了很久，主要是在6400和6600之间犹豫，两个机器相差的不多朵多花好多钱买来的是长续航和据说不怎么管用的防抖，还有本来就已经够用的对焦速度，但是犹豫再三还是入了，手感比6400好点，续航真是好很多了，没有闪光灯了，反正也不咋用，总之没有后悔，对焦是真的稳，防抖其实也没那么不堪，还是有点用的。
,,5,"产品包装：包装完好
外形外观：颜值高，有手感
成像效果：按键功能恁多，在适应中
便携性能：比单反要小一圈
反应速度：自动对焦很灵敏
其他特色：会掉漆，第一天实用，中间确认键，边缘就掉，毕竟索尼的就是这样，而且像是挤牙膏，把闪光灯砍掉了，比a6400加大量电池，跟软件防抖功能"
,,4,"产品包装：有点寒酸，没有之前的那种说明书，不习惯，主要网上自己下载pdf或者扫码看～好歹也是旗舰机型，不送充电器，只能带着相机直充！a6000也是不送这个～
反应速度：照片的写卡速度特别慢，主要等待比较长的时间
外形外观：屏幕比a6000要好不少，但是还是不是很理想，外观总体来说比a6000要好不少
成像效果：成像效果不错，满足自己的需求，电池容量大，这个真的不错，翻转屏能够自拍，对焦也不错?，拍视频也提升了不少，4k60桢没有，够用
便携性能：便携性还不错的说，就总体来说，价格还是差点，再降一点就不错了！"
,,5,"产品包装：包装一如既往的朴素（差），a6000，a6100,a6400,a6600的包装都没差距，大价格差距那么大就不能区分下?
外形外观：外观很好看，比6000要大一些，重量足，握把很舒服，摸起来很饱满
成像效果：夜晚视频800的iso勉强能接受，宽容度真的很高
反应速度：对焦速度顶级的
其他特色：电池续航还行，别太高的期望"
,,5,小奶昔终于要下岗了，作为后辈的6600在身形和体重上碾压了前辈，一如既往的操作菜单十年来未曾改变过，依然坚持索尼繁琐操作的特色，还好有一点点使用基础。主要看上他的视频拍摄功能，这是让小奶昔退休的最主要原因。以上。
,,5,"产品包装：简洁方便，基本上取出来装上电池镜头就可以用了，有人觉得套餐价格可以买单反，但我还是想要一台轻便可以拍视频的机器。
外形外观：中规中矩，索尼大法好，的确有它的道理，操控性方面有一说一，就是录像那个钮太小，特别是竖拍不是很方便。
成像效果：直接看图片吧，
反应速度：很快很快，跟焦也很快，这就是买的理由之二。
便携性能：这不用说了吧，就是大G镜头还是有点重。
其他特色：配件一上，立马出街，只要是晴天，包都不用！"
,,5,"产品包装：普通的京东包裹没两样，相机的包装正常没问题
外形外观：黑色、大方
成像效果：有好的镜头加持，成像效果很好
反应速度：就是为了反应速度才买的
便携性能：利于携带

感谢双11送货的快递小哥电话回访。"
,,5,"产品包装：包装完整
外形外观：小巧，有点儿出乎意料，和以前见得单反不一样太多。
成像效果：正在充电，还没啥感受。
反应速度：开关机挺快的&hellip;
便携性能：就是为了小巧和性能，才买了这残副旗舰，具体的对比等用了再说吧。
其他特色：和全画幅的镜头还有电池通用，这是我很看重的，如果玩儿的顺手了，就再败一台全画幅的"
,,5,"产品包装：一如既往的简洁很索尼
外形外观：续6系列的小巧设计， 比6000略大些，但更有质感了
成像效果：残画幅也就那样了吧，关键还是看用的人技术水平
反应速度：够快了，开机秒开
便携性能：非常便携，不愧为微单
其他特色：这款的大容量电池、水平仪、蓝牙获取手机定位、翻转屏等特色真的是补齐了6000系列的各种缺憾！"
,,5,"性价比：关注了很久，最近降价了，果断入手。
便携性：比起全画幅更喜欢搀扶的便携性。
功能：增加了电池，耳机接口，防抖，
性能：从6300，6400，6500到现在的6600，和性能应该算是比较理想的。
菜单：都说索尼的菜单很难用，但感觉6600现在还比较有逻辑性。
槽点：充电很不爽，竟然没有充电座。原装要700多，也太贵了吧。"
,,5,老婆用，拍娃，轻便灵活，比拿单反方便。如果是高强度，户外摄影，还是单反给力。
,,5,数码东西理论上肯定是买新不买旧。比6400最便宜套机贵2块而已。还没深入使用、大法的东西还是值得信赖的。拍视频完全够用！
,,5,江苏无锡产的，小巧精致，手感不错，对焦快，眼部对焦也满好，电池续航还能接受，比nk单反的续航少2倍，推荐长时间的拍摄工作得准备3块电池，第一次玩索尼微单，菜单还在研究设置中，比较考验学习能力，没单反的快速和方便，得习惯一阵子。raw格式的照片目前还不能放进lr里调片比较着急!自带屏幕显示还是有一定的色差，得摸***习惯。就是比较遗憾的是充电必须插相机上充，还得充5-6小时左右吧，充电就用不成相机了！得另外买个座充额外充电，又得几百块!先买了个几十元的杂牌座充应付一下。不是单反也穷三代!先好评走起！
,,5,索尼大法好，我的钱包不太好，哈哈哈！
,,5,在6400和6600中考虑了很久，B站也看了各种视频，有人吐槽有人喜欢，对我来说单是续航一项就让我淘汰6400了，不能忍受带很多电池或者挂个吊瓶似的充电宝，因为买微单初衷省心，就是为了小巧，为了拿出去拍照随心所欲，不用带各种东西，不用为续航担心，加上五轴防抖，对照片肯定够用，说明书600多页实在看不进去，只会傻瓜模式拍拍，大家看看就好～
,,5,感觉没比6400升级多少。但是防抖确实还不错，支持的内存卡也大了。6400是64G，6600是128G
,,5,索尼6600，其实除了贵点什么都好。一改善了大容量fz100大电池，我双11买的，到目前使用了差不多两个月，感受最深刻的就是基本两颗原厂电池足够满足我一天的拍摄。对焦速度快，那真是指哪里打哪里，配合新出的16-55F2.8镜头，锐度真的很高。这么说吧索尼GM大师镜头锐度肯定更高，但首先你要面对一万三的价格，接近800多克的重量，对于画质能满足需求的情况下，便携性也是考虑的一方面。我不是器材党，但确实索尼6600配16-55F2.8确实能满足我一般生活旅拍的要求，而且镜头加机身差不多1千克，真不算重。
,,5,"产品包装：包装完好，封条没有撕过，全新原装。
外形外观：小巧美观，不愧是索尼工业风格全球大爱！
成像效果：效果很好，还没拍几张，不过作为索尼残幅旗舰机，很多时候成像效果和全画幅看不出明显差别，就是镜头有些差异
反应速度：对焦速度极快，感觉比A73还快。哈哈。
便携性能：这个级别里，索尼的机器便携性绝对第一。
其他特色：视频也可以人眼追踪了，这个秒杀佳能和尼康，松下也做不到。"
,,5,之前用的佳能5D3，出门旅游携带不方便。入手索尼微单便携，宝贝收到后随手拍了一下，图像还不错。
,,5,"产品包装：完整，到货无损坏
外形外观：相机外观完好无损
成像效果：初步测试成像效果还不错，还需进一步拍照验证。
便携性能：相机加上镜头重量不太重，比起全画幅相机要轻很多，便携性不错。适合旅游拍照"
,,5,宝贝不错，有了一段时间，感觉没什么问题，值得推荐
,,5,"产品包装：一如既往的简洁。
外形外观：轻巧便携。
成像效果：绝对没得说，旗舰机的效果。
反应速度：对焦速度比A73还要快。满意。
便携性能：轻了一些。
其他特色：可以与a73共同电池和镜头。"
,,5,因为没有任何镜头，所以也没法试机。到现在也没开封，等用后再来追评吧。外观看起来还不错。
,,5,"上手满意。没觉得不习惯。
重要的还是轻巧！
适合出街"
,,5,"产品包装：原装正品
成像效果：和手头a7m3差不多
外形外观：小巧轻便"
,,5,大小合适，适合做短视频，不错。
,,5,握槟手感好，大小重量适合女性用。开始学习
,,5,"产品包装：还是一如既往的简陋
外形外观：索尼外观没的说
便携性能：小巧便捷"
,,5,其他特色：实体店里看过，比较了很多，最终决定选择这款，性价比比较高。出去玩的时候带着没有单反那么重。
,,5,"产品包装：一如既往简陋小小纸箱
外形外观：一如既往的&alpha;家族外观，无什么特别的，手握更粗比较合适
成像效果：这个主要看镜头，有钱任性就配1655g镜头，不是发烧友基本配个小蓝标167*和定焦大光圈就够玩啦"
,,5,"新一代性能机，便携，做工精细。
能方便带出门的相机，才会提高使用率，有更多的拍照机会。"
,,4,"产品包装：一般
外形外观：好
成像效果：好
反应速度：快
便携性能：好
其他特色：手感好、高品质、功能强。"
,,5,单机身，京东重庆超体7949入，感觉不错（第三张是618现场手机拍）
,,5,"外形外观：简洁明了，手感很好。棒棒鸡
便携性能：该有的功能性能过剩，不该有的还需要更新
反应速度：业界良心啊，只是有点小贵"
,,5,使用起来功能正常，各种功能符合预期。
,,5,朋友推荐的，比想象中的小巧
,,5,"整体感觉还不错哦
京东一如既往的快"
,,5,外形外观：不懂，就觉得外观挺好看的
,,5,"产品包装：索尼风格
外形外观：比6500好"
,,5,这么快收到好开心！坚持好几年的微单升级了！
,,5,正品已注册成功，延保一年。
,,5,没问题好评没问题好评
,,5,京东自营的商品，买着放心。
,,5,第一次买索尼微单6600，我已经有了佳能5D3+爱死小白兔70-200专用于拍人像的，也有佳能16-35拍摄风景的，所以对拍摄照片来说我佳能这一套足够了，也有佳能G7X Mark 3，这个主要老婆用，最后买这个索尼6600就是为了轻便和拍摄视频用的，毕竟是索尼微单旗舰了，不买6400就是因为不在乎这2000多块钱买新不买旧哈哈，因此还买了索尼18-105的镜头，看评测说这个镜头适合拍视频，目前6600刚打开正在充电，希望有好的表现，但是我必须吐槽一点！居然不配充电座，单买一个居然要500多，索尼也太坑了吧！！！
,,5,颜值爆表，精致小巧，以前买的单反就是因为太过笨重所以使用率极低吃灰多年，这次&alpha;6600降价后毫不犹豫的出手了，希望以后可以随时记录下宝宝的成长！
,,5,第一次买微单，希望不会失望
,,5,帮公司办公室买的，应该很好吧&hellip;&hellip;
,,5,"特别哈哈哈哈哈
哼哼唧唧"
,,5,有限的预算 在鸡头和凤尾之间选择了鸡头
,,5,索尼最强aps-c旗舰嗷
,,5,"便携性能：轻便
反应速度：对焦速度快"
,,5,快递真的很好
,,5,基本能满足需要
,,5,索尼大法好
,,5,使用后在做评价
,,5,性能不错 流畅
,,5,便携性能：轻便
,,5,挺好的、很上手
,,5,满意
,,5,终于等到了我觉得合适的价位。不过中文版没有app中心，对我来说最大的不方便就是不能拿着手机遥控拍摄了，但不晓得6600有没有其他功能来补偿这项，还没有细细研究。
,,5,之前配送的a6600的***s有坏点，然后申请的换货，京东售后还是给力的，看过照片实拍坏点直接换新，这也是京东购物的理由吧，比较省心。时效性倒是一般，前前后后历时八天，总之换的机器没问题，好不容易凑满一百字。
,,5,"用来拍4K纪录片， 搭配SONY麦克风适配器套装+小蜜蜂，固定机位，室内环境，目前够用。
4K发热问题：连续工作1个半小时未出现，但一次窗户边有大太阳晒，半小时不到就停机了。"
,,4,"8bit色彩断层严重，不知道为什么相机视屏燥点特别严重，返厂检验也说没问题
但是服务特别好，很舒服，未来a系列出10bit还是会来买。暂时就再买了个gh5凑合一下"
,,5,早买一个星期，结果亏了，现在买能有三样赠品啊，哎，清洁套装背包32G卡都没得赠，可气，赠品又不能价格保护。
,,5,都有了，没啥，就是有点贵，哈哈哈哈?????
,,5,东西收到了，初步试了试，还不错。没有说明书，只能自己琢磨着用了。说是送的东西一起到，可是没有收到啊？
,,5,相机符合订货要求，目前，遗憾的是没有纸质说明书。
,,5,头天买的，第二天降价了，联系客服。马上就把差价退回了。京东的效率就是高
,,5,还没要明白，不过就是感觉性价比有点高！
,,5,SONY大发好，有点贵！现在降价了！
,,5,便宜镜头没货 变相卖镜头
,,5,反应速度：快递不行
,,5,买相机还是京东靠谱，最初图便宜去~买了所谓港版，结果收到的居然是印刷字体掉漆的所谓新品。一气之下果断退货，来京东一咬牙买了这个索尼A6600。都说A6600没性价比，而我觉得这9000大洋还是物有所值的。我原本就有索尼全幅机，手头的100400镜头觉得还是不够长，想入一支200600，然而200600的价格和重量令人望而却步，于是想到用C幅机配100400同样能得到200600的等效视觉焦段，加上手头还有几只不带防抖的镜头，于是决定入了这个A6600。经过简单试用，感觉是买对了，基本满足需求。使手头的100400镜头升级为200600，同时还买到大法家最先进的视频眼部实时对焦。图6是用A6600配100400镜头拍三四百米开外的景物，可以说效果惊人，香！
,,5,头脑一发热就下单咯，但仔细一想吧，我需要一款轻便的视频机，我需要它满足翻转屏，自动对焦，机身防抖，高宽容度，续航，它刚好满足，喜欢的东西，不需要讨价还价。就算跟A7m3一样的价格 我也不会选A7m3，我是业余爱好者，不需要A7m3看似专业一点，我只需要小，要轻，要小，要轻，不然玩几天你就再也不想带它出门啦！
,,5,从12年一直用nex6，本来想换全画幅，但不想浪费了现成的两个g镜头。最开始买了a6500，因为整体和6600差别不大，而且便宜还带闪光灯，~上6500元直接下单，#收货时翻了车，包装封条虽然完好，查询防伪码也没问题，但打开包装发现电池被掉包，热靴上有磨痕，螺丝有明显拧过的痕迹，触摸对焦时有时无，很明显是一台翻新机。卖家以防伪码被刮开，拒绝退货，后来在客服的介入下才退货退款，几天下来极度影响心情。退货后大彻大悟，决定还是京东自营买新款a6600，虽然贵很多，但至少图个心情舒坦。目前很满意这台机器，生产日期是2020年8月。
,,4,东西好，可是当我收到快递那一刻我都傻眼了，包装盒子很窄，而且防震做的也特别不到位，感觉就和没有做任何防护一样，不知道对我相机有什么损伤，目前用着来看没有出现问题。我就想吐槽一下，我花了那么多钱从京东平台购买相机，是出于对京东的信任，~的百亿补贴7800都不到，我宁愿多花点钱在京东买，快递却是这个样子&hellip;&hellip;万一我的相机有什么问题这不大打~吗？现在想想我还是心有余悸，很心疼我的机器。差评是肯定了，不过有一说一，相机还是可以的。希望京东在快递包装上还要不要马虎，毕竟谁买都是拿它来当宝贝的，这样虐待别人的宝贝谁都看不下去！（当时我的相机就在空的位置，有两面没有被减震袋包裹，如下图位置处）
,,5,相机不错，就是太贵
,,5,很好
,,5,非常好
