,,3,卖的翻新件？配件都有使用痕迹&hellip;&hellip;都是灰
,,3,"防抖效果：全景相机的天然优势。
画质效果：色彩还可以。大广角就不能要求解析力。
但是，用insta studio打了些关键帧视频导出时就闪退了，重启后还是一样。赶紧优化优化吧。"
,,2,一直死机，电池续航能力差
,,3,画面拼接的地方。。。一言难尽
,,2,画质没那么好，夜景模式也不理想
,,2,经常死机，
,,3,用了一个礼拜！镜头里面有雾气！那就是有进水嫌疑咯？
,,2,换的货，等了半个月&hellip;&hellip;&hellip;
,,2,用久了发烫，没想象的那么好。电话客服服务态度差。
,,3,今天第一次到户外拍摄，发现鱼眼镜头内部起雾，不知道是质量问题还是通病。
,,3,"操作难易：感觉操作还是有点复杂，下这下那。insta360studio2020软件又是英文版的，对于没英文基础的根本看不懂。主机发热严重。收到货包装盒还是破的，好在里面的东西还在。
便携性能：小巧，方便。电池不经用。"
,,2,"防抖效果：一般，没有go 8好用
画质效果：综上所述
防水性能：综上所述
操作难易：综上所述
便携性能：比go 8大一圈
其他特色：360度摄像头比较有特色
还有偶尔死机，运行起来比go8要烫
套装还没有差价保护"
,,2,东西是好东西，就是搞活动时套装有点混乱，广告图第一张下面写买套装送电池（广告页下面小小一行字）。结果我买的贵的带tf卡的套餐，反而没有送电池，一问是广告第一图是标配套装，只有那个套装才送&hellip;&hellip;&hellip;因为明天要去外地使用，来不及退款重拍了，只能认了。
,,2,发货送货一流，第二天到。全景镜头玻璃太容易花，轻轻一碰就伤了，第三天就伤了。一问，维修800，打折600。镜头原价才1200。算了，带伤用吧。4k的光线充足时拍相片不错，但是光线不足时拍的视频你不会想要。
,,2,屏幕小，触控和监控都很难，电池底座现在还没法买电池，不知道后面电池底座多少钱，模块化概念好，但是缺点也很致命。
,,3,收到就有明显的磨损，实在懒得换了。强光下画质还凑合，晚上或者室内很弱。偶尔出现绿屏，录制失败的情况。全景视频巨大，剪辑比较麻烦，作为新奇的视角偶尔看看还行，一般拍摄后期就比较麻烦了。总体打个6分及格吧。防水没敢试，看着缝挺大的。
,,3,"东西样子挺好，组合模块也非常有个性，拍摄效果好不好目前不知道疫情期间后才知
说说目前发现的几个问题
1品控有点问题，电池卡扣处做的太粗糙2室内移动画面会花屏，偶尔开机也会花屏，不知道是不是固件问题，希望新固件抓紧出来吧，另外看其他人评论导出视频很费劲，目前还没测试，如果是的话那真的不如狗8和口袋相机"
,,3,insta老用户了，上到Titan，pro2，下至one，onex，不吹不黑。画质上和onex确实有提升，但是这次oneR还是比较失望，首先拼接上不如onex做得好，和以前onex相同的机位，oner的画面缝隙用360自带软件无法处理掉，但是onex就可以，当然这个是算法问题后期也许会被解决。最主要的问题是360镜头内部居然起雾了，不知道是个别现象还是通病，希望厂家尽快处理，姑且换货再观察一下吧。
,,3,"第一次认真评价，我买来录跑步，试了很多相机，实测只有全景相机的防抖性能才能在跑步的时候得到稳定的图像，但整套顶在头上太重了，其实可以去掉电池，只要相机和控制模块，再加一个外壳，可以用充电宝供电，这样既解决重量又解决续航。
apple watch连接还可以增加心率数据，将速度改为配速。希望下次固件升级能优化
在开机、亮屏、开录的时候会闪花屏，固件已经升级到最新了"
,,3,质量一般吧，录制时间20分钟以上发热死机，售后服务极差，机身有划痕不像新品。
,,2,拍摄的视频格式需要转换  超级麻烦 现在想退货啦 拍了很多视频 转不出来
,,3,已退货，确实是有待完善的产品，机身屏幕分辨率感人&hellip;&hellip;退货的时候忘记取出128G内存卡，客服说找找，现在也杳无音讯&hellip;无语！！！！！！！
,,2,东西一般般，无非多了个360度全景拍摄，耗电快，而且安卓10以上的系统不支持gps系统使用。
,,2,insta360售后的应该说是遇到的最差的售后，寄出来的产品有明显使用痕迹，部分配件还是坏的，既要求自己寄回，又要求拍摄打包视频发给他们，防客户跟防贼一样，简直极差！
,,2,"电池不是很耐用。
最严重的问题是360全景的时候前后录制的视频拼接缝太明显了阿，开启了拼接优化，导出的视频还是很明显，这个能解嘛？"
,,2,"一，拍夜景就不要选择这款了，噪点极其多，拍出来根本没法看。
二，才买几天就降价几百，问了才告诉你可以申请保价，极不厚道。"
,,2,本来都不想评价&hellip;还是跳出来说说吧&hellip;首先购买时候是因为这个很有创意的组合设计而选购，但是使用一段时间之后，真是糟心，硬件是不错的，但是，真的Bug太多了，各种软件问题&hellip;然后防抖，我只想知道这么多问题还敢上市&hellip;是怎么想的，就当是充值给你们修Bug了
,,2,"画质效果：白天很好，晚上特别差，真的不是一般的差，没我手机拍的好。如果有夜间需求。慎重考虑
其他特色：发热，死机，视频内容特别占用内存，反正我已经卖出去了，亏了入手一个月就卖了"
,,3,"操作难易：吐槽app，导出操作实在太繁琐了。格式问题导致储存卡不能直接导出，app连接相机导出速度很慢，还不能切屏ios。每次视频导出都要等半天，相比较口袋灵眸的app操作，差太多。
便携性能：拆装镜头确实很麻烦，特别是戴着壳子的时候?"
,,3,选了个双镜头标配，刚拆开还没开始用。没认真看清单，想当然下单了。到货才发现内存卡需要单独买，自拍杆评价晒单之后送。手机app一直提示我更新固件，但是更新N次失败，问原因才知道需要内存卡。看别人的拍的视频很炫酷，于是跟风买了一个。但是被前期的准备工作快搞疯。提醒下种草的同学，下单的时候一定要再买一个内存卡和自拍杆！！！不然还要下两次单，耽误时间。
,,2,用了一周 机器外观模块更换确实个性 吐槽下这产品 缺点 经常死机 死机 死机 也许你高兴录这视屏 再去停止 经常没反应 那个充电口盖子设计垃圾 有跟绳牵着 盖子难盖紧 关键每次把内存卡都顶出来 每次都这样 保护壳经常难取 机器有明显刮痕。心疼 夜里录像不要指望 最好白天吧
,,2,"设计理念比较新。但是不得不说应该还是一个开发中的商品。APP很不稳定经常闪退（我分别试用了安卓和IOS）,PC端功能有限，而且系统优化不到位，16G内存并不能非常流畅！居然比Pr改还消耗资源。输出片子非常繁琐，不是一般小白能胜任的。4K的角度不够宽，镜头后期加滤镜也不容易。希望能尽快改进。建议还没有入手了的暂时观望。"
,,3,画面不错 防抖也很好 但是机身发烫严重两分钟就烫了死机过好几次 收音也不行app也不智能缺点很多视频不能分割裁剪 每次都是需要一个完整的视频提取部分画面 半个小时的视频有17g 这么大的视频不能分割 有些功能视频大了读取都需要很久很久 手机在制作视频的时候也会发烫 我是11promax 手机制作视频的时候链接相机 相机都会发烫 电脑端的剪辑太普通功能太少 也只能提取画面之后 用别的剪 总之不推荐  当时应该入手GoPro的
,,2,为什么总#机！！！
