,,1,买不到电池，用个der，电就够用1个多小时
,,1,4k50针拍摄 屏幕闪烁 自己看吧
,,1,充電紅燈一直閃爍，完全無法充電，電池取下裝上很多次，還是一樣
,,1,垃圾产品 画面明显的拼接 整个是个阴阳世界
,,1,垃圾产品，本来还说支持国产。欺诈消费者。产品有缺陷。
,,1,录像时经常莫名中断，提示内部错误，非常**，什么玩意
,,1,质量非常差，sd卡插进去就取不出来，感觉那个卡槽是一次性的。非常耽误事
,,1,只能录半小时，到了半小时就自动停止，我出门怕了半天，回来一看才半小时视频，@啊
,,1,死机死机死机，经常死机，动不动就黑屏死机。拍摄时自动关机，自动停止录像。
,,1,买回来用没超过1小时出现死机。我是不是接盘了？  固件也升级到最新了。 一开始看别人的评论还不信，买回来我也遇到了。
,,1,APP系统对手机有一定要求，苹果需要8以上，咨询客服的时候客服不会告诉你，激活机摄像机后客服快捷键回复固定话术丢给你慢慢阅读体会！使用期间问题咨询还是丢一套固定回复话术让你自己阅读分析原因，等读完了发现上述回复内容均无效，再次询问客服时依然让你自己对章阅读&hellip;&hellip;职业素养被?吃了吗
,,1,"镜头太容易刮花了，一掉地上就花。
维修不能单换镜片，要连整个模块替换，两面980。
官方也不标配保护膜。
买的注意，得当宝贝供起来～"
,,1,垃圾东西，生产商也是个垃圾，掉漆换货还要问天！千万不要在京东东西，出问题她们解决不了，退换都要你自己咨询厂商，厂商不同意你就不能换！垃圾，头一次听说这样的事！拍照不好用，清晰度极差！要买的直接去官方商城买，不要再京东商城买！
,,1,作为使用过gopromax全景相机的用户，我对insta360这个产品表达了非常失望的态度。第一，拍摄20分钟的150度视频，机身就出现了严重的发热情况，官方客服说这是正常现象。相比较gopromax长时间拍摄都不会发热的现状，insta真的没法比。第二，机身屏幕回看视频如此卡顿，很难说不是系统优化不足或者干脆是机器有问题，一个产品连优化都没做好就投放市场，不是@是什么？第三，拍摄的视频在app上回放，依然是卡顿，十分影响体验，而且经常出现机器死机现象。第四，拍摄的150度视频在暴风影音播放是鱼眼效果，官方客服说需要从studio导出来才可以，我用gopromax英雄模式拍摄的直接可以电脑播放。insta，你要想做的更好，请少雇一些水军光说你的好，现在的产品做的真不咋地。
,,1,"不禁感慨insta360的用户容忍度真高，入手两天我已经崩溃了。本人使用华为p40pro+，app和视频导出下载体验极差，基本是不可用的状态：
1.手机连接相机后，手机和相机发热均极其严重，相机充满电最多只能支持半小时，而编辑和导出一个15分钟的全景视频的时间远超过半小时，相当于还没操作完相机就会电量不足自动关机；
2.手机连接相机的wifi后，无论怎么设置，手机处于无网络状态，没错，在你剪剪辑、导出视频的几个小时期间，你和世界是失联的。
3.如果你正在导出或者下载，手机在这几个小时内，手机屏幕只能切到insta360app，只要切换到后台，立马罢工，之前导出的进程归零；
4.无数次无响应和死机，以及**的app编辑页面。"
,,1,一般般
