,,3,"便携，画质好，防抖好，防水
续航差，屏幕卡顿，发热，sd卡报错"
,,3,第一次入运动相机，发热问题有点惊到我了，电池一个半小时左右，画质就还好吧。防抖是真的不错
,,3,"第一次用GoPro的相机 ！4K 60帧 画质 感觉不及宣传片的画质清晰！怎么感觉达不到4K的清晰度，只有苹果机8Plus 1080P 的画质清晰！
防抖效果：5轴防抖基本上很稳定！"
,,3,win不支持数据线连接，必须要用手机传或者用读卡器。什么年代了？东西是还行。就是软件开发的项目组不知道在干嘛
,,3,"防水性能：没问题。
防抖效果：白天优秀，晚上室内够用，光线再暗一点就不能用了。
画质效果：白天优秀。
操作难易：感觉在用上好几代的手机，触屏卡顿，严重不跟手，交互设计落后的很。
便携性能：优秀。
缺点：散热比较差，后屏幕触摸卡顿，5k前屏卡顿，收音有爆音，sd卡偶尔报错，续航一个小时，语音命令不太准确。
优点：便携，可以随身携带。第一、第三人称视角，日常记录方便。防抖优秀，可以手持跑步拍摄，防水，上山下海不需要带稳定器，带个防水壳即可，大大提高了使用频率。前屏幕方便自拍时候查看曝光和构图。
总结：优点足够多（便携，防抖，防水，前屏幕），缺点也不少（续航，收音垃圾，屏幕卡顿），不做推荐，自行权衡。"
,,2,画质效果：跟8差不多，都是阳光机。天气不好拍的画质特别难看
,,3,我的老是遇到卡死机，内存卡我用的闪迪金卡！是什么情况？你们有没有遇到过呢？
,,2,我真不是恶意给差评。明天要去川藏线，着急用。自己本来是个极限爱好者，所以买了gopro9。下班回来11点充着电就没管，然后隐隐约约感觉&quot;滴滴&quot;响了一晚上，早上起来发现一直在重启，如果录像的话没事，但是除了录像就一直重启一直重启。申请换货，但是换货要3-5天，我时间来不及所以直接把这个退了，重新买了一个。客服态度还挺好，就是心心念买了个新机还出问题感觉不太好
,,3,发热量大，续航时间一般，触屏操控简直是十年前的水平，稳定性还行，物流极差！非常不满意的一次购物，买完之后又降了三百块！非常不爽！
,,3,"可能是品控的问题，我这台&quot;GoPro 开机&quot;语音唤醒无效，前置摄像头扭到手疼还没扭下来，电池盖子难抠，用的力大到我怀疑是不是搞错了。。。
另外客服满分，这三分也是给客服的"
,,3,先给个中评吧，感觉后封的痕迹特别明显、那个电池包装袋全是使用痕迹，第一次打开就那样，客服告诉我是运输造成，好在东西能正常使用，懒得退了，相机开机电量5%，其他都还正常就是ui界面卡顿的不行...感觉像是摸到了古董手机一样
,,3,"防抖效果：效果很棒！比acton要好太多！
画质效果：我有三台运动相机，dji acton ，one r。对比了下one r画质最差！acton画质要比go9好很多！主要夜景方面！有图有真相！
其他特色：总体来说比较失望了，这次的升级意义不是太大！开机没一会就开始发烫了！电池提升没感觉出来！关了前置屏幕电量掉的还是很快！两千万的照片没意思，一般人买go都是冲着拍视屏的吧！"
,,3,一直想买，又觉得买了其实也没什么用，我又不喜欢旅游，不过还是买了，想起了那些年背着沉重的单反狼狈的样子，这个小巧深得我心，不过还不太会用，充电充到99%就不在充电状态了，开机使用电量迅速减少，用iPad充电头客服说不可以，要用5V1A的才行，宽容度太差了，不明白真的是充电头差那么点儿的原因还是电池质量不好，家里一堆充电头了，买相机你又不给配好了，机器用一会就发热了，总之感受一般
,,3,"go pro 这个APP做的是真烂
在已连接设备的情况，点击查看媒体文件，转圈儿好一会，显示无法连接媒体，然后媒体显示出来了，有些时候还显示不出来，家里的wifi，相机的wifi，在APP里面换来换去，不胜烦恼
点击预览就无法控制相机
原装usb线，无法连接win10电脑，也不出现媒体库，相机小屏幕显示usb连接，但是，电脑相机程序无法调用这个相机，设备管理器里面也没有反应，然后我就换了一根USB线，又换了两根，不行，很烦躁

照相功能应该还行吧，起码要对得起我的3千多块

直播功能试了又试，想用电脑连接相机热点，直接r**p播放，最后放弃了
应该是直接连手机网络，连网络服务的，然后网络直播，这个我不是兴趣点，弃了。"
,,3,没有理想中的好，本想买大疆的，考虑第一代可能不是很完善，想着gopro都第9代了，之前的诟病应该都解决的差不多了吧。首先画质我本不抱太大希望，这玩意，主打运动防抖，白天还是可以接受的，晚上真是渣。操作体验只能给1分，这之前我都已经了解屏反应不好，你点一下基本是没反应的。#，只能慢慢适应了。发热还能接受，录像时间都不是很长，基本没超过十分钟吧。总的说性价比底，跟8代比，有前屏、增加5k（其实画质没有提升，没多大意义）包装送一个收纳盒，其实我觉得很鸡肋，谁出门带这么大一个收纳盒？我还特意买了个小收纳包。京东物流也给差评，本来当天可以送，买了存储卡跟gopro9，卡送到了，相机确没送。就像只有酒没有肉的感觉。
