,,1,"机子没有索尼好用，虽然视频机但是只是比6400好上一点，但是价格翻了一番。最主要镜头难买且贵。
反应速度：经常性死机只能拔电池才解决
产品包装：京东后封"
,,1,"产品包装：这么贵重的相机包装非常简陋，填充物不仅少还瘪气了，这如何起到保护作用？
外形外观：收到的镜头镜片上有明显瑕疵，京东霸道，不予换货！
也算是京东常客了，但这次购买体验真是极其差，差到没边了，霸道至极，无耻至极！"
,,1,"买这个相机是我今年最**的行为！！！买回来频繁死机，只要弄下菜单就给你死机，只能卸电池！给客户看的时候**尴尬死，只能换货来回需要十几天，时间成本太高了，换了还是这样，无语了！真的差劲，别光看参数，没有试用体验！
又换，新的相机镜头盖不紧，轻轻一碰自己就掉了，还是路过的大爷捡起来给我的，这可是我刚买第一天的相机啊，还好镜头没事！**客服售后又要和相机一块退，**我花了这么多钱买了一个月了就用了三次，买了个寂寞，
我不想退，只能忍了
松下产品和售后**太**了，真的，心累，真心不推荐入手，干活用机器还是找个靠谱的吧，唉！"
,,1,太坑了，刚买了没几天，就送电池，也不给补，你说气人不，总之，不爽
