,,5,"从索尼全幅转来的，不得不说腹肌南波湾！
1680的挂机头确实重了点，不过搭配机身确实稳的一批，日常用足够了；滤镜也太香了，绝对提升摄影乐趣的，把相机带的出去就行了；爱了！"
,,5,满意！本机子虽然外形脱离了富士相机的血统，个人认为性价比高还是很值，手持手感也觉得很舒服！
,,5,不太懂。是公司产品摄影师点名要买的。看起来非常高大上的样子，据说拍片的质量非常好。摄影师很高兴，可能专业的人有了专业的工具就会很开心吧。
,,5,相机非常好，适合家用和外出旅游，照片拍的十分清晰，滤镜效果非常漂亮，但是电池不耐用，耗电速度过快，建议多配几块电池备用。
,,5,"啥也不多说，看看直出效果吧
便携性能：扫街合适，很轻松"
,,5,很润，哈哈哈哈 第一次买相机 不错不错
,,5,相机收到，物流很给力，机子正在上手熟悉阶段！
,,5,终于拥有人生中第一台相机啦！非常快乐！第一次买富士的相机，和以前用的尼康佳能有点不一样，还没太适应，微单真的比单反轻好多呀！喜欢～趁着活动入手还是不错的～送了内存卡，不过我自己还是另外买了一张高速卡，因为想拍视频～
,,5,"产品包装：包装很扎实，收到时完好无损。
外形外观：都说外观不是特别富士，可能是我之前没用过富士相机吧，我还挺喜欢这个造型的。
成像效果：效果应该还行吧，当然，这个得看人，我还需要多多学习。
便携性能：小巧精致，之后再买个挂机头。
反应速度：对焦还行吧，不过我主要是拍照。
我的第一台相机?，希望不要吃灰哈哈哈哈。"
,,5,我是从富士入门后来又转去佳能的，但是今天又回富士了，因为兜兜转转还是觉得富士才是我真正需要的相机，个头小巧，做工精美，颜值爆表，操作上跟佳能有些相似，如今又有防抖加持，价格上也能接受。如果真的要挑毛病的话，那就是电池没能跟xt4统一，这是遗憾的地方，不过总体来说性价比很高，希望富士接着加油。
,,5,"收到有段时间了（X-S10,16-80变焦头），试拍了几张照片，结果电脑连不上机了，素评（上不了照片）一下吧：1.选择这款机型主要因感光器和处理器与富士X-T4相同、五轴防抖、4K视屏、180度翻转屏幕、胶片色彩模拟和直出照片的效果，该有的基本都有。2.富士微单终于出了款自带手柄的相机，按动快门更符合人体工程原理，所谓复古风格牺牲使用感受，纯系有点反人类的扯淡。3.对焦速度、快门迟滞等杂七麻八的功能，比以前确实提高不少，使用便利。4.体积小巧，携带方便，16-80头成像素质不错，有点类似18-135一镜走天下的味道，通常使用足以（略微重了点儿），配个内胆包随便装个背包，非常方便实用。5.不足：快门开关较紧，感受还没有X-E1好；连接手机不够简便；电池还真是不太耐用。总之，富士是款小众、有品位、略带小资味道的相机，贵在色彩和画质保证及照片直出效果，适合有摄影爱好、讲求效果又不愿深耕的亲们使用，值得购买。"
,,5,轻便，画质够用！毕竟是家庭用机，出门愿意携带才是王道。出了几个镜头，正快步走在换门的路上。
,,5,相信以后出游时，她会一直陪伴着我，好评！
,,5,腹肌南波湾！！！！！！
,,5,看了好久，终于选中这款相机
,,5,第一部微单相机，爱上了富士胶片的味道。
,,5,物流很快
,,5,相当不错
,,5,上市套装沒抢到，还好预约抢购了套装，相机颜值比XT系列和XE系列差，手柄把持不舒服，后面自己配了个手柄才好些。相机对焦速度提升很多，视频对焦有抽触现象。卡据说不支持UHS2差评。总体满意，后续体验后再作评价。
,,5,对焦确实偶尔拉拉风箱，这个16-80的套头最大光圈只有4.0，拍虚化背景的话还是不太够的（灯笼那张图），不过焦段广，拍对面街都能拍得到（原厂定焦头太贵了吧），另外手柄很舒服，翻转屏很好用，防抖的话...肯定不如我的一加8（手机防抖太强了），不过拍视频一般都要上云台和三脚架的吧，新手入门其他的东西还得继续学习。
,,5,富士新出的机器，京东和~都有预定，最终选了京东购买。补款后当天就收到了。非常满意。赠品是原装电池和储存卡。比第一批的三脚架实用多了。
,,5,很满意?，做工很好，物流快，客服很棒，点赞物流速度真的是没话说，就是一个字：快。商品从外包装来看非常高档，真是一分钱一分货，贵有贵的道理
