【新画质旗舰】α7RM4,机身,1,售后难，后续购买的用户请谨慎！
【新画质旗舰】α7RM4,机身,1,假货，官网查产品序列号不存在，申请退货，请尽快退款
【新画质旗舰】α7RM4,机身,1,产品包装：易碎封带贴在的是赠品包裹上，而装相机的包裹的却通了个洞，没有任何提示相机这个包裹为易碎物品。
【新画质旗舰】α7RM4,机身,1,要不是着急用，早退货了：第一张照片，快门数竟然是6！！！
【新画质旗舰】α7RM4,机身,1,相机可以，静拍与3比较提升了一点点，就是价格波动变化太快，23天内价格变动幅度高达1300，无可无奈
【新画质旗舰】α7RM4,机身,1,对于大法产品的质量令人满意，但是京东平台的做法明显是割老客户的韭菜，商品购买不到半月降价3000。对于价保周期京东商品网页明显有误导性，且在京东平台维权时不愿意提供商品页面快照。已经向消协提起维权请求，后期保留通过法律途径维权的方式。
【新画质旗舰】α7RM4,机身,1,服务体验非常差，不到二周就降价二千多，咨询客服不回复。
【新画质旗舰】a7RM4,机身,1,骗人的东西
【新画质旗舰】α7RM4,机身,1,当初是因为6期白条无手续费才买的，现在变成需要手续费！**印象心情，之后不再上京东了！
【新画质旗舰】α7RM4,机身,1,明明是保价618，现在说送了赠品不能保价，@！
【新画质旗舰】α7RM4,机身,1,送的赠品都没用，618还不能申请价格保护，不是@吗
【新画质旗舰】a7RM4,机身,1,"刚买几个小时就降价了，还不让价格保护，只能差评了
产品包装：一般，填充物较少"
【新画质旗舰】α7RM4,机身,1,不但不给保价，还有一个本应该是赠品的季卡也强买强卖，强行收我的钱。**你np
【新画质旗舰】α7RM4,机身,1,价格比线下直营店更贵，售后却要求去线下店去找他们，这一次对京东是失望了。你贵的理由是什么？服务又没服务，价格还贵，劝退劝退呀。
【新画质旗舰】α7RM4,机身,1,京东**东西，***隔了10天就降价3000元，第一次遇到这样的背刺，还*****，****哟！
【新画质旗舰】α7RM4,机身,1,什么玩意，6月11号买的当时还19899，现在再优惠100，因为有赠品不能价格保护，真**恶心，100块就当喂?了
【新画质旗舰】α7RM4,机身,1,"现在京东促销 物流真的不行
再说京东活动 下流的要命 零点下单的 没高速卡
618最后2小时开始送高速卡了？辣鸡吗你们是"
【新画质旗舰】α7RM4,机身,1,活动上说的616开始狂欢，结果到618降价不说，赠品也变成高速卡，我特意等到616零点才下的单。还是感觉被坑了，以后再也不信任京东了！
【新画质旗舰】α7RM4,机身,1,"送来封条撕开 ，送来就是破的 ，内包装居然没有塑料薄膜,拍了一张,查看快门数是 9
问客服,客服说保证正品！
我买的是全新,旧的正品算是回答？答非所问！
作为JD那么多多年的老用户,极其失望！"
【新画质旗舰】α7RM4,机身,1,按到菜单和查看照片的时候，疯狂跳到拍照界面，以至于调东西的时候根本调不了，已疯，不知道是相机本身就是这样还是机子有问题，咨询客服也没有回复，无话可说！其他问题暂时还没有发现！
【新画质旗舰】α7RM4,机身,1,10天降价3000，谁能接受，这种体验是绝妙的，还不能保价，也是醉了，今后不再京东在买任何东西，没到货的订单取消，伤不起
【新画质旗舰】α7RM4,机身,1,用京东以来最差的一次购物体验，双十一凌晨下单，显示12号送达，结果15号才送到，发货之后物流状态也是乱七八糟，一会显示在途中，一会又显示正在打包出库，真是服了，开发票，又等了四天19号才收到。期间多次客服沟通，线上客服不是不理，就是道歉两句完事，一点实质性问题都不解决。电话客服也是逗死，连起码得plus返京豆这种常识性问题都不知道，提出的问题也一个都不给解决，唯一会做的就是道歉还有就是赔偿点京豆。京东这服务，对得起一个多年重视京东用户吗？
【新画质旗舰】α7RM4,机身,1,11月1日，23***购买，当时下面写着无忧价保11天，想着不凑双十一的热闹了，反正有价保，到时申请一下就行了，今天11号，价格果真比1号时候优惠了5**，联系客服价保，客户说这无忧价保11天是双11保到22号的，哈哈哈，您真逗，丑恶的嘴脸，您说下1号保到11号合逻辑还是11号保到22号合逻辑，文字游戏玩成这样也是可以的，真漂亮，爱您
【新画质旗舰】α7RM4,机身,1,"只是放在相机包里拿出来，上的是在这边一起新买的镜头（图3），本来满心欢喜的，机子一到就带上出外地了，没有想到进灰非常严重，每次拿出相机都可以看到不一样的灰尘的影子，图一的毛毛和小黑点大家可以感受一下我的愤怒。用了这么多机子，第一次遇到新机可以这么辣鸡的?。可能是做活动吧，把什么批次的次品都发出来了是吧？跟京东客服问过，非常粗暴的丢一个索尼售后电话给我让我自己去找售后，人在外地一直回不去没办法退换，只能认倒霉收了个辣鸡?就你们的服务，和产品质量，你们不配做旗舰店???
产品包装：没拆就有洞，想着运输可能会有点磨损所以也没说什么，知道会这样不如看见洞我就退了算了见图4
外形外观：见图2 
成像效果：见图1?
谢谢你们毁了我这么多年对索尼的爱?&zwj;♂?"
【新画质旗舰】α7RM4,机身,1,新机第一张照片，快门次数不是0，是86，是86，是86！！二手机？？？机子ISO100时暗处彩噪明显，ISO800基本不能看了。各位入手要慎重！！！
【新画质旗舰】α7RM4,机身,1,6月1日下单显示报价618，才下的单，到6.18这天再看降价了，京东以有赠品不能报价推诿，打客服电话说没有保价6.18这几个字，意思是以后6.18所有的商品购买时都需要截屏才行！
【新画质旗舰】α7RM4,机身,1,"**服务 拿个烂机器 套个新盒子 拿到手就是坏的 以下图片是开机后LED屏幕显示 取景框里也是这样的
售后处理一塌糊涂 无限拖延 推诿责任 答应的事情很随意又放鸽子
拼命维护厂家的丑陋行为 欺诈十足的欺诈消费者
**** 毫无进展"
【新画质旗舰】α7RM4,机身,1,这次618体验极差，商品本身不说，就说这不到24小时，赠品sd卡从个几十块闪迪卡的换成了500多块索尼高速卡，价值差了10倍左右，敢情赠品不是钱吗？我就是二手卖掉也是几百块钱，这不是变相降了价还不给保价的吗？本来挺高兴升级了机器，这一看真给气到了，真是24小时都不到，太恼火，客服也永远是个机器人。
【新画质旗舰】α7RM4,机身,1,"首先相机肯定是别人退过的，买了这么多电子产品，这是第一款电池一点儿电都没有的。谁都知道锂电池空电是很毁电池的，出厂都会有点儿电；
然后卡口处有指纹，当时没拍，就这样吧。
机器是好机器，心水了很久，原本可以给2颗星。但是最恶心的事儿发生了！
我一个0点抢购的，送的是什么垃圾SD卡？低俗32G白卡，配给A7R4当赠品？
过去一天，你倒反而赠送价值500元的高速SONY卡？
就这么对消费者？真**佩服了！你还不如学别人没赠品，也不至于看着心烦！
明天找客服理论，虽然估计也是无果"
【新画质旗舰】α7RM4,机身,1,相机收货后发现快门次数不是零，已经拍摄了好几张，申请换货，十几天都不反馈信息，期间两次催促，第三次才收到电话说是无法退还，要就听说京东把客户退换的货重新封装又二次销售，真没想到被我碰到，还每年花钱办的什么**PLUS会员，都是扯淡，**真是领教了。给在京东买这些数码大件的朋友提个醒。***，警惕！！！退换货效率极其极其极其低下，退货件官方收到后十几天不处理，催促多次，才勉强给回个电话。货品退回还说要三天后，服了。
【新画质旗舰】α7RM4,机身,1,11月买的机器是2020年8月生产，电池是2019年11月生产。屏幕有很明显的横纹。就想你买车，车的生产日期是2020年8月，车玻璃是2019年11月生产的，这根本说不通啊。怀疑二手或翻新机。要求7天无理由换货。拒绝给我7天无理由换货，理由是拆封了。我不拆封，怎么知道有质量问题，拆封了你就不给换。这是霸王条款，强买强卖。如果你把有质量问题的商品封装，以拆封不给退换货。然后由消费者买单。给出结果是返厂检测，时间不确定。只有等。jing东老客户了，消费体验越来越差。
【新画质旗舰】α7RM4,机身,1,在京东八年多了，第一次遇到因为有赠品而不能价保的东西!所有商家都可以赠送买家一根针，都可以校仿。牛叉，现在的京东自从#出事之后就变了
【新画质旗舰】α7RM4,机身,1,相机好，镜头好，就是京东的活动叫人受不了，（又压上韵了），参加的双11预购，1号收的货，11号就便宜500，心里确实不得劲啊，
【新画质旗舰】α7RM4,机身,1,机器是好机器，价格是好价格。送货速度贼快。但是，618最后两小时秒杀的时候换上个549的tough卡算什么回事？折合不用券机身就19100.送的卡就一个几十块的闪迪，用了一对优惠券价格都不如等一个赠品优惠的多。京东现在骚操作越来越多了。反正上面宣传无忧就是#，买到手多少钱就是多少钱。
