,,5,已经拿到了全新的Z5，外观很符合尼康一如既往的设计风格，体积小巧方便握持；高像素搭配高性能处理器拍出来很清晰，对焦也比较准确迅速；出门还能用Type-C接口充电，不用担心续航；拍一些vlog的时候，4k视频功能搭配机身五轴防抖，能适应很多场景灵活拍摄，总体来说还是一台很值的相机
,,5,"成像效果：一流，宽容度高，
便携性能：轻便，
反应速度：对焦速度快
全新的Z5已经拿到了.买了24-50套机,送了一个包包,一直用尼康的相机,之前用的半幅,现在  鸟*换炮了.机身手感很好,轻便小巧，感光和成像很棒，拍视频追焦速度快，很好.完美的双卡槽设计.包装也很给力,老品牌值得信赖"
,,5,"买了Z5+24-50套机，还送了双肩包，一拿到手就迫不及待试用了，手感一如既往的好！
相机尺寸也适合，拿着还蛮轻的，带出去拍vlog很方便。
对焦迅速，感光度高，减震效果好，录视频的时候偶尔手抖也不会妨碍成像。
和我一样喜欢拍vlog的朋友，非常建议入手。"
,,5,看了一个月相机，最后决定了买的z5，一会上手体验下来感受，相机的自动对焦超级无敌棒，人眼对焦无敌，画质好的不得了，一用就爱不释手，相机和手机是真的不一样，以后就好好学习摄影，这款买下来绝对不会吃亏，爱了爱了，感谢尼康
,,5,年轻人的第一台全画幅微单~真的很有质感，爱不释手哈哈。拿到手立刻试了一下，前四张是手机拍的，后面两张是相机AUTO拍的，色彩方面看着舒服多了，但还有很大的进步空间。希望未来可以拍出来配得上这台机器的照片，加油加油。
,,5,"产品包装：大气！好看！但外包装可以再严实一点吧我个人认为哈
外形外观：很好康很喜欢呀，握柄那里也很舒服
成像效果：人生第一台相机，很喜欢了。全画幅的虚化效果就好呀，夜景也可以更好！
反应速度：很棒很nice
毕竟是第一台相机，还有很多地方要学习，感觉很不错哦，喜欢喜欢喜欢"
,,5,在购物车放了很久，一直在犹豫买哪台，主要是想平时记录生活用。所以对比了好几个牌子做了很多功课，最后选择了它。我的第一台全画幅微单，超级喜欢！视频成像很满意。性价比没得说，还有送包和清洁套装，服务挺周到的。
,,5,"尼康的做工真是无可挑剔，套头画质同样表现出众，光圈虽小，但拍风光并无大碍。
握持感非常好，并没有想象中大，也非常便携。搭配套机与AP's c搭配定焦或M43配牛镜，体积几乎一致，但全画幅的画质优势不言而喻。真的是相见恨晚，非常具有性价比的照相机。"
,,5,我的第一台全画幅微单，Z5+24-50这个套机头，随身携带非常方便，完美代替了手里的Z50。又可以和手里的D750相辅相成，一堆F口镜头通过转接还能继续用，电池充电器SD卡等配件还能共用。双11的套机活动价还是很有诚意的，不输D750的画质、Z6大部分相同的拍照体验，五轴防抖、边充边拍、双SD卡，就像Links说的，虽然它的定位是入门级全幅微单，但是照相机该有的功能，它都给到了，而不是单纯为了划分等级而阉割，接下来要开始攒Z口镜头了，支持尼康
,,5,以前用d90感觉好重一直想换一个微单，刚出的z5非常好的外观手感，迫不及待下了单，想拍个照可惜没电了，反正感觉很不错。
,,5,一直是尼康的用户，之前的d5100已经十多年了，关注了佳能，富士，索尼，最终还是决定下单尼康，老品牌值得信赖，再加上不错的镜头群，全画幅画质好，摄像还可以，握持手感好，24-50镜头不但小巧，轻便，画质也给力。很愉快的购物体验
,,5,"产品包装：包装严密，带气囊填充
外形外观：简洁硬朗，第三部尼康相机
成像效果：标头先用着，锐利鲜艳，高感不错
反应速度：比我十年前的D90强太多
便携性能：做工扎实，体积控制得不错
其他特色：SnapBridge 强大，机内菜单设置秒杀索尼，上手舒服。隔着玻璃拍一张，凑合先看"
,,5,体积小巧，成像锐利。随机的kit镜套装体积小，非常适合旅游使用，机身5轴防抖，快门1/10成功率很高，出片颜色准确。能用充电宝充电是很大的亮点，再也不用到处借电了。电池充满也挺耐用的，满电拍三四百张图片不成问题。Z卡扣，口径很大，法兰距短，对于成像有很大优势。双sd卡槽，让人很放心，一轮降价后，是性价比很高的相机
,,5,"外形外观：很满意，方正简洁，小巧耐看。
成像效果：虽然不是大光圈，成像效果大大满意。
反应速度：我够用了。
便携性能：比起老单反，大大的香。
产品包装：简包，但是很合适。"
,,5,终于收到了心心念念的Z5了，作为入门级单反从刚发布的时候就开始期待了，终于攒够钱买了。准备国庆出去玩的时候用的，担心可能会来不及收到，所以选择了京东。果然我的选择是没错的！操作上手挺快的，试用了一下拍照清晰，色彩鲜艳，像素没得说，很好用。尼康一如既往的做工工艺，手感非常好。里面还送了清洗套装，挺为用户考虑的。期待之后拿它拍摄作品的效果！
,,5,"产品包装：包装完好
外形外观：特别好看，我觉得很适合女生，拿起来小巧很?
成像效果：我觉得对我来说套机足够日常拍摄，还是得买个人像镜头
反应速度：很好，对焦很快，果然新机器还说很靠谱，尼康这次的新机真的爱了，无反的时代来临啦&hellip;&hellip;"
,,5,今年双十一最香机到手，手感还是熟悉的尼康味，双sd和打吊瓶比z6香多了，连手机监视延迟很低，完全可用。图片是和6300体积对比
,,5,"产品包装：非常有质感
外形外观：前卫时尚
成像效果：满足入门的一切需求
反应速度：非常满意
便携性能：便携，自己又买了点配件"
,,5,"产品包装：包装完好，外面还有京东的塑料膜。
外形外观：有专业微单的样子，关键是人机工程做的很出色，握持感超棒??
成像效果：不用说了，全画幅带防抖的，谁用谁知道。
反应速度：很快，用套机镜头对焦也很快，家用完全满足。
便携性能：同样的套机和我的D610比确实轻了很多，出门再也不用受累了。
其他特色：菜单逻辑很有条理，功能也很全面，用过尼康的相机很容易上手。"
,,5,从感动那边过来的，手里有EF16&mdash;35 F4 和EF85 F1.8，已经订了转接环，这个机器真是太超值了，全画幅，金属材质，1/8000秒的快门，机身防抖，双卡槽，可移动充电，电池续航更强，套头便宜小巧，重新订个TTL的外闪，用最小的代价平稳过渡到全画幅，以后还是买EF口的镜头，就拿Z口当万能数码后背，等等再等等，终于等到个适合自己的，目前两机三镜足够应付了。
,,5,"产品包装：封条完好，包装精致
外形外观：看起来很有气质，黑色很稳重，金属机身手感非常好
成像效果：人像非常清晰，对焦也很快，支持触屏点击拍照，非常方便
反应速度：没有卡顿，大曝光有点慢，需要再研究，整体机器速度很好
便携性能：稍微有点重量，但已经很轻便，非常适合旅游或者家庭聚会拍照留念"
,,5,"一直是尼康的忠实用户。之前用的D610，已经有一些年份了，这一次咬咬牙入手了一个微单z5。
手感确实很好。个人近视有点深，之前的取景器里面的字总是模糊，z5的看得非常清晰。这一点非常的棒，功能该有的都有，对焦也很快，触屏拍照功能很不错，可惜没有相机包送，以及app反应不是很灵敏"
,,5,"京东的物流还是非常快的，12号晚上才决定下的单，早上就到了。
在z5和z6之间纠结了很久，但最后还是选择了z5，因为个人主拍照视频还是很很少。z5拍照是绝对够用的，视频的话不要求升格，我觉得也是完全OK的。这个价格买到我觉得非常好。"
,,5,之前用的单反，也是尼康D610，挂上24-120，真是不堪重负。不过单反也用了五年多，双十一期间一直犹豫买Z5，相比610微单画质几乎没区别，但机身重量如同减负，舒服多了。对焦能力又好上一大截，体验非常棒！考虑到预算，本人也不怎么连拍和视频，在Z6II和Z5之间犹豫过一阵，后来果断入了Z5，一个字，香。
,,5,"产品包装：包装很严实，保护的很到位，也很漂亮
外形外观：外观很时尚，很小巧方便携带，看了很久很喜欢的一款相机
成像效果：效果还可以，在测试中
反应速度：反应速度很快，很方便
便携性能：很小巧很方便携带，比较轻。
其他特色：京东物流还是一如既往的快"
,,5,1号买的，2号下午就到了。每天都泡在论坛上看了很久最终决定买Z5，到手后很满意，铝合金机身，防雨防尘设计。五轴防抖实在是太香了，给大家看距离半米外50焦段一秒钟快门速度手持拍摄的充电器盒子上的小字一点都不虚。
,,5,"产品包装：包装用心
外形外观：真机比图片帅很多哦
反应速度：快门声音很好听而且清脆
摄影小白一个 还是要多熟悉下说明书 但是机子上手很快 只是我现在还没研究出怎么连接蓝牙wifi哈哈哈哈 以后追星接送机也可以拍拍爱豆了 不戳不戳"
,,5,收到相机了，质感很不错，手感也很好，我觉推荐，很喜欢尼康这款型号，颜值很高
,,5,z5现在的价格已经很合适了，早买早享受，入门好选择，相机比单反小巧一点，套机的镜头也很小，非常便携，后续增买两个定焦就完美了。
,,5,心心念念的z5终于到了，从发布之后就开始关注，双十一遇到这么好的价格就果断拿下。外形非常帅气，操作也很方便！！！
,,5,想买很久的相机，刚开始也就相信尼康的品牌和京东的服务，所以选好就直接下单了，相机刚到手还需要进一步研究，后续在追评，是心水了很久的东西，非常满意
,,5,买来拍孩子，单反太大了，这个质感非常好，小巧轻便，镜头也很轻。等充好电再来试试效果。
,,5,"便携性能：镜头很小巧，整体套机拿在手里重量适中，十分舒适。
其他特色：性价比很合适，五轴防抖降低了对快门速度的要求，全画幅高感性能也很强，夜景画质可以接受。
整体非常满意。套头虽然光圈略小，但在体积重量上很有优势，成像质量也有保证。24广角端很实用。"
,,5,"产品包装：包装严实，用了超大的纸箱送过来的，里面空气柱填充满满的，八角尖尖。
外形外观：Z6砍掉肩屏，模式转盘从左侧移到右侧，就成了Z5，握持感超棒。
成像效果：到手简单试了下，没来得及看raw，24-50入门级套头直出的JPG来看，是对得起目前这个价格的，还要什么自行车啊！
便携性能：便携性一般般，追求便携还是去买C和m43吧。
其他特色：金属机身，全天候防尘防水，啥也不用怕了，干就完了！"
,,5,种草很久了，买的第一台相机，买之前做了很多功课，最终选了这款，还在熟悉中，对我来说完全够用了，做工很好，很喜欢，能用充电宝充电真的很赞。
,,5,心心念念终于到手，质感不错，菜单上手基本和单反一样，美中不足就是主波轮，黑乎乎的一块，有按下去的冲动，哈哈哈。包装非常完美。
,,5,"产品包装：包装完好
外形外观：帅！很Nikon
成像效果：拍照很好！
反应速度：evf灵敏
便携性能：手感很好 也不重
其他特色：第一台相机，希望能坚持下去吧"
,,5,"产品包装：很结实

外形外观：精巧

成像效果：俺是小白，试拍了几张，感觉不错！
反应速度：很快，触摸屏很方便
便携性能：可能是新手的原因，拿久了手腕会有点累?
其他特色：本来想入手Z6的，奈何囊中羞涩，还有z6的卡太贵了???，总之很满意！"
,,5,做工不错，东西很精致，晚上在家里试拍了一下，套头光圈太小，还看不出成像怎么样，有机会白天再试试
,,5,"东西好，没话说，挺适合入门级选手，成片很锐很讨喜，特别喜欢，客服服务也不错，买就对了，一点问题都没有。
成像效果：成像效果很锐，色彩没有差毕竟价位摆在这
产品包装：还可以
外形外观：握持感很好
反应速度：4张每秒，生活中大部分场景足够了
便携性能：很轻
其他特色：挺不错的"
,,5,"第一个相机，买的24-50套机，刚拆开还没有来得及使用。握持感很好。
产品包装：封条完好，包裹严实
外形外观：个人感觉不错
便携性能：轻便"
,,5,成像锐利高感出色，电池容量大续航好，外观硬朗符合尼康风格，体积小巧方便携带，对焦迅速准确，客服服务好耐心专业，很满意的购物。
,,5,"产品包装：送到的时候外箱子破损，好在里面的箱子没破
外形外观：满意，手感很不错
成像效果：和之前的索尼残幅比，拍照很锐
反应速度：对焦真的只能是勉强够用吧"
,,5,收到货我第一个时间体验体验z5的魅力，照片成像很满意，拍视频也很满意！重量很轻，外观设计柔美流畅，手感柔软细腻，适合我这尼康党，镜头也通用。送给老妈的七夕礼物。老妈超喜欢！
,,5,一直是尼康用户，这次的z5操作一如既往的方便，比以前的单反性能提升了不少，高感算不错了。人脸人眼识别很方便。
,,5,"产品包装：包装外面有一层塑封，包装完整
外形外观：外形和z6z7一个风格，全金属机身，很扎实
成像效果：套头的成像也很锐利
反应速度：反应灵敏，触摸顺畅
便携性能：小巧精致
其他特色：做工不错"
,,5,?非常漂亮，做工精细，颜值担当，非常方便，?喜欢的朋友可以下手！每一次都很满意，这次选的宝贝更加满意，以后还会一如既往地买下去店家发货非常快，服务态度很好，应该是正品，一次很愉快的购物
,,5,前天下单，昨天收到，京东的物流绝对超好，z5正在开始学习设置，摸索试用，初步感觉轻巧，成像清晰，全画幅，机身防抖，双sd卡槽，价格合适，普通玩家很适合。
,,5,"产品包装：送来的时候箱子明显被挤压过，快递小哥还让打开先看看。打开发现很少的气垫填充，官方箱子外壳也被挤压过。
外形外观：酷炫酷炫酷炫
成像效果：还没拍过，挂机了，后面再追评。
反应速度：对焦真的比单反好太多了吧，操作感觉也非常好。重点强调，对焦好啊对焦好。
便携性能：其实微单也没想的那么轻啊
销量太惨了吧，冲冲冲啊"
,,5,"产品包装：完美。
外形外观：质感不错，不输索家。
成像效果：中规中矩，完全够用，听说优化掉了尼康黄&hellip;&hellip;
便携性能：便携性有了质的提高，轻便多了！对焦，充电，使用体验都提升很多。"
,,5,"刚买的第二天就收到了，物流非常快，服务态度也很好，1号买的，实在没忍住，早买早享受了，十二期免息等于不要钱。双十一还补了差价，血赚。
yysy，z5的握持感是真的好。"
,,5,"产品包装：包装摇起来有声音，好在相机里面缓冲做的很好
外形外观：金属机身舒服
成像效果：镜头差了点意思
便携性能：重量能接受，小巧可爱 
其他特色：电池续航很好，双卡槽很好"
,,5,"便携性能：轻便，放在随身包里很合适，适合扫街。
其他特色：带屏幕触控，带双卡。
外形外观：外形硬朗，握持舒服，操作便捷。"
,,5,"质感很好 不错的 
小白一枚 希望能多学习快进步 
冲冲冲冲冲"
,,5,"产品包装：包装很扎实，防撞
便携性能：还缺个包
其他特色：网评很高
外形外观：外观比单反要轻，提着很方便
希望拍照效果能不断提高"
,,5,重量适中，握感舒适。镜头小巧，五轴防抖。画质优秀，高感很强。推荐。
,,5,"产品包装：包装的非常好，和送的帆布包包在一个箱子里的
外形外观：第一次买相机，反正觉得很好看，手感非常好，摸起来一点不廉价
成像效果：小白刚刚接触，随便拍了几张，照片很清晰，效果很不错，视频还没接触，慢慢摸索"
,,5,三代同堂，从最早的d5100到d750再到z5，一直都是尼康的忠实用户。d750之后再难见到相对比较具有性价比的机器了，直到z5的出现，于是入手，绝对是一部颇具性价比的机子，还能体验z卡口的魅力。
,,5,"产品包装：包装挺好 没有破损 建议可以在里面填充一下缓冲物
外形外观：好！很有质感，做工没有问题，很精致
成像效果：还没有试 但全画幅加持应该挺不错
便携性能：很轻便！镜头很小很轻！"
,,5,京东速度很快，双十一下单隔天就到了， 还附赠一个包 ，好评都是一致的，先给个好评  新机子没有电在充电 ，整体还是很满意，  追评后续再更新！
,,5,外形很小巧，重量很友好，适合女生出去玩的时候拍照，刚拆开还在充电，充满电再感受一下画质?
,,5,"产品包装：一定正品
外形外观：很专业 拿着就很开心
成像效果：一流
反应速度：快快快
便携性能：适合男人的手"
,,5,嗯 香的很那  和以前用的单反比轻便了很多。。舒服了很多  价格方面也香
,,5,"产品包装：全新未拆封，零点下单下午就到。
外形外观：握持感超棒，目前应该微单中最佳。
成像效果：成像真实，不像C家的自带美颜和F家的浓妆艳抹
反应速度：开机速度杠杠的，光线好时指哪打哪，暗部对焦有点着急。
便携性能：一个随身小包搞定，没啥负担。
其他特色：就拍拍家人和花花草草，没视频和高像素需求，九二九九值得交个朋友。"
,,5,相机很不错，老公很喜欢。体积小巧不重，握持感很好。功能方面还在摸索中，是个很不错的选择。
,,5,买了z5套机，人机体验很好。拍照很清晰，特别满意，比单反稍微轻一些，出去拍照很方便。
,,5,非常的帅气，人生第一台相机，果断选择尼康全画幅。减震非常的棒，机身也非常轻盈。上手感很好。
,,5,外观小巧轻便，做工很好，对焦和成像效果也很不错，能满足目前所有需求，总体比较满意。
,,5,"产品包装：包装很好很简洁没有磕碰
外形外观：都说尼康是埋头做技术的，之前用过佳能松下的，我敢说这个质感绝对是他们两家没有的，不过有个反人类的地方，他们家的镜头盖相机盖全都是向右拧才能松的！？？不都是左松右紧吗？他们这个正好相反，整的我以为卡住了。
成像效果：待体验充电中
反应速度：很快嗷
便携性能：24-50头很小便携不成问题
其他特色：相机带很骚 真的很骚"
,,5,朋友推荐的尼康相机，京东的物流果然还是那么让人放心！相机到手充满电马上开始学习使用技巧，很有手感，也很便携，很满意的一次购物
,,5,"产品包装：这次的外包装很不错。黑色的底色和尼康黄很搭
外形外观：小巧
成像效果：套头成像基本是满意的。光圈确实比较小，但体积控制太棒了。能带出去的相机才是好相机
反应速度：没因为入门做太大功能阉割。速度很快
便携性能：便携性很好。虽然套头光圈比较小，但体积控制太好了。加起来比较之前的单反好太多
其他特色：Wi-Fi传图到手机很赞"
,,5,到手几天了，使用后才来写评价，相机包装的很严实，外观也没有破损，送的帆布包很喜欢，相机本身不管素质还是价格都是非常合适的入门全画幅机，作为尼康老用户表示很喜欢
,,5,体验非常好，重量也很合适，很适合带着扫街，送的包也很好看
,,5,"产品包装：全新原包装，没有开封。
成像效果：还没测试，估计不错
便携性能：手感很好，比索尼要优秀得多
反应速度：系统人性化，不错不错"
,,5,"产品包装：相机内部包装很好，打包箱子里面填充物少了点，拿到手里有点晃
外形外观：尼康的机身外观我觉得no.1，特别是手柄上的红色胶皮
其他特色：尼康的操控太爽了，拍摄参数全部都可以右手单手操作，波轮组合特别人性化特别精准
便携性能：这个手柄比我想象中大，握持手感很好很稳，我的小拇指再也不怕无处安放了?"
,,5,尼康单反老用户回归了 Z系列果然不错 良好的握持感和操控得以传承 Z口镜头也是很强 做工依旧优秀 希望尼康继续N个100年 ?
,,5,包装完美发货速度快；第一次使用全画副相机相比之前的APS C相机，弱光表现提示明显；机身五轴防抖非常优秀，之前留下来的手动老镜头又可以焕发第二春，总得来说拍照体验非常棒！
,,5,尼康z5年度真香机，纯拍照够用，拥有5轴防抖双卡槽，第二天就送达了，很满意。
,,5,"产品包装：太用心了，严严实实
外形外观：比想象中精致一点
成像效果：单独买的镜头还没到，晚点试试
反应速度：比单反强
便携性能：大小正合适
其他特色：喜欢这个菜单"
,,5,通过各种对比后，还是选了尼康的z5。 购买的第一台微单全画幅，看上去高端大气上档次。 包装完好，正品防伪。值得下手。
,,5,入手的第一台相机，体验很好，按键集中在右边，熟悉之后可以单手操作，成像要比手机细腻很多
,,5,超级棒！！京东买的很放心！比之前的尼康d7100清晰很多，也小了很多，以后带出去就方便了很多。
,,5,"产品包装：可以。
反应速度：还好。
外形外观：好看！
便携性能：不错。
成像效果：还好。
其他特色：第一次用尼康，希望质量会很好。"
,,5,刚收到就赶紧把玩起来，作为一个摄影小白很是喜欢，以后要好好使用它
,,5,机器手感很好，成像清晰锐利，搭配套头小巧轻便，很适合外出拍摄。
,,5,"成像效果：非常清晰，晚上很给力毕竟全幅
反应速度：很快
外形外观：很漂亮，虽然颜值比铝合金外壳的逊了点儿，但个人觉得还不错
产品包装：完好
便携性能：轻便"
,,5,"产品包装：包的很严实，很好。
外形外观：小巧，很轻，也很好看
其他特色：很多功能很好
便携性能：又轻又小巧"
,,5,高端大气上档次，很惊艳很好看，这次优惠力度很大，下次还会继续光顾的
,,5,第一次买微单，看了很久，还是选择了尼康z5，包装很好，颜值不错，质量也没有问题。
,,5,"产品包装：完好
外形外观：尼康的工业风很帅
成像效果：半画幅升级到全画幅提升明显
便携性能：比以前的单反便携性好很多"
,,5,很有质感，还没有插内存卡，挺清晰的，买它
,,5,拍摄效果不错，色彩也很好，价格也挺便宜的，入门的童鞋极力推荐
,,5,相机入门级是个很好的选择，视频，拍照日常生活非常够用
,,5,特别小巧，尤其搭配24 50的套头，重量也不大，非常便携。
,,5,11.1下单的相机，很快就收到货了。相机很好，第一次买，在摸索！
,,5,机器确实比单反小巧，手感也很好。菜单与单反的基本一样，人眼识别不错，**识别差于人眼的准确率。转接原厂镜头完美，转接腾龙35 1.4可用，对焦速度也很好。
,,5,"成像效果：非常棒，非常适合新手小白
便携性能：很有质感，按钮符合右手操作习惯"
,,5,"首先包装用了一个很大的纸箱，里面是满满的填充物来保护，这一点必须给个好评！！
整体造型很漂亮，种草z5很久了，拿到手的感觉比想象中还要轻便，功能完善，作为一款入门机器来说很合格
拍了几张照片，色彩的明艳度，整体的分辨率都令人满意，放了两张照片，但可能发出来之后被压缩了
双sd卡槽这一点也必须好评
总的来说z5突出的一点就是，实用，这个价格买不了吃亏上当，等再多体验一阵再回来补充评价"
,,5,配送速度很快，快递小哥马不停蹄的给我送来，包装的很好原封未动，相机很轻点赞！！
,,5,"产品包装：正规
外形外观：好看
成像效果：可以
买的第一台单反很喜欢"
,,5,"产品包装：非常好
外形外观：很新
成像效果：全画幅非常清晰
反应速度：快
便携性能：方便携带"
,,5,"上午下单下午就送到了，人生第一台相机，非常开心，包装很严实，相机也很好，性能出色，手感特别棒，之前只用过70d，这台相机拿到手上一会儿就可以上手，操控感特别好，应该是万元以内最有性价比的全画幅相机了，比rp之流强多了。
        然后我也特别感谢京东，纠结了很久终于忍不住下单，配送速度特别快，早上下单下午就到，比自己去广埠屯买还要快，比较遗憾的是没有什么赠品，但是好处是京东质量和服务真是杠杠滴，多花的钱也是值得的，祝京东越做越好。
        尼康的镜头素质的确没得说，我是当天同城交易收了一支2470的镜头，套装里面的2450有点变焦范围小了想要卖掉，希望尼康能多出这些高品质镜头，同时能够开放副厂z口协议，让我们这些穷人也能够用上物美价廉的镜头。
        最后再次感谢京东尼康，为我的生活带来便利带来美好，希望你们越来越好！
        
上用z5拍的猫猫照片镇楼
产品包装：扎实美观
外形外观：漂亮干净利落，握持感好
成像效果：万元全副最有性价比的选择
反应速度：连拍略慢，录制视频规格不够高，但对于拍照来说已经非常好了
便携性能：比较轻便，配个小包就可以装进去
其他特色：快门声音比较清脆，镜头卡口设计非常人性化利于保护"
,,5,"包装厚实，为了放心选了京东自营旗舰店，拿到手之后包装完好无损，马上拆箱上手拍了几
张，成像清晰，对焦快，新机子速度没得说，颜值也挺高的，带着出门拍摄、录制vlog都
很方便，物流也给力，第二天就到了，总而言之很满意的一次购物体验，下次再买点镜头搭
配机子多拍些好看的照片。"
,,5,"小白人生中的第一台相机，之前在网上看了很多，了解了很多，也由此爱上了摄影，平时喜欢总手机拍拍，上班途中，下班回家路上，逐渐能感受发现身边美丽的事物，这大概就是吸引我买相机的理由吧
产品包装：很好，缓冲减震到位
外形外观：漂亮
成像效果：还没开机试呢，后续再评
反应速度：还好
便携性能：挺好的"
,,5,双十二买的，隔天就到了，包装的也很好，电池好像是没电的，充满电后下午出去试了试，新手还不太会，但是感觉是真的爽，哈哈哈哈
,,5,"产品包装：包装非常好 有一层膜在外面.
外形外观：外形特好 很喜欢
成像效果：画面锐利 成像清晰
反应速度：反应速度快
便携性能：相机很轻 很便携 可单手操作"
,,5,便携性能：配上24&mdash;50很轻巧，拍照很好，电池也够用，拍了300张照片还剩48%的电（卡槽2设置为备份，照片格式没设置好给都保存为JPG格式了），作为随拍相机很合适
,,5,"第一次购买相机选择了尼康的微单，用了两个月了的Z5发现非常的顺手，很轻便,很适合我这种刚入门的人。又配合这501.8这颗人像头我拍出了很多很美的照片。选择尼康让我相信影像从心。大爱尼康大爱尼克尔啦哈哈哈。最后推荐大家也上手一个，太香啦哈哈哈哈哈。"
,,5,"产品包装：全新未拆封
外形外观：相比单反，真的很小
成像效果：防抖开着基本不会糊，之前用单反没有防抖拍很容易糊
反应速度：反正灵敏，对焦也很迅速
便携性能：非常方便携带，相比单反真的很轻
其他特色：翻转屏，双卡槽，一直用尼康，菜单也容易上手
直出跟手机拍的对比，画质看着还是很舒服"
,,5,东西很好，价格很实惠啊，我太喜欢尼康了，真的太喜欢太喜欢了。
,,5,相机很美观，套机镜头也很锐！双十一价格也是真的美滋滋！
,,5,无论是外观，还是成像，真的太爱了。棒棒的
,,5,我非常喜欢，价格呢非常优惠，比我预想的价格要便宜的多 这款相机在我看来拍摄的角度，光线还有构图都非常的好拿捏 我将会把这款相机推荐给我的好朋友，雷锋同志，教育路同志 还有马加爵同志
,,5,很小巧便携，高性能，套机先用着。焦段适用，比较适合日常环境人像，风光等。价格一万内的高性价比全幅相机。
,,5,"成像效果：真不愧是全画幅，画质比服役十多年d3100好太多了
反应速度：对焦很快，而且眼部对焦真的很实用
便携性能：陪24-50镜头，只是比低端单反重一点，很适合旅游街拍"
,,5,"成像效果：成像色彩很好，第一次玩微单，基本都是傻瓜模式，拍出来也很好
便携性能：人体学的设计单手握着都很舒服
反应速度：反应速度也可以，好多功能还在摸索之中"
,,5,"相机到得很快，当天买当天到，到手之后迫不及待地插上内存卡开始使用，拿到手就是很惊艳的感觉。小巧玲珑又轻便，入门级全幅微单这方面Z5真能吊打其他了，随手拍了几张，新手入门勿喷?
成像效果：清晰
便携性能：小巧方便
外形外观：铝合金机身很帅
产品包装：包装严实到货快"
,,5,"产品包装：包装的很严实，方方整整的，很好，非常好，一眼就喜欢
外形外观：小巧，拿着手里很舒服
成像效果：拿来拍了几张，挺喜欢的"
,,5,包装非常严实，外光很好，便于携带，比以前的老机子好
,,5,"很轻 价格很好 
然后还送了蛮厚实的包
是一次很好的购物体验"
,,5,前段时间回家特意拍了好多照片试了一下，自动对焦是真的好用，省心许多，全画幅确实比半画幅高出了不少
,,5,"外形外观：不错不错
成像效果：非常好的全服 性价比可以
便携性能：微单 比单反强
其他特色：性价比还是很高的 镜头旅游用也还好 到时再入24 105"
,,5,"产品包装：包装完好
外形外观：小巧精致
成像效果：效果特好，很清晰很细腻
反应速度：对焦很快
便携性能：小小很便携
其他特色：第二部尼康了，没让我失望过"
,,5,"产品包装：包装还比较好、特别大的一个箱子。
外形外观：老包装 哈哈哈哈
成像效果：还比较容易上手。操作上简单易学
反应速度：感觉反应速度比以前快跟多呢。毕竟是新品
便携性能：比较小巧。镜头也很小、我反正想换镜头
以下是我自己拍的几张图片&hellip;"
,,5,"成像效果：很满意，虽然是初学者，也可以拍出喜欢的照片
便携性能：带上套头，很轻很好携带，这个套头的重量也有功劳吧"
,,5,"产品包装：普通
外形外观：时尚
成像效果：完美
反应速度：快捷
便携性能：尚可
其他特色：全幅，即使用小光圈变焦头，一样虚化了得"
,,5,"产品包装：外面弄了个大盒子，一开始我还以为是买的三脚架，拆开才发现是相机，这包装很稳
外形外观：比想象中的小巧，重量也在接受范围内
成像效果：第一次用专业一些的相机，成像效果还是挺满意的
反应速度：相机的操作挺便捷的，打开就可以拍摄
第一次买相机，直接选择了全画幅，尼康这款性价比很高，对业余的爱好者绰绰有余，其他评价等多玩一阵子追评"
,,5,心心念的相机到了，手感非常棒，非常好
,,5,"产品包装：包装完整
外形外观：无瑕疵，拿到手上第一眼就被吸引了
成像效果：待使用，但从这个配置来看不会令人失望的
反应速度：反应速度极快，
便携性能：很不错
其他特色：很不错"
,,5,"便携性能：很方便既不小也不大
外形外观：外观还行，手感很好"
,,5,第二天就收到货了，真的是今年最值得入手的入门全画幅相机，适用了几天，操控手感超级好，套头的画质也比较优秀，自己水平还得提升，慢慢攒镜头吧，其它镜头要是再便宜一点就好了
,,5,"外形外观：京东密封的非常好
产品包装：完美好看的黑黄配色"
,,5,外形外观：外形很好看，我儿子很喜欢
,,5,还不会用，但是质量很好，京东值得信赖
,,5,"外形外观：不错
产品包装：还行
便携性能：放口袋太大了，得背包包
颜值很高，新手还在适用中，期待拍出好作品哈哈哈"
,,5,"成像效果：非常的好直接导出就可以发朋友圈，那种图片气质是手机做不到的。
便携性能：非常轻便手感特别舒服，拿着就不想放学"
,,5,"非常
成像效果：很直接，真正所见即所得！"
,,5,发货速度很快！相机很漂亮！外观小巧漂亮！
,,5,"外形外观：很好看，同z6
成像效果：完美，高感强
便携性能：微单很便携了
其他特色：双十一便宜"
,,5,"产品包装：尼康味
成像效果：非常棒
反应速度：很好
便携性能：很轻便 还是熟悉的感觉来自尼康d750老用户"
,,5,价格很有杀伤力，画质和质量都很棒，转接的时候画质尤其棒，稍后会发照片。
,,5,"成像效果：拍照成像一流?
触摸屏非常好用"
,,5,非常棒和自己想象的一样，拿它来当入门机再好不过了，玩一段时间再换一个镜头出去拍风景
,,5,昨天早上买的，今天中午到的，包装很好，物流很给力，包装也很严实！等待进一步评测！
,,5,"产品包装：很棒
外形外观：喜欢
反应速度：快，中午就到了
便携性能：不错
成像效果：很喜欢"
,,5,京东的服务超级棒，虽然中间出了点问题，但客服积极跟进解决，体验很好
,,5,成像效果：相片质量非常不错，满意，作为新手入门第一台相机，足够了
,,5,"产品包装：好
外形外观：好
成像效果：好
反应速度：好
便携性能：方便
其他特色：心仪己久，非常满意"
,,5,"产品包装：包装得很好，很大的一个盒子，里面也都是用泡沫包裹
便携性能：买的饼干头很方便，重量很轻，握感很好
其他特色：尼康相机可以适应多复杂环境
外形外观：外形很好看，而且怎么配肩带都好看"
,,5,"产品包装：包装是完好的
外形外观：外观很好看
成像效果：成像效果刚刚di
反应速度：反应很快
便携性能：很轻便
其他特色：送了个单肩包"
,,5,很好很好，小巧方便携带。
,,5,"产品包装：很好
便携性能：还是挺重的
成像效果：画质还不错"
,,5,已经试过了，非常棒。品牌好，做工好，京东服务好。
,,5,双十二买的，一天就到了，很喜欢。
,,5,五轴防抖很实用，而且高感可接受！
,,5,"产品包装：非常满意
外形外观：非常喜欢
成像效果：很满意
反应速度：特别好
便携性能：很好"
,,5,"产品包装：很完整
便携性能：2450头真的很轻便"
,,5,便携性能：相机很有质感，握持感觉很安心
,,5,"产品包装：5星
外形外观：5星

成像效果：5星
其他特色：5星
便携性能：5星"
,,5,?商品收到了，包装得很好，物流非常快，
,,5,"产品包装：很好，发货速度快
便携性能：不重"
,,5,帮朋友买的，他说很好！
,,5,价格实惠，送货快，很满意！
,,5,非常喜欢！性价比很高！
,,5,产品包装：包装精美，非常喜欢。
,,5,物美价廉，省时省心，
,,5,非常不错，很满意nise
,,5,非常优秀的一款产品，
,,5,原来的D90用了好多年了，还有些镜头和配件还在，关注Z系列也比较长时间了，双11也是个机会，所以决定还是继续尼康，主要是拍照，视频不怎么感兴趣，所以就Z5了，全幅和机身防抖，的确是比原来提升不少，准备加转接环把原来的老头都用上。目前使用下来，套头不光小巧轻便，拍出来感觉还不错，准备慢慢玩
,,5,相机到了充电后出去试了试，镜头素质还是不错的，就是光圈小焦段少，夜景有点吃力；相机本身操作比较简单，也小巧便携，拿很小的包就能背出去耍，成像质量不错，金属机身很有质感，早买早享受吧。
,,5,人生中第一台相机，考虑了很久最终选了Nikon Z5 。实际使用搭载套头24-50画质表现还可以，想多一些Z卡口的镜头。当然大家预算够的话可以入Z6，毕竟有些功能我可以不用但不能没有。微单小巧轻便，还是很适合我们旅行爱好者。夜晚会有对不上焦的情况，这点不知道大家有没有出现过，1万的价格还是可以了，尼康的后期宽容度还是感人的。
,,5,"这个产品可要认真的评测一下优缺点都很明显。上一台机器是传说中的全画幅基准
优点:
1.卡口超大，看起来非常的震撼，这个是fe卡口的痛
2.机身手感好，爆满，按键位置非常的合理，查看删除位置好
查看放大缩小的位置好，连拍按键也很好，摇杆也没有被阉割，typec也有。
3.9299十二期免息24-50也就算折了几百元半送了。
4.视频可以触碰后对物体一直追踪4k30p也有
5.追踪对焦想法是很好的，一个ok点了可以摇杆选位置开始追位置是三家里面最方便的。只是追焦经常跟掉效率不高。
6.眼睛识别提供了方便的左右眼切换方式。实用甚至可以切换到边上的另外一个人的眼睛上继续。但是人眼和动物要进菜单切换，很。。
缺点:
1。没有跟踪的时候的普通连续对焦极其不舒服，不能想另外两家一样顺滑，甚至达到了对焦框一直在闪，找不到自己想对哪个的情况，也不连续。不如尼康曾经的3d对焦。很失望，废了。基本只能用眼镜和追踪。"
,,5,全新未拆封，价格香爆了，机身比a73大一点，但是质感也好一点，屏幕EVF都比a73好，不过现在没电了，后续有空再上实拍图吧(标头爱好者，听说z50比蔡司55强哦)
,,5,"反应速度：很快，但是夜间对焦有点鸡肋
外形外观：外观很好看，整体机身也比较便携
产品包装：包装很好，八角尖尖的

成像效果：图像效果不错
同样的价位该给的技术基本都给到了。 作为刚接触摄影、同时也是刚步入工作岗位的青年，手头并不宽裕，预算不太充足的情况下z5是一款高性价比的选择了， 最近从零开始认真学习相关技术技巧，等过两三年攒了些钱再考虑尼康的新机型。早知道就买24-70套机了，这个感觉有点不够用。"
,,5,比想象中的还要轻巧，机身薄，可以充电宝充电就很舒服。快门键没有段落感，虽然是优化机身抖动，使用起来暂时有点不适应。镜头方面，Z卡口镜头素质优良，但是现在价格稍高，可以搭配转接环食用。
,,5,第一台尼康是D600，后来免费换D610，陪五年多，机器可靠，手感舒适，做工精细，拍海边回来就想换轻便，于是入了富士两台，四年，直出好，颜值高，就是画幅有点小，去年入索尼R3，屏幕不太好，又怀念尼康，赶双十一买z5套机，机子很满意，镜头确实很轻就是光圈小了，下一个镜头可能50定焦，便宜嘛，大家有啥建议？
,,5,"产品包装：正规
外形外观：不错
成像效果：很好
反应速度：正常
便携性能：不累
其他特色：小巧，手感触控合理，双SD卡，电池续航强，一万元内最强性价比的全画幅微单！唯一遗憾的要是双11下单就省了600元哈！**！！！"
,,5,说一下使用感受吧，虽然是套头机这个镜头还是可以的几个常用焦段都有，对焦速度比之前那个机子速度快太多，手感也还不错，电池的话说实话还可以，如果商拍还是建议加电池手柄或者多买块电池。总而还是很不错的
,,5,"外形外观：尼康Z5是具有机身五轴防抖的，目前新型号的带有机身防抖的不多，

使用的是双SD卡槽设计，使用的是EL15C电池，支持USB供电，可以一边充电一边工作。

具有273个相位对焦点，连拍速度是4.5张/秒，对于日常拍摄是足够使用的，"
,,5,下单第二天就拿到了，包装完好，全新的机器。24-50套机小巧轻便，比我的老单反轻太多。画质也是没得说，毕竟全幅。操控还得熟悉一下，尽快用起来。
,,5,相机手感不错，重量也刚好。整个相机操控好，方便。剩下的慢慢摸索。
,,5,看中品质 年轻人第一台相机 没有用过其他的不知道怎么比较 非常满意 外观厚实 重量适合 屏幕没有那么清晰因为没有用过其他相机 方便携带 在对着暗光的时候屏幕会闪 有红绿点点 不知道怎么回事
,,5,"挺有分量的，重量估计在700克左右。
盯了很久，终于看到昨晚有活动立马就下单了。京东物流是真的块，昨天晚上10点下单，今天中午就到了。
到手之后电池没电，没法试拍了。
z5是没有转接环的，大家要注意。"
,,5,双十一入手，性价比很高。适合入门，就是有点儿不习惯这重量。其他完美！评论有返100，不错。
,,5,观望很久了，双十一优惠蛮大的，12期免息，直接无情剁手。玩累了半画幅，尼康Z5全画幅挺不错的，好评?
,,5,还不错，操作性挺好的，不过还是挺大的，便携性欠佳，不过全副也没办法，整体挺满意的，画质也挺好的。
,,5,"产品包装：非常严实，紧密
外形外观：轻巧方便
成像效果：不错
反应速度：挺快
便携性能：便于携带
其他特色：支持边拍照边充电

11年尼康铁粉了。2009年买了人生第一台尼康单反，到现在换过56台相机了。每一台都是尼康的。感谢尼康。陪我走过整个青春。希望这个Z5能多用几年！"
,,5,"佳能、索尼老用户，尝试尼康，确实军工品质，握在手上让人放心，除了模式拨轮有些塑料感，样子比想象的可爱，
成像效果：暗光室内套头还是不行。
反应速度：快！包括屏幕。
外形外观：帅气！
产品包装：扎实！
便携性能：有些重"
,,5,从单反转来，z5作为微单在轻便的同时仍然保持了不错的手感，操作便利，对焦迅速，c口外接充电方便
,,5,"产品包装：包装还好，建议京东用质量好一点的外壳，今天拿过来外面都有点开了。

外形外观：外形没得说，比某能家的好看多了，手感也好。
其他特色：刚拿到机器，还在充电，用个几天再追评。"
,,5,"产品包装：包装比较完整
外形外观：整体看起来比较硬朗，手感很好，很扎实，在全画幅里面不算重
其他特色：价格合适
除了对焦速度差点，高感差点，连拍差点，这个价格个人很满意"
,,5,"产品包装：还可以，估计太急。里面的箱子放反了。

外形外观：很满意，人体工学哈哈

成像效果：还没拍，电池没电
反应速度：没电

便携性能：能接受，冲冲
其他特色：尼康冲冲冲"
,,5,"产品包装：包装盒子完好
外形外观：机器不是很大，握感还是不错的
成像效果：用了50-1.8的头，感觉还是很不错的，虚化效果好
反应速度：机器菜单按键反应较快，对焦还行，在同价位还是不错的了
便携性能：机身不是很大嘛，所以便携性还是不错的"
,,5,纠结了好久才下单了这款相机，作为人生中的第一台相机。到手后感觉还是很香的，但发现虚化达不到想象中的效果，应该是光圈的问题，下次再买个大的光圈应该就完美了
,,5,"外形外观：文艺青年
产品包装：完好无损
便携性能：方便易带
其他特色：容易上手，入门必备，起初怀疑，用后惊艳"
,,5,刚刚购买使用几天，机子感觉还不错，就是外包装有个角有压痕，不过是两层包装，虽然里面的尼康的箱子也有压痕，万幸尼康内部做了减震纸板的处理，相机晚好，配送很快，就是目前自营店买的腾龙镜头是异地调货的，等相机使用。一定不让它只做个摆设，加油?
,,5,"外形外观：尼康硬朗的军舰头设计真好看，还有骚气的红裤衩，嘿嘿！
便携性能：我就是看中了2450饼干套头的轻便，直接入套机平时扫街方便
成像效果：套头光圈小了点，但是有防抖加持，可以适当延长曝光时间，成像默认加载了矫正，畸变几乎不可见，不加UV的情况下炫光也控制得很好，不过防手贱我还是加上了，有需要再摘掉吧"
,,5,"先是赞京东速度的，从北京调货提前了两天到。
Z5尺寸比之前的D5600大点重点。配上高速SD卡，连拍速度很快，对焦快也准。
这是第一台全画幅相机所以没有可对比的。
套头室内拍还是可以，到室外我是觉得不够的。
我是打算熟悉相机后上个85的定焦所以没有上70的套头。是打算用比较长时间套头我觉得买高点的好。"
,,5,"外形外观：一如既往的好看，漂亮大气。还送了一个尼康的包包。
便携性能：小巧精致，重量适中。"
,,5,"产品包装：包装安全
便携性能：轻便，配套头适合扫街
反应速度：对焦稳，准
成像效果：全画幅能差了吗"
,,5,"产品包装：好 包装的很好 没有问题
外形外观：有封条 有塑封膜
成像效果：好 全画幅加持 底大一级压死人
反应速度：好 反应速度不错
其他特色：好 做工很好
便携性能：全金属 但是还是有点重"
,,5,成像效果：新款尼康Z5终于到手了，第一时间快递送到，新相机拍照果然出乎我的意料之外，成像效果清晰，对焦迅速，操作方便，是出家旅行的好搭档！
,,5,"产品包装：用了一个很大的箱子包装 里面是个盒子
外形外观：做工可以，不是塑料感的那种
成像效果：还没好好试 之后追评
便携性能：比单反轻巧些 全画幅的微单比普通的大些重些"
,,5,"产品包装：包装是一个大盒子?一个气垫，外面的箱子有苹果内味
外形外观：拿在手里就知道质感差不了，打开一看更哇塞
成像效果：用完才知道为什么手机比不过相机
反应速度：快快快，买了一张闪迪的内存卡，肯定能起飞
便携性能：不重，我手很大握着舒服
其他特色：那个肩带还有后面注册送的包真是好看"
,,5,"产品包装：包装挺好  还送了一个尼康包
外形外观：方方正正，不过稍微有点重
成像效果：只有一个套头  还没出去拍  就等后续50.8到了再看下
反应速度：对焦迅速  有时间试下眼控对焦
便携性能：。
其他特色：其他特色：。"
,,5,尼康给我的感觉就是像一位技艺精湛又固执的日本老匠人，踏踏实实地做好自己的东西，同样的价位该给的技术基本都给到了，从记忆中胶片机时代家里就一直用的是尼康。作为刚接触摄影、同时也是刚步入工作岗位的青年，手头并不宽裕，预算不太充足的情况下z5是一款高性价比的选择了，最近从零开始认真学习相关技术技巧，等过两三年攒了些钱再考虑尼康的新机型。美中不足的是快递比较暴力，还好没伤到相机哈哈。
,,5,手感沉甸甸的，做工扎实，套头对焦速度快，静音，双卡比较实用
,,4,"产品包装：产品包装挺好
外形外观：金属机身就是好
成像效果：成像还好，由于是套头
反应速度：反应感觉对焦有点慢
便携性能：金属机身有点重"
,,5,挺不错，对比过6d2一套过重过大，最后选择了z5，机身重量不错，握持舒适，挺适合入门玩家。
,,5,多方比较，终于还是入手了这台尼康。ISO范围比索尼a72大一倍，色彩要好不少。应该是今年最大的开销了。
,,5,第一台相机，主要是用来拍拍照片玩，线下体验感觉尼康挺不错，正好有活动就入手啦。希望能拍出有意义的照片
,,5,"产品包装：快递包装有点简陋
外形外观：外形外观：握柄 手感不错?
成像效果：暂时没时间去拍，以后再评
反应速度：对焦速度还是可以的
便携性能：还行吧，有点份量
其他特色：正品，快门从9开始。官网注册没问题。"
,,5,感觉还不错，稍微买贵了一点。这个价位尼康还是可以的，色彩也还OK。全画幅微单入门首选哦
,,5,这是我第一台相机，重量还可以方便携带，希望它能记录我的时光
,,5,成像效果：全画幅确实比残画幅画质好，带防抖快门40分之一秒拍出的照片也不会糊。家用够了
,,5,我是小白，只会按快门，心心想念已久的第一台相机，试拍了一两天，成像挺好的，相片直出我直接放电脑当壁纸了。
,,5,"产品包装：包装完整
成像效果：画质感人
反应速度：反应灵敏
便携性能：轻巧便携
外形外观：设计新潮"
,,5,"佳能残幅准备升级个全画幅，手头还有几个佳能镜头。奈何佳能今年**涨价，RP比去年涨了2000块，价格就比Z5低了200。本着买新不买旧的原则，狠心灭门**感动转投?耐克了！
用了段时间，Z系列操控确实好，也没有传说中的人像肤色不堪。家用绰绰有余。"
,,5,"便携性能：上手还在研究，比我想象的还是重一些，如果想便携的同时愿意牺牲一些性能的还是慎重考虑。 
其他特色：手感不错
产品包装：是不是泰国工人比较马虎，产品刚到机身有点白乎乎的东西
外形外观：外形符合我的气质
成像效果：充好电测试
反应速度：很快"
,,5,"产品包装：包装不错，很结实
外形外观：外观还能接受，还是比较大，也挺重的，但是说明用料扎实
成像效果：套头有点失望，还要多多练习拍照技术啊
反应速度：挺快的，对焦有待加强
便携性能：还可以
其他特色：之前在纠结富士和这个，最后买了他，也有点小后悔，但就加强练习吧，后面再入个大光圈定焦头！"
,,4,尼康最新出的z5微单相机?，手感极佳！双卡，5.0防抖，2432万像素，防尘，防水滴让我眼前一亮！作为入门级的单反该有的配置都有！性价比很高，我的第一选择是索尼，索尼是微单之！王但是电子产品买新不买旧！都是第一梯队的！尼康也不错！美中不足不送包和只有一块电池！制造商都向苹果迈步！环保！值得一提是京东的快递呀！
,,5,相机很快收到了，原封原包装，已经在官网注册成功。买的套机，镜头比较小巧，虽然焦段不长，但素质还是可以的，挂机使用够了。以微单来讲，可以轻松的负担日常使用。日后如果有特定的需求，比如拍人什么的，再入手几个定焦头。使用目前没有什么问题，电池也比较耐用。
,,5,z5是个合格的相机 很适合初学者，照相实力比较接近z6而且有五轴防抖，照片可以在第一时间自动同步到手机中（即使相机关机），成像质量和z6比基本没有什么区别（除了极端情况下的高感外），而且还有廉价的双sd卡方案，操控性也继承了尼康家族的优良传统，电池待机给力，同时还能不关机充电宝充电，当然对比旗舰机也有一些小小的不足，比如视频4k的1.7倍的裁切，屏幕不能180度翻转，连拍速度较慢，z口镜头较贵等，但是瑕不掩瑜，总体还是很不错的一款入门相机，尤其是对只用来照相的小伙伴们那是真香机了，当然如果价格能在便宜一千就更好了！
,,5,首发价拿下，12期免息，压力不大。快递隔天到，给力，产品设计做工没的说，这个级别，铝合金机身，看看隔壁，全塑料，很良心了。等等党说首发价格偏高，本人觉得还能接受吧。等的时间本身就有价值。上图看看，新手操作，见谅哈，刚学的修图，色彩没控制好，还在摸索中
,,5,"产品包装：箱子不小
外形外观：喜欢这种小小的相机不重，可以随身带"
,,5,"产品包装：厚实，但快递略粗暴，把外面的盒子硬塞进丰巢。
外形外观：手感好，全金属，镜头稍显稚嫩。
反应速度：对焦速度快，但需要磨合。
便携性能：便携性能佳，适合外出扫街。
其他特色：需要再配个ftz转接环，以便最大副厂佳能的镜头助攻。"
,,5,"外形外观：很轻，小饼干套头24-50一点都不重，可以背一整天
成像效果：第一部相机?没对比过其他的，但比我之前租的相机成像质量好太多，色彩也很满意，都是直出的图
便携性能：电池很耐用，没买备用电池，用一整天到晚上回去再充完全没问题
其他特色：超级喜欢！还想po很多照片，就是升级镜头太贵了，想买个最便宜的定焦50 1.8s，还一直没货。。听说唯卓仕12月会出z口，很心动！终于买得起的镜头了！不然一万块买回来的相机，只能用套头还是有点不甘心"
,,5,"成像效果：全画幅果然还是全画幅，6400ISO在我的标准下还能用，5轴防抖也是超级好评，1/20s的快门基本不糊

便携性能：套头非常小巧，适合光线好的时候外出拍摄

反应速度：对焦很快。就是套头最近对焦距离有点远

其他特色：啥时候出点便宜的头啊，Z口头太贵了啊

图片为一些样张，jpg调了点基础参数"
,,5,"产品包装：包装盒里面就一空气袋，不算严实
外形外观：经久耐看，跟z6.z7基本没什么差别
成像效果：试拍了下感觉镜头还是没有达到自己想要的效果，有资金还是选高一级别
反应速度：速度还是比较快的，但是连蓝牙不知怎么的，感觉不好连，目前还没弄好
便携性能：虽说是微单，但是重量可还是有的，买个背包出行还是方便点
其他特色：握感还不错，双卡储存空间大，还可以充电使用，这些都是非常方便的。"
,,5,成像效果：很好，虽然不是最新CMOS，但是不拉垮，操控也没有缩水
,,5,新相机收到了，比之前的半画幅好太多了，物流快，包装完好，就是配送的新电池一丁点电都没有，都充了三个多小时了还没有好？？
,,5,"外形外观：外观设计非常好，但是没有了单反的镜头感，有点怪怪的不适应。
成像效果：还没有认真做比较呢
便携性能：非常好
反应速度：有点手机拍照感觉了"
,,5,挺不错的，入门级全画幅微单能有五轴防抖已经很满意了，可以视频方面阉割太多了，这颗饼干头应付日常也还可以，虽然适用范围小外加小光圈，但套机价格还是挺香的
,,5,12期免息可以，性价比高。套头24-50锐度还有光斑都还可以。心仪已久的相机
,,5,"产品包装：产品包装盒有京东的封膜，全新未拆封。
成像效果：成像还不错，拍了风景照，可以数毛
便携性能：非常小巧，有带出门的欲望。"
,,5,相机画质不错，夜间拍照也挺清晰的。应该算是全画幅入门机里面性价比比较高的机子了吧。
,,5,正品确实小巧 A4包放的小
,,5,"成像效果：好
反应速度：快
新人入手 多多体验 学习下"
,,5,"外形外观：方便
产品包装：好，正品
便携性能：好
反应速度：快
其他特色：其他特色：有 
成像效果：好"
,,5,相机还是不错的，就是2450的镜头稍稍鸡肋，成像效果还行！
,,5,好玩具，喜欢。尼康画质有保证，白平衡一改尼康黄。
,,5,比5300好多了，推荐呀
,,5,双十一购入还是蛮划算的。好好学习！
,,5,"外形外观：形 美观大气
成像效果：成像 清晰
便携性能：携带方便"
,,5,不错，给我弟买的先用用看看
,,5,相机不错，就是搁那安镜头呢
,,5,可以机器，对焦暗的时候慢了一点，画质不错
,,5,"产品包装：包装很严实
外形外观：外观还可以，比较小巧
成像效果：自带套头质量还可以，不过变焦范围不大，光圈也不够大，"
,,5,纠结了多日，选择了这个机器，选对了！
,,5,"外形外观：美观大方
成像效果：画质清晰
便携性能：便携自带"
,,5,"外形外观：轻便小巧灵活
产品包装：包装精致
成像效果：出片精致"
,,5,反正我一直用的尼康，没啥好评价的
,,5,"外形外观：时尚，简单
成像效果：想象中一样"
,,5,一直想买一个单反相机，入手不错.
,,5,"便携性能：可以
产品包装：一般吧
外形外观：可以"
,,5,发货速度快，希望能拍出好照片。
,,5,对焦有点不尽如人意，总体是不错
,,5,"产品包装：包装严实
外形外观：相机轻便好看
成像效果：像素好
便携性能：相机轻便，方便携带
反应速度：对焦速度好"
,,5,挺好的，还不怎么会弄
,,5,正品 手感稍好性能佳！
,,5,年轻人的第一台全画幅无反，已经追这台相机很久了。唱起那首歌，终于等到你，还好我没放弃。用过才来评论，小白一枚，不懂摄影但用心在学。加油?
,,5,双十一纠结买佳能RP还是尼康Z5和索尼A7M3 最终踩点下单了尼康  相机买新不买旧 感觉尼康后期惊喜更多
,,5,定的周六送，周五晚上就送来了&hellip; 心水了一段日子，看到双11有些活动就买了，12期免息分期&hellip; 到手第一觉得没有想象中轻巧，快门感觉和以前用的单反不一样啦&hellip;
,,5,入手了z5，应该是现在最适合新手入门的全幅相机吧，还有12期免息分期，只能说，尼康真香！尼康南波万！
,,5,多年以后终于有一台单反了，比想象中更加精致，也更加复杂，慢慢摸索，摄影师之路开始啦
,,5,第一台单反是学生时代攒了很久钱才买的d5100，第一次用它拍出了星空，兴奋得一晚上都没睡觉，希望这台z5也能拍出带给我美好的回忆的相片。还是那句话：我永远喜欢尼康！
,,5,新机还未测试，充电中。握持感一开始还没接受，之前残副微单习惯了。好好研究一下，看评测来买的。
,,5,今天到货，电池在充电还没用过，后面使用过后再追评！开心^_^
,,5,外形外观：嗨，万年不评价，谁还不是为了100E卡呢。相机很好。刚刚好20个字
,,5,身处国外，还没有拿到机器，不过根据女朋友反馈表示相机超级棒，等拿到相机之后再追加评论
,,5,买的是24-50套头。相对于24-70 200更小巧。感觉光圈要是再大一丢丢就好了。晚上拍摄会把高感飙起来。我是非专业用家，就拍拍家人，总体挺喜欢。evf体验优秀。没什么失望的地方。希望双十一京东厂家能给力吧，让消费者能有实惠。个人强迫症，希望尼康能出更多内变焦或者变焦伸出小的旅游头，24-120？。
,,5,第三台尼康相机了，习惯了尼康操控画质，希望尼康退出更多好相机好镜头前！
,,5,产品包装：全新未拆封，转一台z5，11.1入的，有意入手的可联系我
,,5,"产品包装：包了一层又一层
外形外观：帮小辈买的，我没有发言权
其他特色：帮小辈买的，我没有发言权，没说有啥不好的，只能默认还可以吧！"
,,5,"-双UHS-II SD卡槽，通用性更好。

- 标配新型的EN-EL15c电池，容量提升约20%，实际使用的续航能力提升还要稍多一些。

- 支持USB供电，即在开机状态下优先使用USB接口提供的电力（但不支持边用边充）。"
,,5,"产品包装：气泡膜固定包装的很好
外形外观：很轻便帅气
成像效果：入门级还好,刚刚玩,得多看看说明书的功能
反应速度：跟介绍的一样,比手机强
便携性能：很轻,手感也好
其他特色：人生的第一台机,希望很好用,看很多人推荐,平常喜欢拍拍风景,够用了,多提升自己的技术,才能配更好的机器"
,,5,拍照一流，旗舰水平.
,,5,双十一价格终于降了，入门机，努力练习摄影
,,5,算是送给自己的七夕礼物8??
,,5,d750换z5，是时候放下单反战未来了?
,,5,成像效果：如图。已去户外测试，稍微调色。
,,5,刚收到还没开箱测试，期待效果
,,5,小白入手的第一款微单，正在学习中。
,,5,好，物流也快
,,5,"反应速度：不错
便携性能：可以"
,,5,类型兴民4619你第一6461米
,,5,挺好的
,,5,快递很快
,,5,其他特色： 连不上WiFi了！
,,5,在单反时代我已经很喜欢尼康了，到了无反时代我也开始自己挣钱，一番对比之后还是选择了NikonZ，无尽可能的Z卡扣，优秀的光学素质，和我期待每一个未来的未来
,,5,"其他特色：a
反应速度：a
成像效果：a
外形外观：a
产品包装：a"
,,5,成像效果：可以可以
,,5,成像效果：很好
,,5,画质非常好！
,,5,还是不错的
,,5,产品包装：好
,,5,还不错，
,,5,喜欢！
,,5,好&lsquo;
,,5,"咬咬牙，卖了XT30换了全画幅，早上直接打快递小哥电话，到小区就直接去拿了。
包装有点大跌眼镜，包装外盒破了，里面的缓冲垫也比较少，送的帆布袋做缓冲.只能三星了。我知道里边盒子有防震设计，可这外包装对得起我的热情么。
开箱验货，24-50镜头果然没牌面，连盒子都懒得刷白.Z5手感还是老尼康的感觉，手柄硕大，抓取稳，人机设计很好，最爱大拇指刚好顶到AF-ON。Z卡口巨大，希望镜头群发力吧。尼康的小配件还是都有，这个还是没缩水。
准备试机，结果电池居然一点电都没有，还是充电先。后期图像再补吧。"
,,5,"第一次购买微单以为会轻便一些，结果和原来的d3400差不多，虽然是入门，不过这个还是有点重。屏幕夜摄不是很理想，这也许就是单反的优势了，可以用光学取景器。4.5的连拍速度其实是有些不够的，不过不是不能用。另外就是夜间对焦液晶屏有明显的掉帧。
自己买了个ftz，可以使用以前的镜头了。"
,,5,"期待很久了！！！拿到手的第一反应就是很轻便，相比于其他，这个性能的机子能这样性价比就很高了【轻便，触感好】，虽然镜头算是挺贵的，但成像据说很好【QAQ只能后期慢慢攒钱买齐了】
不过唯一可能不太好的就是视频功能，4k 1.7倍裁切QAQ，新手小白不太了解性能，只能靠后期慢慢摸索了。"
,,5,1号凌晨买的z5  真香这个价格没谁了 z24-50拿到手就出去旅游试了下和家里拍娃  差点意思  直接出了换成50.8了  相当于jd单机7900不到还12期免息  超值
,,5,"其实挺失望的，夜间拍摄实时取景时，屏幕观感实在太差了，全是噪点雪花，跟坏掉的电视机一样（但照片拍出来没问题）。上无忌论坛咨询了下，网友说Z5就是这样的。又去了售后服务点，说Z5定位低，就是这样。
之前Z50使用了半年，很满意，果断出了D750，抛弃单反，买了Z5，下一步再买Z7，就齐活了。结果，Z5的体验感比Z50差太多了，尤其是弱光对焦很困难，根本就不是网上若干假评测说的对焦跟Z6无异（但全画幅画质确实比Z50好很多）。
左边是Z50的夜间实时取景，右边是Z5的实时取景，大家自己对比下，ISO都是100，光圈都调到最大。太难受了&hellip;&hellip;"
,,5,还在摸索中，经常拍的时候屏幕很清晰，按下快门就有点糊了，尼康应该单卖转接环便宜点啊，Z卡扣定焦太贵了
,,5,"机器收到了，对焦比Z6差一点，套头24-50素质还行，较暗的环境下对焦会出现迟疑（z6不会）。
好的地方就是轻便。
有小伙伴要买的可以联系我啊，我二手出了。"
,,5,相机包装严实，未见开封痕迹，全新产品。双十一价格优惠还带免息，入手很实惠。套机镜头小巧，素质不差，先留着用一段时间。终于可以把自己的单反系统升级了～慢慢把单反系统全部出掉
,,5,很可以的，12.1买了，12.12降价了270，除去价格波动大，商品没啥问题，包装不错，送的帆布很一般，要出门的话还是再自己买一个相机包
,,5,产品包装：非常棒的包装一个箱子把所有东西都装进去了，我自己有z6但是因为单卡槽不方便所以还得来个备用机。和z6体积差不多，东西都可以共用，就是连拍慢了点其他不错。
,,5,"产品包装：京东的物流有分贵重物品，到手没有任何问题，
便携性能：其实我建议新手，可以买个大光圈，我是太穷了
其他特色：这说明书，感觉比我读的几年书字都多....
整齐没问题，尼康的相机你只有拿到手上，你才知道他的质感多好！"
,,5,"产品包装：肃静庄重，尼康的黑黄二色
便携性能：盒子都这么小，相机还能大嘛
成像效果：没有拆，看评测心中有数的
其他特色：送的这个袋子很骚气，当然了里面并没有隔层这种东西，装相机是不适合的，但刚刚好把包装盒放进去，送人很好"
,,5,才收到货，电池没电，至今没开过机。买早了都没送包包
,,5,从6升级过来果真是逃不掉佳能换尼康现在都是微单时代没考虑单反个人使用相机频率不高画质是关键万元及还是这性价比很高
,,5,成像效果：虽然是入门全幅，拍照素质比之前M43强很多，ISO3200都还能看，就是套头光圈太小太短，准备入个85.8S。
,,5,2450成像还是不太好，建议买2470。其他一切没有问题！
,,5,相机问题不大。摔得溪碎。一天不如一天了。
,,5,全新的，用了几天也还好。唯一不足的是镜头没有遮光罩，送的啥玩意儿也没有
,,5,产品包装：外包完整，还赠送一个小包
,,5,没存储卡，还得买
,,5,尼康真不错24-50套头~出掉了入了2470和501.8对比之前使用的xt2+18-55+561.2+35f2机身大一点重量差不多镜头稍微重点儿但是整体效果好不少可惜的是视频4k30p1.7裁切实际上用起来24端拍视频就很窄了1080也只有60没升格对比xt2，在防抖对焦高感画质宽容度上都有挺大的提升性价比非常高的升级要是视频能力更强一点就好了
,,5,心心念念的相机终于在双11下手了，在贴吧，~都看了很多，最终还是坚定不移的选择尼康z5，太香了。接下来就是学习拍摄之路。加油
,,5,先讲机器，机身加镜头重量适中，体积小，握持感好，画质和直出色彩还可以，对焦速度和精度比不过索尼，也能接受，电池拍了700张还有电，目前还没有副厂电池可买，纸质说明书简单没有网站电子版详细。为了赶在外出前拿到，在京东预付订金首批货，价格很不好，才一个星期套机~降了1千多，当时是为了24-50，说的双11保价，估计用优惠券方式可能拿不到差价。
,,5,有一说一尼康#！FX#！成像效果：全画幅#！和预想的差不多和Z6体验差别不多。电子取景器很大很明亮。触摸翻转屏幕很好用。反应速度：对焦比F卡口镜头快速很多还没声音。无极光圈很好。镜头小巧。
,,5,?宝贝质量很好，收到货第一时间打开看了，很不错?，很满意?，客服也有问必答，感谢?。宝贝已收到?，超级喜欢，颜值高又实用，超级喜欢！???。?从没想过这么实惠的价格，?能买到这么好的宝贝，?性价比非常高，我很喜欢哦?。跟实体店没有区别，还便宜，喜欢！
,,5,年轻人的第一台全画幅微单，新手小白还在努力学习中，被links~的尼康，目前感觉不错。
,,5,"产品包装：非常好的，好产品，好相机
外形外观：非常漂亮，非常美观，非常喜欢
成像效果：非常清晰，高大上，携带方便
反应速度：非常快，非常好，非常喜欢
便携性能：非常方便，非常喜欢，好产品"
,,5,成像效果：镜头十分的小巧轻便，但是做工和成像效果丝毫不打~，套机头不论哪个焦段，成像都很锐利，值得购买！
,,5,双十一9399购入，价格美丽，套机镜头已挂~
,,5,使用减震声音有点大，其他都还不错的
,,5,尼康#。。。。。。。。
,,5,不错
,,5,不错
,,5,好
