,,1,买了超过一星期，然后就降价，说过来保价期，霸王条款吗？东西是我想要的，但是突然降价我接受不了，当时就不该报那么多价格。
,,1,产品屏幕出现印记无法去除，退货太费劲了，京东备件库迟迟无法寄回厂家！备件库收到货5天了还是没信呢一直在备件库发货到厂家中。厂家收货检测还的很多天，这退货一个来估计得1个月！啥快递这么慢5天都能邮到西藏了！
,,1,防水外壳一次没用弹开了寄回厂家说我需要再买一个  检测你们什么质量啊？ 一次都没用过要是便宜的东西我也用不着再寄给你们  我就自己买了 一个防水外壳说坏就坏？
,,1,收到两天就坏了，客服还怀疑是我外力摔坏的，真是无语，要重新发个配件，还说没有，要么就重新买一套延长杆，也是醉了，太相信京东自营了！
,,1,最垃圾的一次购物！！！买的全能套装里面少了一块电池，投诉无门，打客服电话六七次尽然陪20元代金券，让我自己买一块，搞的好像是20美金一样，是你们少发电池不仅不补发还让我自己重新购买，这是店大欺客么？我不会放弃各种渠道来投诉！！！
,,1,想换滤镜，结果发现根！本！拧！不！下！来！，不要喷我力气小，我换了十个人，没一个能拧开的！！！！只能自己吃亏去买个工具！
,,1,"客服问题太大，不解决实际问题，不重视客户体验
我买回来几天了，一直出问题，也没见他们给我解决过什么，相机是新的，SD卡也是新买的，他就说是sd卡是坏的，问要什么配置的sd卡，就给我复制一大堆，可能他自己也不懂吧。总体就是，我买了三四天了，内存卡问题我还没解决，我现在还在购买新的内存卡，就是他们推荐的闪迪内存卡，我之前买的是金士顿的。"
