,,1,店家从5999降到5099，毫无补偿
,,1,收到果然没给赠品，我也不想多纠缠，果断退货了。官网买不香吗？
,,1,本来充着有赠品买的，早早下单付定金，结果一无所有，早知如此，还不如买另一家的，便宜300多元。自营店也玩阴的。
,,1,"反应速度：对焦速度快 续航能力差
成像效果：背景虚化 反映迟钝，防抖效果差
产品性能：产品定位度高，体验性差
轻便程度：产品轻便，按键过小 一个手指能按仨
外形外观：外观还可以 无吐槽点
其他特色：特色为产品售后服务，商品页面定好赠送的内存卡相机包和贴纸 售后审核了一星期才发货，店铺让找京东，京东说等店铺回复，踢皮球 打太极 综合售后十分差。"
,,1,这是我这十几年最差的一次购物体验，卸载京东app了。
,,1,没有赠品 没有赠品 没有赠品 很失望 很失望很失望
,,1,预购没有赠品，1号直接下单的话有赠品，所以官方回复什么&ldquo;所在地区发完了&rdquo;就是明着耍流氓。赠品不是大事，被耍很不爽，尤其你耍的还是愿意预购的忠实用户。
,,1,预售的赠品全都没有，欺骗消费者
,,1,4k只能录3分钟，客服还说正常，真的是垃圾。12315见。
,,1,客服什么都不知道 打电话让问客服 我要你干什么呢
,,1,"差评！这个电池都没有给！怎么用？
问索尼客服，态度生硬！"
,,1,垃圾，网上说的全是骗人的，根本不防抖，买回来当天不让退
,,1,"买完就搞活动 绝 真的好糟心
问客服也是敷衍得要死 疯狂踢皮球 妙啊"
,,1,宣传有赠品，没有收到索尼客服还给了一堆托辞。送不起的话也没必要拿来宣传，大家时间都很宝贵，没必要玩这种套路。
,,1,"京东这么多年第一次给差评,买的时候赠品显示有货,然后压根就没有送!问客服,永远都是机器人式回复,也不正面回应你有没有赠品了也不说怎么解决.就这样的态度,我就送你们呵呵两个字."
,,1,千万不要买，根本没有美颜效果，而且买到手不给退货的，天坑，都不如手机好用，买家们请勿上当。
,,1,"赠品一个没有你写什么赠品？买了发现卡和包一个也没有,店大欺客？张嘴就是拆了不让退,我买了京东几十万的东西,信用那脚踩的？"
,,1,欺骗消费者的商家没什么好说的，现在拆了也退不了，赠品也没有，只能说第一次的京东购物体验极差，对京东从此无好感。
,,1,售后垃圾的要死，问问题从来不正面回答，不会用的地方问一下就说咨询量大，从来不回复任何客户的问题，再也不会买索尼了。售后真垃圾，客服真垃圾。
,,1,"相机不评价了
在京东买东西这么多年了从来没给过一星评价，这是第一次。希望京东不要再愚弄消费者了，如果付了订金都不能保证得到赠品你搞预售是干什么的？价格都一样。然后今天你们被投诉得多了才把主图上面的赠品去掉，对你们太失望了..."
,,1,作为索尼的老用户，再也不会在京东索尼官方店买东西了，赠品不值什么钱，主要是看店家的信誉，承诺的东西不兑现，几番交涉后只给补了一部分，算了不想再浪费时间，不再光顾就是了，反正索尼售后只会和京东售后来回踢皮球&hellip;&hellip;不过谢谢京东售后解决了部分问题
,,1,"成像效果：差，
反应速度：差
产品性能：差
轻便程度：差
外形外观：差
其他特色：差
没有所收到的内存卡！影响我心情。还不如在别家购买，历史上京东最不开心的购物！必须差评！"
,,1,没有赠品没有赠品，，骗人的，不要买，趁着首页赠品才在京东自营买的，什么赠品也没有，内存卡也没有，买来旅行急用的，现在买了用不了，还要单独买内存卡，糟心，太**糟心了
,,1,欺诈，看了一下其它各种渠道都有赠品，京东预售的没有，6月1日直接下单的确有赠品！退货加投诉！
,,1,产品还可以，物流也可以，但京东的客服、售后实在是太太太差了，问一句话需要跳转好多页面等好久，最后答非所问，解决不了问题不说，浪费太多时间！
,,1,下单的时候看见有送内存卡和包，就没有管那么多，送到后没有，客服来个送完截止，感觉受到了欺骗。原本很开心的收货，就直接拆了，当然已经退不了，很不舒服。
,,1,"极差的体验，预购时详情页明确显示有赠品，送内存卡跟相机包。结果补完款什么赠品都没有。结果看评价，预购后购买的用户倒是很多都收到赠品了。 
两边客服踢皮球，推荐去官网买，别再京东浪费这钱了"
,,1,说有赠品，到货之后根本没有，这不是刺裸裸的恶意欺诈吗？现在都这样子做生意了？
,,1,"买了不到一个月，充电线头断了，无法维修和原厂配件更换！官网也没有卖的，既然要我去其他渠道买跟线！
差评，才了一个备用电池既然充电线没有了！"
,,1,非常垃圾，想要兼顾拍照还是不要买这台，聚焦超差的，虚化感也不好，像素也不高，一旦买了就不能退的，建议还是多做功课，还有就是京东客服态度差也是出名了，投诉都么的用的，真的，拿到手就后悔了
,,1,预定的时候显示有赠送32G内存卡，相机包和手柄贴纸的，然后6月1号0点准时付款，第二天收到货发现没有收到任何一个赠品，联系了京东客服然后叫我去联系索尼客服，联系了索尼客服又叫我找京东客服，互相在推卸责任，就是不想送赠品，后来看评论发现预定的那些人全都没有收到赠品，反而没预定的收到了赠品，这次购物体验非常差，索尼官网和旗舰店都一直有送，如果不是看中你京东有送赠品回来你这里买？而且客服服务态度非常差劲，就是不愿意送赠品，我怀疑是你们京东内部的人员私吞这些赠品了，几乎所有人都没有收到赠品
,,1,在京东最失望的一次，以后是不敢在这买了，就是冲着赠品才预订，结果预订的没赠品，后面买的反而收到了，我开始以为是后面寄，拆了，不能退，说真的，在京东消费也有几万了，这次没赠品，而且还寄错了一次东西，第一次网上购物碰到这样的，失望了就不会再来了
,,1,"我购买的套装，手柄接上机器，在使用的过程中会有晃动，每次拿起放下或者行走，都会咯噔一声。申请换货，发回去到现在已经12天，毫无音讯，联系客服，客服每次都说稍后给您查询，后来我直接打给京东电话客服，告诉我两小时会给我回电说明情况，依然没有回电。我再次致电，客服又说没回电话是在帮我处理问题，明天11点之前一定会回电。现在已经下午一点，毫无音讯。
重点：1、在这里购买的产品如果是不明显的质量问题，京东售后基本会无视，不处理。2、索尼产品联系京东售后，过程无比漫长。"
,,1,第一批预定的，1号0点准时付尾款，一开始显示有赠品，到货了没有，虚假宣传，虚假活动，大家都别买了。
,,1,差点被京东当猴耍，说好了预售送赠品，交了定金，等到付完尾款的时候突然发现订单详情里居然没有赠品，果断取消订单重新下了一单，然后才有了赠品，佩服自己的智商啊，哈哈哈哈。还有就是快递，已经打了电话跟快递员说家里有人的，结果几千块的包裹直接给丢在门口就走了，过了好几个小时开门的时候才发现，就凭这两点妥妥的差评啊。
,,1,"真的非常不愉快的一次网购，手柄完全不能够使用，申请售后后要求只换取手柄，一开始客服同意了，那就寄过去。结果之后大概有10个电话不停的跟我说啊啊啊换不了啦 一定要整套才可以换。这时怎么回事呢？我自己人已经在外，在外不可能把相机、盒子手柄等等等等集合放到一起再重新寄。于是又开始漫长的客服协调，其实就是每天一个电话告诉我手柄不能换。接着呢 那我就说那就把手柄帮我修一下吧。哈哈哈结果呢，一开始答应了，后来又说，修都不能修呢。如果说换货必须全换，那我无话可说，十个电话极慢的效率我也很耐心的每个都听你们在那说说说。那请问为什么连维修都不可以呢。所以说我就是花了800块钱，买了一个破柱子，完全不能使用，哈哈哈是冤大头了呗，现在把破柱子又寄给我了，那我也只好收喽。果真在这里买，没问题皆大欢喜，一有问题就冤大头了，交智商税啦，白白啦
产品性能：手柄完全没用 打不开 接触不良"
,,1,"差评，差评，历史以来第一次给差评。
这款相机，预售，交了预订金，预订的。预订的时候，海报，显示，都说有32G卡送，小相机包送。结果收到，啥也没得送。找客服，说不管她们事，让我找京东客服。找了京东客服一个上午，都说帮我查，一会又断了，一上午找了N次，最后说没有送的。预售拍下时图片上显示都说有送。现在把图片换了就不承认了。售后还超级麻烦。
如果预售没有送的，就不要写在图片上。
如果预售礼品送完了。在拍下是就提示送完。什么提示都没有，严重被欺骗的感觉，误导消费者。如果知道没有送的，我就直接买一个卡回来了，也不至于这么麻烦，现在相机回来又用不了。又还要等多几天买卡。"
,,1,10月17日5999购买，拖着不发货，到10月20日发货，10月25日降价5099，完美拖过保价期，#卖家！
,,1,特色就是索尼京东旗舰店耍流氓，预购没赠品，第二天现货有赠品，#人呢。预购就是为了帮你当个分母？本身机子塑料感很强，接缝较为粗糙。但是想想都买了，最后还得被赠品#一下。相机不咋样，屏幕看着非常脆弱。
,,1,花这个价位，买个跟我想象不同的东西，要求退货，已开封为由退不了，最后走到售后溜达一圈回来了，我也接受了，我希望买的买家，一定要去实体店试过再购买，还有，相机是没有赠品的，买的时候确定要赠品，或者其他平台购买，又便宜又有赠品，比如内存卡和包包，相机非常怕磕碰，出门不可能一直拿着，还有最重要的是，你要配个充电器，平心而论，去~买赠品都有，别在官方自营买，有钱的绕道！说一下缺点，不会用索尼的不推荐，面板操作复杂，最让我难受的是，没有触屏功能，机器发热不用说了，整体塑料质感。
,,1,这东西效果非常差，千万别买，还不如手机拍得好。最要命的是你买完它根本不能用。具体为什么不能用，~买，先停下手，一定看看图片就知道了。咱也矫情不过客服，人家什么都是对的，反正谁买谁是傻子，我就是#子，人家什么都没错，什么都对。建议买其他品牌或者直接买8000左右手机，比这个好用多了。
,,1,这次购物后，我会尽我所能避免在京东上买东西。第一：官方预售说会送赠品，结果是预售拍下的卖家全部没有赠品，取单重新拍反而收到。官方洗白的理由是地区赠品有限，送完截止，而我是这个商品刚能预订时候就前后矛盾非常可笑。而且所有卖ZV-1的平台唯独京东不送赠品。自己犯了错不肯承认，让消费者买单。第二：我和客服沟通，索尼客服叫我找京东客服，京东客服又叫我找索尼。互相踢推卸责任。而且协商当天说24小时给我回复，至今过了一周都没有音讯，我也打了几次客服电话跟进都没有后续。原第三：京东物流这边价值6000元的的相机直接扔门口，家里都有人，也不打电话问一下第四：自己曾经作为京东的员工，一直很崇尚京东的企业价值观，入职之后才积极使用京东进行购物的，有时候~但是经过这一次之后，真的吹不动了。截图里面是客服说了会补发，然后十来天了，我反复找客服还是没有消息。可能这个补发只是说说应付了事，大家都明白人，玩阴的多没意思。
,,1,大家评价前一定先和客服确定好有没有好评返100e卡，本人12月15号买了一个zv1白色机器，收到货后按他们的要求评价并晒图，联系客服说7天后才能返100e卡，结果7天后联系他们，直接说没有，可笑至极，还把12月6号返的100e卡截图发我。#吗！我是12月15号买的机器，你把12月6号返的e卡截图给我！！时间点就不对，以为我已经评价了就不怕了？！后续再发信息直接发不出去了！虽然打了客服电话给补了豆豆，但还是气不过，大家都来围观评评理。客服发的截图是12月6号的订单，图片放大能看到时间点
