,,1,哦哦哦哦哦哦哦哦哦哦哦哦
,,1,中规中距，拍风景可以，本来拿来拍产品，感觉很失望，拍风景 任务美美的
,,1,到手2天 跌价400 还不能价格保护！服了你京东！
,,1,买完一周就降价。。不说啥了。。
,,1,妈的 刚买完就降价 提前通知啊
,,1,买了一个月基本没用过就坏了
,,1,电池有问题，充了8小时，还没充好!
,,1,镜头有问题还没解决
,,1,收到的是开过封的，而且电池和原装的也不一样，
,,1,买回来一直无法使用，开机屏幕不亮
,,1,让人生气，拆开发现如下，标签被拆过
,,1,赠品定焦镜头、卡和三脚架都不存在，只有标配。
,,1,外包装完好，但内包装中央明显被重物砸穿，不知道相机有没有波及。
,,1,刚收到就降价
,,1,今年买的，11.1秒杀还比11.11当天贵300呵呵
,,1,屏幕有一个亮点，果然换门存在学习成本，什么按键都不习惯。。
,,1,东西还都是正品，但是价格也波动太大了，几天就差好多。另外客服务跟不上，问题半天没有回答！
,,1,买给女朋友的，她收到后很气愤，取景器很暗，另外包装都不正常
,,1,中间会有白点质量应该有问题?取景看出去中间会有一个三毫米左右白点。厂家不能给一个解释
,,1,这么大的单额，说好的尊享送，什么都没有，有零星评价的话绝对是给零星！没办法，只好打电话要求送递员上门一起验货。若是算平常京东的快递的服务，这个快递员还是可以的，一星只是针对京东服务。
,,1,买的第一个屏幕上有1个亮点，退了重新拍，结果第二个相机竟然变本加厉屏幕上出了两个亮点，前后折腾我接近一周时间，实在折腾不起了。京东比其他渠道要贵，我选择京东买这一万多的东西就是因为服务好，但这尼康实在品控太烂了。还是我收到的是返货机？
,,1,相机不错，就是无法忍受的是，打开包装，相机屏幕贴膜上有个大大得鞋底子印，很恶心，一万五的东西，出来个这个，被腻歪到了
,,1,闪光灯松动。合不严。买回来当时没注意。等用来拍照的那天突然发现这个问题。已经过了7天了。就是因为这个气得现在才来评论。卧槽。第一次打1分
,,1,"收到时标签已断裂,，试了下相机，0快门，1亮点。京东对标签断裂的解释是可能在运输过程中挤压造成，但是，像相机之类的机密仪器，为什么运输过程中不做特殊要求，如轻拿轻放之类的？像普通快件那样甩来甩去，甩出内伤来，是新机也没意义。希望京东对此有所改进。"
,,1,体验真的很差；买到的D750镜头有点模糊，说返回去厂里检测，要15-30天，我本来买相机就是要用的，现在买了还不能用，还要等那么久，这样的体验感太差了，问了N次客服都是官方回答，一点意义都没有；只想退货，，退货退货退货退货退货退货退货退货退货退货退货退货退货退货退货退货退货！！！！！！！
,,1,差评，内封条是开的，明显动了，尼康不管，京东&ldquo;专员&rdquo;说出入库没有二次销售的记录，那你倒是把记录给我看啊？你说句保证是正品行货就行了吗？证明也出不了！
,,1,垃圾东西买完就降价
,,1,封条是拆开的，用了几天，没什么问题，还是得给差评！
,,1,跨省的主流果然不靠谱，胶带都裂开了，配送也坑人
,,1,东西是好东西。只是京东的营销策略让人心寒，双十一降价这么多，是拉动了消费，可是你有想过我们这些刚拿到相机又刚好过了你们所谓的价保时间的客户的感受吗？
,,1,想涉足京东，无奈被京东金融耍着玩，试问这种商城怎能让消费者有良好的消费体验呢？
,,1,绝对差评！1、赠品定焦镜头、卡和三角架了？2、送货上门了吗？验货签收没？阴谋！3、客服狡辩经验丰富，态度恶劣。
,,1,买之前是有赠品的，回来什么赠品都没有。京东太可恨，伤了多少客户的心。慢慢转*了。*这机子才*。
,,1,东西很好，但是价格让我无语，昨天下完单，早上就发现降了400，问客服也没人理，等下午再问有人回了，价格已经变回去了，客服说这样就不存在差价，不能申请价格保护，我去
,,1,差！给爸爸买的，价格没啥优惠，双11就是坑。买京东就是图物流快。真心是坑，保价麻烦死我。这种服务，早晚完蛋！
,,1,第一次在京东买东西，相信你们才买这么贵的东西，但也是最后一次。希望大家千万不要产生什么售后问题  产生问题也是各种理由不给退货  只能认倒霉  呵呵呵
,,1,好气！说是活动抢购，有送马甲、清洁套装什么的，结果到了什么都没有！问客服，这个推那个，而且方向按钮还有点卡顿！！差评！
,,1,怎么发送这样子快递包装。真没想到京东服务这样。要批评快递的？要批评京东的？这样发送东西客户会找你们买东西啊！以后不买京东的！
,,1,封条外面看起来完好，很轻就打开了，原来内部的胶条己经断开了，看来是开过封的，很不舒服，差评
,,1,有货的时候没赠品，有赠品的时候没货。次奥！我11.11号买的，故意等到双11以为有什么优惠。****9，毛都没送！！！店大欺客！
,,1,机身前后晃动有异响，大件千万不要再京东买了，越来越不靠谱，
,,1,第一次在京东买单反，可以说体验相当不满意。之前评论就有说封条断裂，没想到哥被选中。而且肯定是人为
,,1,11月10号八点下单，到了11号0点就降了 半夜联系客服死活联系不上！11号白天联系客服，以无货为理由拒绝价保 ！用的优惠券就不算钱了吗？什么**价保！就是骗人的！再到京东买大件就剁手！
,,1,先说有货拍完了说要调货，等了好多天，相机拿来是拆了封的，查了下三码合一快门数是零又等着用，就没退了，然后买完就降价，补差价还把那个抵用券给减了，差的不能再差的差评！
,,1,19号买，20号就降价，让我申请价保，价格立马都升回去了，怎么申请？！重点是，还升的比以前高???给我心里安慰吗？！没用   还是很生气！！！???
,,1,开始用京东这么多年第一次写差评，和商品无关，差评只因为快递员（态度恶劣，毫无耐心，顾客还得好好哄着他才行）。
,,1,双十一前几天看到标题&ldquo;以后价格比13999只高不低&rdquo;赶紧下单买了，这才几天时间双十一当天降了600可想其中利润有多大，要降价提前两天说啊，降价幅度这么大还不支持价保，本来满心欢喜期待的像是被信任的人打了脸般憋屈
,,1,买个1W3的相机居然不能直接用！连个储存卡都没有，还要另购才能用！还有背包！质量差的简直就是一废品！！！！
,,1,电池非常不耐用，说明书上明明写1200张照片，可是我们只拍了90张左右就没有电啦，不建议大家购买这个型号。
,,1,购物很不满意。第一，选择京东配送就是相信京东的服务和速度，结果京东在未取得客户同意情况下私自改为邮政快递，严重影响收货时间。第二，相机这么贵重精密的设备，包装简单，没有任何的防护保护措施，就只是单纯的一个大箱子，不知道在搬运过程中如何折腾的。第三，多次打电话查询快递，借以以转交邮政快递为由，不给查询。导致快递签收时间推迟一天。
,,1,差评！直接差评！收到货10天，降价1500，走保价不给保，我还没用没拆封，我说退了重买可以吧？不可以！客服态度很差，请求协调，不予，咋地，你们疫情过后如此的傲娇吗？作为4年的会员，我买的是你们的服务和态度，既然你们态度这么差，那买你们会员，消费你们商品，是为了受气吗？
,,1,刚买的相机打开反光板上就有灰尘，金属卡扣疑是用过，收货不超过30分钟立马反馈京东售后服务，说是正常现象不给换货。试问说新相机反光板上有灰尘是正常现象的有几个？这种售后作为老客户来说真的是很不满意！
,,1,从6月1号开始京东大力宣传618活动开始，并且很多网站宣传618全程价保，6月4号下单价格14199元，5号收货，送货速度一如既往的快，没得说，可是5号当天价格就降到了13999，之后价格一路降到618当天是13299，不说当天的限量优 惠券，单单是购买价格就差了900块钱！更可恨的是现在618活动周期已经过了，价格依然是我购买时的14199，拿消费者当猴耍呢？当时宣传的618全程价保也没有了，又拿七天价保说事，呵呵，京东你真拿消费者当回事，做不到就别宣传，第一次网购给差评！京东你这次真的太过分了！
,,1,第一次买数码单反，之前买过两个数普通码相机，正在慢慢摸索当中。在官方旗舰店买就为了放心，当时并不放心。之前看了网友评论有的就反应包装不好，收到相机后果不其然，就在相机包装盒外面加了一层纸箱子，没有任何缓冲的填充物，这个是价值*的精密相机啊？我之前在网上买两盒鲮鱼罐头卖家为了防止碰撞还包了很厚的泡沫纸，实在是匪夷所思，卖家对待买家的态度那就不需多言了，难道是官方旗舰店有点牛，不在乎这一两个客户？在京东买东西还是第一次，但第一次就是大件。总之，有了这一次购物体验，今后肯定不会在这家购买，对京东也有所怀疑，还是在其他地方购物吧！最后补充一句，谢天谢地，相机暂时没发现问题！不推荐买家在这里购物！
,,1,这是我第二台同型号的机型，这台收到了镜头后盖拧不开，联系客服，客服说让我联系售后，没人接电话。我又联系客服，回复说不了解。我就想知道你们授权的维修站在疫情时间开不开门，你们居然不了解，没有相关信息。这样的回复很惊讶。快递很快，包装很给力，客服服务很垃圾。
,,1,一万多的商品，我在会议室开会，送货员也不通知下扔桌上就走了。二次标签开过封的商品！相机暗角、畸变严重，实在没空去尼康服务中心检测！真不愧是入门FX。一次性付款巧遇6期白条免息，选择玩玩，3天后准备一次性付清却显示手续费350！电话投诉无果，说要我提供活动当天截图，你不是在开玩笑吧？老刘当年在中关村卖光储，大家还能熟脸照个面，如今店大欺客，真的是让我这等早期支持的兄弟心凉！
,,1,那么贵的单反，既然外包装只加个大一号的纸箱！一点点填充物都没有，里面可以摇来摇去！不清楚是否暴力运输！我怕快递哥运送途中动作大，故障选择上门店自提，并且11号晚上下了单还亲自致电京东客服热线叫他们包装好些，客服都答应了，结果包装打开封条裂口了一大半多，还有一点点藕断丝连着，不清楚是否是运输途中导致还是返店机，虽然是零快门，担是心情极其不爽，第一次这么糟糕的购物，本来在苏苏已经抢到，但为了这还**000多分可以升级砖石会员还是选择了京东！没想到是这样回报我这个老用户，用了几天相机没什么问题，本来就不想退货，开始想换货，但相机用了2天多快门已经用了200多，怕换货京东这边又可能扯来扯去，听网上的说尼康封条可以用吹风机完美扯下来，为何不学下佳能，需说不换货，但差评一定要给，这可是我京东购物以来的第一次差评，以后贵重物品还是选择实体店或者苏苏也不错！看到我的评论的用户一定要谨慎小心，就算机子没事也会影响心情，毕竟可是1万多的相机，系统只能选择一颗心，要不是系统原因老子一颗心都不给（有图有真相，并且选择非匿名评论）
,,1,遮光罩卡不紧，叫我找维修站，纸质发票不给开，叫我找京东开电子发票，他们只管卖，收了钱什么都不管，一问三不知，24&mdash;120镜头24端有暗角，其他焦段稍微好点，我问了其他人，尼康就这尿性。
,,1,京东专卖次级商品，镜头里面有那么大的杂物，肉眼都能看见，还说什么专家检测没有质量问题，三包政策一样不执行，不退，不换，不修。一万多块买的商品就这样，明显欺负消费者，希望大家不要再上当受骗，我投诉到消协等待处理吧
,,1,本来我觉的我是个多年钻石会员，售后服务应该会好一点。京东号称十一月一号到11号都是双11活动期，期间买的东西都可以享受保价服务，结果呢？我十一月一号买的相机 到了十一号居然便宜了四百块，联系在线客服，全是机器人在和你交流，完全不能回答我的问题，更别提解决价格变动给我造成的损失了，全是机器式应答，你能想象自己着急的想沟通一件事情，结果你沟通的对象是个低级机器人回答的全是无意义的垃圾文字吗，我想问京东客服难道都是些垃圾机器人吗？ 本来这件事过去一周多我快忘了，但看到新闻你们在网上极力洗白自己的客服质量，我被气笑了，想想也只能回头在这里打个差评来表示我的愤怒了。(最搞笑的是，本来想把当日的在线客服聊天截图放上来，结果居然找不到聊天内容了，京东哇 你的骚操作我是真的服！)
,,1,暂时没什么问题，别的用了再追评，为什么给一颗星呢？因为手机的事没给解决(京东自营买的手机，买的延长保修，然后手机出了问题就直接给推到第三方，第三方一句不保修就了事，钻石买家了)～╮(￣▽￣&quot;&quot;)╭就这么简单～
,,1,这个3635客服买之前承诺可以送存储卡我才定的机，说好的机内自带存储卡，货到了我找半天没有送，后来我找他核实，他说需要跟配送核实，承诺24小时回复电话，当时也留了电话，等了三天没有音信，还有一个京东客服承诺我三个工作日回复电话，也是三天没有任何音讯，后来我打客服电话询问这事，客服电话也让我等电话，共找了三个客服进行核实，没有一个人能给我确定的答案，而且承诺都没有音讯，说白了这存储卡送不送的无所谓，一句话，关键是四次承诺没有一个电话回复，自己说话都放p的吗？再过两天我退不了货，是不是就当是没事了？京东第一、二个承诺1-3个工作日客服号0065，有图，我所有都保存了，当初是看着京东的服务比较好，所以我等三天，结果大失所望
,,1,一次非常失败的购买经历。618下单购买，提示19日收货，没想到18日下午就送来了，感觉还挻高兴的。但验货时发现封条已断开，没有购物清单，盒子已打开，当晚联系在线客服，一直没人理我。19日下午本笔订单仍然显示在仓库，但我18日已付款完结。电话联系客服，客服了解情况后，给我打电话说可以帮我换货。我也同意，但没过多久，另一客服说里面的机子没问题，不能换货，只能退。国法规定7天无理由退换货。我看京东上也注明此事项。再说哪有，有生意不做的，情理说不过去呀。 否则只能是618这天，优惠+送券卖机，卖的机有问题。在我一再坚持下，他们又同意给我换货，希望不要让我失望，我可是京东的忠实客户。
,,1,真的够差的，物流催了好多次，一直无视敷衍，相机到了wifi连不上，各种都试了还是连不上，说耗电低，每间隔拍摄闪光一次的情况下可以拍1230照片，但是我的满格电池在正常拍摄17张照片的情况下8%的电已经没了！！！客服不给退，要求检测，7-15天检测时间。真的糟透的体验。
,,1,"尼康京东自营这么做好吗？
1.元旦搞预约，需交定金订购D750，撤单还不退定金；可元旦刚过十天就降价五百！才几天就把三百多预约订购的用户给耍啦
2.1月4日看直播，D750报价11399元！可商品链接的价格是11800。
问尼康自营客服怎么买到直播里的价格，回复让问京东客服；可问了京东客服又回复让问尼康自营客服。没法问了，拉倒吧，不浪费时间了。
虽说怎么定价是尼康自营的权利，可如上所说那么做好吗？不好吧！
又说售后咨询问题吧，客服答非所问，看不明白问题，业务素养太差。
这次升级本想直接买索尼微单，只因手里有两套尼康，其中一个是18年尼康自营才买的D5300，考虑到镜头的延续使用，以及早在八几年就认可尼康为业界老大的老用户还是选择了D750。
本人多年京东用户，只买自营商品，相信自营，认可自营的服务，D750也很好，只是这次购机体验真的是不咋地。对尼康自营耍小聪明小伎俩很失望。"
,,1,就没有比京东和尼康再差的质量了
,,1,没有发票，没人管，
,,1,一个字差，以后都不要在京东买东西了
,,1,明明说的价保，货还没收到就讲了200！
,,1,差评  连个包也没有 抗议
,,1,买完没几天降了1000多，记住活动时最~11799
,,1,"为什么第一张快门次数是5？
1万多块钱就买一个二手货？"
,,1,电池太不经用，充满电还拍不到两百张
,,1,第二天就降价300#儿胡乱定价
,,1,刚买完一个礼拜就降了一千块 不想说啥了
,,1,太坑了，买了没一个月降一千，#，
,,1,"今天比上周五便宜两百，是不是明天又便宜两百，同时618,坑"
,,1,最糟糕的一次购物，买一台有问题，换一台还是有问题，不过服务还不错都退了。害的我买的所有相关东西全都退了。?
,,1,相机收到，三码验证一致，注册也以通过，但开箱左上角条形码是快递信息，京东怎么解释？
,,1,镜头摔了，相机就不保修！！！！！！！慎重！！！！！！！
,,1,第一次在京东买到这么不负责任的产品，快递员不电话通知当面验货，nikon原装封条已被打开，京东真是越做差，已经申请退货
,,1,才买了一个月直接降价1200？？？？？？？？京东电子产品价位太没有保障！！！作为钻级买家这次算看透了，京东标价一天一个样，一下子高一下子低，大家选购一定要小心再小心
,,1,第一次在京东买这么贵的产品，产品不错，但购物付费环节不满意，因为大部分顾客银行卡只有一万的限额，但超过一万的产品很难付费，关键是顾客提出需求后，京东客户漠不关心，最后还是我自己想办法在京东金融里面东拉西扯才解决的
,,1,京东太@了，我11月7号~的尼康750，价格12499界面显示保值到11月11日。现在降价了，再问说有赠品不支持保价。为何当初购买时不说，等买了后才说，而且赠品也不能选择取消掉。
,,1,#京东，老子提前还白天还**照全款收取利息，等老子去银监会投诉强健东
,,1,买之前看看我的亲身经历再决定，供你们参考，主要看图
,,1,太差劲，买的第二天即降价 ，降价前后均可使用满8000-400的优惠券，补差价只补 ，说是必须扣除优惠劵。简直没有道理
,,1,物流很快的，东西还不错吧，有点缺陷的是摇晃机身时有点异响，像手表秒针的那种声音.不知道是不是正常的！
,,1,买完再看的时候就降价了，秒杀价格比plus会员还要便宜*。秒杀价格*。第一次申请保价不知道流程和尼康客服在保价时间内说的次日客服让找京东，没注意有时间限制，已经不能保价了，吃了哑巴亏，很不开心??
,,1,二层封条是开着的 客服解释我完全不信 就是二手的。机子有时候会卡住 小问题 懒得退换了。别再让我这样支持jd的人寒心了。很失望。最差的一次购物体验。
,,1,相机没有问题，封条完整。但是*的优惠券死活不能用在*上，还没有赠品。在购买后3天价格下降**，不能申请价格保护。
,,1,一星都不想给，刚买一个月降价一千多，#，垃圾，欺骗消费者啊。买的人要慎重，价保没什么用。
,,1,1、京尊达送货体验还是很不错的；2、封条看过肯定是全新机；3、机器的出厂日期很近；4、京东双12期间用券后13349到手；5、目前为止全幅相机里面最均衡的一款产品；6、这个一星差评是给京东的，我下但是明明选的纸质发票，却不提供纸质发票，那就干脆别让顾客选啊！
,,1,相机封条被开过  跟去年买的d7000一样  以后买大件还是实体店靠谱！京东快递真他嗯嗯滴慢  问客服一问三不知，
,,1,京东的行为完全是在欺骗消费者。618打着年中最低价的口号，然而在仅仅一个月之后就降了近一千元。这个时期也刚刚过了京东的价保日期，试问这不是欺骗是什么呢。这么贵重的东西选择在京东是信任，你们却把消费者的信任当作无物。
,,1,三问京东:其一，护目镜盖子哪去了？后来说补发，没动静了。其二，咨询客服说货到付款可以公对公转账，到货了却又不可以。京东客服业务能力哪去了，合同工？其三，赠送的内存卡呢？？
,,1,以后买尼康的朋友注意了，买的时候京东客服说这就是618活动，已经是最~，还有赠品，没想到买完刚过一星期降价700，还没法走价保，最后还少送一个支架，客服还说只能按活动规定来，以后要理性消费防止套路。
,,1,快门一次，还可以，相机真伪还未检验，是否存在坏点也没检验，没有的话，后面追好评，先给差评，因京东客服上门取件还要收我费用。
,,1,相没但明显拆过，电池基本上没啥电应该是用过，虽然显示0快门外面包装破成狗，如此贵重物品东西扔门卫，没注册过，下次贵重物品还是到**吧，原来的买个iPad也是有问题退了
,,1,我不想给差评的，快递师傅也不容易，但我那天低烧37度，等了半个多小时，现在39度难受的很，社会就是残酷工作失误要付出代价，希望以后注意。（说六点前送到，一直到六点十五电话才打通，然后说没我快递直接挂了，我当时发着烧等你饭都没赶上，不想说啥了，他师傅人不错查明后很快送到。）
,,1,双十二订的货，211限时达，说好次日9点~15点送货，16点了货还躺在配送中心的货堆里，联系客服，因为马上下班，要求更改配送地址，客服表示不能改，客户可以自行取货允许报销取货费用，自行驾车前往，货堆中翻找40分钟后找到，出门发现车辆被贴抄告单*啊！再次致电客服专员表示，没让你违反交通规则。附近又没有停车场，你让我停哪里？不是因为你们延误会发生这个情况吗？如果遇到刘总裁我要说：难道京东做大了就是这种态度，刘总裁，这次我要给你的团队差评！给我这个京东老用户带来了超级差的购物体验！
,,1,镜头有一个明显的亮点，希望可以换，最近几次在京东购物体验都不好，都有问题，大家要注意啊。
,,1,"不赠内存卡，不赠相机包。
10月18买的，原价14299,活动价14199。说是双十一没有大活动了。
结果11.1号开始1.3万多，便宜了400多块钱。"
,,1,望穿秋水的忐忑不安中等来了人生中第一台单反，第一次在京东买这么贵的东西，一直担心双十一会被暴力搬卸，所以两次电话联系。一次是京东客服，另一次是最后一个快递网点，均告知是单反与镜头，要注意搬运。晚上九点左右总算到了，马上当着小哥的面拆箱验货，虽然三码合一，封签也是完整无缺的，但是除了尼康自家包装箱里有点防护措施的硬纸板外，外层纸箱一没泡沫防护，二用了还贴有洗护产品条形码的包装盒纸箱，天呐，不敢想象用这样的外包装纸箱?，装卸货时工人是怎样的搬运&mdash;&mdash;以为是洗发水啊，谁会想到是超万元的单反贵重物品。太可恶了，等明天去特约维修站检测了再说，没问题算万幸，有的话退货更麻烦。一直相信京东商城和京东物流，这次却做的这样不到位，太让人失望了。
,,1,616买的相机，精心的照顾着万元以上的家伙，就这样华丽丽的坏了。7月13日拍视频时突然显示屏黑屏，按什么键都不显示，开关键失灵，肩屏Err，抠电池啥的都没用。是我运气太好，还是相机太次，或是买到了假货！！！！！！求安慰
,,1,怀着激动无比的心情拆箱，结果撕开封条就是这样子的。心情一下子跌到谷底。立马上网查验机攻略，三码合一，开机设日期，快门零，ccd好的。这才稍稍有点放心，但心里总是不爽。
,,1,买来一个月一直没用，最近才拿来使用发现屏幕严重偏黄，已经过了退换的日期。我是专业的产品摄影师，这样对我来说根本无法使用。后悔买了D750。
,,1,很失望的一次购物，全新包装带封条，没有注册码卡，京东客服退给尼康客服，尼康在线客服退给尼康400电话，尼康400电话要求拍3种照片证明，关键是要把资料发到一个163邮箱，为何不是nikon，***，cn的邮箱，于是申请售后，京东客服要求拍另外3种照片证明，总结是尼康要我证明在京东买的是行货，京东要我证明在京东买的是行货，所有订单资料你们两方都比我清楚，请教我怎么证明京东不卖水货不卖返修机？京东在线客服自己查了包装清单压根也没有注册码卡在里面，我要怎么证明京东不卖假货？几番周转后来出动客服专员，专员说让尼康联系我处理，等了几天，尼康一个020电话告诉我一个注册码，但这件事京东不知道，第二天京东的客服专员再给电话给我才被我告知，于是乎，情节离奇，客服诡异，责任不清，在京东买东西接近9年，今时今日的这种服务态度，哎，难道还要我证明京东是京东，臣妾做不到啊！
,,1,"非常不爽,二手货,懒得退了,开过封的,居然Nikon的黄色封口皮是好的,里边的不干胶粘皮是开封的,可恶的京东"
,,1,一直以来都是京东的忠实粉丝！但是这次京东搞#！2019.06.07买的，参加的618活动！今天一看，又降了700！还多送一个三脚架！申请保价，过了保价周期！我就想问下官方！有怎么坑客户的吗？才过了不到10天，就差这么多！就算是数码产品价格幅度大！也不能这样啊！是不是要给我们客户个说法？请官方给一个合理的解释！
,,1,打开塑料封着套机包装盒，看到封条完整，就付费了，但揭开封条第一层，发现第二层已断开，不知是何原因？请给予解释。相机属于精密仪器，包装很草率，第一层包装里面就放了点充气塑料袋子，而且里面的相机盒子基本是晃动的，充气塑料袋根本不管用，比我上次买的破碎机的包装差甚多。
,,1,"11月7日凌晨下单，原价1万，三千五，百九十九再用了一张211券，8号晚收到。11日凌晨0点降价200元，凌晨0.40分恢复原价
数码产品说是7天价保，但是我经历了三个槛。
1。降价时候价格保护链接直接来跳转到主页，无法进入正常自助价保申请，直到第二天才正常跳转。
2。联系客服说要价保，让我再下一单不付款，好了，再下了一单，因为这回只有-30优惠券，下好一万，三千五百，六十九，客服跟我说价格没降，不能价保。your sister&rsquo;s，我留着-211的券11日凌晨下单绝对131八八到手，照京东理解方式，我就是11日凌晨再下一单作为证据，但是没有券，也不会比7号下的低，就无法价保。
3。315投诉完有京东的联系我，说秒杀的商品不能价保，此细则可查京东价保规定。恍然大悟京东给自己设了个保险，反正以后降价都是用秒杀方式降，就不在价保范围了，我才明白价保毫无意义，幌子罢了。"
,,1,"去自提点拿的货，刚拿出来，外包装封条就是打开的，马上退货。说自提的时间有限制，害的我刚下飞机，拖着箱子一身汗来拿货。费时间，还累人。
最神奇的是：买得B+W的uv静也是拆开的。返修机全让我赶上了，这么高的中奖率？严重怀疑，所有的机器都有问题。"
,,1,"先说缺点：1.&quot;京尊达&quot;简直&ldquo;快&rdquo;的飞起啊，同城快递历时三天终于送到！哈哈  1万多的东西直接地上扔一堆自己找去，还专人专车配送，打脸不？2.包装已开封，撕开的是上半部分，后面用一种不可名状的胶粘回去了，下面有图为证！3.虽然是17年的产品，没了炫光门，快门门。但又却不幸的遭遇了&ldquo;亮点门&rdquo;&mdash;&mdash;屏幕上有一个显示异常的亮点。请看图。虽然不影响使用，但是心里也很不爽&hellip;(鉴于太麻烦就不退了，而且怕换回来的有同样问题)
其它：正品的确是正品，已验证四码合一及尼康官网注册。目前正常使用。有赠品，双十一价格合适。
综上三点让我感觉本次京东购物挺不愉快。 不知道为什么包装箱会开封，官方也没个解释。总之，大家以后购买这种大件，不要迷信大陆行货，全国联保有时还真不如别人的店保。找个老法师带你去实体店买吧，能砍价还能索要赠品，最关键的是有什么问题你就能立刻发现。
关于D750本身：我是从佳能60D升级过来的，真的可以吊打60D吧，对焦系统 高感 宽容度都相当好 机器性能可以和佳能5D3硬怼。24-120的镜头暗角畸变的确严重，但是后期校正一下就好了，VR防抖也很好用！不够钱上24-70，它将是很好的选择。"
,,1,"这次购物被京东搞得一肚子气。下单的时候，显示有货，说第二天就会到，但下完单又说没货，需要到外地调拨。好不容易等了几天到货了，发现是被人开过密封条的非原装货。来的时候相机纸箱外裹着透明薄膜，看着黄色的密封条有点褶皱，但还是完整的，没想到拆开透明薄膜后，那片黄色的密封条就自动弹起，见附图，从封条的两个尖角处还粘着一点胶可以看出，这显然是以前被人开过的，而不是客服所说的在运输过程中被外力撕开的。而且我想尼康对这种一万多块钱的商品也不至于会用很差的胶来做密封条吧。所以这明显就是京东自身的问题。
在收到货的当天（19日）我就要求退货了，京东第二天就来把货收回去了（这还算快），但到今天（26日）为止，已经一个星期过去了，京东还是没有退钱。明明状态栏里显示&ldquo;京东已经收到您的商品并且检测完毕&rdquo;好几天了，但客服一直说还在检测，到底在搞什么？？？
"
