,,1,京东不提供发票，已经确认无法保修，大家注意购买！
,,1,伤心
,,1,没有性价比
,,1,镜头没得说，就是买完就降价。申请价格保护，说不行
,,1,拉及京东
,,1,光圈叶片缩放异响过大！！！！！
,,1,这镜头真的不要买，有着钱，买2470适马不好吗？
,,1,刚入手，就跌50元。
,,1,其他还好，因为强制赠品的原因周四买的周五降100，不可以保价，很生气，很不满意。
,,1,镜头盘边有划痕 我是2号收到货的4号提交了服务单，客服说有问题为什么3号不提交 因为机身是4号才会到，机身没到我总不能拆镜头吧 只能只认倒霉了
,,1,"镜头在索尼官网不能注册！
之前买的SEL55210注册就成功了！
仔细看镜头内部有灰尘！"
,,1,拆封触点就有划痕，***说的没错，试了下没有问题，懒得退，但是就是不爽！
,,1,做工质量：在光圈2.0以上的时候，在单次对焦模式下，对焦过程中，光圈叶片缩放异响声音过大。已申请售后，等待结果，
,,1,刚买完10天就降价，京东大骗 子
,,1,买完没几天，就降价好几百，无语
,,1,"过了8天降价100,正好过7天保价周期，故差评"
,,1,没几天价格降了100块，还不能申请价保！果断差评
,,1,赠品问题我给差评。
,,1,触条明显被安装过，非常差的购买体验
,,1,plus会员买四千多的镜头 一个京豆没送 差评差评
,,1,买的时侯看到是双11价格就拍了，10月23日送到的，11月1日就降价了，原来京东也是骗人的
,,1,建议京东把拆封过就不退的说明标示在显眼的位置，最好别标七天无理由退货，不愉快的购物?
,,1,差价太大了，让人无语?
,,1,刚拆开看到这个盖子只能给个差评了，花的像几百手了。而且是没有纽上的。
,,1,第一次给一星，因为收到后发现无法注册，怀疑是二次销售，镜头里前后各一粒明显的灰。打了索尼客服后可以注册了，但是心理仍然不舒服。
,,1,"物流太差了，客服说可以这么说
镜头还行，拍拍人就行了，至于挂机，还是换个镜头吧"
,,1,差评到底 半个月降价靠五百 实体店都支持保价 客服居然提出补偿20 这个还是争取到的 反正我是不能接受
,,1,垃圾 收到货打开发现拆封过的 也注册不了 售后也没用
,,1,京东买东西一向都是5星好评，但这次无力吐槽，新镜头触点使用痕迹很明显啊！？找客服咨询也是推来推去，还莫名其妙准备让快递员过来收货，我有要退货吗？咱是实用主义，正好急用，没打算换啊，只是讨个说法，互相推卸责任！
,,1,差评，刚拆封的镜头，一看触电就有很明显的被使用N多次的痕迹。想退货又说拆封后无质量问题不给退，还要售后检测有问题才给退，我想说的是：不拆封我怎么知道里面装的是不是块石头？后来看了很多评论才懂京东这套路，~
,,1,镜头后盖到时发现脱落，活动价保只有七天，不是全程价保，六一买的贵了一百，只能给差评。镜头对焦光圈摩擦声很大，不知道是不是通病？
,,1,装上a7m3上眼控用不了，找店铺客户咨询，就丢个索尼的400电话我，还理直气状，这种体验能好吗？
,,1,京东的东西真的不敢买了！新买的拆开来就看到划痕，镜头里面都是灰！太垃圾了！可怕！次品还是二手的？！
,,1,一个链接全部都有一百元的券，只有55这个没有，双十一还比5号的售价贵了一百，在京东上花的钱越来越多，但是购物体验越来越不爽
,,1,京东自营快递第一次让我这么#，上次你们直接扔收费的代收点而没打电话我没计较给的五星好评，这次更搞笑，长时间没到货我找客服投诉，客服说快递站点的答复是人手不足，因为这次镜头有急用所以多次打电话询问，客服说自己也没办法，像机器人一样复制粘贴道歉的话。过了好久我发现代收点有我的快递，只是物流信息没更新也没通知任何人快递放那了，客服一无所知又是道歉又是补偿我京豆的，请问你们内部是如何协调工作的？我一个上班族目前京享值七万长年续费plus，一直坚持在京东购物尽管较其他购物平台价格最高！图的只是京东的快递和售后让人放心。而近期在京东的体验越来越差，其实~都是正品，只是自己的购物情节选择京东，机器人一样的客服和越来越不靠谱的快递，请问你们只知道上班拿工资，没有人愿意为你们的京东考虑下吗？
,,1,包装太差，这么贵重的镜头，连个泡沫都不包，也没有易碎品标签，里面的镜头群有没有摔出问题都不知道
,,1,产品太差 还没有价保 几天时间降价1000 还推脱责任重 大家买的时候要慎重
,,1,买秒杀产品是不是因为赚的少，发的都是样机？这样的新镜头的触点，很正常？
,,1,索尼最值得买的镜头。出片率最高的镜头。最适合带出门的镜头。所以就买了。不过，京东每次都给我二手货，我也是挺无语的。我买的适马18-35，小痰盂，以及这个镜头，每一个都是触点有划痕。***让人无语。
,,1,"第一点送货过来里面的镜头，竟然盖子都是没有拧打开的；第二个问题，我跟客服交代得很清楚，我要拍产品的细节图需要什么镜头，我说我是一个不懂行的人，希望他能您提供这些专业的知识，以及专业的售前服务。他竟然给了一个人脸镜头给我
现在问这些客服还不理不睬一直叫我稍等稍等到现在都没有回复我。"
,,1,镜头是好镜头，可惜京东伤了我的心，才买几天就降价了，还不给价格保护，亏我所有的摄影器材都在京东买了。。不开心！配送员也是不如以前了，四五千的镜头，直接丢在那走了，我追出去要验货，还不给我验，说有问题找客服，还记得我第一个镜头fe50 1.8，这镜头京东根本不给退呀！找客服有个毛用！不说了，都是泪！
,,1,差评，镜头没问题，专人送货，但洗照片的赠品骗人玩呢？，。，。，本来有没有赠品都会买，但有了，用了有没消息了，没不给照片，那让我上传干嘛，客服也没反应。买你六个镜头你们专人专车送上门，现在就差你这个洗照片钱啊。骗我上传照片干嘛？？？？？？？？
,,1,7天无理由退货真是个好东西，找客服都是推售后，永远告诉我是全新正品，投诉电话永远打不通，吃哑巴亏，第二天还得拍摄，京东的服务是真的&ldquo;棒&rdquo;
,,1,"说实在的。。。第一次感觉蔡司镜头这么差，让我感觉买到了残次品。对焦贼慢，拉风箱呼呼呼的，成像感觉还不如m2配的狗头。申请退款告诉我不支持，因为拆封了，连东西看都不看就直接说不支持，不管你东西是不是有问题。
之前朋友说京东售后有保障，所以第一次在京东下单，就是买了比较贵重的相机和镜头，没想到第一次就碰到雷了。扎心了"
,,1,做工质量：买了一直没什么时间拍 第一次外出带出去 放包里下车的时候不小心碰到了一下就撞断了 这个质量真的感人 京东说是我人为造成的 需要自己付费联系索尼线下维修  搞不懂五千块的头放包里不小心撞了一下就断了 这什么质量啊 绝对不是大力碰撞
,,1,锐度确实牛逼，但是光圈全开紫边绿边也**确实厉害啊&hellip;&hellip;拍说是可以缩小一二档就可以避免，那你标1.8的光圈纯粹就是欺骗！另外光斑也有明显的洋葱圈......对索蔡的好感一落千丈&hellip;&hellip;此外，还有跟其他买家一样的问题：京东这包装也太糟糕！赚了多少钱不说，就不能用大一点的盒子吗？！就不能定制专门的泡沫盒保护吗？！**真不如人家几块钱一瓶酱菜的包装！真是一次糟心的购物体验！只能勉强给1星！
,,1,第一次在京东买镜头，因为当天到货偷懒就买了。大概比实体贵二百-三百，正品倒是正品。收到货拆开外观新，但是镜头接口触点有明显多次使用痕迹。*所谓的全新且此类别产品不七天无理由退换，防止二次销售应该不会存在？问了客服，说是买个手机也会有可能划痕诸如此类，见仁见智了这话。让我联系客服申请退换看了下时间流程想想算了，过程太麻烦。镜头盒写是泰国产，跟我实体买的包装盒颜色有明显深浅区别（大法家刚入不懂）。本想要个解释态度不提，*打着全新未拆确实打脸。顺带吐槽一下我在别家和实体买过索尼和佳能前后十余只镜都没有全新未拆封镜头出现这样的。以上过程提供大家参考，试拍了几张目前未发现使用问题（刚新入索尼a7r3，大法家还在探索中）
,,1,以后不要在jd买镜头了。。。除了送货快一无是处。。。光圈叶片上有个白点，申请换货也不给换。。。客服只会重复一句话不影响成像。。。就问你正常镜头会出现这情况吗？生产制造缺陷还不认账，各种抵赖。。。已经315投诉，等待结果。。。
,,1,三月7号买的镜头收到以后打开后盖后发现一个手指印，找客服 客服说是**正常的（无尘车间不带手套正常个锤子）拍了照片和视频给他然后让我找售后，ok找了售后跟我说换货周期大概7到15天，ok换呗，结果花了三天到了京东售后，售后收到过了接近两天发短信跟我说要发厂家检测还得7到15天，真就客户的时间不是时间呗。
,,1,原本想换的镜头没啥问题也就不想差评了，但是现在镜头有这么明显的瑕疵（视频里镜头上有一个无比明显的点，肉眼可见，不是灰尘），京东说来说去反正就是要检测，要等。因为30号急着用，27号下午好不容易沟通好了说给加速解决，客服也说上海仓是有货的，只要换货会给我从上海仓直接发，晚上发货了从广州发的。。。我也是傻一直相信你们客服，一直觉得京东是值得信任的，我盆友让我买电子产品不要从京东买，会有问题，我还不信，我现在彻底信了。各位，三思而后行吧！各大平台还有实体店都有卖的，索尼官网也有，大家找靠谱的吧，我对京东失望透顶。618买的自营的东西真的没有一件让人顺心的。
,,1,京东绝了，拆了封条就不能退，页面还写着七天退换，呵呵，就不允许顾客买错吗，**售后，处理了一个星期，最后再跟我来句不能退，只会一直拖拖拖，算我倒霉，不会再来售后这么差的地方买了，花钱买教训了，还是去**买吧，最起码售后可以退换，大家真的考虑清楚再下手，这里是没有售后保障的
,,1,由于降价申请价格保护，客服确认返还京豆代替，已经过了五六天，天天问客服，一直在审核中，算了直接差评吧，客户算个啥。
,,1,辣鸡京东说好的数码产品保价30天618最~买完又降价了，保价也不行，一天换一个小妹出来聊天。天天都是帮你核实，从来没人解决问题。
,,1,第一次到货的对焦拉风箱，换了这个，然后拉风箱声音更大，退货了。关键，这次的镜头盖标注是49mm，怀疑时二手镜头，大家慎入。
,,1,服务一点都不好，视频没法传到手机，问什么原因，聊了一个小时，都没回答我的为什么，在那绕弯子！！！
,,1,服了京东的赠品了，同一天两个时间段买一个没有赠品，一个有，价格相同，让补发说没有证据不给补发。昨天联系的时候就是一样的价格一样的赠品，服了真的#。请各位买的时候注意赠品以及价格最~4199叠加券4139别买贵了。还有大促时候6期免息12期免息都有过！一定等时间
,,1,试用后感觉FE55已经是只老镜头了，技术已过时。除了锐度其他各方面都只能算中庸。有2470GM或腾龙2875的摄友，完全不需要买这支FE55。1光圈偏小室内弱光下不够用2没有对焦锁定按钮构图不如GM方便3开关机时镜头光圈咔咔噪音大4焦外虚化不好甚至不比那几只GM变焦强总之如果已经有了好标变再买它就不值了。另外，再次强调下#镜头开封后拒绝退货，小心入坑！
