,,1,刚买就降价，申请补差价还申请不了。
,,1,不要买 买了就后悔
,,1,6月11号才买，今天就降了100还多送一个原装电池
,,1,我刚加购物车就涨了二百，买完了跌五百，之前看评论有这样的
,,1,刚买完就降价200，还加送电池手柄，内心十分崩溃。不相信这些活动了！
,,1,大家 买了过了7天立马降价400，大家高于9.1.00不要买
,,1,使用体验还不错！但是我刚买到手里两天，价格就降了300是几个意思啊，申请价保还总显示没货，无法价保！反正不是那么太满意！！！！！！
,,1,价保变九天了，13天后降价300，精准啊。既然这样玩，干嘛搞价保呢，只给人一种被愚弄的感觉。
,,1,成像效果：.20收到货，试机时候发现屏幕居然有坏点，希望618买这款相机的朋友们还是仔细验下机吧，毕竟好几千的东西呢 ！
,,1,买不到两周，双十一活动力度更大，不补送不返现，问客服说一回三，就是不正面回应你！你们京东是要上天！
,,1,买了第二天就降了100，差评
,,1,镜头进灰，对焦声音大，进价比很差的一个镜头
,,1,相机30天只换不修只是个幌子，刚到手就故障不能自动对焦，因为缺失光盘只能维修！！光盘几毛钱一张，相机9000块，好深的套路！近百万的消费记录养出这么个狗D来。无语！！
,,1,一个月不到降价一片 客服服务极差 有问题就要去找京东
,,1,新手一枚，相机机身摇晃有异响大概在闪光灯位置不知道别人买的是不是一样，另外套机只有一张发票有机身号没有镜头号。京东客服说买的套机镜头不给发票单买镜头才有，以后镜头出了事找谁？
,,1,买相机把我恶心到了，太差劲了。给单位买的相机，咨询的时候不给我说没有内存卡。结果现在用不了。
,,1,建议没用过单反的朋友别在网上买，不会用也没人指点，这东西不是那么好学的，差评
,,1,服务太差了，商品有问题，窥视镜有很明显的划痕，货退回去也不给我换，而且还耽误我很长的时间。货寄回来又有漏得东西没寄，还核实一个星期。买这个太后悔了。建议别买。
,,1,千万别到京东买东西，这个相机买回去泡脚严重要售后，刚买就要修，还不给退换，我是七天之内的，就是不给换，客服拿个死猫硬让你吃下去，三思，以后都不到京东买东西了。拖了我半个月，一点没解决问题结果还是维修，可笑，新相机要维修。
,,1,"收到货发现在拍我们产品不清晰，要求退货，竟说拆了包装不给退货，国家三包政是这么规定的吗？我们只是拆开确认了一下是否符合我们使用的要求，包装也都还在，不拆开来谁知道是否符合。
根据工商总局最新公布的《网络交易管理办法》（以下简称&ldquo;办法&rdquo;）第十六条，网络商品经营者销售商品，消费者有权自收到商品之日起七日内退货，且无需说明理由，但有四种商品除外：消费者定做的，鲜活易腐的，在线下载或者消费者拆封的音像制品、计算机软件等数字化商品，以及交付的报纸、期刊。上面个那个&ldquo;拆封不退&rdquo;的提示，本身是违法的，拆封不退，只是音像制品，比如DVD，歌曲等，而不是指数码相机等电子产品"
,,1,什么垃圾玩儿？说好的送电池呢？电池也没送 我去找人工还说帮我问尼康公司 我问京东客服之前就已经问尼康客服了，说好的送电池的 而且订单送电池 收到货的时候却没有电池 你们就是这样忽悠人的？还京东自营？说给我升级协调给我打电话也没给我打？什么玩儿？辣鸡
,,1,"第一次买单反就遇到问题，机身光圈调节出了问题。取景器十分暗，在稍微暗一些的环境根本没办法看清任何东西。即使光圈调节到最大，从镜头一端看光圈还是很小。无法调节光圈，机器会出现err。不清楚为啥会出现这种问题，尼康这种大品牌，是如何做到新机器第一天晚上试机就出现问题的？心态崩了。
希望客服能给出解释吧，我还是保留对尼康的期待，明天就换新。"
,,1,赠品太少，内存卡都没有差评
,,1,为什么我的相机盒子被打开过？
,,1,垃圾京东。
,,1,欺骗消费者，有礼品赠送，到了什么也没有
,,1,我真的是醉了，昨天刚买的 今天就降了600元 这样真的好吗 一点补偿都没有
,,1,很不爽的体验。发票没有给，清洁套装没有給，客服态度超级敷衍。超不爽。
,,1,配送员超级好，但是相机是开封了的，再明显不过的事情，非说是配送过程中自然裂开的...退货各种阻碍，最后放弃了...
,,1,晒单个毛线啊，刚买不久就降价200  价格真是市场部随便改啊。呵呵哒，1分足矣
,,1,花了一万多，发票问题找了N次客服，每次都是推脱，本来答应好换发票，现在又不给解决，很不爽！差评！
,,1,差评，原本买给老爹的礼物，老爹不太会用，过了一个月拿出去拍才发现居然进灰了，镜头前后都擦过数遍，还是有灰，客服要拿到售后点检查，尼康在格尔木没有售后，要到西宁才能修，中间1000公里很麻烦，新机居然出这种问题，怀疑尼康的品控根本不合格，原本还想给自己买一台，看来要考虑佳能了。
