,,5,6.18活动，6月1日提前预约，24-120套机性价比很高，第一次买全画幅单反，真的有点重，成像很好，24-120的虚化效果不错，有钱在加个定焦镜头。
,,5,"产品包装：产品包装很漂亮，快递打包的时候，放了防摔气垫。
外形外观：尼康的外观设计一向很大气，很喜欢。
成像效果：装好相机后随手拍了几张，成像效果不错，而且拍摄到模式选择也很多，日常生活、外出旅游足够了。"
,,5,"产品包装：不得不赞，京东包装物流不错。
外形外观：非常好，性价比很高，质量很好。第一次购买全画幅单反，看上去就给人一种高级感，价格也合适，大赞?
成像效果：是理想中的产品，效果很好，放大也很清楚，值得点赞！
便携性能：外观干净漂亮，做工很不错，没发现什么瑕疵，个人感觉大小也挺合适，加上24-120镜头稍微有点重！
其他特色：亲身试验，的确正品，大家可以放心购买了"
,,5,"产品包装：包装完好，打电话防伪码查询是正品。快递给力，送货很快。
外形外观：外观精致大方，做工没的说，手感不错。
成像效果：内存还没到，还没试机，不过大品牌，主流老机型，信得过。
反应速度：反应速度试机以后再评。
便携性能：挺大的，便携性还可以吧，单反也没太小的啊"
,,5,包装完整，确认是新机。快门为零。心水这个机器几年了，看已经停产，再不买可能买不到了。而且价格跌到谷底。机器不大，也不重，做工精致，成像锐利，拍风景的好选择。速度很快，全幅机的宽容度很好。
,,5,"全新正品，今天买到了镜头UV镜才装机开拍，全画幅的效果就是不一样，太好了！以前用的尼康D7000, D5300, D3000感觉还是不错的，熟悉尼康，所以升级全画幅还买尼康，这样不要花太多时间重新熟悉机器，这款入门级套机D610，秒杀要比平时便宜几千，还送了手柄，一下就高大上了！"
,,5,"头天晚上下单，第二天就寄到了，不得不佩服京东物流的速度。
以前用的宾得，习惯了宾得的佛系对焦，再试尼康，对焦速度绝对满意，即使晚上也没有网上说的那么不堪，翻天覆地的变化了。
全画幅画质更不用说，对于入门爱好者来说足够。赶上现在的优惠活动，这个价格还送个手柄，还要啥自行车呢。
试着拍了几张，无坏点零快门，做好准备，趁着春暖花开去拍拍拍吧。
最后感谢一下提供资金支持的老婆大人，为了这么个烧钱的爱好爽快拨款，以后这个新欢只为老婆和女儿服务啦"
,,5,"产品包装：非常完好，内层有气泡塑料垫层。
外形外观：没有任何损伤，打开外箱，相机自身包装盒完美。
成像效果：刚刚使用，还没完全掌握性能，外景拍照挺好。
反应速度：对于入门摄影爱好者，够快。
便携性能：有点重。"
,,5,"产品包装：完好无损
外形外观：加上手柄后酷似d6！！！！！
成像效果：很清晰的呢！放大放大再放大，每一根毛都看得清清楚楚！！！
便携性能：重，尤其是镜头重，挂脖子上都不太受得了
其他特色：金圈镜头的套头，买到就是赚到！奥利给！"
,,5,"偶然间逛京东，发现了曾经的全画幅单反不到一台华为手机的钱，不玩单反好多年，不过了解了一下现在的技术，还是果断下手了这台7年前的全画幅单反。
京东的相机都很放心，tb的相机总有很多特别坑的情况，相机是24-120 f4 套机，这个镜头作为尼克尔金圈镜头，成像效果还是非常不错的。
尼康D610作为全画幅单反，直到今天，宽容度也是非常优秀，这两天的拍摄中，我经常减三档曝光在拍摄，通过后期取消调整也能获得非常好用的画面，低感情况下画面通透纯净，非常棒，
总之来说，在这个价格下，7年前的尼康D610仍然是非常值得购买的全画幅相机，非常棒"
,,5,尼康D610性价比不错，包装非常完好。最主要的是标配的24-120mm 镜头功能强大，拍摄的效果很棒。
,,5,京东自营送货快，尼康D610价格很优惠，全画幅机型棒，还送了电池盒。24-120小三元不错！
,,5,从不用胶片相机以来，先后用过柯达4500，松下丅Z1，佳能6D，索尼的NEX-3C、5R和7，以及尼康的D7100。总而言之，还是喜欢尼康的色彩。这次买的是性价比很高的D610套机，整体感觉不错，特别是装上手柄后，有了全幅的样子。过几天出去旅游，拍完景再追评。
,,5,6.18买的，价格确实优惠，相机不错，第一次买单反，还在学习中，总之好超值，12期免息也是不错的选择
,,5,第一次在网上买这种大件物品，收到货后各种检查包装，封条，查询验证码，又上网完成注册，一路下来，没有任何问题，零快门。物流很快，快递员很给力，极速送达。必须五分，好评！
,,5,相机包装非常好，没有任何磕碰，而且物流非常快，基本上第二天就收到了。回来试用了一下，效果非常好，是专业入门的首选。感觉相机的配置和功能较以前有很大提升，拍照质量非常好，操作也很方便。已经用了半个月了，也没有出现任何问题，总体不错。
,,5,"成像效果：小白一个，还没搞透
产品包装：包装很严实。
便携性能：背包足够装下了"
,,5,"产品包装：完美 高端 大气 上档次。
外形外观：大爱尼康 超高性价比 这个价格还是全画幅
成像效果：一直心来尼康产品
反应速度：还可以
其他特色：带24-120广角中长焦镜头
便携性能：大爱"
,,5,"产品包装：很好。
外形外观：不错。
成像效果：应该不会差，还没试。
反应速度：应该很好。
便携性能：可以。
其他特色：7999元秒的，比佳能的半画幅还便宜。"
,,5,包装完好。d610全副机身?24-120F4镜头非常适合摄影入门，大部分情况下焦段完全够用，成像对焦都很给力，机身重量和尺寸都不大，外出携带也很方便，后期配镜头选择也很多，机身配置完全够用，套机价格很厚道！搭配神牛的860II闪光灯，新闻拍摄也可以，尼康的握持很舒服，之前用的D80，终于可以换全副了，F卡口的镜头价格都比较厚道！慢慢把玩
,,5,已经忍了五年才买的全画幅单反机，非常喜欢的单反相机，虽然发展趋势，d610准备停产，官网上其实还在挂着d610，2013年发布了产品，说明质量还是不错的，很多人推荐我买微单，最终坚持自己的想法买下了d610。
,,5,产品包装：到手了，专业机就是专业机，立马感觉高大上，，全画幅就是不一样，后悔买晚了，
,,5,使用了一段时间，全画幅的就是给力，像素、色彩都很好，机器外观也很不错
,,5,最便宜的全画幅，拿来拍景是性比价很高的。只要不追求联动很快的，这个机器的性能能满足需求。
,,5,尼康用了十年，90，7000，现在610，第一次选择网购万元以上商品，只有京东放心，专人专车11点前下单，4个小时就送货上门了！快递员服务超级到位，?????用了一段时间感觉机器成像比想象的好，我拍摄量很大，真的感觉给力！图中三个相机是7000，610，90三个放一起对比！
,,5,非常好的套机，一开始以为24-120的锐度不会很好，没想到依然继承了尼康金圈镜头的优良传统～一点不比24-70差！非常推荐大家购买～图三是用120mm F4拍摄的，真心不错！
,,5,"　　对于尼康d610来说，它是2013年10月出来的一款机子，是高端单反相机，适合于一些专业的人士。这款相机属于全手动的进行操作，这款相机的最大像素2466万，相应的影像处理器是EXPEED 3。
       在照相方面，由于这款相机分辨率可以达到6016&times;4016像素，再加上一个高清摄像头，所以照相的效果非常的完美。
       拍摄性能方面，这款相机短片拍摄可以实现1920&times;1080尺寸;拍摄的视频很好。
    　外观设计方面：这款相机外形特点是大屏幕，相应的外形尺寸大小是141&times;113&times;82mm，产品的重量是760g。"
,,5,用了一段时间才来做评价，非常棒！??春节期间出去拍了好些照片，基本功能都试了一下，很满意，??尤其是拍夜景的时候，达到了我想要的效果。虽然春节不能出去玩，但是拍了一些好照片，心情也是美美哒！????
,,5,种草多年了，终于拥有了，对我来说已经很够用了。
,,5,"很好，8000多的价格，简直买镜头送机身了。二手机身都要3000。
瑞虽然是入门全画幅，但底大就是正义啊！出去拍了一下，果然不一样。
出去拍了拍，真香。"
,,5,这个入门套装很亲民 毕竟是全画幅的机身 虽然不是顶级的配置和技术 但日常使用足够用 大品牌 做工和质感也没有丝毫缩水 镜头焦段可以一镜走天涯 固定光圈素质有保证 值
,,5,超值的全副单反，虽然上市年代久远，但是在退市前，这是最最超值的全副单反了，走过不能错过。套机非常丰富，更加超值，赠送2500的手柄，镜头是一款一镜走天的头，日常人像，景物，小品都可以了，远焦光交都可以应承，更何况是恒定光圈，超值了。机身配置不算高，也不新，但是尼康一直是以务实为主的。
,,5,趁着优惠，赶紧入手，是正品，包装也非常的好，没有破损，质量也是没得说，棒?，就是电池直接没电，估计放了很久。
,,5,"618活动入手，全新机，无破损
现在全画幅真便宜，拍了几张，感觉很不错，比之前用的d80好了很多，十年前买d80的钱和现在买个b610差不多，"
,,5,"产品包装：完整，无破损形变，京东快递杠杠的
外形外观：是我的料，跟图片一样哈哈哈
成像效果：不错，只要会调，就很不错
反应速度：要相信品牌的力量，还可以，没有失灵按键
便携性能：很方便，很好的放到包里，小心拿放就好
其他特色：降价买的，全画幅入门，很不错了啊"
,,5,虽然在购买之前犹豫很久，很多说法都说是这款老机型过时了，但因为便宜还赠送我最看重的手柄，还是下定决心抄底买了，到手之后超出我的预期，对我来说完全够用，功能足够丰富，高感画质非常好，很满意了
,,5,一直想上全幅，这次价格很给力，性价比不错。快递很快，到货标贴完好，验证为尼康正品。生产日期：机身20170908，镜头20170825，照片效果很好，120端虚化也很给力，相信尼康品质。
,,5,"产品包装：包装很完整，内部官方包装就更高大上了
外形外观：全画幅，咋一看好大，重量增加不少，沉甸甸的很消耗体力，原来的D3000系列立即变成了玩具
成像效果：全画幅成像没得说
当初入门时就是尼康，这东西玩起来上瘾，这次又入了尼康的大坑，此款是早年的高端单反，加入购物车好多年了一直等优惠，这次京东给力终于没忍住剁了手，话说这相机一下子变大了，重量很重，一时半会也没驾驭住，出去拍照负担增加很多，百年光学大厂就是不一样"
,,5,"相当完美，装上试了一下握持感很不错。
产品包装：尼康规范性包装
外形外观：做工很不错"
,,5,看了半年才下手，价格很低了。送手柄和电池，特别划算。最近拍了很多题材，虽然技术很白不过能感觉的出来这个相机素质不错。买之前特别想买750，不过750也停产了而且除了处理器不同其他都大同小异，既然都停产了那我肯定选便宜的了。
,,5,比原来的相机大的多，重的多，但是效果也要好得多，物流很快，早上下单，下午就到了
,,5,物流超级快，前天晚上拍的，今天就到了。打客服确认了，可以查询到编码。还没有使用，用后会来追评的。
,,5,行家说这套机性价比高。买回来很惊喜。首先是送货快，全新正品。拍出的照片比我之前的老佳能单反效果好了很多。只是这机器操作比较复杂，需要慢慢学习掌握。
,,5,手感舒适，按钮设置使用方便，握持牢固。镜头焦距涵盖范围充分满足日常使用。很适合自己的配置。
,,5,作为一个入门级全幅，对于普通的非发烧级的新手也完全够用了，对焦也还行，没什么大问题
,,5,商品包装非常稳固，原装正品，全新机器，试验了几张效果很好，慢慢研究。
,,5,"产品包装：无破损，非常完美！
外形外观：很棒！
成像效果：目前很满意！
反应速度：很不错！
便携性能：略重～"
,,5,替朋友买的，作为京东一员，还是非常相信京东的，商品很不错，没毛病，哈哈哈
,,5,非常信任京东直营的大件货品，绝对货真价实，封条完好，放心购物！?！！！
,,5,京東送貨是真的快，一天就到了。而且保修單都很齊全，應該是正品。目前攝影正在學習中。
,,5,宝贝已经收到了，外观完好，包装也很好，凌晨下单，早上九点就到货了
,,5,很有质感，纠结了半天7200和610，还是狠心来个全画幅的，以后就它了，有银子在上别的头，套头对于摄影外行也足够了，家用完美，还没用，组装完毕，到时候拍几张在上后期评价吧，相信京东自营的品质保证，尼康大爱，喜欢拿在手里的厚重感！后期上片
,,5,"产品包装：尼康包装厚实 完美
外形外观：外观设计漂亮手握着很方便好用
成像效果：成像锐利   色彩还原真实 适合我的要求
反应速度：对焦速度可以够用
其他特色：唯一没有WIFI 其它完美
便携性能：全副便携一般 这样也可以正常水平 完全可以接受"
,,5,感觉很不错，不过这是我的第一个相机也么开机都不会，想问问能去哪找视频可以让我学学
,,5,画质不错，照片清晰，比半幅机3200好很多了，但也重很多，旅游增加负担了，主要是旅游拍照用，拍静物和风景比较多，只用中央点对焦，所以家庭够用即可。
,,5,给尼康官方打电话验过了，是正品。性价比高，泰国生产，小白一枚，刚开始学习，感觉景深很好，赞\(≧▽≦)/
,,5,东西到了，感觉很好，我是初级，还在学习，等我学好了一定晒图。
,,5,拍摄出来的效果很好.真心觉得买的晚了.原本想很难操作.结果稍微一研究就明白了.很不错.就是没有sm卡需要自己购买
,,5,全画幅没啥入门级，上了全画幅你就知道有多么大的创作空间，d610还是很适合新手的，各方面都很不错，性价比极高，24120的头毕竟也是小三元，效果不错，畸变自己也可以调。
,,5,简直太棒了，拍出来的效果非常好，照片效果很有质感！
,,5,绝对的原封正品，质量保证！入坑三年，下定决心，终于进入全幅世界，反复对比，转战阵营，下手610，高性价比！特别是活动秒杀，简直超值！拿到手的那一刻感受到了不一般的分量，足足5斤左右，三年多的摄影磨练，相信自己能够逐步驾驭全幅，等闲暇外出，再来晒照！
,,5,全幅入门机一般摄影业余爱好者够用了，技术提高了后再升级设备不晚！何况现在价格很低了！
,,5,送给朋友的生日礼物，很完美
,,5,全画幅果然很爽，糖水片更好拍了，拿到手看了一下各方面都很新，也验证不来，就不去搞那些了。24 120的镜头拉到远端加f4的光圈也够我玩虚化了。对了，成像也很锐，对焦够我用，之前从佳能500d转过来的，正在网上找一些风格曲线的资源。
,,5,"第一次在网上买这种大件物品，收到货后各种检查包装，封条，查询验证码，一路下来，没有任何问题，物流很快，快递员很给力，极速送达。必须五分。24-120套机性价比很高，第一次买全画幅单反，真的有点重，成像很好，24-120的虚化效果不错，全画幅的效果就是不一样，太好了！以前用的尼康D7000, 感觉还是不错的，熟悉尼康，所以升级全画幅还买尼康，这样不要花太多时间重新熟悉机器"
,,5,棒棒哒，太好用了，领导试了下。非常满意，哈哈哈哈哈哈
,,5,照相机三码合一，质检网站查询和电话查询是正品！很好！
,,5,7999抢到的，还送手柄电池，超划算。还没正式使用。
,,5,买了个这么大件，必须认真评价。做活动时买的，价钱还真优惠了。还在研究中。京东服务很好，是专门配送的
,,5,包装很好，机器是未拆封的，尼康单反相机，效果真的好，性价比超高的一款。
,,5,很好的商品，包装也好，送了很多礼物，快递小哥也很负责。
,,5,第一次买相机，在网上选了很久，都说这款全画幅入门用最适合，去香港买没买到因为港版停产了，就赶着活动入了，还没开始用，正在看说明书ing，是全新没拆封的，很不错
,,5,包装很好，性价比很高，入门全画幅，应该是首选！
,,5,机身和镜头全是单包装，而且整盒，小配件完美
,,5,买来之后就带着出门旅行了，在神农架拍了很多照片，留下了美好的回忆。这个相机和镜头可以说是研究了很久才买的，应该算得上入门级的中高端单反了吧，价格能接受的范围内性价比是最高的，非常满意。
,,5,好评。速度非常快，相机非常好，试了一下，效果很好。不过，是小白，还要慢慢学习，厚厚一本使用说明都要看很久了。没有拍图片，技术不好，发上来**啊！呵呵
,,5,不错 拿到手快门数是0。 貌似白平衡不是很很到位
,,5,单反小白 第一次在京东买过万的电子产品 没收到货之前很忐忑 没想到京东一如既往的安全快捷准时 封全对 只是电池没电了 一张还没拍 后面会追评 希望会给我更多的惊喜 让我更加喜爱京东！
,,5,性价比最高的全画幅单反，镜头也不错，日常使用完全足够了
,,5,第一部单反相机，直接全画幅入门，尼康品质，毋庸置疑，画质很棒，满意。
,,5,给公司项目上买的，直发现场，很方便，也省去了二次运费，关键是之前，质量不错，，下次继续
,,5,性价比最好的全画幅单反！
,,5,绝对正品，拍出的照片对焦精确，背景虚化较好，发货极快，不知后续售后服务怎样，目前12分赞
,,5,挺好，很趁手，画质比之前的半画幅高了不止一点半，希望以后多拍点好照片。
,,5,平时非常忙，偶尔周末拿出来拍两张，一段时间来评价，机器不错，性价比还是可以的，后面还需继续摸索
,,5,这款相机，性价比，实用性，画质，手感都很不错，爱好摄影的人可以考虑此款哦。。。。。
,,5,值得信赖，完美的体验。
,,5,限时抢购时买的，物流速度很快，一天就到。送货师傅服务很好，相机是全新未开封，生产日期是2017年2月，快门零。用3200已4年，该升级了，原想买d750，但限时抢购优惠力度很大，性价比超高，比750合适，家用足矣。比3200大了一圈重了很多，旅游又增加了负担。
,,5,"产品包装：产品包装：包装包得 很结实
外形外观：很漂亮大气
成像效果：很好"
,,5,成像效果：商品质量好，成像效果清楚，跟不多，我很喜欢
,,5,非常棒的照相机，体验感非常好，有需要的话，下次还会再来买！
,,5,挺好的，送货及时，防震措施很好，满意
,,5,产品没什么问题。在官网注册了。    快递很不错，专门有人送过来了，当场开箱验收！京东的服务很满意。 希望后面没什么问题！
,,5,"外形外观：漂亮
反应速度：一级棒
成像效果：清晰
产品包装：美观完整"
,,5,相机包装完好 封条没动过，没去鉴定 相信佳能自营是正品，京东送货上门速度超快，晚上下单的第二天早上就收到了，配送员服务非常好，因为本人是新手小白一个第一次入手单反，虽然没有丰富的拍照经验拍的不够好，但感觉80D的拍出来的照片效果颜色非常鲜艳，附上几张随手抓拍下来的照片让大家欣赏一下，接下来有时间一定会慢慢研究多熟练它的操控
,,5,尼康100周年历史的大品牌就是不一样。色彩真心不错。大品牌就是不一样。 值得拥有。
,,5,看了几个月了最终选京东自营之前看评价有收到货称被打开过的很是忐忑下单后等收货济南发货隔一天收到了包装完好三个处女膜完好尼康官网注册成功本人小白上几张图别笑话努力学习中京东自营还是很靠谱的非常好的一次购物
,,5,特别好的相机非常高大上
,,5,非常好，风景颜色鲜艳，画面通透，对焦不慢。新手够用了。相当有分量，出行有压力。
,,5,原装好货，第一次在京东买，快递跟踪让人舒心，发货超快，
,,5,菜鸟一个，相机拍照非常好，继续学习。
,,5,替换我的老D80。从D80直接上这个相机，感觉太好了。原谅我没有用过更好的相机，呵呵
,,5,相机很棒 性价比高 买的全画幅 有助于以后换镜头 哈哈哈 上美照 物流 也是棒棒哒
,,5,"产品包装：很好
外形外观：美观
成像效果：达标
反应速度：迅速
便携性能：合适"
,,5,小白入门，东西不错，等用一段时间再给评价，京东物流很给力
,,5,尼康的全画幅入门级机器，加一支24-120镜头，一镜走天下了，很好。
,,5,效果相当的好！一分钱一分货，一排看演唱会可以不用换镜头，新手也轻松搞定
,,5,相机很不错，对于我这个新手来说足够去琢磨，去研究了。包装上也蛮不错的，快递更是速度，还是可以肯定的。其他，涉及到技术上的，还在研究中。
,,5,"产品包装：包装完好
外形外观：外观专业
成像效果：成像效果非常好
反应速度：对焦速度快"
,,5,相机拍照效果好，镜头对焦速度快，全画幅单反中性价比非常高的一款相机
,,5,外形外观：加上电子手柄后简直太帅了！
,,5,不错，帮同事买的，很喜欢，也想买了
,,5,"产品包装：严实
外形外观：高大上
成像效果：满意
便携性能：适合男士多些"
,,5,尼康的入门全画幅，自己效果很好了，配合原装套头，能出效果，比以前的普通单反要好很多
,,5,京东活动会员减1000买的，超划算。惊喜。相机满足想要全画幅入门的人或升级机身的人购买。好评！
,,5,非常好的套机，24-120够用了，现在还没有用，十一长假回来再评。
,,5,"这个相机，加镜头，秒杀到的，配合起来，效果很棒！我初学！
相机手感也好！"
,,5,还不错，很好用的相机，很专业，物流很快，太好好用了，还不错，很好用的相机，很专业，物流很快，太好好用了
,,5,发货飞快，包装也很好?，原装未开封，期待全画幅
,,5,刚入坑，拍照效果比手机要强，功能还在摸索中，质量很好
,,5,感觉很高端，第一次购买，不过也是听了专业人士的意见，特别满意！
,,5,的确很清晰，两千多万像素显得不够了
,,5,特别好的相机，老用户了，一直是买本品牌，值得信赖，好没商量
,,5,收到检查是密封完好的，高大上，体验中！
,,5,送货很快。经尼康验证为正品行货，第一次在京东购买这样价格的产品，有小担心！网上注册后，有延保。镜头很重，有份量。
,,5,不错，性价比很高，作为一款入门级的全画幅相机来说成像效果不错，对焦也很准确，使用中！
,,5,"产品包装：好看
外形外观：很喜欢
反应速度：快就对了"
,,5,凌晨买的下午一点就送货上门啦！真的超快！服务态度也很好，机子包装也不错?
,,5,相机很好，中档相机，朋友喜欢，性价比高，成像不错。
,,5,懒得从摄影包拿出来了，全画幅的最高性价比，镜头一级棒
,,5,手感好，使用很方便，携带很方便
,,5,帮朋友买的，没卡，哈哈，试不了，京东自营的东西我还是非常认可的，好评必须的
,,5,收到惊喜了，服务态度很好，发货很快，隔天就到
,,5,产品质量还可以，产品包装很好，性价比高！
,,5,全画幅中性价比非常高的一款机器，拍照效果非常好，对焦速度快，好用
,,5,尼康的相机就是好，价格也不高才一万出头，非常值得，效果也还可以，对得起价格，然后快递速度快，快递小哥服务态度好，这些都是我非常欣赏的，希望可以耐用吧。
,,5,相机成像很好，镜头对焦速度快，拍照效果不错，专业品牌值得信赖
,,5,商品是在朋友的推荐下买的，性价比很高，用起来也不错，好评！
,,5,相机很有分量，性价比无敌了，京尊达送货盒子上大大的luxury，昨天半夜买错了，凌晨打电话立马给我取消了，京东效率没得说，验货什么的事就没必要了，非常好的一次体验
,,5,孩子非常喜欢，拿在手里爱不释手
,,5,高端单反这个应该是最便宜的一款了吧，冲着全幅来的。
,,5,机器包装很好，尼康大品牌，效果真的很好。
,,5,相机和镜头原装未拆封，生产日期是2017年的，已注册验证原装正品。相机和镜头挺有份量，拍照效果很好。
,,5,"产品包装：好
便携性能：好
外形外观：好
其他特色：好
成像效果：好
反应速度：好"
,,5,很好，相机不错，还在努力学习中成像效果还可以
,,5,很好很划算的一太机器，拍照那是一流
,,5,非常喜欢！！就是不太会用单反，希望自己照相能越来越好吧。
,,5,三码合一 都是未开封 快门也是0 很好的体验
,,5,好用，外观漂亮，非常实用，好好好好好好好好好好好
,,5,很有手感，拍照速度很快，菜鸟一枚，不做过多评论
,,5,中档单反相机，性价比非常高，成像很好，朋友满意及了。
,,5,发货速度很快，尼康这款性价比非常高，值得购买。还送手柄，非常可以。
,,5,小白一枚，正在学习中，机器的做工，质感让我心动，拍摄效果非常赞！
,,5,相机拍照效果不错，镜头对焦速度快，全画幅单反中性价比非常高的一款单反，值得购买。
,,5,相机收到了，包装很好，尼康大品牌，值得信赖。
,,5,价格优惠 非常好用 还是京东靠谱
,,5,东西很好，相当不错，都是第Ｎ次买了，　全装正品全新，一直都相信京东，不会错的
,,5,第一次买全画幅单反，确实很大，还在摸索中，后面补充
,,5,618凌晨购买的 当天下午便到了 超级喜欢！
,,5,到货速度很快，非常不错的相机，性价比高
,,5,产品不错，对焦速度快，宽容度很不错。价格合适。
,,5,终于买了心心念念的相机！！超开心！，美美的拍起来
,,5,用了快半个月了，很喜欢，正品！功能很强大！性价比高！
,,5,服务态度很好 比较喜欢 送的东西也挺好的  下次有活动还会来购买
,,5,给家人买的，这个型号性价比高，效果很好，就是重量很重
,,5,尼康单反拍照效果就是好，全画幅中性价比非常高的一款单反，用好
,,5,不错，到货很快，快递包装完好没有损坏
,,5,京东专员配送，值得信任。崭新相机，效果不错。我很满意。
,,5,挺好的  非常不错  快递也很快  赞一个 物有所值
,,5,照片照的很好看，不愧是全画幅的相机，镜头也很好用。好评！
,,5,专业相机 机身加镜头 价格很实惠而且是全幅的 新手上路 摸索中
,,5,尼康相机真的不错功能十分强大暂时还不能全搞懂，只有慢慢琢磨喽！京东送货速度一流哦！点赞????
,,5,试用了一下真心不错，比我之前入门的D3100爽很多
,,5,"成像效果：很不错
产品包装：很完整
外形外观：很漂亮，"
,,5,相机不错，比以前的7000好太多，清晰度也很不错，这个价格的全画幅入门机型吧。
,,5,价格超值几万的东西一下酱大8000。非常的超值。
,,5,相机像素很好，照出来的照片很清晰。比实体店还要便宜，很优惠。
,,5,一切都好。京东值得信任，那些问题都没出在我这里。很开心。（统一回复格式）
,,5,很快，隔天就收到了，活动价格不错
,,5,物流很快，包装不错，是正品，送朋友的，没有开封，希望质量可靠
,,5,一如既往地信任京东佳能旗舰店的产品，绝对正品有保障，价格绝对不是实体店可以比的。已经给我们摄影协会会员购买多台，大家一致好评。感谢京东给我们提供这样质优价廉的好商品，是~没法比的。
,,5,相机收到了，包装很好，原装正品。
,,5,心仪很久的机器，一直想入手
,,5,质量好，性价比很高，效果棒棒棒！很喜欢，推荐购买
,,5,双十一为老公买了人生第一部全画幅相机，价格方便对比很多地方，京东相对实惠，而且还有12期息费5折，所以真的很划算
,,5,东西非常好，质量也很好，价美物廉，性价比很高，建议购买哈。
,,5,很不错，照片图像清晰，有层次感。风景，人像定位很清晰
,,5,包装很好，尼康全画幅单反相机中性价比超高的一款。
,,5,成像效果：很好，入门级里很不错的
,,5,物美价廉！非常好的全画幅相机
,,5,正规行货，机器0快门，很放心，效果完美，好评好评好评好评
,,5,性价比之王， 拍照质量绝对一流。
,,5,抱着很精美。把相机保护的很好。相机效果不错
,,5,非常喜欢 正品无疑 推荐购买！
,,5,物流很快，产品使用很顺手，
,,5,东西收到了，质量很好，发货速度也快。值得称赞的是快递小哥，大热天的还送货到家，辛苦了。选择京东真的没错
,,5,物流很快。相机包装 很好
,,5,东西超值，性价比高，物流速度也够快，这个价钱能买到这个镜头，太划算了，刚好赶上618年中促销，你买了绝对划算。。。。
,,5,非常好用的全画幅单反，价格十分给力的。送货师傅一大早就送来了，非常的认真负责。
,,5,用起来功能很多，需要好好学
,,5,挺不错的，是全新正品大陆行货，可以到售后检测的，已经验证是正品了，非常好好评
,,5,价格实惠，送货快，很满意！
,,5,很不错的一部相机，只是少了wifi功能，人生第5台相机了，信赖京东，以后还会继续购物的啊...
,,5,尼康单反效果非常好，全画幅中性价比非常高的一款单反相机，值得购买
,,5,非常好的一款相机，质量做工都非常不错，性价比超高，非常的喜欢，发货速度非常快，包装非常好，非常满意此次购物。
,,5,一直信任京东，因为快捷方便，而且售后非常方便，服务很到位，值得好评
,,5,相机成像很好，全画幅中不错的一款单反，值得购买
,,5,相机包装完好，相机效果不错，性价比非常高，尼康大品牌值得购买。
,,5,包装很好！物流很快！第一次用尼康的机子，很多功能还在摸索中～～
,,5,一直关注了好久，终于狠心买了，手感不错，相当喜欢呢
,,5,价格不贵，入门级性价比很高了，
,,5,超喜欢，京东快递就是快今天上午下的单下午就到了，真给力
,,5,很棒  东西很实用 而且质量没得多  相信京东
,,5,包装很好，保修卡与发票齐全，快门1，无坏点，质量不错～～
,,5,宝贝到了，品牌就是品牌，质量是真好，真心喜欢
,,5,是正品。很好很强大，支持JD正品。。。
,,5,给朋友买的，包装很好，没有开封的迹象，挺好
,,5,非常好，快递小哥服务态度也很好！
,,5,一直在用的产品，质量很好
,,5,发货很快很好，包装严实
,,5,超级可爱，已经引来了不少朋友的围观和赞叹，是一款学习摄影的绝佳相机镜头组合，推荐大家，可以放心购买
,,5,京东很好，感觉非常超值
,,5,相机真的很好，双十一挺便宜的，很喜欢这个相机
,,5,相机拍照效果很好，全画幅单反中性价比最高的一款，值得购买
,,5,搞活动的时候活动价买的，活动价挺给力的，物美价廉！
,,5,帮朋友买的，质量什么的，各方面都很好
,,5,"外形外观：很喜欢
成像效果：很不错
产品包装：很Nikon"
,,5,相机的性价比非常不错
,,5,正品行货，全新未开封，性价比高的很，很不错，下次还来买！
,,5,包装完好，拿在手里很重，慢慢学习中
,,5,很好的单反扫街都不累夜景照片也很赞。
,,5,好评，送货速度快，服务态度很好，使用很满意
,,5,很好，非常好，非常完美，非常漂亮
,,5,东西非常棒，一直相信京东
,,5,快递很快，东西也很好
,,5,正品行货 包装很好 机器盒外还有塑封膜保护 服务到家
,,5,好相机，高感很好，配24-120正好，原封条，
,,5,性能非常优秀，价格也算是实惠的，初级玩家可以考虑购买。
,,5,很好，全新未开封的新品。喜欢
,,5,东西很好！质量没问题！做工也很精细！客服服务态度非常好！
,,5,非常棒的购物体验，相机效果棒棒哒！京尊达派送，让人放心！
,,5,好评，机器非常好，物流速度快！
,,5,入门全幅单反相机，性价比很高，锐利度高。
,,5,在等配件，还要几天才能用。包装不错，很精致。
,,5,好评，非常好用，服务好，到货也快，点个赞
,,5,这个产品真的不错&hellip;&hellip;真的很好用，用起来好?
,,5,棒非常满意，性价比极高的单反。先练练手
,,5,外观非常好！还没使用！用后再评论
,,5,很好，价格很合适，成像效果，用一段时间再说
,,5,很不错  未开封零快门，担心的事情没有发生   用用看
,,5,物流速度超快，东西还要研究一下，呵呵?
,,5,包装很好，拍照效果不错，尼康大品牌值得拥有。
,,5,帮朋友买的，性价比很高，包装很好
,,5,喜欢尼康单反相机，拍摄的照片很清晰。
,,5,性价比很高的一款单反，比我以前的D90强大太多！
,,5,质量好，性价比很高，专业人士的正确选择！
,,5,尼康D610，性价比很高，值得购买。
,,5,相机真的很不错，儿子很喜欢。
,,5,包装盒子防伪验证 用过再做评价 配送人员服务质量特别好！在这里表扬提出表扬！
,,5,产品不错，客户很满意，有机会下次再来。
,,5,超高性价比机型。万元出头的全幅套机。只有这款了。
,,5,相机包装很好，全画幅单反中价格最实惠的一款，值得购买
,,5,中档单反相机，性价比很高，成像不错。
,,5,很好！喜欢，物流很快，继续支持！
,,5,专业拍照必备 性价比超高全画幅
,,5,不错，很速度嘛，第一次买这么好的相机喔
,,5,618的时候买的，感觉很划算。又在京东买了sd卡。棒棒哒
,,5,很好的相机，收到就试拍了，质量很好
,,5,不错，物流给力，价格也实惠，很满意！
,,5,送货很快 包装完美 机器全新行货 期待已久
,,5,近期包装很给力，没有被压坏，物流速度也很快
,,5,相机不错，用了一段时间才来评价，很喜欢
,,5,产品介绍里已经写的很清楚.东西非常好，很满意
,,5,包装非常完好，正品，未开封，零快门，研究中，顶京东。
,,5,性价比超高的一款，非常喜欢。
,,5,感觉还可以，很满意的就是京东的运输速度很快。
,,5,相机很好用，入门级新手很适合。
,,5,单反中性价比非常高的一款全画幅相机，非常好用
,,5,相机很不错，还有很长的学习路&hellip;&hellip;
,,5,已经看这个相机好久了京东活动力度很给力。
,,5,包装完好，使用正常，相片非常美。
,,5,非常喜欢这个型号，推荐大家使用
,,5,便宜好用，全画幅，超值！！！！
,,5,很好，经典的型号，很好用，操作方便
,,5,服务很周到，速度非常快，五星好评！！！服务很周到，速度非常快，五星好评！！！服务很周到，速度非常快，五星好评！！！
,,5,送货快，服务好，物美价廉，值得推荐。非常不错。
,,5,送货很快，现在京东的价有时还真比实体店便宜。
,,5,不错 很好用 值得推荐  很喜欢 棒棒哒
,,5,产品质量好，送货上门速度很快，服务态度好。
,,5,产品很好?，使用起来非常简单
,,5,非常不错 看起来很洋气 试试vr
,,5,送货速度和包装质量都非常满意
,,5,东西挺不错的，而且发货快，服务好，很满意
,,5,同事推荐的，感觉不错的哦，质量很好
,,5,相机非常不错，用着感觉不错
,,5,送货很快 态度也很好
,,5,全新未拆封，0快门次数，正在摸索中，性价比超高的机器。
,,5,考虑很久才买的这款，全画幅就是不一样。
,,5,非常不错的，值得购买，以后有机会再合作
,,5,"非常棒的价格
非常喜欢非常喜欢"
,,5,不错的  这相机用起来很不错的
,,5,正品行货，质量很好，值得购买，下次还来！
,,5,感觉不错，快门声音很大，对焦也是。
,,5,给公司买的，很上档次，也很实用。
,,5,价格非常实惠，拍照好清晰。
,,5,物品不错，物美价廉！好评！
,,5,相机相当不错，完美，好的
,,5,"相机成像很好,镜头对焦速度快"
,,5,送货很快很及时。 相机不错很好
,,5,非常不错，我很喜欢，一次非常不错的购物
,,5,产品很好，发货速度很快，满意
,,5,非常好。满意！！！！！！！！！！！！！
,,5,正品行货，全新未开，非常满意，下次还来！
,,5,使用效果很好，拍照很清晰
,,5,京东快递很到位，东西不错，还没有用。
,,5,不错价格很好，便宜，下次打折还来！
,,5,总体来说还是挺好的，性价比很好。
,,5,感觉不错，价格也很公道，值的购买！
,,5,很好，很不错，是正品，是全新，下次还来￥##
,,5,相机很有质感，质量很不错
,,5,相机成像很好，价格实惠，值得购买
,,5,很好好的，速度快，包装好，服务好
,,5,活动价买来很划算，买到没拆封的机器，很不错
,,5,宝贝很好，买了送朋友的。。
,,5,正品行货，全新未开封，质量可靠，完美！
,,5,物流真给力，手感很好，拍片子棒棒的
,,5,非常经典的一款相机，很好
,,5,物有所值！值得购买！5星好评！！！满分！
,,5,帮人买的，这价位性价比很高了。
,,5,看了好久才出手  很喜欢
,,5,东西很好，相当不错，都是第Ｎ次买了，　全装正品全新，一直都相信京东，不会错的
,,5,性价比很高的机器比实体店便宜很多
,,5,很不错的相机，用着不错。
,,5,物流也很给力，质量也不错，值咯
,,5,还没有拆包装，送货超快，包装的也很好
,,5,价格很低，效果很好，物流很快
,,5,东西不错，真的很好，很好
,,5,很好，正品，并且收到了赠品
,,5,真的很不错 京东地电器太靠谱了
,,5,全画幅单反拍照很清晰，性价比高，值得购买
,,5,特别好，服务也周到，物流给力！
,,5,尼康相机非常好拍照清晰
,,5,不错 性价比超高 秒杀的
,,5,相机很好，用用以后追评。
,,5,相机不错，拍照效果很好
,,5,不错，发货速度很快，包装完好。
,,5,物流很快，正熟悉使用过程中
,,5,一直使用这个牌子的 很好很好
,,5,一切都好。京东值得信任，那些问题都没出在我这里。很开心。（统一回复格式）
,,5,很好很给力，继续加油
,,5,这个东西还是非常不错的 棒棒哒?(????)??
,,5,还是非常相信京东的，商品很不错，没毛病，哈哈哈
,,5,用了还可以，价格也合理，很喜欢
,,5,包装很好，尼康大品牌值得购买。
,,5,很好用，非常漂亮，物流也很及时
,,5,很不错的购物体验，下次继续
,,5,性价比超高的 一镜走天下
,,5,好机子，价格公道，物超所值，准备再来一个
,,5,非常好 朋友很满意～！
,,5,很不错的相机，配置参数挺到位
,,5,很好很喜欢以后继续关注
,,5,产品质量很好，发货很快，
,,5,入门全画幅 性价比很高
,,5,正品行货，非常给力，送货及时，非常满意
,,5,查过了是正品，很新现在正在学习中
,,5,东西很好，送货也很迅速！
,,5,价格实惠，送货快，很满意！
,,5,京东快递快，服务超好，货过硬
,,5,好，非常好，配送员速度快，服务好
,,5,性价比超高的 中端机器
,,5,很不错的的哦哦哦哦 价格便宜
,,5,照片效果清晰，很好用的相机
,,5,不错，很好的相机，性价比高。
,,5,性价比超高 期待已久
,,5,很满意，性价比较高。
,,5,性价比很好的了，值得入手
,,5,搞活动的时候活动价买的，活动价挺给力的，物美价廉！
,,5,质量真心不错，买了好几十个
,,5,挺好。很合适。质量不错
,,5,送货员很专业 速度很快
,,5,很好的单反扫街都不累夜景照片也很赞
,,5,使用中，快递很给力，
,,5,东西很不错，值得购买！
,,5,给朋友买的很是喜欢 下次再关注
,,5,很好啊，不错的，快递给力
,,5,好用，非常的好，在京东买放心实惠
,,5,东西不错，物美价廉！！！！！
,,5,东西很不错，性价比高，满意！！！！
,,5,不错，物流给力，价格也实惠，很满意！
,,5,很合心意 包装也很好 正品可以保证
,,5,物流很快，货物完整，京东商品不错
,,5,非常合适的单反相机很喜欢
,,5,款式非常喜欢。服务满意
,,5,送给老公的礼物，说很好
,,5,非常非常好非常非常好
,,5,东西不错，非常好，挺值得
,,5,产品质量好，送货上门速度很快，服务态度好。
,,5,帮公司买的，非常不错！
,,5,超级喜欢的相机 给力
,,5,相机拍照效果不错，成像很好
,,5,性价比很好的全画幅相机
,,5,成像很好，值得购买！
,,5,东西真好    配送师傅超好
,,5,这一套正品，很满意！
,,5,东西很不错，物有所值！！！！！！！
,,5,价格很实惠，送货很快
,,5,东西不错，很好，值得购买啊！
,,5,一直使用这个牌子的 很好很好
,,5,京东正品，送货神速！
,,5,正品行货，全新未开封，质量可靠，完美！
,,5,很好很喜欢以后继续关注
,,5,物有所值，非常棒。。
,,5,很满意！！！！！！！！
,,5,质量真心不错，买了好几十个
,,5,东西很好，相当不错，都是第Ｎ次买了，　全装正品全新，一直都相信京东，不会错的
,,5,东西不错，物美价廉！！！！！
,,5,搞活动的时候活动价买的，活动价挺给力的，物美价廉！
,,5,不错，物流给力，价格也实惠，很满意！
,,5,一直使用这个牌子的 很好很好
,,5,很好很喜欢以后继续关注
,,5,产品质量好，送货上门速度很快，服务态度好。
,,5,搞活动的时候活动价买的，活动价挺给力的，物美价廉！
,,5,不错，物流给力，价格也实惠，很满意！
,,5,不错，物流给力，价格也实惠，很满意！
,,5,搞活动的时候活动价买的，活动价挺给力的，物美价廉！
,,5,搞活动的时候活动价买的，活动价挺给力的，物美价廉！
,,5,搞活动的时候活动价买的，活动价挺给力的，物美价廉！
,,5,搞活动的时候活动价买的，活动价挺给力的，物美价廉！
,,5,搞活动的时候活动价买的，活动价挺给力的，物美价廉！
,,5,搞活动的时候活动价买的，活动价挺给力的，物美价廉！
,,5,搞活动的时候活动价买的，活动价挺给力的，物美价廉！
,,5,搞活动的时候活动价买的，活动价挺给力的，物美价廉！
,,5,搞活动的时候活动价买的，活动价挺给力的，物美价廉！
,,5,搞活动的时候活动价买的，活动价挺给力的，物美价廉！
,,5,搞活动的时候活动价买的，活动价挺给力的，物美价廉！
,,5,搞活动的时候活动价买的，活动价挺给力的，物美价廉！
,,5,"选机型选了好久，听各方面介绍都说相机要买全画幅，但全画幅又贵又重，携带不便，半幅的比一寸的又好不了多少，新品价格也不低，微单就更贵了，最后看到尼康D610-24120/F4套机只需要8000多还是全画幅，性价比特高，又问了行内人老法师说值得买，一般全画幅单单机身最低也要这价格了。虽然是13年的机型，但拿到手看到是19年才出厂的新机，经历了这么多年还未停产也说明D610是一台很优秀的相机。要学摄影就要买全画幅的单反，因为他能让你容易地达到你所要的摄影效果（比半幅容易）练就你的技能和你的一双摄影法眼。
产品包装：非常严密良好，京东还在外面装了一纸箱看不出来装的是相机，这样比较安全不容易让人拿走。
外形外观：扎实好看，分量很足。操作手感舒适顺手
京东物流快，服务好"
,,5,"产品包装：外包装稍微破损了一点，不碍事。里面的宝贝完好无损，而且包装的质感就很具吸引力。
外形外观：610是研究了很久，才打算出手买下。外观没的说。
成像效果：我目前是个初学者，等我研究下拍几张照片补一下评价。
反应速度：反应算比较灵敏的，开机0点几秒，快门响应也迅速，定焦也迅速。
便携性能：稍微有点重，可能是第一次拿全画幅的，等用段时间在评价。
其他特色：赠的电池手柄让我感觉非常好。
心念已久，错过一次，第二次不想再错过，虽然没了备用电池，但也还好。等我复习下摄影知识，出去当个小摄影爱好者。"
,,5,"外形外观：大气稳重，握持有点浅
成像效果：色彩清晰还原度高，
反应速度：白天对焦还行，晚上对焦时稍慢，不过手动可以解决
其他特色：还在摸索
产品包装：气垫填充封条完整
便携性能：单反就忽略了便携，配上24_120有点重"
,,5,"刚刚拿到手，还在熟悉中。宝贝品相非常好，颜值高，镜头很棒，是我心仪已久的设备。
相机是去年九月产的，镜头是今年十一月产的。相机本身并不重，细节比较突出，说明也多，第一次用难免会头晕，对着说明书看，大致可以弄明白。镜头很清晰，没有污渍斑点，光圈通俗易懂。
其他配件，都在盒子里，没有相机包和手柄，自己配。电池没有电，需要充电才能试拍，待会再来看看成片。带子有点单薄，好怕绑上去容易摔了。总体，开机体验还不错。
另外，目前送了券，感觉比较便宜了，不要错过。好评推荐！"
,,4,"外形外观：满意
产品包装：满意
成像效果：白天成像不错
反应速度：合格
便携性能：有点重
其他特色：3400升级过来，610有点旧了，但没钱买更好的，日常够用就行"
,,5,"产品包装：包装完好，未拆封。
外形外观：外观完整。
成像效果：还没试拍，等试拍后再追评。
反应速度：还在充电，还没用。
便携性能：有点重哦。
其他特色：全画幅新机，期待努力拍出好片。"
,,5,贰零一三年的机器了，现在用个人家用的话不算过时，当然对于小白入门练手也是非常不错的一款机器了。包装均有尼康的防伪标签，就是外部包装比较简陋，没有缓冲物填充，一个角都被压扁了，相机在低光量的昏暗条件下确实有拉风箱现象，对于我这种不经常夜拍的情况来讲可以接受，偶尔夜拍也可手动对焦一波。整体如果满分十分的话可以给到6分，当然，抛开价格谈质量就是耍流氓，总之一句话，东西还是比较值这个价钱。
,,5,"产品包装：产品外包装很豪华，很大一个箱子，吓到我了。
外形外观：外观高大上，逼格满满，比我一些朋友的都要豪，毕竟大家都还是学生。
成像效果：还没有用，再看介绍D850的视频，毕竟D610太老了，没有找到，但是风格类似，可以参考。
反应速度：还不知道呢，用后追评。
便携性能：不算太便携吧，毕竟好几斤重呢。"
,,5,D610是目前价位最低的全画幅相机，一般人体验哈全画幅是蛮理想的，购物当然选京东自营，到手果然不错。官网注册完成，机子好像写的是泰国生产，手感不错，玩了微单再拿单反肯定重了不少，感觉物有所值。
,,5,"产品包装：完好
外形外观：厚重
成像效果：还没开机
反应速度：还没开机
便携性能：有些重
其他特色：小白看了说明书瞬间有距离感，真厚。"
,,5,感觉底部电池仓没有做好还是所有都这样？请其他人补充吧，相机还不错，还没有和d90对比测试，等空了试试看，密封标签什么都正常
,,5,外观完好，各种各样标签完整，京东派送就是快，买来学摄影的，虽然年代久远，但对于初学者来说，全画幅加金圈镜头才八千多，还送一个电池手柄，这价格能买宝马，还要啥自行车，刚买来，还不大会用。打算从书名书开启，慢慢研究。之后在买一些二手镜头来玩。
,,5,手里的D90用了七年了，去年就想换架全画幅的，业余爱好，买款入门级，上午出去试拍了几张，中画幅的跟这没法比照，一直在京东买东西，还赠送了个电池匣挺好的。
,,5,"产品包装：包装很扎实，防拆贴纸给好评，不用担心是二手产品
外形外观：单反标准外观，就很棒，按键很多，对于小白的我来说还是有点蒙圈的，不过，慢慢来，心急吃不了热豆腐
成像效果：对于小白的我来说，不懂设置，拍出来可能还没有手机拍的好，但是，这只是暂时，加油，奥利给
反应速度：很不错，网上也看了很多评价，单反的抓拍速度应该比微单好
便携性能：买个大单发，就不要啥便携性，最近一直在挑选便携的背包"
,,5,期待已久的单反终于到手了，很棒，学摄影，走起。想学习任何时候都不晚。选了很久，听朋友的建议，还是直接入手了全画幅，一步到位。唯一的不足是没有无线传输。不过还可以接受，毕竟主要功能是摄影。期待拍出美美的大片。
,,5,"梦寐以求的全画幅单反到手了，原来都用的是数码相机，有点创作的想法都不能实现。恰逢这次京东6.18搞活动，以八千元以下搞定！
相机及镜头经查询是正品行货，外观完美！试用了一下，各项功能正常。
今后出门就有玩的了，正在学习中。"
,,5,封条完整，全新机器，还送了电池盒，中间有点小插曲，不过京东客服服务相当好，最终圆满解决，这机子操作性很强，绝对单反入门首选，唯一的问题就是太重，实在是要练好臂力才行
,,5,"产品包装：完好
外形外观：漂亮
成像效果：赞
反应速度：挺好
便携性能：一般，挺重的
其他特色：全幅，性价比高"
,,5,刚拿到手第二天，说明书还没看完。不过总算把相机组装好了可以正常使用了。东西看起来是不错，等学会使用再补评价。
,,5,"京东值得信赖。
610心仪已久，终于出手。前一台是佳能，想学习下尼康操作系统"
,,5,京东物流高效快捷，5.1下单5.4中午到货，原装正品、专业包装、服务品质良好&hellip;&hellip;
,,5,上大学的时候自己买的富士相机，单反的样子但是操作简单！这两年走的地方多了拍照用苹果但是觉得还是专业单反有摄影的乐趣。比较了一些相机之后还是选择了尼康，需要学习的地方很多很多！目前收到过没有瑕疵没有坏点，全新机器！相信尼康品质，更加相信京东！
,,5,"产品包装：包装完好,瓷实
外形外观：外形中规中矩
成像效果：效果放电脑上看明显一点
反应速度：反应速度稍慢
便携性能：女生用有点重
其他特色：性价比不错"
,,5,机器相当好用，比D7100爽多了哈哈哈，啊哈哈哈啊哈
,,5,"头天晚上下单，第二天就寄到了，不得不佩服京东物流的速度。
以前用的宾得，习惯了宾得的佛系对焦，再试尼康，对焦速度绝对满意，即使晚上也没有网上说的那么不堪，翻天覆地的变化了。
全画幅画质更不用说，对于入门爱好者来说足够。赶上现在的优惠活动，这个价格还送个手柄，还要啥自行车呢。
试着拍了几张，无坏点零快门，做好准备，趁着春暖花开去拍拍拍吧。"
,,5,下雨天，快递冒雨送来一大箱子东西，效率好高！
,,5,双十一买的，好像也没有多大的优惠，快递员忘了给我带送的清洁套装，有点忐忑京东的物流，后来给我补上了。第一次用单反，相信京东，以后继续买810或者850.
,,5,套机包装合理，快递外盒内加气泡胶，物件包装好，快递员服务态度好，出厂随镜头附带遮光罩，无赠品。相机很有质感，功能齐全，易携带，整机有点重，正品就是正品。说明书详细周全，需花时间学习。
,,5,"产品包装：尼康全画幅D610搭配尼康金圈镜头24-120镜头
外形外观：还可以
成像效果：锐
反应速度：每秒6.5张
便携性能：携带方便净重840克。还是可以的赠送了好多咯礼品
其他特色：好"
,,5,密封条完好，镜头无安装过的痕迹，应该是新的，泰国产，质量及品质有待后期用了验证，双十一入手价格还不错。
,,5,质量好，性价比高。专业，棒棒哒！比佳能6D强很多。还比它便宜！
,,5,对此相机心仪己久，终于下手购到。价格为同类相机中最低，性价比高，功能足够，甚为满意。
,,5,使用还不错，暂时没啥问题，是隔日达。就是没有送一些配件，比如一个相机套或者相机包之类的。
,,5,随便拍拍，还不会用，效果就很好，就是太复杂了，小白一个，慢慢学习使用
,,5,帮朋友买的，对比了很多型号最终选择了d610，一是全画幅，二是镜头群强大，三是质量可靠，四是价格比佳能实惠
,,5,物流快，满足了迫不及待的心情，特别感谢京东和店铺客服帮忙快速处理，让我及时修改套餐，不留遗憾！至于产品，知名大品牌优点缺点基本有共识，关键是能否满足购买者的要求，开箱试拍感觉满意，画质好，最明显的不足是显示屏分辨率太低，不过想想2013年上市也就那样了，性价比还是很高的。剩下的差异就在销售服务了。对服务好评！
,,5,平时用D3X，越用越赶脚重，趁京东活动，果断下手入门机，轻便，完全适合一般用途，够用了。
,,5,还是比较信赖京东自营，双十一期间的价格也很合适，目前使用没什么问题，就是当时赠品写明了满5000送会员，还是没送，客服态度很好，可惜当时买的时候截图没有了，机子生产比较久了，希望单反质量没啥问题
,,5,尼康的经典全画幅入门相机，用来拍照不错！完全满足我个人的需求，即使商用也完全足够！
,,5,还没有使用，但是正品，没开封，质量可以，价格还可以吧！比较经典的机子，不错的！
,,5,首先，给京东的服务赞一个!第一台单反，请专业人人士帮验了机，是正品，而且用了一段时间，暂时没发现有什么问题。
,,5,感觉还行，毕竟便宜了这么多，不能再求更好了，居然没有太多时间去用，先放着吧！
,,5,头一次觉得套机也不错，虽然是淘汰机型，但是出片还是非常好的！和家里的镜头组可以一起用。
,,4,性价比非常高的设备 本人有一台6d 这台610总的来说我觉得比6d出色 缺点就是对焦不给力 还有用尼康的相机拍人像用raw格式拍出来导入图像处理软件颜色就是正常的相机上看就是很黄很灰
,,5,心心念念了两周了，终于等到年货节活动，马上入手了，没让我失望
,,5,用了一段时间，觉得都还行，没出现什么其他问题。包装看来是正品，一般用，够用了。
,,5,"成像效果：还行
反应速度：还行
外形外观：还行
其他特色：还行
产品包装：还行
便携性能：还行
除了对焦有点慢外 感觉都还行，因为这是我第一次摸相机 哈哈哈?"
,,5,超级喜欢，好东西，慢慢研究，学习中。验证过是正品，我一直相信京东购物我放心。为京东点赞！
,,5,种草很久了终于买了。去拿快递的时候就感受到了沉甸甸的重量，不过除了重了点以外我都很喜欢。还没有用过，准备找个好天气出去拍一拍
,,5,相机很好，虽然是入门级的，但毕竟是全画幅。我一直用的就是这个，这次是给公司买。
,,5,"产品包装：包装严密无破损
外形外观：外观漂亮
成像效果：非常清晰
反应速度：反应灵敏
便携性能：稍微有点重
其他特色：性价比高"
,,5,原封包装，未拆过。试用了一下，感觉挺好的。还有一个内胆包装。
,,5,"产品包装：包装非常精致
成像效果：成像效果应该好，还没拆机
其他特色：24120的镜头一般使用能满足"
,,5,还没有用 应该不错 性价比最高的全画幅相机
,,4,很好～～～但取景器 内有一根毛，要很仔细 很仔细才能看得清楚。
,,5,赶上双十一活动比较划算，比实体店便宜还有保障，原封全新机器，和手中的入门级比较起来操作还需适应下。
,,5,生活中的采购问题，现在基本90%都在网上解决了，90%中的90%基本都在京东，采购方便、质量有保证，售后服务让人放心。
,,5,看了大半年的尼康机子，今天终于剁手买下了。机子没有开启痕迹，开机有调整时间界面，整体感觉不错，跟之前用的尼康机子有点区别，定光圈的机子确实挺棒，就是感觉机子真是沉。物流很快，秒杀买的。就是没给送清理工具，买了个包感觉太大了，还是换成小的吧！
,,5,一直想拥有一部尼康，感谢公司这次配了工作用的相机，正品，绝对正品，相信京东
,,5,到手后，立马拍拍，比原来的半幅要重多了。色彩、锐度都有明显的提升。测试了一下，快门没问题，是新机子，可惜有二个噪点??
,,5,"产品包装：可以
外形外观：可以
成像效果：一般 不防抖
反应速度：可以
便携性能：有点重"
,,5,"产品包装：包装完好外观设计好
成像效果：效果好
反应速度：对焦速度快
便携性能：方便"
,,5,京东的服务好，速度快。宝贝收到后过了一段才试拍，非常满意，唯一不足是附送的光盘不方便使用，现在电脑都没有光驱，要能把光盘改成其他载体就0K了。
,,5,尼康的单反，plus 特价的时候买的，收货之后用起来感觉还不错。虽然款式是比较旧一些，但是性价比绝对高。！至于没有wifi功能，其实问题不大，直接买一个几十块钱的手机连接的读卡器就可以使用了。
,,5,相机收到，包装完好，拍照效果好，全画幅的单反效果不错。
,,5,原装未拆封正品，京东自营值得信赖。已@延保两年，以前学过摄影，快忘干净了，正在学习中。。。
,,5,刚到手没几天，全新机，0快门，暂时还没发现问题，手感还可以的。
,,5,"对于行家里手来说，性能高的单反是好单反
对于不是行家里手的人来说，指标更高，外观更好，价格更贵的单反是好单反"
,,5,货到得挺快的。包装很仔细。还没用，性能不知道怎么样。我先前预定交了定金，付尾款时就不能用优惠券。只好重新下单，原来那单定金作废了。
,,5,收到货检查了一下，没什么问题，全新零快门，希望能拍出好看的照片
,,5,物流第二天就到了，外包装有点软担心损坏，还好里面包装完美，无拆封印迹。因初学者，为使用，忘记另买储存卡了，不能用。日后追评！
,,5,"产品包装：好
外形外观：好
成像效果：好
反应速度：挺好的
便携性能：轻便
其他特色：一般"
,,5,"产品包装：完好无损，原标签未拆封
外形外观：完好
成像效果：好
反应速度：快"
,,5,挺好的，就是没机会使用，等闲下来拍着试一下
,,5,"成像效果：成像清晰，初手感觉效果不错。
外形外观：全新，包装好。
产品包装：与专卖店一样。"
,,5,作为摄影小白，菜鸟级别说来其实够用了，但是对于人像摄影发烧友来说，镜头略微不给力，拍人像还是定焦来的好诶&hellip;还有就是相机不重，这次出去玩，完全够用了！总体来说，性价比高，good！
,,5,全副入门机，对于我这十分业余的用户的来说够用了，套机方便，买来就可用，旅游神器
,,5,第一台单反，还是比较满意的，电池比较耐用，希望摄影技术能越来越好
,,5,9999秒杀的，618可能更低，不管了。原有d7000，买全幅作儿子高考奖励。原装未拆封，值得购买。
,,5,相机原封包装，赠品背包不错
,,5,朋友推荐，关注很久，价格合适，成像也不错，给个赞！
,,5,心仪已久的入门级别的全画幅单反到手了，比上市时足足少了一半的价
,,5,没有开过的，全新的，而且京东在外面封了两层膜，可以可以，我非常喜欢，虽然是入门级的单反，但是更换镜头就好了，以后自己要吃土了
,,5,挺好的，对小白来说操作比较困难，...( ＿ ＿)ノ｜
,,5,秒杀时买的，正品，正在使用中，功能不多，但是品质不错
,,5,两个手机价格买的机身加上镜头，拍照片效果比手机好得多了，老机器练手用足够了。
,,5,机子没什么问题，挺好的，拍的照片很清楚，自带一个镜头拍风景不错
,,5,还可以，料子还行，比实体店倒是便宜了一些，但是搞活动的套路就是让你多买，还是被套进去了
,,5,用相机拍摄的放在电脑上，无比清楚。Best!!!!
,,5,观望了许久买下的，这款相机总体还不错，买来希望可以拍摄星空，外出旅游带上。
,,5,应该还可以，以前没用过，现在看起来也不错！这个机器偏轻，而且是泰国产的！
,,5,相机手感不错，像素也够高，普通家用的足矣，暂时没有发现什么问题。
,,5,看着不错，还没正式使用。等用后再来评价
,,5,性价比高的入门全画幅单反，性能相当的不错，刚从D90过来还在熟悉当中
,,5,感觉还是挺不错的，唯一的缺点，这个套机#重了，手酸
,,5,尼康最便宜的全幅机，操作比入门机复杂不少，但画质确实是没话说，需要学习。
,,5,"全程专人派送，尊享受，京东服务果然不同，
东西还没使用，用后再评。"
,,5,不错的，看起来挺可以，习惯性好评！
,,5,纯粹小白比白纸还白，还在看说明书。找个事做挺好的，希望我能坚持下去。
,,5,不错，高大上，就是还不太会用
,,5,行货，没开封，京东还是挺放心的，就是没啥东西送，好多东西都要自己买
,,5,没预算买750，不过610也是一个不错的机子，宽容度不错。但是夜晚对焦是个问题，不容易和焦段。
,,5,相机不错，外观精美，成像效果好
,,5,感觉还行，第一次给自己买个单反相机，就是还没弄明白好多功能
,,5,有些波折，但是解决了，物流快，服务好，东西也不错，够用了
,,5,19年6月的机子！包装完好！出了又进了！
,,5,入门全幅，对比6D，自带内闪，套头焦段更长，对焦点多20多个，在这个价位比6D实惠多了
,,5,机器包装好，成像效果不错，价格实惠值得购买。
,,5,"产品包装：不错
外形外观：挺好的
成像效果：很值得
反应速度：挺便宜的"
,,5,第一个单反，买回来研究了大半天，原装未开封的，D610的画质还是挺不错的，
,,5,未开封，快门0，上海直营发货。附送东西多。不错。
,,5,还不错的，手感也可以。刚安装上，不知道用用的效果咋样，等再来追加吧
,,5,产品包装：三码合一，能够在官网登记。是正品
,,5,用后评价，质量挺好。就是快门有点慢
,,5,不错，还没有开拍，期待效果
,,5,其他特色：成像挺好的，接近我的手机了
,,5,相机拍照效果不错，全画幅单反中价格最实惠的一款
,,4,这是一个不错的产品，我觉得还行，因为评价有京豆，所以我来评了。
,,5,京东自营，又是在官方旗舰店购买的，应该是正品，刚入手还在摸索中。
,,5,还不错，就是一点赠品都没有有点失望的。全画幅果然还是比截副好玩的多
,,5,拍的视频还是有噪音的，有点重哦，不过拍出来质感很好
,,4,国庆前加贰佰，现在又调回去，让人不爽。其它没啥大问题，好用。京东自营还是有保障。
,,5,描述一模一样，尼康原厂，价格实惠，最重要的是物流也快，打开拿到心仪的相机，开心死了，
,,5,收货后还没来得及试机，包装都是好的，电话查询真伪也通过了
,,5,货已收到，没有问题，感觉不错
,,5,正品行货，价格低，不错，比实体店便宜多了
,,5,好评，快递挺快，单位用，还不错
,,5,给老公买的，相机一直想换，但是也没给我拍出几张好看的照片
,,5,大概试用了下，之前一直佳能，还要多用才能得心应手。
,,5,机器性能参数里都有 优点显而易见 想出好片 必须好头 。个人觉得价格不贵 。
,,5,相机入手，毕竟是自己努力好久才得到的东西，还是挺喜欢的
,,5,还不错，买了三个月了。买了一个50的头。
,,5,全新正品套装，泰国生产，九月出厂，性能、手感不错，价格不优惠，买了没几天就涨价了，不知这个利润到底有多少
,,5,送货快 质量好 价格不错 下次我再来买买买
,,5,是正品，包装严实，四码合一，促销送手柄，好评。
,,5,全画幅，性价比比较好，也能到位以后不用想着升级了。
,,5,外形外观：外观挺好的。不错的机子。
,,5,正品，想不到在618之前还买到了这么优惠的价格，给力！
,,5,入门级全画幅，价格便宜，是行货。
,,5,性价比确实很高，比6D加24-105都便宜不少，除了没有WIFI之外，其他都够用了。
,,5,好机子必备神器 套头漂亮好用简单车成像技术改造传统
,,5,质量和手感那肯定是没得说的一分钱一分价希望大家能够喜欢支持尼康
,,5,成像效果：不错，只是还不太会玩
,,5,机器好用又耐玩，看来要推荐我的老朋友们购买了
,,5,比较满意，经验证是正品，发货速度快，包装专业，可信赖
,,5,蛮不错的商品，升级一下。
,,5,首次在京东商城购买大宗贵重物品，相信大品牌的信誉，下次升级单反相机，就是你京东。
,,5,发货很快，包装再好一点就行。一个纸箱直接装了相机和镜头的包装，纸箱里面没有减震垫。
,,5,送货速度快，还送了电池手柄。
,,5,上午下单，下午五点左右收到货。包装完好，拆开后检查是新机，但暂时没发现生产日期。先点个赞！
,,5,满意，质量好，送货快。
,,5,你值得拥有的一款入门全画幅单反相机，尼康D610
,,5,好好，不错，搞活动买的，好好好好看
,,5,给侄子买的礼物?，答应他高考完满足他的心愿，希望他喜欢学好摄影拍出好照片
,,5,好几款好几款还款计划科技
,,5,这款D610不错，比我以前的那台D7000好多了。
,,5,尼康最便宜的全幅数码单反，配24-120镜出外旅行是个不错的选择。
,,5,相机不错，是6.1买的，2号送到，拿到后感觉真是棒呆了
,,5,包装大气，感觉还不错。
,,5,相机不错都撕出来已拆封了，也验证了是正品，这个价格给力，金圈镜头
,,5,相机收到，包装完好，全画幅单反中价格最实惠的一款，值得拥有。
,,4,办公购买，价格适中，不错
,,5,感觉还可以，比公牛呀，西门子的好，那些假的太多还贵
,,5,发货过程太麻烦了，东西还可以
,,5,不错，送货快，质量有保障，选京东没错，值得购买。
,,5,用了一天 纯属小白 目前觉得还较满意
,,5,正品、行货，比实体店价格便宜1000多；
,,5,包装好，物流快，正品
,,5,第一次使用，值得期待！
,,5,好用，包装也好，物品也好，京东自营还是可以的，值得拥有，值得信赖
,,5,价格还算可以，比618贵
,,5,质量不错。值得购买。推荐购买。
,,5,看了大半年的尼康机子，今天终于剁手买下了。机子没有开启痕迹，开机有调整时间界面，整体感觉不错，跟之前用的尼康机子有点区别，定光圈的机子确实挺棒，就是感觉机子真是沉。物流很快，秒杀买的。就是没给送清理工具，买了个包感觉太大了，还是换成小的吧！
,,5,体验下还可以，比d90好多了，全幅画还是不一样！
,,5,正品行货，未拆封，全画幅里最划算的机器
,,5,其他特色：很好很好，轻，便携，就是镜头贵了一点
,,5,东西都正品，价格实惠，送货快，满意
,,5,公司购买 还没用 看起来还不错的样子 6月产
,,5,包装盒封包干净、专业、物流人员衣装整洁，服务态度好！
,,5,送货速度快，成像效果好，值得购买
,,5,"对于行家里手来说，性能高的单反是好单反
对于不是行家里手的人来说，指标更高，外观更好，价格更贵的单反是好单反"
,,5,速度给力，隔天送达，相机今年涨了不少，价格还可以
,,5,性价比之王，就是暗光对焦不太给力，总体来说很棒
,,5,未拆封，现在比较满意，没什么问题
,,5,相机真是好的没话说，下次推荐朋友来买
,,5,机器收到了，很好，但是快递太慢了，令人发指
,,5,京东购物就是放心，在当地服务点验货，他们说你放心，有问题七天内可以退换
,,5,正品没毛病，用起来感觉还是相当不错的。
,,5,相机不错，全画幅的开始学习摄影啦
,,5,相机不错，成像好，性价比高，值得购买
,,4,相机不错，全画幅入门机器，只是价格非常不和谐！
,,5,挺好的，希望耐用。挺好的，希望耐用。
,,5,朋友建议的款，功能强大，喜欢。
,,5,相机拍照效果不错，尼康大品牌值得信赖。
,,5,还可以，但是价格没有优势，后面又是这个价格了
,,5,适合新手，小白入手，练习摄影技术。
,,5,快递服务好，产品质量也好！
,,5,尼康一如既往的好，可惜下架了
,,5,原装正品，全国联保，全新未开封，正品正品，京东，京东，京东
,,5,还好吧，自己装好了，目前没有质量问题
,,5,不错，全幅相机物有所值，挺满意的！
,,5,不错！！！呀 还不错！！！！机器确实不错
,,5,不错不错，比之前的半画幅好多了
,,5,京东给力，送货快，东西都是正品，一如以往的支持
,,5,机器已经开始使用，京东购物还是比较满意的。
,,5,全画幅相机，适合入门。尼康可信赖。
,,5,真是一个好卖家。以后有这方面宝贝的需求还得找你哦！
,,5,帮朋友买的，还不错，用着还可以
,,5,一直用，也一直在京东买，特别值得推荐
,,5,速度快 价格好 京东值得信赖
,,5,查了说是正品，用后再评
,,5,性价比高，6.18买的，优惠力度大，赞赞。
,,5,送货快，价格实惠，东西满意
,,5,这款相机不错，下次还想来一套。
,,5,不错，品质优，价格美，送货快
,,5,全副足够了 一镜走天下了
,,5,还不错，给公公买的，，入门级
,,5,物流速度一如既往的快，东西质量不错不错，总体可以的。
,,5,挺不错的，用着还可以，价格也合适
,,5,京东购物实惠，就信任京东
,,5,刚收到货，包装完好！用用在评价！价格真是便宜！
,,5,机器成像效果好，物流迅速给力。
,,5,下单后配送出现小差错，沟通候机室分单，感谢客服。
,,5,德力西的东西应该不错～金属钢架，不错～
,,5,这次帮公司订的，送客户，供应商服务不错的。
,,5,东西好，京东速度快，啦啦啦啦啦了啦啦啦啦啦啦啦
,,5,价格优惠，京东购物方便
,,5,特价购入 送老爸日常喝喝 价格可以
,,5,相机还不错，希望后期服务一如既往
,,5,东西不错，等使用后再写使用感受吧
,,5,人生第一部全画幅，别的不多说了，就是好
,,5,这是发货时间是最长的，但产品一如既往的好
,,5,京东自营商品是我网购首选，希望京东发展越来越好！
,,5,这是一个不错的产品，我觉得还行，因为评价有京豆，所以我来评了。
,,5,做活动买的，价格不错，机子是正品
,,5,第二天就收到了！包装完好无损！
,,5,机器拍摄效果好值得拥有赞一个
,,5,第一个全画幅单反，还不错，一直用尼康，比较给力
,,5,大品牌，终于入手，正好去旅游，开心！
,,5,东西已经收到看起来还不错
,,5,验证是正品行货，京东速度就是快！100个赞！！！
,,4,前天下单，昨天就到了，很开森
,,5,描述一模一样，尼康原厂，价格实惠，最重要的是物流也快，打开拿到心仪的镜头，开心极了
,,5,性价比高，适合全画幅入门
,,5,还不错。蛮好用的。可以可以
,,5,到京东自营买，就是买个放心
,,5,第三个单反相机，不错
,,5,相机就是不错，京东服务就是周到
,,5,拍摄效果不错大小合适赞一个
,,5,正品行货，价格低，不错，比实体店便宜多了
,,5,好，不错！！！.....还会光顾！！！
,,5,尼康照相质量好，下次还买
,,5,正品行货，全国联保效果不错
,,5,东西挺不错，期待下次合作！
,,5,不错，新入手，摸索中
,,5,以前没买过这么贵的物品，第一次买也只敢在京东买，值得信赖
,,5,全新机器。无破损 自营产品 买的放心
,,5,全画幅机器，价格好，正品保证
,,5,正品保证送货快服务好值得信赖
,,5,机器不错拍摄效果好赞一个
,,5,一款不错的全画幅单反相机。
,,5,选择京东购买商品价格优惠质量保证
,,5,包装完好，尼康大品牌不错的选择。
,,5,挺值的，不错，看了很久了，赞赞赞
,,5,正品国货 包装细致仔细 赠品实用
,,5,京东购买，正品好用，送货速度快！
,,5,划算，京东搞活动9999拿下，便宜！
,,5,全画幅都经济实惠，画质也好
,,5,相机不错性价比高值得信赖
,,5,不错，网友都推荐这款
,,5,机器好用又耐玩，看来要推荐我的老朋友们购买了
,,5,京东值得信赖，送货速度快东西正
,,5,心爱的相机，终于拥有，京东购买始终让人信赖
,,5,颜色确实比佳能的艳丽些。
,,5,给公司买的，还可以！
,,5,价格合理，正品行货，发货速度
,,5,好好，不错，搞活动买的，好好好好看
,,5,买上还没用，看这是挺不错的！
,,5,京东购买，正品行货，送货及时！
,,5,不错不错 价格买的合适
,,5,入门全画幅 一到手开心
,,5,相机不错，快递也快。赞
,,5,这个相机性价比奇高，666
,,5,送货快捷，价格实惠，值得信赖。
,,5,"外形外观：好
产品包装：好
成像效果：好
反应速度：好
便携性能：好
其他特色：好"
,,5,还是在京东购物比较方便，不用逛来逛去。
,,5,感觉不错 做工细腻 还行
,,5,美美的，给的光盘软件也不错
,,5,相机还可以，不带存储卡遗憾
,,5,不错经常在京东买了，快递方便
,,5,0快门，拍照效果好。
,,5,给个好评吧，还不错，可以
,,5,传输速度快价格便宜容量大高速卡读写速度快大品牌
,,5,东西不错，值得这个价格，下次还回来
,,5,帮土豪朋友买的，据说还不错
,,5,性价比高，大品牌值得拥有
,,5,包装不错丶自己不会玩
,,5,包装好，物流快，正品
,,5,正品行货，包装完好，送货及时，值得推荐！！
,,5,东西还不错，就是涨价了!
,,5,东西挺好，快递速度也快，服务好！下次接着购！
,,5,性价比高 搞活动购买
,,5,还算奢侈，性价比不错
,,5,相机还行！玩玩还是可以的！
,,5,相机不错，全画幅单反中最便宜的一款。
,,5,价格实惠，送货速度快
,,5,价格便宜，送货速度快
,,5,"产品包装：包装完整，是正品
外形外观：外观新，不错
成像效果：效果完美，
反应速度：不错，"
,,4,手感特好，女儿超级喜欢！
,,5,东西不错，是正品。手感比佳能好！
,,5,好产品好价格好服务，
,,5,京东服务真好，送货快
,,5,给客户买的，应该还是可以的吧
,,5,东西不错，物有所值！！！！！！
,,5,价格合理，发货迅速。
,,5,东西不错，唯一的遗憾是小日本。
,,5,公司采购使用，服务好，送货快
,,5,东西不错，价格便宜！
,,5,东西不错，画质好&hellip;&hellip;
,,5,效果不错   手感相当棒
,,5,不错，蛮好用，性价比高
,,5,包装完美 是正品 东西好用
,,5,机器成像不错，画质好
,,5,东西好用，感谢你们，谢谢啦
,,5,京东品质值得信赖，为快递小哥点赞！
,,5,一直都在京东购物信任京东的售后
,,5,相机效果不错，送货给力。
,,5,一如既往选择京东，没话说
,,5,"公司购买,交货快,经济实惠"
,,5,习惯性好评，习惯性好评。
,,5,公司购买产品，实用挺好
,,5,速度快价格好京东值得信赖
,,5,京东商城网购的，正品行货！
,,5,随便买买，随便用用。。。
,,5,看了大半年的尼康机子，今天终于剁手买下了。机子没有开启痕迹，开机有调整时间界面，整体感觉不错，跟之前用的尼康机子有点区别，定光圈的机子确实挺棒，就是感觉机子真是沉。物流很快，秒杀买的。就是没给送清理工具，买了个包感觉太大了，还是换成小的吧！
,,4,站点服务好，自提方便
,,5,东西不错，对得起这个价格！！！
,,5,朋友推荐买的，赞赞的
,,5,相机不错。。。。。。。。。。。。。。
,,5,京东，让生活更方便。
,,5,不错头回买这么贵的东西
,,5,不错，正品，原厂原包
,,5,不错的东西，赞一个！
,,5,"对于行家里手来说，性能高的单反是好单反
对于不是行家里手的人来说，指标更高，外观更好，价格更贵的单反是好单反"
,,5,全新未开封的，比较放心。
,,5,一直信任京东的是正品
,,5,不错，不错，东西不错。
,,5,不再相信抢购，忽悠。
,,5,其实还是挺想买750的
,,5,京东购买，正品好用，送货速度快！
,,5,京东购买，正品行货，送货及时！
,,5,京东购买，正品行货，送货神速！
,,5,东西还不错，就是涨价了!
,,5,描述一模一样，尼康原厂，价格实惠，最重要的是物流也快，打开拿到心仪的镜头，开心极了
,,5,正品行货，价格低，不错，比实体店便宜多了
,,5,机器成像不错，画质好
,,5,机器好用又耐玩，看来要推荐我的老朋友们购买了
,,5,好好，不错，搞活动买的，好好好好看
,,5,相机效果不错，送货给力。
,,5,京东购买，正品行货，送货神速！
,,5,京东商城网购的，正品行货！
,,5,包装好，物流快，正品
,,5,京东购买，正品行货，送货及时！
,,5,相机效果不错，送货给力。
,,5,京东购买，正品行货，送货神速！
,,5,"对于行家里手来说，性能高的单反是好单反
对于不是行家里手的人来说，指标更高，外观更好，价格更贵的单反是好单反"
,,5,机器好用又耐玩，看来要推荐我的老朋友们购买了
,,5,好好，不错，搞活动买的，好好好好看
,,5,相机效果不错，送货给力。
,,5,京东购买，正品行货，送货神速！
,,5,京东购买，正品行货，送货神速！
,,5,好好，不错，搞活动买的，好好好好看
,,5,机器好用又耐玩，看来要推荐我的老朋友们购买了
,,5,京东购买，正品行货，送货神速！
,,5,"对于行家里手来说，性能高的单反是好单反
对于不是行家里手的人来说，指标更高，外观更好，价格更贵的单反是好单反"
,,5,京东购买，正品行货，送货神速！
,,5,京东购买，正品行货，送货神速！
,,5,机器好用又耐玩，看来要推荐我的老朋友们购买了
,,5,京东购买，正品行货，送货神速！
,,5,机器好用又耐玩，看来要推荐我的老朋友们购买了
,,5,"对于行家里手来说，性能高的单反是好单反
对于不是行家里手的人来说，指标更高，外观更好，价格更贵的单反是好单反"
,,5,机器好用又耐玩，看来要推荐我的老朋友们购买了
,,5,机器好用又耐玩，看来要推荐我的老朋友们购买了
,,5,"对于行家里手来说，性能高的单反是好单反
对于不是行家里手的人来说，指标更高，外观更好，价格更贵的单反是好单反"
,,5,"对于行家里手来说，性能高的单反是好单反
对于不是行家里手的人来说，指标更高，外观更好，价格更贵的单反是好单反"
,,5,"对于行家里手来说，性能高的单反是好单反
对于不是行家里手的人来说，指标更高，外观更好，价格更贵的单反是好单反"
,,5,"对于行家里手来说，性能高的单反是好单反
对于不是行家里手的人来说，指标更高，外观更好，价格更贵的单反是好单反"
,,5,"对于行家里手来说，性能高的单反是好单反
对于不是行家里手的人来说，指标更高，外观更好，价格更贵的单反是好单反"
,,5,"对于行家里手来说，性能高的单反是好单反
对于不是行家里手的人来说，指标更高，外观更好，价格更贵的单反是好单反"
,,5,"对于行家里手来说，性能高的单反是好单反
对于不是行家里手的人来说，指标更高，外观更好，价格更贵的单反是好单反"
,,5,"第一次买单反，先入手个即将退市的610试试。
本以为用手机给小孩拍照足够，但总觉得有所欠缺。一眨眼小孩就要长大了，还是留点记忆好点，也算是为晚年找个兴趣（还是需要借口才舍得花钱）。
试了一下，即使当傻瓜机用，相机的效果也甩手机几条街。"
,,5,专业相机看着就挺复杂的，对于我这刚想学的人来说不容易，不过这挡不住我们学习的热情。对于大多数预算不充裕的普通人来说，D610套机是个不错的选择。很期待将来能拍星空，从小就一直对星空有无限的遐想。诸位同道加油！！！
,,5,双11尼康京东官方旗舰店败家了D610+24~120ⅤR套装。已在尼康官网注册成功，延保至3年。610是几年前发布的全幅机，相素和机身功能基本上满足日常拍照需求。我从胶片机时代玩海鸥手动，美能达AF单反，数码相机时代就不玩单反了，但全幅的科学道理还是深刻理解的。之所以没追随美能达的***索尼大法的微单而入了尼康门，还是D610的性价比太突出了，希望D610的表现能给我带来惊喜。
,,5,还没学会用，要静下心来好好研究，之前用宾得的，现在需要适应一段时间
,,5,期待已久，终于下手，不过还是小白，慢慢来吧，期待期待
,,5,到货试用一切正常，送的手柄宁愿换成存储卡，清洁套装，包什么的。
,,5,老婆一直想买相机，过生日送她的生日礼物，让她慢慢摸索吧！！
,,5,只是没有任何赠品。例如：SD卡、清洁工具。我在實体店里买过D710，就有这些赠品。
,,5,刚收到的，还不会用。外观包装没问题。照片以后学会了再补发吧。
,,5,人生的第一个单反，本来想买D710或者D850的，综合了预算和朋友的推荐，最后买了这个，希望自己能加油练好摄影，加油加油哦
,,5,"D610目前降至5xxx的价位比当初上市之时下降了70%之多,性价比无敌.虽然当今的竞品附加功能强余D610,但说到照相D610当仁不让,依然画质优秀."
,,5,包装完整，查了一下3码合一，相机是2018年5月生产的，使用后再追加评价。就是还没有收到电子发票信息。
,,5,新手买来学习用的，也没有网上说的尼康难学，基本操作两天就差不多了，接下来就是学习正儿八经的摄影了
,,5,外形外观：111111111！希望不会让我失望
,,5,大概是第一次用相机就是尼康的，所以就对尼康的机子很有好感。不知道从专业的角度怎么评价那些参数啦，上几张在学校拍的图～
,,5,尼康（Nikon） D610 24-120 入门级全画幅套机
,,5,入坑，希望不会掉渣。
,,5,"还行吧，姐姐没有说不好。。。。。。。。
就是发票强制给了电子版的，担心保修。"
,,5,和数码相机的区别挺大的，目前正在熟悉中
,,5,下午刚到货，还在摸索，用用再看效果如何。
,,5,人生第一台单反，白条上限13000，买不了D750套机，就这个了，用着不错
,,5,终于到了，还没有开始用，应该是可以的，
,,5,终于入手，开始了摄影之路，慢慢练习中。暂时没发现其他毛病。
,,5,买适合自己的相机，练习技术，而不是一味堆器材。共勉！
,,5,到手努力学习中，还不知各个键位的作用，?
,,5,2017年下半年产的，估计发布初期存在的问题都修正了！京东给了好多赠品！
,,5,"小金库 
京东白条
京东白拿 
小白理财
京东福卡 
余额 
优惠券(1) 
京东卡/E卡 
京东图书卡 
京豆"
,,5,太高端，还不会用，需要好好的研究才行。希望好用
,,5,未开封，全新，刚上手，学习中。
,,5,正在使用中，由于是新手，无法作出评价，目前来看还行
,,5,人生的第一台相机 初学者 培养兴趣
,,5,最后一批D610，哈哈哈，就是重了点。
,,5,还可以正在熟悉中
,,5,一切都还在熟悉摸索中
,,5,原装机，盼望已久的宝贝终于到货啦！学习使用中，以后追评
,,5,收到相机几天了，拍了些照片感觉可以，还在摸索中...
,,5,相机还没用，初入门，使用一段时间后再补充评价!
,,5,使用低于预期一点点。还行。
,,5,心仪已久，趁着双十一拿下了
,,5,还在学习研究中，相机还未正式使用，待拍照片看看
,,5,还可以   暂时还没研究怎么拍出高质量的照片
,,5,今天刚拿到的 目前还在研究中 还没有发现什么问题 先五星好评吧～
,,5,估计是新的吧，快门次数0
,,5,德力西开关插座 一开双控单开双控开关面板86型墙壁插座
,,5,机器收到，还没试，买的第一台全幅，需要开始好好练习了。
,,5,很好的！！！
,,5,初学者，还不是很懂，到熟悉后再评。
,,5,包装应该是原装的，太忙，还没顾上看
,,5,封条拆过了，但查快门次数是0。还没入门，好好研究。
,,5,第一次在京东下大件，机器上手正在熟悉中
,,5,这款尼康D610数码单反照相机不错呵。
,,5,尼康！专业无可挑剔，带着她去旅游喽
,,5,毒后敌特客户穿新鞋微微问哦婆婆使用
,,5,人生第一台单反 咬着牙买了 用起来可以
,,5,第一次入全幅，好好研究一下
,,5,新买的 还在研究 包装结实
,,5,不太懂，用一段时间再来追评
,,5,期待已久的 全副 到了
,,5,一诺狮子座诺诺二鹅肉问一下从容
,,5,记不清多少次购买了，赞?
,,5,此用户未及时评价，系统默认好评。
,,5,此用户未及时评价，系统默认好评。
,,5,此用户未及时评价，系统默认好评。
,,5,此用户未及时评价，系统默认好评。
,,5,此用户未及时评价，系统默认好评。
,,5,此用户未及时评价，系统默认好评。
,,5,不管风雨的打击 全心全意
,,5,买回来还没怎么用，慢慢学吧
,,5,还可以吧，比较便宜
,,5,帮人买的，这价位还想买什么呢。
,,5,非常好性价比非常高
,,5,不错。。。。。。。。。
,,5,期待已久 入门级全画幅
,,5,刚收到还没看怎么样
,,5,全画幅单反，入门首选。
,,5,期待已久 全画幅走起
,,5,平民版全画幅，替换多年的7000
,,5,外形外观：挺好的
,,5,还行吧！中规中矩没什么特色也。
,,5,不错不错
,,5,正品行货，送货及时
,,5,帮朋友买的，还没开箱
,,5,太重了！其他还可以
,,5,产品包装：完好
,,5,物超所值
,,5,铁粉啦，有需要再来。
,,5,还是很有可能会用的比较多
,,5,电池没电，待试用。
,,5,商品可以，很大气，
,,5,外形外观：不错
,,5,应该可以的。品牌
,,5,不错不错
,,5,帮朋友买的
,,5,验证过正品，还没使用
,,5,挺好的?
,,5,北京建议经营正常企业涨薪8.5%
,,5,却仿佛诚诚恳恳爸爸出差吹吹风dsx
,,5,阔以
,,5,商品不错，物美价廉
,,5,用了再评
,,5,真品，还在继续摸索！
,,5,东西全新未拆封，关键是送的东西居然少2件。
,,5,不错，老妈很喜欢
,,5,是正品，未开封过，还没有使用。
,,5,"成像效果：很不错
便携性能：方便"
,,5,实实在在的一次购物，喜欢京东
,,5,"产品包装：很好
外形外观：很美观"
,,5,很满意！
,,5,成像效果：性价比超高的
,,5,还没有用，用后再评。
,,5,刚刚拿到，正在研究。
,,5,京东购物实惠，方便
,,5,京东购物方便实惠
,,5,还不错，慢慢研究
,,5,成像效果：很不错
,,5,像素好，价格优惠
,,5,包装好，价格优惠
,,5,成像效果：很棒
,,5,成像效果：很棒
,,5,反应快，包装好
,,5,京东购物实惠
,,5,很不错，用心做产品的企业值得尊敬，为此付出过汗水的人们辛苦了
,,5,给老爸买的～还在研究中
,,5,物流很快
,,5,相机还好吧。。。。。。。。
,,5,东西不错
,,5,很喜欢
,,5,haohaohao，商品没的说哈！
,,5,"非常感谢京东商城给予的优质的服务，从仓储管理、物流配送等各方面都是做的非常好的。送货及时，配送员也非常的热情，有时候不方便收件的时候，也安排时间另行配送。同时京东商城在售后管理上也非常好的，以解客户忧患，排除万难。给予我们非常好的购物体验。
Thank you very much for the excellent service provided by Jingdong Mall. You do very good jobs in the warehouse management, logistics, distribution and so on. The delivery follows a timely manner, and the distribution staffs are enthusiastic as well. At times, it is inconvenient for clients to receive parcels, appropriate delivery would be arranged at another time. Furthermore, the customer service and mall management of Jingdong are well done, which could over***e difficulties and solve problems for clients. Jingdong Mall provides us a very good shopping experience!"
,,5,啊哈哈哈哈哈哈哈哈哈哈哈哈呵呵呵呵
,,5,"非常感谢京东商城给予的优质的服务，从仓储管理、物流
配送
等各方面都是做的非常好的。送货及时，配送员也非常的
热
情，有时候不方便收件的时候，也安排时间另行配送。
同时
京东商城在售后管理上也非常好的，以解客户忧患，
排除
万
难。给予我们非常好的购物体验。顺颂商祺!
Thank you very
much for the excellent service provided by
Jingdong mall,
and it is very good to do in warehouse
management,logistics,
distribution and So on.Delivery in a timely
manner,distribution
staff is also very enthusiastic,and sometimes
inconvenient
to receive the time,but also arranged for time to
be delivered.
At the same time in the mall management Jing"
,,5,明明白白，，，，，，，
,,5,很好，满足我的需求
,,5,"作为plus用户，家里大小用品全部京东搞定。 非常感谢京东商城给予的优质的服务，从仓储管理、物流配送等各方面都是做的非常好的。送货及时，配送员也非常的热情，有时候不方便收件的时候，也安排时间另行配送。同时京东商城在售后管理上也非常好的，以解客户忧患，排除万难。给予我们非常好的购物体验。
Thank you very much for the excellent service provided by Jingdong mall, and it is very good to do in warehouse management, logistics, distribution and so on. Delivery in a timely manner, distribution staff is also very enthusiastic, and sometimes inconvenient to receive the time, but also arranged for time to be delivered. At the same time in the mall management Jingdong customer service is also very good, to solve customer suffering, over***e all difficulties. Give us a very good shopping experience. ！"
,,5,性价比高，值得购买
,,5,好好好好好好好好好好好好好好好好好好好好好好好好好好好好好好好好好好好好好好好好好好好好好
,,5,多块好省品质保证
,,5,正品行货，效果不错
,,5,还不错吧，京东自营还是信得过
,,5,我想问一下知我者谓我心忧
,,5,京东购物放心
,,5,速度快 质量好
,,5,期待已久 终于到手
,,5,适合初学者
,,5,性价比超高 秒杀的
,,5,东西很好，物有所值
,,5,不错的相机，很喜欢
,,5,单位采购 不错哦
,,5,一镜走天下 足以
,,5,非常好 期待已久
,,5,活动购买 很不错
,,5,机器不错，画质很好
,,5,机器不错 物流给力
,,5,不错 性价比超高的
,,5,期待已久 终于拿到
,,5,挺不错的。
,,5,相机超棒！
,,4,广角感觉超级赞！
,,5,全新，不错
,,5,拍摄效果不错，喜欢
,,5,性价比最好的全幅
,,5,嗨皮嗨皮嗨皮嗨皮
,,5,东西不错
,,5,大品牌的就是好用！
,,5,终于到了 不错不错
,,5,价格实惠
,,5,价格实惠
,,5,价格实惠
,,5,价格实惠
,,5,价格实惠
,,5,价格实惠
,,5,价格实惠
,,5,价格实惠
,,5,挺不错的(*?&acute;╰╯`?)?挺不错的(*?&acute;╰╯`?)?
