,,3,整体感觉不错，就是双十一价格掉了，还送了东西，怎么说呢，以后京东买东西啊，先加入购物车，看一段时间后再入手吧，一天一个价，让人受不了啊
,,2,"老板您看看，你这相机拍出来的全是模糊的呢
成像效果：差"
,,3,"买来是拆过封的，心里多少有点芥蒂,不是很舒服，也懒得退货或换货。事后联系了客服，客服服务倒是蛮不错的。实事求是的说，买之前也看过评论里说是开过封的，只能怨自己太天真。以后在京东买贵重的物品要慎重了。先用着再说，暂时没有发现问题，过一段时间去检测一下再来评论。"
,,2,一万多的装配连个内存卡都没有就算了，还没单反包，真心有点说不过去
,,2,请问你们京东销售太不仁义了吧？一点不诚信，我们相信你们，订金销售打折，但现在和原来一个价，还给电池盒，今后让我们如何相信你？两分是给商品的！
,,3,买了就降价，还送包送卡！
,,3,送货简直是堪比蜗牛的速度，哎
,,3,自营的送货太慢了。
,,3,取景器有黑点&hellip;&hellip;
,,3,24 120套机，国内生产的镜头工艺太差，上次买的24-85里面有人为擦拭痕迹，这次买的这个内部有好几颗灰尘，白花花的，虽然不影响成像，但二手贬值太多了，京东客服打电话过来赔了200，折合下来套机8849，我也懒得折腾了。就这样吧，还有京东跟别的地方的封条不一样，估计是后封，一直都是这样。别的地方买的，封条会很完整的撕下来，京东的一撕一整块就掉下来了。
