,,3,还不错
,,3,用着还可以，用着还可以。
,,2,"购买主要是因为像素高，操作手感不错，但耗电太大！一块电池?只能拍300张左右，有时更少！！！高感也不是太好，和已有的5D3差距比较大！！
机器竟然是2017年11月的库存机，非常郁闷，不知道是否是返修的？！太次了！！！"
,,3,不错，就是太太贵了，不是一般的贵
,,2,收到后，外包装盒损坏，打开后，电池充不进去电，客服告诉我，反复操作，我按照要求操作了十几次还是充不进去；其二，用电池余电打开相机，直接进入了拍摄界面，没有任何激活提示，直接显示中文；客服的态度恶劣&hellip;&hellip;知道如何投诉的，告诉我！
,,3,可以退不，包装合上月期17年12月的，比起尼康来确实差点，连快门次数都查不到，魔术手上无法显示，听说还下软件，连电脑，也做了，还是有些软件安装不了，也不知那儿查很，麻烦，麻烦，不人性化，很不方便，布局和按健不太合理啊，设置也比较复杂，下次换机还是转回尼康阵营吧。
