,,1,京东的售后不给力，发票半个月了还没到
,,1,貨剛到 就降價了  京東不厚道～
,,1,失望至极！用到钻石会员了，第一次对京东售后感到失望透顶！*的货有问题，大卡槽里有一根接触针是弯曲的导致大卡用不了，买来确认收货后快一个月才买了大卡，才发现问题，竟然只能返厂维修，说周期30天！！我想换货啊！坑！
,,1,一、购买此商品需谨慎，我入手的相机是库存机器，2018年2月的，一开始没留意，开箱了回过神来才发现。 二、7天无理由退货前提是不开包装，购买单反这种高额商品哪有不开包装检查的道理？一是霸王条款，二则容易中招。 三、买的时候是9999，后来降到9799申请补差价，也是巨坑，客服只提示可以返京券或京豆，后来问朋友才知道可以原路返还的，而且京券购买也不人性化，面值100就必须买够足额100的商品，支付时不会给你任何提示。要是不理解只买了几十元的商品还以为赚到了呢，结果剩下的余额都给吃了，杯具了。 四、出现售后店铺客服一句:找京东客服就完事，完全不关己！最后只有联系京东的客服，而每次找京东客服都会咨询风马牛不相及的问题，感觉就是在跟客户耍花*，京东客服的套路太深，但回避或者装傻不是解决问题的王道，遇到死磕的客户可能会恶化问题。
,,1,太让人伤心了，我4个红圈镜头，3个跑焦。虽然反复调整，总是不满意！50L，1.2的光圈，用不了。还不如我的60d对焦准确，16-35跑焦；xxbis，跑焦；还好，我的24-105狗头，居然不跑，阿弥托福，总算也有能用的头了。非红圈的40饼，跑焦；24is，跑焦。其他镜头还没有试验，我已经绝望了，懒得试了。
,,1,发票在哪里、说实话感觉很不爽，为了买的放心，选择了自营店《稍微贵点》，然后光秃秃的一个相机和一个电池和一个充电器，哪怕送一个显示屏钢化膜也暖心啊，最想知道发票在哪里？
,,1,箱子送来没有任何减震措施，也没有外膜。开箱过程全程录像，肩屏有偌大的指纹，联系客服，说不会有问题，让去服务点检测，有问题才能退换。我R#？
,,1,京东缺德！竟然给我一部2017年的拆过封的货给我，今天早晨快递员丢给我就走了，封条断裂过一次，然后重新加一个封条的，机器上有手指印和灰尘，***s上好多灰尘！电池根本不能用！大家小心哦！现在的京东再也不是以前的京东！
