,,5,正品完美，发货很快。售后特别负责，有啥不懂都可以问
,,5,"收到货是一个大箱子装的，还在很惊讶。打开一看，除了相机的包装以外，还有一个腰包，一个相机包。


打开相机质量出乎我的意料，比之前用的尼康的质感要好很多。因为收到的时候还没有镜头，所以先上网找找时教学的视频先熟悉参数。镜头一到手就可以体验了。

很满意的一次购物体验。"
,,5,不错!送的东西很多!真机，大家放心购买。配了适马的头，对焦真的超级棒!索尼大法真香!希望明年能靠这个家伙好好创作一些更加优质的艺术作品!
,,5,"产品包装：原厂包装！
外形外观：外观好看精致！
成像效果：成长效果超级棒！
反应速度：对焦非常快！
便携性能：小巧方便
其他特色：主要是用来拍摄视频，画质锐度没的说，一级棒！"
,,5,验证是正品行货，质量非常好，作为摄影师，这台机器大大提升了我的水平哈哈哈，必须好评！这家店很靠谱！
,,5,产品以到手，外观很大气，功能也很强大，该有的都有了！下一步看看拍照效果喽
,,5,喜欢的宝贝终于到手了，第一在京东商城网购最贵商品，当时还有点担心正品问题，收到货迫不及待的在索尼官网注册查询验证正品！这次购物相互比较了解了好几家店铺，店铺活动优惠力度还不错?；客户热情??，还没使用，后期需要镜头再来这家店铺，店铺非常不错??值得推荐
,,5,相机没问题，商家服务很好，机器眼控追焦十分完美，速度准确度一流，均衡、照片和视频都很优秀，观望的朋友可以放心入手。
,,5,决定购买A7m3很久  查看了多家店铺  这家客服很用心  详细解答了我的问题  决定入手   快递很快  赠品也很多   价格是真的香   有犹豫不决的朋友可以咨询这家店
,,5,种草了很久，终于买了。实物到手是真的好看呀，包装的也不错。试用了一下，比手机照的好看多了，看着高档大气，爱了爱了！
,,5,"产品包装：包装很好 安全措施很到位
外形外观：外观小巧 这是我的第一台单反 越看越喜欢
反应速度：反应速度很灵敏 没有任何问题"
,,5,也在京东对比了好几家 然后选了这家 全新国行未拆封 客服也很好 我问的问题比较多 都一一解答 态度很好 还赠送了 好多东西 相机包 清洁工具什么的快递也很快 推荐大家来这家买！！
,,5,"说实话，这么便宜的价格，买的时候还是有点忐忑，最后还是在这里买了，收到货意外的惊喜，送的礼品都很实用，机器也是202011月出厂的，使用也非常满意！一次愉快的购物！
产品包装：完美"
,,5,"产品包装：太帅了吧
外形外观：小巧轻便
成像效果：非常棒
反应速度：超级快
便携性能：应该是全画幅里面最好用的吧
其他特色：还给了好多赠品！包包内存卡！好多好多！"
,,5,相机他家一如既往的优秀和好、活动力度非常大，机身日期非常新鲜、东西很棒
,,5,种草a7m3已经一段时间了，狠狠心买下了他，比预想中的好，是全新国行，官网已经注册了，另外京东的快递真给力，一百分!!
,,5,非常精致小巧，比佳能轻多了。等镜头到了试用。客服非常耐心，服务特别好。
,,5,"产品包装：包装完好
外形外观：大气
成像效果：很好
反应速度：快
便携性能：比5D3轻
其他特色：对焦快，准确"
,,5,"反应速度：对焦拍照真的挺快的
外形外观：外观比想像中的小很多，比传统单反几乎轻一半"
,,5,"外形外观：完美
产品包装：完美
反应速度：完美
便携性能：性能好  m3性价比高
其他特色：完美
成像效果：成像效果不错  4k视频拍摄给力"
,,5,相机不错宝贝确实很棒，个人非常喜欢，朋友也说好来着，推荐购买
,,5,"产品包装：包装很好
外形外观：超喜欢
反应速度：对焦速度超快，操作便捷。
便携性能：小巧方便
其他特色：关注已久，刚收货就降价，小二跟爽快的退我差价，谢谢！"
,,5,"第一次在京东买贵重的产品，尤其单反的水也比较深，找一个靠谱的上家不同意，经过很长时候的筛选，最终选择了这家店，事实也确实没让我失望
客服小姐姐很负责任，态度也很好
机器看了没有任何问题，非常完美，很开心的一次购"
,,5,关注了很久，这家实体店值得信赖，客服的态度也非常好很有耐心。心心念念了很久的的大法终于下单了，还赠送了许多东西。京东的快递真没说的很快就寄到了，已经注册了是正品，大家可以放心购买。
,,5,从去年开始关注m3，今天终于把我这m2换了。这个价格入手m3超级合适，商家人很好第二天就到了，送的包不错。性价比超高，机子没有问题。爱了爱了
,,5,"机子特别棒，对比二代提升了很多。
产品包装：盒子完整，老索尼的包装了
便携性能：对比二代续航提升了不少
成像效果：很棒"
,,5,老板人很好，有求必应，发货快，包装好，价格美丽～
,,5,试了多天才来评论！官方注册了 就是正品！没问题！很好！
,,5,"产品包装：包装紧实
外形外观：外观漂亮
成像效果：效果很赞
物流很快，昨天拍的，今天就到了。东西很好，正品，店家送的东西也很多。很完美"
,,5,国行全新，送的包也不错，居然能放下我的大变焦头，还送了张闪迪sd卡很良心的卖家，快递也很快1800km3天就到了。
,,5,是正品。 商家很细心。包装的很好。 期待已久的相机终于到了。
,,5,买的第一款相机，包装很完整，配的赠品还挺多。
,,5,"是正品，已经官网注册，机子很不错。
机子到手要适应一下，很多快捷键要自己设置。"
,,5,相机很好，而且送了很多赠品，机身很精致，保修卡什么的都很全！
,,5,是正品，已经官网注册，机子很不错；到货很快，卖家送的礼包也很实用。机器就不说了，广受好评。镜头应用范围广，是最合适的挂机头，如果拍人像或者静物想要获得较好地虚化效果，可尝试开到最大远焦端，再利用好自然景深，效果还是不错的。
,,5,小相机很给力啊，还送了好多东西。而且物流很快，客服服务超级满意。
,,5,一开始准备在自营入手的  没想到这家活动力度这么大就选择了美康  收货的时候开着视频开箱的生怕出现什么问题  惊喜的是相机没有任何毛病 三码合一  会员也注册成功 试机两天了 非常完美
,,5,新买的a73第一时间拆箱，搭配转接环，用起来很好
,,5,一开始还担心是不是正品，拿到后验了是真的，东西很好很满意，下次首选你家
,,5,相机很好，是原装的，颜值真的好高，好好看
,,5,我是美康线下的老会员了，这次第一次在网上合作，比起以前方便多了，机器品质自然不用多说，他们家一向以服务和口碑立本，赠品礼包能看出来是精心挑选的，都是非常实用的东西。机器眼控追焦十分完美，速度准确度一流，均衡、照片和视频都很优秀，观望的朋友可以放心入手。
,,5,包装保护的很好，机子是全新的，客服有非常认真的跟我讲解。价格比线下实惠很多
,,5,行货新机，质量完全没问题，完美屏幕。
,,5,2020年依旧最具性价比的全画幅。除了是8bit和4k25p其余都很好，是正品，下次再来
,,5,"成像效果：好，成像很好
外形外观：好
产品包装：好
反应速度：好
其他特色：好
便携性能：好"
,,5,观望了好久，也摸了好多相机最后还是大法好，不管被人吹什么，自己上手试过之后还是买这个，店家客服很好的，推荐
,,5,索尼大法真好，画质真的很不错，自己买的套头光圈不大，不过虚化也稍微有一点，总体是很不错的，这家的价格便宜，挺满意的
,,5,"没毛病 京东直接给送到手上 对焦没得说 成像质量没得说 录视频质量很好
最后，屏幕是真垃圾"
,,5,非常好，正规。本来想在**买的结果不开票，那我还是在京东买比较保障。这两天带出去试了一下机子，大法的hlg果然不错。
,,5,不错，质量可以。值得购买，外形好看，成像效果可以。反应很快，卖家服务很好。
,,5,到货真快，店里还赠送了东西，客服很有耐心，为店家点赞，估计我还会光临小店
,,5,"外形外观：轻便好看
便携性能：很便携轻巧
成像效果：很高清"
,,5,"产品包装：包装很到位
外形外观：很美观
成像效果：蛮不错的 索尼大法好
反应速度：写入速度 跟对焦不错
便携性能：小巧方便"
,,5,"真的好用,从佳能转过来的,本来害怕用不习惯,没想到轻松上手了，礼品很全很实用,商家用心了"
,,5,"产品包装：完好
外形外观：帅气
成像效果：清晰度高
反应速度：很快
便携性能：轻便
其他特色：我拿去拍鸟都可以，连拍十张很快"
,,5,全新靠谱，官方注册验了是真机，还送了很多东西，店主真好。
,,5,这家店发货真的非常快速 相机也非常的好 完全没瑕疵
,,5,正品全新正货，已官网注册无任何问题卖家服务也很好，补开了电子发票
,,5,"产品包装：完整
外形外观：Sony大法好
成像效果：超高像素
反应速度：快
便携性能：方便"
,,5,"产品包装：包装妥当，没有出现破损
成像效果：一直很喜欢索尼的机子，从a7到m2，到现在的m3舒服
反应速度：对焦没话说，很可以"
,,5,反应速度：快速，性价比很高，老板服务也好，不断沟通，发货也很快，包装精美。
,,5,"产品包装：完好无损，正宗国行
成像效果：完美的机型，水桶机，下面有拍的片子
其他特色：客服服务好响应快，送了很多教程"
,,5,可以正常注册，是正品，一开始还忐忑，价格有点低，没想到物美价廉，强力推荐，以后更新机器还来这家
,,5,正品牌，质量有保障，操作简单，很好用，清晰度非常好，满意
,,5,用了几天，机子没有问题，客服很好
,,5,"外形外观：美观大方。
便携性能：便于携带。
货比三家最后选了这个，成像特别好，客服态度很好，有问题随时解决，绝不拖拉，点赞。"
,,5,相机很好，拍出来的照片很好看，不懂的问客服，回答也很热情，虽然贵了点但是值
,,5,"爱了爱了
成像效果：非常的好
外形外观：外观科技感十足"
,,5,不错的相机，一次性买了两台，价格很合适，有需要还会再来的?
,,5,终于买到心心念念的相机了，大牌子就是不一样，包装都特别好，成像效果好，反应速度很快，爱了爱了
,,5,包装精美，看起来高大上，使用起来嘛，效果不错，非常清晰，功能还在慢慢摸索中，总体感觉还是非常值的。
,,5,东西不错哦 物流也很快 很喜欢m3色彩 用hlg模式拍摄后期基本不用调
,,5,用起来比之前的小卡片好太多，专业级的就是用着好，以后有需要在来
,,5,"产品包装：很精致很严实
外形外观：很喜欢，是我想要的
成像效果：非常满意
反应速度：灵敏度高
便携性能：很不错，值得推荐"
,,5,美观大方，便于携带，货比三家最后选了这家，成像特别好，价格实惠满意。
,,5,相机 挺好的  很清晰
,,5,看中了这款一直想要，等到了双11终于咬牙买了这款，照片拍摄的很清晰，更生动！很满意
,,5,"产品包装：包装很好
外形外观：做工质量非常好
成像效果：像素非常高 很清晰 
反应速度：非常灵敏 好用
便携性能：携带方便
其他特色：很出色的一款相机"
,,5,"产品包装：好，
外形外观：很有品质感
成像效果：好
便携性能：不错"
,,5,"产品包装：包装很用心，到货没有一点损坏
外形外观：很满意
成像效果：是我想要的效果
反应速度：灵敏
便携性能：方便"
,,5,"产品包装：包装很好
外形外观：外型比较小精致"
,,5,相机收到包装得很好，是正品，质量很好，成像清晰，反应快，很好用，满意
,,5,"产品包装：包装精美
外形外观：外观新颖别致
成像效果：杠杠滴
反应速度：速度叫一个快
便携性能：方便携带"
,,5,已到手，a7m3不愧是全画幅性价比之王，使用体验太棒啦！宝贝很精致，客服态度非常好，值得信任的商家
,,5,一直想买这款相机，收到货迫不及待的试了试，手感不错，店家的优惠也很好，是正品，注册可以延保一年
,,5,机器非常给力 拿上就马上拍拍拍了
,,5,包装完好，成像效果很好，反应灵敏，好携带。满意。
,,5,刚刚送到物流很快，外观漂亮
,,5,其他特色：非常好的一次购物，客服也非常的细心解答
,,5,收到了，值得入手，光圈可以，拍摄一些近景都很不错，业余买的，评论不专业
,,5,"产品包装：商家包装的很细致，完美包装。
反应速度：店家回复很快，有问必答，很有耐心。
便携性能：索尼大法好。"
,,5,"外形外观：好看，颜值超高
便携性能：还可以，不重
成像效果：试了一下，不错，超喜欢"
,,5,相机有很多功能，使用体验很好，没有什么缺点
,,5,自己买了35mm的镜头，用着很舒服
,,5,物流十分给力，朋友推荐来的，相机拍的效果非常棒，对喜欢摄影的我是一种很大的满足。
,,5,"产品包装：包装精美。
外形外观：外观设计流行时尚。
成像效果：非常棒。
反应速度：反应很快。"
,,5,物流速度很快，服务态度很好，活动力度也挺大的，宝贝刚入手还未使用，随后补上
,,5,索尼一直是我喜欢的品牌，大爱了！各方面都很好！就等出去旅游带上用了
,,5,非常好，东西非常正，索尼拍出来的东西就是有质感！
,,5,全新正品行货 已在官网注册 物流配送快 很好
,,5,很满意的一次购物 相机非常的好
,,5,对焦和高感相比a7m2大幅增强，是较为均衡的一款机器，很满意！
,,5,质量很不错，很满意，像素很好，，好评
,,5,心心念念了大半年的相机，全画幅的感觉真是不错，店家服务也非常棒，希望从a7m3开始走上专业的道路，好评！！
,,5,包装完好，成像素质很棒，挺好用的。满意。
,,5,客服小哥哥非常nice，购买体验非常棒，推荐一波，老板看到给员工加鸡腿哦
,,5,价格非常公道，老板人也很好，送了一大包赠品
,,5,特意升级了一下机身，画质优秀，确定是正品行货，到货很快
,,5,"产品包装：全新没拆封的
外形外观：满意
成像效果：高清成像非常清晰"
,,5,无论是对焦操作方面的体验，还是从画质视频的展现感觉都很满意
,,5,- 东西收到了 物流还是很快的  上手试了一下  各方面都挺满意的
,,5,"产品包装：包装严密
外形外观：全新
反应速度：超快！连拍速度太爽了
京东一直都不错，不仅仅是自营，非自营也不错！a7m3我想买很久了，因为拍作业需要，买了，真爽啊！太好用了，镜头单买的还没到！到了再追加评论，客服真的好好哦！太有礼貌了！"
,,5,经过好久对比了很多款，最终索尼胜出，这款小白也可以买，很赞
,,5,靠谱全新行货，用了几天了，全画幅的感觉真心不错，点赞
,,5,商家非常细心，包装完好无损，态度也很好，正品国行
,,5,"产品包装：完好
外形外观：错 
其他特色：是正品
成像效果：非常棒"
,,5,物流很快，相机不错，很喜欢。客服很负责，谢谢。
,,5,索尼机子不错，用着很爽，性价比高，五分好评！
,,5,非常好，送了东西，朋友很喜欢。
,,5,反应速度：使用速度快，效果非常不错。
,,5,产品包装：包装精细，发货忒快，正品，很不错。
,,5,很开心，真的很开心，非常不错
,,5,物流很快，店家服务态度特别好。
,,5,"产品包装：包装的很好
外形外观：时尚
成像效果：很棒
便携性能：好
反应速度：快"
,,5,大品牌有保证，正品质量很好！
,,5,超级棒，信赖索尼，信赖美康数码！
,,5,相机是正品，质量很好。
,,5,很完美的一次购物  东西是正品
,,5,"用了一段时间才来评价
很喜欢
五星好评"
,,5,宝贝很好，性价比特别好
,,5,刚到手，感觉很不错！
,,5,商家不错，耐心，包装结实，相机挺好，还在摸索，成像好，颜色偏黄，原来用r2，现在用m3，目前对焦不懂是不是自己不会用，对焦没感觉到很大提升，但是触摸屏确实好用了点，视频优秀了
,,5,说实话，开始还对机器有点存疑，毕竟价格还算很优惠。但是从到手，开箱，到使用了这么多天，确实没有任何问题。期望用这台机器拍出更多好的作品。
,,5,"成像效果：不错
产品包装：整洁
外形外观：精致
这个机身，不错功能很齐全，之前常用佳能新机子还在熟悉。"
,,5,元旦过节时入手的，价格比较实惠，送给男朋友的生日礼物，物流真的赞爆了！！！！！机器是正品，放心入手
,,5,索尼，达芬奇，品质。店家耐心细致。
,,5,心心念念的a73嘻嘻称活动入手送了一大批小礼品，机身没异常装上早已买好的镜头开始创作。
,,5,"外形外观：轻巧
成像效果：明亮瑞丽
反应速度：迅速
产品包装：完整
便携性能：方便"
,,5,产品包装：是正品国行，而且价格优惠。店主有耐心！好评
,,5,相机到手了，使用体验还不错，对焦很快，视频功能也很强大。充电出了一些问题，但客服很积极的帮我解决了。总体来说还不错。
,,5,比较便宜，送的东西也挺多的，送的速度也比较快，3天就送到了
,,5,心心念念的A73终于入手了，价格也合适，挺好的，性价比高。
,,5,"真品，价格可以。物流也还行。配a036,还行。"
,,5,已在官网注册，比原来用的5d3轻很多，出门拍拍照挺方便的。美康，值得信赖。
,,5,不错送了很多礼品是国行未注册新机
,,5,全新未拆封，保修卡都齐全，像素不是手机可以比拟的，成像效果超好，使用也顺手
,,5,对比了好多款纠结了好久，最终还是选择大法的A73。卖家服务好  周到！物流速度也快！
,,5,6.18买的挺化算的，使用过程中表现不错
,,5,产品很赞 价格实惠 成像清晰 携带方便 操作简单 重磅推荐
,,5,东西不错，没有等到双十一买的
,,5,"可以
性能优越外观漂亮"
,,5,终于到手，转接的佳能头，手感不错
,,5,挺好的，价格实惠，送的东西实用
,,5,"外形外观：外观好看
产品包装：包装没有破损"
,,5,双十一最大的手笔就是它，朋友工作必备，没办法必须买。京东双十一有优惠券就赶紧买了，哈哈。
,,5,产品包装：包装完好，快递送货快，是正品
,,5,客服的服务态度让我感动，谢谢！！
,,5,物流速度很快，包装不错，已于官网注册，延保一年，对焦快，但重量还是比以前的残幅尼康重
,,5,囯行正品，棒，放心！
,,5,以拆开使用，好评好评
,,5,不错，划算，机身和镜头都没问题，有线下店就是放心
,,5,机器还不错，功能还在摸索中，先给店家赞一个，服务体贴，还有价保
,,5,包装精致，外观好看，速度快，携带方便
,,5,物流就是快，查验是正品。客服服务态度好，耐心教我，我正在学习中。
,,5,限额的，得分两批购进，总体来说还不错，超满意，信得过
,,5,便携性能：是正品  那这个来拍视频了相当合适
,,5,相机已使用，各方面都不错的。
,,5,相机拍照清晰，好用，和描述相符。
,,5,专业级镜头，大品牌，质量信得过
,,5,可以 挺不错的产品的嗯
,,5,我觉得吧，还可以，还不错
,,5,喜欢喜欢喜欢喜欢喜欢贼喜欢
,,5,东西不错，应该送个贴膜
,,5,期待已久的相机终于拿下 很喜欢 慢慢学习吧 希望可以满足我的需求 待日后再上更多的镜头
,,5,朋友正在用，就是送的小包感觉比官方的差。其他暂时没啥问题，有啥再追评
,,5,来自全画幅的魅力！15档激情澎湃！！！连送的赠送都满满的金属感！！！感谢客服小姐姐的亲情放送，解答许多问题！
,,5,心心念念m3到了，开心，东西很不错，非常棒
,,5,其他特色：女朋友很喜欢！！！
,,5,很不错，正品放心
,,5,很好  是正品
,,5,m3还可以继续发光发热
,,5,满满**
,,5,货真价实 很不错
,,5,索尼大法好！对焦无敌
,,5,产品包装：包装很好，很仔细
,,5,其他特色：可以
,,5,还不错，值得入手！
,,5,还在摸索使用中。
,,5,正品无疑，很实惠
,,5,很好，质量很不错
,,5,好机器，好价格
,,5,一级棒
,,5,很不错的相机
,,5,还是上个月生产出来的，还热乎乎的，真香，已经贴上贴纸了，
,,5,是正品的，没有瑕疵。用着还不太习惯。
,,5,索尼大法太厉害啦，以前一直用80D，突然这么大的改变吓到我了，这宽容度！这高感！
,,5,买到手两次发现商家降价 第一次联系返还了机器的差价 三天后发现自己购买的镜头降价 发消息就不回复了
,,5,"拥有的第一台相机，非常喜欢，各项功能都很不错
很满意的一次购物，商家服务好，发货神速，物流也很给力，宝贝收到后非常喜欢，买得放心，用得安心"
,,5,给孩子买相机，在~和京东里挑选了好多家比较，毕竟这是笔不小的花费，得谨慎哈！终于选定了这家，客服服务好态度好，接待我的客服是小曼，非常细心又耐心，不厌其烦的为我答疑解惑，收到货很快，孩子已经使用了，觉得非常好，价格也非常实惠，双12价格很优惠，太喜欢了
,,5,用了一段时间再来评价相机功能众多，需要一段时间学习，我专门购买了学习套餐。值得赞的是，索尼给了很多自定义按键设置，让个#按键需求更为便利机器性能就不用说了，赞就一个字。连拍速度那就是太快啊，重量也刚好，外观大气有档次。
,,5,是正品，而且价格不贵，用着也很大气，一直在用，很好??(*^__^*)非常满意的一次购物，物有所值，比实体店里实惠多了！只能说，太酷了。
,,5,说句实话，不知道是我对A7M3要求高还是怎么，这台机器看惯我?????? ??  ??? ???屏幕去看相机的屏幕我怀疑是不同时代的产物，一个字辣鸡屏幕，对焦快有一说一，的确阔以跟佳能相机对焦媲美，还有就是菜单逻辑混乱，不想吐槽了，拍人像还是建议佳能吧！不然麻豆当场看了会晕过去的，对于上全画幅的新手小白不建议买???? A7M3直出跟屏幕会打击你学习摄影的兴致，你有时甚至会怀疑手机都拍的比相机好，的确是，再者这家店客服很鸡贼，买机器之前该问的问题还是得问，以免后面有纠纷，毕竟一万多的东西，服务态度就是差！售后服务，售前必须热情啦！
,,5,卖家价格真心不错，果断下手，等十天北京降级后出去耍。卖家服务很到位，加了客服的~，技术问题秒回，而且很专业，看出来是专业技术人员，很满意！个人感觉买相机还得找这种专业店铺，和客服聊几句就知道了。毕竟专业相机很多操作和技术问题不是一般客服能够解答的，以后遇到问题也能问问。
,,5,"外形外观：商品收到咯，特别喜欢，一收到就迫不及待地打开了，朋友也很满意，这次购物体验不错
成像效果：觉得挺值的，用好了还会再来的，推荐给朋友了，五分好评！就是靠谱！以后还会继续购买！
产品包装：大品牌值得拥有！服务捧捧哒！相信会越做越好!挺不错的呢！"
,,5,去查询了是正品，送到赠品很多，活动的时候买很划算，店家的赠品也很实用，客服很专业，可以解答问题，微单还是最轻便，画质也还行
,,5,相机收到了，特别好用非常的新送的东西特别多很贴心。#
,,5,相机质感不错，是正品，像素很好，分辨率很赞，不错不错！！相机质感不错，是正品，像素很好，分辨率很赞，不错不错！！相机质感不错，是正品，像素很好，分辨率很赞，不错不错！！
,,5,很好
,,5,好
,,5,产品包装：完好外形外观：完美无瑕成像效果：优质反应速度：快准狠便携性能：非常棒其他特色：#
,,5,不错
