黑色,推荐：G7X Mark II,3,还不错，出去玩用的感觉挺好
【爆款】G7 X Mark II,,3,应该买最新款的
G7X Mark II,,3,连根数据线都没有
G7X Mark II,,2,相机连数据线，机包都没有
黑色,推荐：G7X Mark II,2,就一个机器，能内存卡都没有
黑色,G7X Mark II,3,包装被拆开过，但试了一下还行，也不想退换了！
黑色,G7X Mark II,3,主要是看中了可翻转屏幕和屏幕快门，别的一般。
G7X Mark II,,3,贵呀，芯片比一代升级了一点价格却贵了*，晕
黑色,G7X Mark II,3,效果一般，颜色失真大。
G7X Mark II,,3,包装简陋
G7X Mark II,,2,相机不错，但京东价钱不便宜，最主要是没有寄发票给我，不满意
【爆款】G7 X Mark II,,3,连个相机包都没有，基本就是一个裸机
【爆款】G7 X Mark II,,2,买完降价，618的活动就是骗人的&hellip;&hellip;&hellip;
黑色,推荐：G7X Mark II,3,我说两点。电池超不耐用。对焦超慢。别的都还好
G7X Mark II,,2,弄个小纸箱把相机放到里面就快递过来了。箱子大了，里面连泡沫缓冲都没有。
黑色,推荐：G7X Mark II,2,"开包装，晃动相机有零件响动的声音，里面啥东西掉了？售后服务只能维修，没有专门客服解答吗
我手机都是京东买的，不应该啊"
【爆款】G7 X Mark II,,2,像素差的一匹～～色彩还原度也不行～买了个寂寞吧～日常拍vlog还没有iPhone12香～
黑色,G7X Mark II,2,外包装盒有折痕怀疑被挤压过就连里面的说明书都有折痕是不是京东物流太粗暴了呢，差点不想收货就是心急要用才勉强接受了还好封条完好应该是没开过封的机身也没问题拍照效果挺不错，总的来说不愉快的一次购物
黑色,G7X Mark II,3,很好，对焦真的有问题，其他的都满意，一块电池不够，京东的包装太简易，什么也没送
黑色,推荐：G7X Mark II,3,"快递送来时正在打电话，看我朝着他走过去，递给我掉头就走了。近4000的东西，连检查外包装是否完好的时间都没给我。并且由于在打电话，也并未核对我的身份。亏的是送到了，万一送错了收件人还说不清给谁了。
希望京东在外包装上可以标注价值较高的物品，让快递员上点心"
G7X Mark II,,3,画质满足日常需求，对焦迅速。机身做工一般，缝隙大。相机和镜头连接处可看见机身内部结构。
黑色,推荐：G7X Mark II,2,相机还是不错 就是包装简直不能忍受 ，相机也是精密仪器，竟然没有一点缓冲防撞的填充物，快递在运动过程中是否对相机有损伤，我保留投诉的权利
黑色,G7X Mark II,3,相机画质和使用都非常满意，就是做工差，不知道是我运气不好，还是？其他的做工问题无所谓，就是相机镜头底部有缝隙，手压一下缝隙就消失了，就担心使用一段时间镜头进灰尘。
【爆款】G7 X Mark II,,2,"成像效果：一般，都是炒起来的
反应速度：还好
轻便程度：很轻
外形外观：小巧
其他特色：对焦速度太慢了，"
,【爆款】G7X Mark II,3,整体很好 就是感觉 清晰度还差一点跟预期的差了很多  还有它之前介绍的*焦 也是没有作用很模糊的
黑色,推荐：G7X Mark II,2,cr2格式，电脑打不开，官网下载dpp软件无法安装，客服答复他们都是正常，让换一台电脑，或者自己电脑设置问题。有会用的吗，昨天拍了200张照片打不开，没法了
,【爆款】G7X Mark II,2,啥都没有都得自己买比如存储卡相机包，送的挂绳质量也不怎么样，相机自己颜值还可以 就是要自己另外买的东西太多了！什么都不送
【爆款】G7X Mark II,,2,买的新机，刚拿到两天就出现了闪屏现象，还有咔咔咔的声音，自营这边表示拆了机，质量有问题是不能退的，所以送去佳能检测了，这会儿还在检修中，希望它可以快点回来
【爆款】G7 X Mark II,,3,"轻便程度：比较小巧，外出游玩也方便携带
看了很多推荐才买的这款相机，我也不是专业的，觉得用着不错，就是相机屏幕上有个划痕，退回的话客服说需要全部包装，我的包装都拆了不知道扔哪里去了，这让我怎么退，除了这点不好，别的都可以，所以没有给好评，有个划痕看着心里太难受"
【爆款】G7 X Mark II,,3,"成像效果：夜拍开闪光灯比较好
反应速度：中
产品性能：中上
轻便程度：单手拿还是有点重
外形外观：买了全黑色款
其他特色：只有一块电池，买来的时候是裸机，连储蓄卡都没有赠送，不能买来就用。买这款相机的朋友如果急用记得自己买个储存卡。"
黑色,推荐：G7X Mark II,3,像素可以，对焦太慢很多时候甚至对不上
【爆款】G7 X Mark II,,3,直播赠品大半月都没收到，客服诉求无门，差评！！！
【爆款】G7X Mark II,,3,录像功能有很大的马达声音，很难受
G7X Mark II,,3,直接就放在包装盒里 也没个泡沫缓冲一下 没有储存卡 差评！！！！
黑色,推荐：G7X Mark II,2,没明白为什么别人的拿出来都有包装膜，我的就一个贴条，虽然打开没在相机上发现什么痕迹，但没那层透明包装膜让我很难受，等用一段时间再追评吧，而且这包装是不是草率了点。  。。
黑色,推荐：G7X Mark II,3,京东物流怎么回事包点泡沫很贵吗而且快递盒子上面也没有精细物品的标志大概运一台相机和一袋米是一样的
黑色,推荐：G7X Mark II,2,一台相机竟然包装得摇摇晃晃！盒子都没有封好，哐当哐当的，很夸张！里面的相机盒子厂家包装得也不结实，相机在内部晃动，只有一个薄薄的塑料膜包装。
【爆款】G7X Mark II,,2,商品还在用 京东快递怎么包装会这么差 外包装盒子都凹陷了 盒子也浸湿了 都严重怀疑有没有损坏到产品！
黑色,推荐：G7X Mark II,2,京东这包装分明就是讨骂的，这么精密的机器竟然连个泡沫都没塞！！！鬼知道内部零部件有没有颠坏，要不是急着拍东西早**退货了，真是大坑！！！枉我充了会员，这破自营服务！！！
黑色,推荐：G7X Mark II,3,真的不是很满意 价格不低不说，刚买完就降价，新款又要出了，还不能退也不能价格保护，当时也等了好几天才发货。 觉得买的不不划算，在京东买电子产品真的是越来越不满意了
【爆款】G7 X Mark II,,2,内存卡送个小卡 很不理解 明明摄像机要插大卡 送个小卡给我怎么用？
黑色,推荐：G7X Mark II,2,坑，没有内存卡没有数据线，什么都要自己单配，也不标注清楚，买回来也没法直接用。发票明明我要的企业抬头的，给开成个人的电子票，也没法换。相机本身也挺重的。包装直接一个小盒子，里面就是相机盒子没有任何防撞保护。总之，购买体验感不好。
黑色,G7X Mark II,3,"首先，包装真的不会评价，这么贵重的相机就这样打包送过来了。

其次，客服的态度真的是会气死人，问十句九句不搭理的。

最后，仅有的好评给相机的效果，献上拍食物跟自拍的效果。"
【爆款】G7X Mark II,,3,目前看起来很一般，没我前男朋友那台索尼黑卡好，气死了！放着吃灰了。。说明书也没有教怎么调节
黑色,推荐：G7X Mark II,2,不针对产品，服务不人性化。内存卡另买，导出线另买。好好的心情就这样被淹没。很烦。什么东西都得自己买。
【爆款】G7X Mark II,,2,相机已收到，数据线，充电线都没有，标准的配置都不齐全，太差了
【爆款】G7 X Mark II,,2,相机本身轻便，也好看，还没使用，竟然连存储卡都没有我也是醉了，还得自己去另外购买，也是很&hellip;&hellip;
,【爆款】G7X Mark II,3,包装一颗星都不想给，没有塑封膜，没有气泡膜，就一个快递袋包着的，几千块的相机包装也太随意，好歹也给弄个纸箱吧，客服给我解释说包装是随机的，这个解释我看也挺随机的，而且说给我发佳能售后的电话也没发，非常不满意，包装和客服差评，唯一欣慰的是物流速度很快
【爆款】G7 X Mark II,,3,手机连不上相机，问客服直接给很长的文字，郁闷，就是看不懂不知道操作，佳能缺人手到不能录解析视频吗，黑人问号
,【爆款】G7X Mark II,3,双十一买的，本来8号那会有100元的***，有效期到10号，本想等到10号晚上拍下跟11号比较下价格再付款，结果9号就直接改为预定模式，想直接拍都不行，只能眼睁睁看着卷过期，双十一更贵然后还没有赠品，真的很毁节日氛围。相机还没研究通透，所以目前使用效果不佳，哪天觉得好用了再来追评吧
黑色,推荐：G7X Mark II,3,史上最不好购物体验之一，慎入，因为会随时调价，买完六七天后降价，不给退差价，措辞是超时。相机拆封后不给退货！！并非七天无理由，如果没有拆封可以申请退货，而~旗舰店拆封后不影响二次销售则可以&hellip;&hellip;&hellip;下面说相机，一共一块电池，续航能力一般，所以意味着还要入手电池，正价要两百左右，相机上看照片特清晰，上传电脑或手机后就并不那么清晰了，可能和屏幕分辨率有关，这是一款数码相机，小巧但也没有想象中轻，我觉得一般微单体积稍大点但也不会太重，镜头容易进灰，也无法更换，总之售后不满意，调价和不支持退货！
【爆款】G7 X Mark II,,2,电池没用半小时就整个机子发烫，电池是整个拆出来充电的那种老式电池，体验很不好。不知是质量问题还是机子本就这样，还要寄去检测，不然不给退换。8.29号买，30号收到试用的。
【爆款】G7 X Mark II,,2,本来想给满分，可是想想就生气，我以秒杀价买到，什么都没送，结果第二天，跟秒杀同样的价格，送一张内存卡，那搞个秒杀搞飞机啊。找客服你推我我推你。拆封了想退货也退不了
黑色,G7X Mark II,3,"我真的必须中肯的来点评下这个相机，我不是专业的，我的要求就是方便，但是这个真的没做到，第一电池太不经用了，评测能拍200张，但这不包括你来回查看照片再删除再调整模式什么的，我昨天拿出去玩溜溜达达一上午拍了50张左右吧，中途查看删除什么的，这样就掉了一格电，如果用过佳能相机的人应该知道，掉了一格电后后面两格根本用不了多久，基本上出去玩这个电池和手机一样，一天一充超级没有安全感！第二我是买来给孩子拍照的，但在背景散焦模式下除非孩子脑袋离镜头特别近，要不根本不能做到背景虚化，就是要想拍人的全身照那背景根本无法虚化，只能拍个脑袋或者拍个上半身后面才能虚化，第三我问佳能电话客服这个可以连接数据线用移动电源充电吗，客服说不知道，但能连接电脑充，谁出门带着电脑充啊，第四，你们知道原装电池300多一块吗&hellip;&hellip;
        这个相机的好处就是体积不大，微距也清楚，如果不要求大光圈背景虚化，也买得起备用电池我觉得也可以买，毕竟拍出来的成色还是不错的，颜色鲜艳明亮
         我晒的图片，孩子抱着球和站在那的都是在背景虚化模式下拍的，但完全看不出来！对这个功能真的不要期望太高"
黑色,推荐：G7X Mark II,3,价格有点高！还没时间拍照，简单试用了下，对焦是有点慢！希望效果真能像评测那样，不知道拍风景长焦能拍多远！
黑色,推荐：G7X Mark II,3,物流速度很快。收到货后包装简易就不说了，封口有打开过的痕迹，严重怀疑是返修机，心情极度差。用起来还凑合，对得起价格，和客服反映包装问题也爱理不理。算了，先用着吧，出故障再说。
黑色,推荐：G7X Mark II,3,这个的电板一点都不耐用，大概拍个几十张照片就没有电了，我还是之前充满一次电的，其他都还好，如果电池这么不耐用，个么带出去玩真的很不方便了
黑色,推荐：G7X Mark II,2,这家店铺的售后太让人头痛了，无语无语，友友们要下单的慎重考虑啊，不要像我一样，欲哭无泪，我特想破口大骂一场，我的修养告诉我忍了，但我想告诉友友们，你们要慎重啊，慎重、慎重&hellip;&hellip;，这么贵的东西，不要轻易的下单。退换无忧，不要误导你们了。
黑色,推荐：G7X Mark II,3,京东的包装实在太垃圾了，我就算~买九块九的东西都会给我里三层外三层的包很好，垫很多泡泡膜之类的，防止摔坏，而京东的包装....快四千块的东西，就这么哐当哐当的寄过来了，就不怕会摔坏出问题吗？还好相机没出什么问题，不然的话真的花钱找罪受
黑色,推荐：G7X Mark II,3,相机很小，携带旅游方便，照相成像变焦比手机能力强。相机的屏幕很小，不如手机观图清楚，这是相机最失败的地方。顶部功能转换转盘有些过小，转动不方便。另外，几天来总连不上手机，总是不停地显示转圈的图标写着请等待，不知是否是操作不对，还是相机本身有问题。总之，不如手机方便，不如单反便于操作，不建议大家购买这种产品。
黑色,推荐：G7X Mark II,3,选择京东可能只为了物流吧，一直以来客服和价格的体验都很失望，问客服经常一问三不知，活动天天变问客服也都说不清楚，这一点跟*真的没法比。才买不到半个月就降价，之前还不能用白条分期，真的很失望，好评仅仅给京东的物流和快递员。这款相机基本都还行，买回来很裸，只有一块电池，内存卡还是自己配的，相机电池部位的开关不是很满意，经常关不上，不方便，也不知道是我的这只有问题还是都这样。
