黑色,G7X Mark II,1,东西很好，物流一班，没差评
【爆款】G7 X Mark II,,1,我买的时候为什么不送内存卡 隔一天？
黑色,推荐：G7X Mark II,1,京东自营的奢侈品服饰，到货后试穿的时候发现拉链坏了不给换。
【爆款】G7 X Mark II,,1,其他特色：买了第二天降价两百，我人傻了
黑色,推荐：G7X Mark II,1,刚买半个月就降价130，京东逗我喃！
【爆款】G7X Mark II,,1,买的时候写了送内存卡 结果没送
【爆款】G7 X Mark II,,1,东西是好东西，就是快递服务态度差，很拽
黑色,推荐：G7X Mark II,1,我不知道该怎么描述  磕碰过的相机
【爆款】G7 X Mark II,,1,不好用，没有手机的摄像头好
【爆款】G7X Mark II,,1,差到极点 收到货物包装完全破损 客服态度不好
G7X Mark II,,1,发票也没  只能说不是正品   一个赠品都没 内存卡还要买
黑色,推荐：G7X Mark II,1,无sd卡，无法使用，也不提醒需要另买sd卡
黑色,推荐：G7X Mark II,1,竟然不配存储卡！？问客服说是因为佳能不生产存储卡，这理由我算是服了。
【爆款】G7 X Mark II,,1,才买几天就坏了 问来问去问题也没有解决 服了服了
【爆款】G7X Mark II,,1,卡机好一会，反应速度慢，操作上也不好，重要的是强买呢。
,【爆款】G7X Mark II,1,回来第一次用就是坏的  开机就是这个状态  因为是给女朋友买的回来就放在我这里的没有过她  错过了退换时间
,【爆款】G7X Mark II,1,相机还可以，就是降价骚操作令人恶心至极，卖了没几天就降价还说过保价期，消费者就是被你们这么当猴耍的么，以前对京东蛮有好感，现在是真无语。
,【爆款】G7X Mark II,1,"没有磕碰没有摔过
请看视频成像
一天天条纹"
【爆款】G7 X Mark II,,1,这什么客服啊&hellip;&hellip;
黑色,推荐：G7X Mark II,1,拍视频有噪音，刚买来五天就送去检修，联系售后说如果检修结果不是质量问题就原件退还，并且还没法退换货，相机送过去之后已经四天还没有发往检修中心，效率极低。
黑色,推荐：G7X Mark II,1,呵呵 用的第四天镜头片关不上了 我没有摔 带出去了一次 说是我人为摩擦的问题 我可谢谢你们 商品质量堪忧 劝大家上实体店吧
黑色,推荐：G7X Mark II,1,买了不到一个月就降了200，价保也不好使。   现在是2019.8.1。价格是3699元，大家可以做个比较。相机是没什么问题，挺好的，我不会恶意评价。
黑色,推荐：G7X Mark II,1,相机自拍实在太怪了 都是反的
黑色,推荐：G7X Mark II,1,一个星都不想给京东客服呵呵
黑色,推荐：G7X Mark II,1,买完就降价！差评！
【爆款】G7 X Mark II,,1,"态度差！服务差！物流差！
嘛玩意儿啊，地址写的一个地方送的另一个地方，收到货后夜里拍天空卡的带残影了都退回去维修收到货后12天才出面回复相机没问题。我行行好哎？？？是不是非要我当时把你拖残影的证据拍下来才肯承认你的网红相机也不过如此？？？再者，请问你们12天内都在干什么啊？？？客服态度也是很好的，答非所问，一拖再拖。再也不会在京东买东西了，购物体验极差，售后极差。
我可匿名了，**这么牛逼，我怕我被报复。"
黑色,推荐：G7X Mark II,1,佳能客服真是大爷，完全不把客户当客户
G7X Mark II,,1,发票也没有！销售方不知道什么鬼！只能说很难相信是正品！
【爆款】G7 X Mark II,,1,购买显示没有赠品  购买完就显示有赠品这个很不舒服
黑色,推荐：G7X Mark II,1,机子录制视频一直有电流声，放大音量特别难受。
黑色,推荐：G7X Mark II,1,买后悔了 真的超级模糊的 对了好几遍焦了已经
黑色,推荐：G7X Mark II,1,客服也是醉了，就这态度，做什么客服，在家养着得了
【爆款】G7 X Mark II,,1,不满意不可以退货，@的店铺再也不会买了，
【爆款】G7 X Mark II,,1,服务一点都不好。也不怎么好用，被美妆博主坑了！
,【爆款】G7X Mark II,1,买了十一天差价三百，京东客服说，自己买单，这就是对客服务态度。京东离倒闭不远了。
黑色,推荐：G7X Mark II,1,差评，差评，差评，收到货后 相机电池充不进去电&hellip;&hellip;
G7X Mark II,,1,相机买回来客服就不理我了    我也是很生气    欺骗人的感情      买完就不管了
【爆款】G7 X Mark II,,1,差评 京东这个app太坑了
黑色,推荐：G7X Mark II,1,我也是呵呵啦&hellip;刚买没两天就降价3899了，而且这包装真的&hellip;几千块的东西。拿回来箱子里都进水了，我也是服气。
黑色,推荐：G7X Mark II,1,屏幕保护膜也没有，上面全是手印！你看就是别人退货的，真的是无语
黑色,推荐：G7X Mark II,1,感觉是二手的，被JD重新包装过的，不像是佳能原装的机器，还加价，有点过了
,【爆款】G7X Mark II,1,昨天刚下单，今天立刻减300？差评，以后慎重京东购买电子产品...
黑色,推荐：G7X Mark II,1,10多年的网购，没见过这么揪心的，很多人都愿意相京东，可没想到京东的售后服务这么差。请各位消费者不要给广告蒙蔽了眼睛。
黑色,G7X Mark II,1,说好的赠品呢？赠品、赠品、赠品，每次客服说的都不一样？京东的诚信越来越差了吗？我盲的？！有没有我看不到？！
黑色,推荐：G7X Mark II,1,买回来没有内存卡 还着急用 京东还不卖内存卡！ 不知道买个壳子干啥使！
,【爆款】G7X Mark II,1,"产品性能：超级差！没客服。真心觉得要倒闭了。
外形外观：有划痕，万般寻找客服后，给我回应说是我自己弄的。
反应速度：京东我看这样下去，坚持不了多久吧"
黑色,推荐：G7X Mark II,1,垃圾客服！最垃圾没有之一，解答我的问题支支**，我就问怎么把相片弄到电脑里，半天都说不清楚。
【爆款】G7 X Mark II,,1,超级差评，比其他家贵，居然什么都没有，连卡都没有，还不支持退货
【爆款】G7 X Mark II,,1,谁买谁后悔！想退不能退，大家千万不要想着买回来看一下，这种东西还是去实体店买。
黑色,推荐：G7X Mark II,1,还没使用，一如既往，京东自营电子产品，一如既往的是拆过封的！！！就不能是完好无损的吗！！！太气人了！！我已经拍照了，如果试机有问题，必须退货！！！
黑色,推荐：G7X Mark II,1,半个月镜头盖就不会自动关了，不知道是相机本身的问题还是京东总是卖别人用过或者返修的二手货，问了下客服还得申请维修，来来回回又得一段时间，大家入手还是谨慎吧。
黑色,推荐：G7X Mark II,1,什么垃圾快递，电子产品就这样包装，没有任何防震，快递盒还没密封，里面零件坏了我找谁？真是服了，搞了一个小时，还没有给我满意答复，说是只给20元京东豆？真是服气，现在还在等他们的处理结果！真的不相信京东了
【爆款】G7 X Mark II,,1,效果特别差，拍出来效果不清楚，体验感特别差，还不让退货
,【爆款】G7X Mark II,1,"其他特色：买回来发现不太好不给退货，理由尽然是七天无理由退货 后面有个拆封不支持，那么小的字谁能看见,而且京东客服的服务态度非常差"
黑色,推荐：G7X Mark II,1,电流声严重 视频出来整个声音都变了。还不如手机录 想问问客服什么情况 然后才发现这个甚至连人工客服都没有的。才想起来最开始给客服咨询的客服也没回  大意了 以后应该先咨询等回复后再购买的。不然这样售后没保障。 第一次买相机碰到这种情况 以后不再京东买佳能了真的服?
黑色,推荐：G7X Mark II,1,京东真是棒棒的啊   买电器  怎么说也是三四千块钱的  就直接给邮  一点保护措施都没有   真的觉了
【爆款】G7 X Mark II,,1,其他特色：**才会买这个   没有外置录音口  拍出来全是杂音  这能叫vlog神器？牌子打的响  结果全是问题
黑色,推荐：G7X Mark II,1,对焦特别慢，感觉一点都不高级，谁买谁后悔。而且才买一个多礼拜就又降价一百，太坑了。快递员也特别垃圾，和他电话说好十七点送货，等到时间了又说送不了，就是这么欺骗的。不推荐大家买这款
【爆款】G7 X Mark II,,1,内存卡不配，连个装相机的袋都不配，不建议购买，就这样光溜溜的一台相机
【爆款】G7 X Mark II,,1,说实话。。？拍景物不如p30/也就拍人的时候肤色好看。。。性价比不高。拆封退不了，挺无语的
黑色,推荐：G7X Mark II,1,"刚买来就出现镜头打不开的问题,后来打开了就没太在意，几天后就一直打不开了。申请了售后，从申请到上门取件因为包装扔了就耽误了好多天，客服说没包装没关系，快递员说不能取，打了无数次客服后才解决问题&hellip;总之，第一次在京东买东西，很不好的购物经历&hellip;希望换过的产品质量没问题&hellip;有问题就只有认栽了"
黑色,推荐：G7X Mark II,1,差评，只能说是霸王条款，京东店大欺客，什么叫拆封了不能退货，售后客服竟然让当二手处理了，无语，不想和你们扯了，就这样，卸载再见
【爆款】G7 X Mark II,,1,这个无线传照片的功能真的很鸡肋，买回来哦一个月不到wifi传输照片的功能就坏了，现在退回去维修，并不知道维修的状态，京东自营的专卖真的让人很失望
【爆款】G7 X Mark II,,1,成像效果：这是我的自然光线下视频拍摄的效果截图，无论是电脑上还是手机里，然后客服说看我拍摄的效果是正常的，正常的？？？这个效果是相机拍出来的感觉？
【爆款】G7X Mark II,,1,京东自营的现在都不送货上门了吗？？？买的相机里面填充物压根没满，相机在里面晃晃悠悠的，京东快递现在就这水平了吗？太失望了，以后不在京东买贵重物品了。
【爆款】G7 X Mark II,,1,迷之包装，是觉得三千多不值钱吗？就一个破塑料袋，连个防护膜都没有，还是从外地送过来的，外包装也就一个封条，纸壳已经皱巴了&hellip;给人一种很不靠谱，翻新机的感觉。
黑色,G7X Mark II,1,差评！买了相机在播放模式，也就是查看相片的模式下。按删除键或者是其他什么键 都显示这个处理中，不能操作。问个问题推来推去！到现在不给解答！让问供应商竟然回复正在处理，可画面一直这是不动呀，要处理多久？真的是太差劲了，以后坚决不在京东买东西了！
黑色,推荐：G7X Mark II,1,这个机子包装也太简陋了吧，一个盒子完事。让我非常怀疑这个机子的真假，都开始怀疑上面的指印是不是我的！接近4000的东西又不是40的，为啥不包装好一点，大气一点！
黑色,推荐：G7X Mark II,1,要买还要自己买读卡器和数据线，切勿直接购买，买来什么都传不了。给大家建议再单独购买数据线，还不知道普通数据线行不行，如果不行到哪里买佳能的数据线，总之这家店垃圾透顶，什么都是自己去买，自己搞定。京东真是越来越不审核了
黑色,推荐：G7X Mark II,1,买了一天就坏了 心情很不爽啊 客服态度超级差 买这个就是出去玩儿用 马上就要出去玩儿了 结果坏了 真的服了 客服还很拽
黑色,推荐：G7X Mark II,1,"特别差的京东客服
请问拆开后不符合自己的期待的感觉，退货不可以吗？
网购本来就是看不到实物的，拿回来拆开后，觉得不合适，为什么就不能退货？ 
虽然质量没有问题，但是它那个自拍功能一般，不符合预期的效果！ 
客服讲一堆废话！ 还是没有帮助客户解决任何问题！真的是差劲的网购"
【爆款】G7 X Mark II,,1,差评！非常不敢用，很不合适！打开后发现不适合想退换，说拆开了不能退换！垃圾，不拆开怎么知道合不合适！垃圾！大家谨慎购买，售后真的很糟糕！
黑色,推荐：G7X Mark II,1,"超级无敌差的购物体验！
到货半个月，一直没用，因为没内存卡！
前天内存卡到货，昨天开始使用，立马出现镜头门帘关不上现象！以为是电量不够造成，充电后，还是如此！联系客服，让去维修～
我就呵呵了，第一次用的产品就得拿去维修
估计是别人退货的
倒霉，太倒霉了"
黑色,推荐：G7X Mark II,1,想买的建议慎重，价格反复无常，体验特慢，特辣鸡，老年机感觉，就随便玩玩儿还可以，其余的别想了，星都不想给！
【爆款】G7 X Mark II,,1,真的是非常糟心的一次体验，对焦老对不上，机子有异响，因为拆封了不能退货，客服还不回复，真的建议看到的朋友不要购买，钱又不是风吹来的，非常闹心
【爆款】G7X Mark II,,1,强卖强卖。七天无理由退货，根本不让退。退货送去检查点，把新机子弄坏了，闪光灯划伤了，然后立马把坏了的机子硬塞给我。没见过这么缺德的。京东赶紧倒闭吧。
【爆款】G7 X Mark II,,1,非常糟糕的体验，售后推来推去，没有人可以直接解决问题，购买首页赠送内存卡，然而收到相机并没有内存卡，申请售后告知已赠送完，可如今界面仍有赠送内存卡的活动，是否太欺骗消费者！真实性呢？
【爆款】G7 X Mark II,,1,**垃圾，买回来有问题不能退，还要售后检测，拿到线下佳能售后，一窍不通，太不专业了吧，对佳能，对京东失望透顶！！！！！录的视频有打印机的沙沙声，找找上客服，找京东，找线下售后，没有一个可以处理问题！！！！！
黑色,推荐：G7X Mark II,1,店大欺客，拍错了想换个M6，各种推诿扯皮。七天无理由退换货，拆封不退。我不拆封怎么验机，要求又不高，仅仅是换个M6。又不是不买，服了京东，这样的服务真让人伤心，你的服务不仅是物流，我觉得更重要的是售后。
,【爆款】G7X Mark II,1,垃圾真的很垃圾，从买回来第二次使用就开始出现无故的熄屏，用半个小时熄十几次！第三次用直接出现熄灭卡死，按开关键都没有用，无法启动，我想问一个新的东西怎么会出现这种问题，这种质量还敢出来卖？！？气死了，第一次买电子产品出现这种情况！
【爆款】G7 X Mark II,,1,差评。618直播间购买的产品说好送赠品直播灯和内存卡和相机包。一个月了也没有补齐赠品。问了佳能的客服什么时候补发赠品刚开始还说再催，后面直接推卸责任，推卸给京东说京东发货。京东客服申请问题一直在拖。程序繁琐。催吐了。追了一个月了，还是没有给发。什么垃圾门店。特意等佳能店铺直播开播了去问主播。主播也是说已经帮催了一笔带过，第一次京东买相机体验感太差了。
【爆款】G7 X Mark II,,1,质量不行，太差劲了，买了一个二手的还不让退货，早点儿倒闭吧，大家不要来这里买了，真的是太差劲了，服务态度还恶劣，打电话给我一点都不耐烦！！！！主要是质量不行，大家千万不要被骗了，不要买啊！！！！一颗心都不配给，垃圾。
黑色,G7X Mark II,1,从未给京东一星，这次购机后居然不，能开机，完全是个坏机子！难道完全坏的机子也可以发货？那么说明京东在采购环节就出了问题，这使我对京东自营是否行贺产生疑问。要知道，佳能相机产品出厂时肯定是经过严格检验后才出厂的，为什么到了京东出库就出了问题？我是京东plus用户，及时得到了退换货处理，但留下的疑问让我很担心：京东货源是正品能得到保证么？
,【爆款】G7X Mark II,1,"首先不说拍摄效果 冲这个包装真的要给个差评
第一次在网上买相机类的物品 没想到就是个破纸盒子没有任何填充物就来了 
多年前用过卡片机 后来换佳能5D3 近期想换个轻一点的拍摄vlog 
机子拍摄效果没得说 好用 还轻巧 出去玩带着很方便
但冲着京东这个包装真的不想给好评"
G7X Mark II,,1,差评！首先京东的包装真的让人太心寒了，相机就这样赤裸裸的放在纸盒子里，也不用任何填充物，大家都知道快递这么暴力，买的也不是几十的小东西，几千元的相机你京东就是这样的包装？差评差评差评！然后相机取出来就发现镜头有进灰，之前就看到评论说镜头容易进灰，所以也就忍着用了，用了一次就发现这个进灰不是一般的严重，现在这个镜头里面都是灰！还有我买的时候明明说了我要发票，京东也不给我寄，告诉我电子发票！还有售后问题，找佳能客服，客服推给京东，找了京东客服说不能退货那我就要发票吧，还要再换客服，真心是醉了，再也不要在京东上买东西了，真的比你好太多了！
黑色,推荐：G7X Mark II,1,说真的，很失望，买到发现自动对焦不准，拍照不清晰。跟我们R2012年买的NEX5R有明显差距。不过颜色的确不错。听说对焦不准还有其他人遇到，所以提交返修了，刚拿到的机器，京东说不退不换，返修要30天，感觉是推卸责任，不过没办法，也只能返修检查。这批次可能都质量有问题，大家小心
黑色,推荐：G7X Mark II,1,emmmm&hellip;&hellip;该说些什么好呢，就是吧相机收到了有点小问题，用手机控制相机拍照的时候超级无敌卡啦，来来回回试了无数次后面实在忍无可忍联系了客服退换，说要寄回去检查看是否有无问题再给换，没办法我就寄回去了吧，一个星期左右时间吧，完事打电话过来给我说产家那边检查结果是没问题的吧，紧接着给我远路寄回来，要是寄回来看看还卡的话就自己线下去佳能门店检测，能检测出什么毛病来再沟通，完了这会我收到货啦，还真的是不信这个邪了？刚买的时候我是真的收到货试了十来天卡得要命，不管怎么试都卡，现在寄回去检测完第二次收到货了打开重新试了试，完！全！不！卡！啦！说来也奇怪吧，我试了十天左右都卡到不行，寄回去检查一下那边说没有维修再寄回来就好了，到底寄回去有没有维修咱也不知道 咱也不敢问～就这样吧
【爆款】G7 X Mark II,,1,服务态度超不好！！！以后不会在这家买东西了！！刚收到的新商品闪光灯就不行了，按照了客服的步骤也不行，这肯定是坏了。当天办理售后，客服人员说的是退货退款。后面产品寄出后就一直没有消息，如果不是我自己问，就不联系我了吗？？后面商家跟我说退不了款？？在搞笑吗一开始说可以后面又说不行，说我退回来的是好的？？那我怎么当时试了好几遍都不行？？而且我会玩相机的朋友也说坏了？？所以你们这么长时间是去修理好了是吗，这售后服务真的简直了，是我遇到最差的了，现在也直接退还给了我??希望大家谨慎购买！！！！一点保障也没有！！垃圾
黑色,推荐：G7X Mark II,1,这个某东软件是我见过的最无耻的软件。电子产品不用任何防震包装，一个纸盒就寄来了。跟客服解释，就想摔手机一样，当下手机没有异样，但其实寿命已经缩短。问包装情况，客服说不知道。一问三不知，五句话四句是重复，对不起，我真的是爆粗，想说，你们真行！！！电子产品纸盒包装，没有任何泡沫之类的东西！还送京豆？谢谢，一生黑，再见了您呐
【爆款】G7 X Mark II,,1,商品本身没有问题，问题是客服也太不专业了吧，我第一次买相机从来没有用过，问客服相机可不可以拍竖屏的视频回答说不知道，让我打400问，我打400告诉我说不确定！?本来想退货，但就是对于这种服务很不开心，就想签收说一下，太生气了，一问三不知?我现在告诉你，相机完全可以拍竖屏的视频，知道了吗？佳能客服
,【爆款】G7X Mark II,1,简直垃圾，买来第一天快递送过来外面特冷进屋就有哈气，是在镜头里的哈气，一个小时才退下去我问客服没人理，上周去马尔代夫，一打开相机简直了，全是雾气，等了一个多小时才退下去，客服说是正常现象，太耽误拍照了，垃圾产品！气死我了！
G7X Mark II,,1,9月29号买的，出门就用了一天，镜头就进灰了，很大一条。。。然后联系客服更换，说不影响成像不属于质量问题，吧啦吧啦吧啦就是扯皮。我用过那么多相机，佳能尼康莱卡都有，没见过有这种情况呢。。。现在在京东每次买个稍微大件的东西，出现质量问题都是给你扯皮，没有一次能满意解决的。以后也就临时买个便宜东西看看京东，大点儿的件儿再也不考虑京东了，呵呵。差评！
,【爆款】G7X Mark II,1,超级烂，不知道是不是组装机，回来就用了两三天就坏了，镜头弹不出来了，本来是想新年出去玩拍照用的，全凉凉了，还要搞个什么检测才能退，真是无语，慎重买京东的东西，修或者退都费劲?
G7X Mark II,,1,对京东表示很失望！8-16号的订单需要开具增值税发票，期间多次网上询问京东客服，为什么发票还没寄，给予答复是发票还没开。。。半个月过去再也没有下文。9-8号没办法又打投诉电话咨询，又让我重新输入一遍开票信息（期间那么多次咨询，为什么不早说，耽误事。心中一万个草 泥 马飘过），说是一天内审核，结果第二天还没审核通过，又打电话咨询，说帮我催促审核，结果第三天我又查，还是没审核通过！第三次打电话，工作人员说让专员给我处理。今天是9.14号，我查了一下审核通过了。发票你倒是寄啊！N N D，8-16号的订单，9-16号能收到发票吗？当时跟工作人员说的很清楚，我需要发票报销还信 用 卡，***，明天还信 用 卡了，我还没见到发票，滞纳金你付啊？？？
,【爆款】G7X Mark II,1,我买之前是经过了小红书推荐以及抖音推荐 筛选的g7x 买回来并没有所说的那么好 聚焦n慢   没有配储蓄卡 买回来裸机根本试拍不了照片 也没有提醒买储蓄卡 切记 不要冲动 写着七天无理由退货 讲真我一拿到拆开来验货的时候就很不满意 想退了的 结果我售后不给退就是因为我拆封了 那我不拆封怎么知道 怪自己马大哈 希望你们不要像我这么后悔这么傻  并没有这么好 昨天下午到的 晚上我就在**卖出去了 好垃圾 你们到手了才知道 但是到手了你们就退不了了 良心话
黑色,G7X Mark II,1,1、这台相机机身和镜头存在明显缝隙，售后承认为批次质量问题，但换了几台都有同样问题，前后折腾了一个月。2、换来的第一台白平衡非常不准 偏绿（自动白平衡 参数默认），第二台感光元件有明显坏点，影响成像，第三台调焦距的拨杆歪歪扭扭 一边高一边低。3、视频对焦非常慢 经常无法合焦。4、拍照模式下拍摄物稍微平滑的就会导致无法合焦。5、拍摄图片颗粒感重 放大后图像有类似锐化过度的纹理。6、菜单功能少不够专业。7、拍摄RAW读卡缓慢 经常需要中断拍摄等它反应。8、电池偶尔虚报低电量 自动关机。9、第一次买佳能的相机 非常失望，作为4K价位的卡片 这个做工和品控也是醉了，从此路转黑。10、如果不是和我一样需要有块触摸屏 记得一定去买索尼，另外松下LX10画质比这个好 但是视频防抖非常差。 利益相关：摄影师 尼康全画幅单反用户  论对焦 尼康秒佳能十条街 不服来辩
黑色,推荐：G7X Mark II,1,客服怎么都无法连接 醉了
黑色,推荐：G7X Mark II,1,拍照非常垃圾。并且无法退货。
黑色,推荐：G7X Mark II,1,相机不好，拍不清
黑色,G7X Mark II,1,包装没有任何泡沫安全保护！！！差评！
黑色,推荐：G7X Mark II,1,包装极其简陋，一点保护措施都没有，感觉越贵的东西京东是越不做保护措施。
黑色,推荐：G7X Mark II,1,价格高、配件少，不能拆开验货、不能7天内无理由退货，差评！
黑色,推荐：G7X Mark II,1,刚拆封降价400。我#不拆哪知道实物怎么样，还不让退。霸王条款
黑色,推荐：G7X Mark II,1,适合我这种只打算随便拍拍，又对画质有一点点要求的人，外壳塑料感很强。。。
黑色,推荐：G7X Mark II,1,操作复杂，没有sd卡，差评！！！！
黑色,推荐：G7X Mark II,1,商品不错，快递也很快，但这是我见过最差的客服服务，买之前咨询了一下，还有消息回我，自从送到货后，有问题就再也没有客服回应了，真的不能太生气！！！
黑色,推荐：G7X Mark II,1,没有什么不好的，就是京东霸王条例，拆了如果不是质量问题不能退货
黑色,推荐：G7X Mark II,1,差，太差，首先机身与发票编号不相符，就这一点，这就让我严重的怀疑机器的质量与真假的保证。
黑色,推荐：G7X Mark II,1,"售后服务超级差技术不专业！
因为无法相机连手机传照片所以想找售后客服请教！
售后非常却非常不专业的说连不上是我的手机问题&hellip;苹果手机从这款相机出世到现在更新了很多版本了，可是你们的的软件才几条评论几个下载用户？很多人都反应连不上和闪退的问题而你们不更新，有问题我只是希望得到有效的解决，还遇上胡搅蛮缠非常不礼貌专业素质差的客服。
也是没见过这么不讲他们道理的售后，告诉我看说明书143页可明明相机里的说明书只有131页&hellip;还不可理喻的诡辩说是官网说明书&hellip;"
黑色,推荐：G7X Mark II,1,相机还可以就是京东售后的态度太让人恶心了，对产品有异义除非相机有坏的，一率不退换，什么7天无理由退换货什么意思他自己说的算，这辈子都不可能再用京东的产品了，可以代替的多了去了，没有理由被坑还#的在这里。不见。
黑色,G7X Mark II,1,10.24下午点点多下单3999一台买了两台，10.25下午收到的货，今天11.2晚上7点多一看价格变成了3799一台，每台少了200，差价400元，申请价格保护说超期了，退货说退不了，不想多说，直接给差评吧，所谓的50元优惠券我也不想要了
,【爆款】G7X Mark II,1,京东自营真够垃圾的，上了两个一模一样的链接，付100的定金买了其中一个链接成交价是3699，过了6天另一个链接降到3599，找客服保价不给说我购买的链接不一样，真够可以的无奸不商，大家看仔细啊最~3599别被坑了，一点价格保障都没有！！！垃圾
黑色,推荐：G7X Mark II,1,太垃圾了，#，刚到的时候说相机电池不好，寄回去检修后说没问题，在七天内申请退货退款也不给退，非说要个发货过来的快递盒子，真的是找不到借口了，奉劝各位不要买了，售后服务真的差到极点，我也不会花几千块去搞一个差评，不过是实话实说，真不知道销量怎么上来的.
,【爆款】G7X Mark II,1,双十一前几天购买的说是最~结果双十一又降价然后这才几天我才用了三次！！相机盖就打不开然后也关不上！！严重怀疑翻新机！！
黑色,推荐：G7X Mark II,1,超级无敌大差评！心水了很久的相机，赶上618，贱嗖嗖地给我发短信，说给我设置了专属价格！机器拿在手上，还没来得及兴奋，发现突然可以满1000减30了，/你/妈/的，老子不缺这30快！但真是犹如吃了苍蝇一般#，非常#！#透顶！你们现在吃相也真是太难看了！
【爆款】G7 X Mark II,,1,挂~了，原本以为这个G7X2能让我照片好看点，入手后发现，我被打回现实。那么88。W，X：1加88这1697手0853机。
【爆款】G7 X Mark II,,1,知道这款相机是网红机，也从来没有用过相机，那天进直播间一会儿就下单了，主播说的赠品也没有收到，找店铺客户也推来推去的，而且拿到相机问客服动不动就让你下载电子版使用说明，感觉很后悔没有在~买，因为客服后期售后太重要了，感觉什么都问不到，作文京东老会员第一次给评价差评。太想退货了！
【爆款】G7X Mark II,,1,千万别买，打开还没开始用卡得要死，现在工程师检测出来说存在卡顿的现象，但是还说啥是这款相机普遍存在的问题，完全是欺骗消费者，存在问题还不给解决，客服也是一直踢皮球，各种欺骗消费者，产品有问题还理直气壮不给退货，#
,【爆款】G7X Mark II,1,给我的是已经拆封了的二手货，收到货的时候包装盒已经凹陷得不成样子，完全没有塑封。秉着对京东的信任拆加了盒子，拆开之后发现盒子还是用双面胶粘的，完全糊弄人。提交换货却告诉我说，出库的时候查过监控是有塑封的，让提供视频却含糊其辞。完全的店大欺客，毫无诚意，欺骗消费者还把锅扣消费者身上，好，#！名不虚传！
