,,1,外形外观：镜头里有个灰尘
,,1,刚买两天降价300，赠了个破包保不了价
,,1,帮别人下单，几天时间就降价100块，真是服了
,,1,不喜欢，不好用
,,1,刚买完就降价
,,1,拍不了4K高清，拍几秒就中断。
,,1,刚买四天就降价两百？？？
,,1,刚买的就降了两次价，说是有赠品不能价格保护，拆封了就不能退了，3天降200元，#不在了、京东就不行了。
,,1,买了就降价，而且还降了接近一千，所以，购买需谨慎
,,1,为什么都不知道，刚买的就让我去维修站检修，服了。
,,1,六七百的降价 不急着买又想买的就等吧 等六千四的时候再买  保价就是屁！
,,1,说明书，打开快递都是折了的，镜头上有毛？，我怀疑我是不是买到人家退的货了
,,1,二手相机，大家不要买，旧的不是新的，投诉2个月不受理
,,1,用了不到一个月，返修了，就这！！！呵呵。算了，明天还得自己去售后点
,,1,镜头转动的时候这个声音听着不正常，转动的时候咔咔刺耳的声音，麻烦能给认真解决一下。
,,1,"镜头有很多的毛毛不知道怎么回事附着物 这款相机操作比较复杂 小白用起来不太友好 后续还在研究中 清理毛毛花了180元 感觉应该再赔点精神损失费 嘿嘿毕竟这个相机对我来说挺贵的 但是也没让我觉得它特别好 京东应该注意了
产品包装：包装还行吧
外形外观：还不错
成像效果：还不会用呢 这个操作有点复杂
反应速度：对于小白来说不太友好"
,,1,"产品包装：包装挺简陋的，草草了事
外形外观：相机外观可以
便携性能：便携性不太好，就是裸机
建议还是看看其他店或平台，相机包，内存卡都没有～需要单独购买～双十一搞活动也不给力吖"
,,1,买了就降价，连续好几次！！！，价格波动特别大，差评！
,,1,就一相机，清理工具那些啥都没有差评，
,,1,秒杀价买的，几天后618降了500，过了价格保护7天，**
,,1,差评，差评！
,,1,客服态度不好，发货慢，而且东西还少，京东唯一一次差评，
,,1,垃圾，收到货 ，是别人拆开过的，联系客服换货，直接被拒
,,1,快递收到货已经被拆封，而且服务很差，里面相机也没有电，是不是二手货
,,1,京东的售后实在不敢恭维，要买的小伙伴请慎重考虑，本想考虑其他款，可怜实在太难为人！给一颗星算好了
,,1,相机不知道是感光元件还是哪里有坏点，刚买回来没注意，用了三四天后才发现，气死了
,,1,内存卡都不配？怎么拍照？不管你的产品做得多好，就这点瑕疵，就必须给差评，ok ？
,,1,第一次差评，从2012年二月在京东买了一台笔记本电脑开始算，这是最糟糕的购买记录，镜头拉伸咔咔响申请退货了才知道已经不支持七天无理由退货，检测退回厂家七到十五个工作日，做好了准备看你们踢皮球，看到的朋友奉劝一句贵重物品还是实体店买！
,,1,新手千万别买。也怪自己是个小白啥都不懂，真心后悔。买回来就想退，结果只要拆封就退不了！！！
,,1,商品刚到就发现了不能自动对焦，换货还极其麻烦，本来就是有重要的活，全耽误了
,,1,自动对焦压根用不了，手动对焦咯吱咯吱叫，，调光圈和关机怪声，很厉害，我还要跑去售后检测，很完美??????，
,,1,其他特色：回来发现有问题，客服让返修其他一律不管，换货承诺4-7天，等了七天一点消息都没有，打电话问客服又变成了7-15天，关键还可能不止15天，服了也是，相信才买的，这么@的吗？不能退不给换的就这么吊着吗？产品包装：包装简单外形外观：塑料质感
,,1,产品包装：最外包装有明显拆卸使用痕迹，虽然明确规定拆包不退，感觉就是制约了遵守规则的老实人。我也没打算退。真实裸机，电池一点电有也没有，最好提示一下，吓死个人，让人感觉买的就是坏机。
,,1,客服垃圾，爱搭不理，活动说从6.16到6.18，结果两天活动差距很大。6.18活动赠品也不肯补发，本可以重新下单退货，实在不想麻烦，干脆给个差评。
,,1,我看评论里有赠包，怎么说呢，收到货，没有内存卡，没有相机包，连试用都不行，很不满意，包装外箱是小米的箱子，不知道啥情况？总之很不好的一次购物体验。
,,1,我劝你们都没买，商品质量垃圾，死机不敢再用，可怕的第三方售后态度恶劣，花了半个多小时送到京东自提点，快递员居然说不收件，满头大汗，重新申请，说明天安排快递员上门取件，货品退不退完全看质检结果随时回寄，再看看吧，卖家非常多，没必要选这家。
,,1,"降价幅度太大了吧，我特地等着啊等啊等51劳动节买的6399元，还没一个月直接给我降了300元啊，我一个上班族要上几天的班啊，6099元，我问客服差价一分钱都不给补，客服推过来推过去。亲们，谨慎
啊。一般我们购物像这种这么贵的电器，不应该下单就直接发视频教程的吗？我收到货就一个说明书啥啥都没有，让我们新手从哪学起?照相机我现在还不是很会玩。"
,,1,"建议新手别买这个，操作太不方便，机身的智能级别太差，。操作太傻瓜，镜头好，但机子操作太傻瓜，一点不适合新手用。很不方便，索尼那些智能多了，能更好上手，而且出来的效果也好。亲身体验。
成像效果：成像效果感觉不怎么的。"
,,1,屏幕出现坏点，需要送尼康售后检验，7-15天，最后检测说坏点属于正常范围？？？？？？说可以给我更换屏幕，屏幕也不能保证没有坏点。于是我让京东给我原封不动地送回来就是，同样需要7-15天。相机从买来到现在90%的时间都不在我手上，退也不能退，换也不能换，还要为相机质量问题买单。
,,1,"首先作为京东5年购物的顾客，电子产品首先想到在京东买。但无疑是最失望的一次购物。
1.4月6日下单，4月16日再查降价幅度达1200元，还不到十天，竟然如此降价，这不是在愚弄消费者吗？还让人怎么能安心购买？
2.打开相机lv模式拍照时，转动镜头，光圈咔咔咔的声音很大。又带着跑去指定售后点，技术员说声音是有点大要留下检测，第二天检测完后又说没什么事，都是这样的，就不给开证明，折腾一大圈很无奈。
总之，很糟心的一次购物，让我在怀疑以后电子产品还要不要在京东买了哎！"
,,1,"产品包装：包装就那样子，
便携性能：不算太重可以
吐槽一下，6499买的，啥赠品都没有，储存卡都不给带，买回来电池一点电没有，收货体验特别差，背包都需要现买，这现在又是病毒期间不能出去，真的是干着急，体验特别差劲"
,,1,手动对焦阻力大，还有异响，真的很不愉快的购物体验，而且问客服，就是叫我去服务站检修，尼康品控那么差的吗？申请了换货，需要等一到两个星期，也是服了，如果换的新机还是那样，我直接申请退货了！！?
,,1,买了一个月就降价800，气死。差评，价格也太波动大了。
,,1,去你吗的才买了不到一个月就降了四百块，还不能价格保护，玩你吗B
,,1,我对京东无语了，这相机买回来就一两个月降价400，#的恶心
,,1,保价政策不落实，作为京东老顾客，很失望，以前的京东服务态度不是这样的，现在变样了。
,,1,一星给京东，一个星期就调500元，还因为有赠品不能价格保护。赠品是你们送的，不是我想要的，我退给你们给我价格保护
,,1,当时还是秒杀6799元看到上面说几个月最~接现在秒杀6399元哎伤心
,,1,第一次充电电池和充电器就坏了，不给换也不免费修，9000多块钱就买来一个废品
,,1,1号觉得应该是最~的了。但是，11号的，居然便宜了200，而且也是分12期。好吧，体验很差，很不爽。
,,1,很差的京东购物体验！客服态度巨差！！！退货答应退货！不给予办理！不取件！！！！干了京东！还#办会员！！
,,1,**  仔细看照片  图一左上角有一百周年纪念标识  但是我并没有收到一百周年纪念品  图二条码纸有明显被扣过的痕迹  图三镜头有残渣     在**购买的最让我失望的产品  没有之一
,,1,镜头有大粒灰尘，换货20天还没到手；要改成退的，官方客服打电话讲，厂家检测机器没问题，#，这嘛大灰尘没问题，你买个新车有脱漆的地方，给你说不影响驾驶，你愿意？很失望的购物体验，必须给个说法，一星是评论不得不给?
,,1,差评，差评，差评，1星都给不了，我是开影楼的，因原有的尼康D80相机（跟随我整整12年）突然坏了，考虑返原厂维修周期太长，放弃维修。急用购了这台D7500的，第一、配送问题，物流延误24小时（催单数次，配送员描述，包裹到站点后不知去向，在仓库里找了很多遍才找出来）；第二、商品外观与D80对比完全两个档次的了，包括肩带细小，单薄，无遮光罩配件等；第三、质量问题，商品故障，半按快门，不对焦，拍照重影，找售后处理，售后要我找厂家；第四、售后问题，找厂家售后服务后，判断为故障，送维修中心处理，然后自已D80旧相机镜头安装后正常拍照，（判断为镜头故障），随即申请了售后处理，付款还不到1小时，售后处理结果，收到返修商品后厂家检测时间为：7-15个工作日（等于10-20天，还有物流时间，将近一个月，连换新都不行）。我不可能停业一个月，现在用新机型+旧镜头，等于七千多元，购单机身，不值。质量越来越差了，6.18购的华硕笔记本(6000多元)经常蓝屏，返修过一次，故障依旧。
,,1,2019年1月份出厂的新机，除了包装盒是新的之外，从里到外，没有哪里是新的。第一，主机和镜头，都是包了两层塑料袋子的，但是那个包装袋子，一看就是个旧的塑料袋子，不知从哪个垃圾堆里捡来的。第二，机身，镜头，新机的话，会有一种特殊的香味，或者塑料的味道。这台相机啥味道也没有，只有当一台相机使用过后，放置很久了，才会没有味道，或者味道变淡。这是一台2019年1月份的机器啊！本人是京东钻石会员，在京东消费数年，每年消费10-20万左右，大小件物品都在京东买，算是京东的铁杆粉丝，对京东也是无条件信任。相信对于每一个人，一台相机是新是旧，总该分得出来吧，更何况是我这种超级买家，在京东买了无数电子产品的买家。这一次，确实是被京东坑了！机器外观倒是没问题，使用暂时也没发现问题，由于已经拆封，明知是旧机，却退不了，换不了，真是窝火！
