,,1,新机拍摄时有白点 感觉是灰层
,,1,超过价保期限必降价，然后调高价格再降，满满的套路。
,,1,机器收到了这个多功能键，从侧面看竟然是歪的。不知道别的用户买到的是也这样吗？
,,1,刚买就降价1000块，真是垃圾
,,1,6月一号买的。618现在降了300。真坑
,,1,垃圾快递，要求送达的日期不遵守，提早一天扔给客户，2万元的东西啊。
,,1,我是很不喜欢。。。。
,,1,"产品包装：封条有拆过的痕迹，有磕损！物流包装不好，磕碰严重！一直是京东买东西，最近对京东有些失望！将近两万的机子，外包装和内包装都变形了！
一星是给机子的星！"
,,1,非常不满意，商品质量问题，售后不予退货解决，消费者不能维权，京东自营真的太恶心了，售后态度非常不好，问题没有解决，非常恶心！
,,1,尼康的品控真的是越来越差了，小两万的东西屏幕还有这种问题，要求换货折腾了半个月就出具了一个没有质量问题的报告单，客服永远是请您耐心等待
,,1,新机表皮被磨损，存在瑕疵，有人为使用痕迹，要求换货无果，以各种口头而不是书面规定推脱解释，赔偿京东解决。一次很不愉快的购物体验，简直像是买了个二手产品，京东自营这么干？
,,1,在两位京东小哥的见证下开的箱子，左右晃动声音不如上次退掉那个大了，如图，直接箱子就是破损的，本来想退掉，但还是接着开箱，目前电池在充电，试完看情况，先给个差评（将近两万块钱的东西你们就是这样敷衍消费者的？）
,,1,京东一点都不诚信，一开始我也是抱着相信而来。6月4号买的 5号降价400 10号继续降价499 618继续降价400 多。总价格不稳定持续反复降是一回事，我收到相机和镜头一拆开，相机内部有灰尘，镜头也是。于是及时联系换货。6号就收走了，今天26号给我发了这个所谓新的镜头。除了重新换了封条什么都是跟之前一样。镜身外面和镜片里面都有灰尘。一点诚信都没有，不要抱着试一下多心态买这个几万块的相机，消费者会吃亏。没错保价七天，但是品质都没法保障！这种不幸不知道会不会落到另一个人身上～！
,,1,包装和防伪标签完好，三码都对应，但是刮开注册码是空白的官网不能注册（高度怀疑是翻新机），尼康官方说是大陆行货！黑色底片检查：ISO100-400，快门30/1-250/1秒噪点是570-1780个！其中125/1秒时有一个坏点！！1秒-8秒无噪点和坏点&hellip;京东解释-相机包装已打开不给退，要是换货需要寄回去鉴定&hellip;这么多一个公司没有一点保障！我已经上过一次当了，寄回去鉴定只不过是走走过场。何苦自找麻烦！一星是给物流小兄弟的，事实就是这样！to die京东！！！
,,1,相机可以不提供生产日期等相关信息吗？尼康的400电话只给你查询是大陆正品和正规渠道，但是不是翻新机、生产日期这些就是不告诉你，无从查找，甚至连相机底部标牌的含义也不给明确解释，只说是个编码，感觉不可理解，京东服务也一样差劲，咨询的问题根本不回答你，咨询单就显示问题已处理，完全就是敷衍，为什么要隐瞒这些信息呢？我自己根据包装盒内的纸质资料、相机的初始时间、机身标签编码初步判断可能是2017年出厂的相机，虽然没发现相机有什么严重的问题，但是作为客户，花好几万买个三四年前出厂的产品，总之是感觉不好的，那个30天只修不换就是骗人的噱头，只有严重的机械问题或者是完全不能使用才有这个，软件问题或者你自己认为的一些小问题都是不能享受这个只换不修政策的，寄过去他们检测了认为没问题，也不会给你换，你还要承担来回运费。
,,1,质量差！服务态度也差！说好的保价也是骗人的！
,,1,买了20天，降价3800，还不给保价，客服赶紧滚吧
,,1,一个双十一活动周期没结束，前后差700元，还是自营，这样损害顾客利益，京东够垃圾的
,,1,开机没有直接显示设定日期和时间，快门声音也不清脆，不会测快门数量，不知道是否真正全新。
,,1,京东这个真的是太令人失望了，6.1号的活动右上角写的618活动，以为是全年最~开启618预定的，结果今天上午这个商品打开一看价格低了700块！！！打客服电话说是过了七天保价期，京东就是这么耍消费者的吗？？？朋友们擦亮眼镜，店大欺客！！！
,,1,#，京东垃圾玩意，瞎搞活动，价格降了，还不让价保，再买**剁手，不按发货时间算，明白就是准备@，你这玩意早点倒闭吧
,,1,差评，选到购物车里时有赠品，付款买了，到货之后发现没有赠品了！！苏**购比京东便宜，还赠sd卡，真是后悔在京东买了！！
,,1,在京东购买的尼康d850相机光圈拨杆 磨损严重 我用的 2470根本就磨不到这里 申请换货 京东拒绝 不为别的只为大家购买的时候 一定要看清楚。
,,1,在京东购买的尼康d850相机光圈拨杆 磨损严重 我用的 2470根本就磨不到这里 申请换货 京东拒绝 不为别的只为大家购买的时候 一定要看清楚。
,,1,刚买两天，就降了1000，有赠品不让价格保护，那堆垃圾赠品值1000？京东开始宰客了。作为一名超级用户，心都碎了。
,,1,135画幅中神器么，快门30，iso3200或者1600均有白色噪点，评测文章均未谈及白色噪点问题，还好没有彩色噪点。为了不被淹没在好评的海洋里，给一分?
,,1,没见过这样的服务，一摸一样的套装前天买，昨天到付，今天降价，居然不退款，和售后反应，像个机器人样的，直接差评，物流也差，买4万的东西，京东还自营店拍的，结果来的快递是韵达快递，完全不是那个事。
,,1,本来新年给自己买一个相机是特别开心的事，然而拿到快递让我十分震惊，如此贵重近2万块的相机，京东包装如此简陋的令人发指，就一个纸盒套一下，里面没有任何填充物，没有任何避挤压材料。京东的做法令人憎恶之极，必须坚决给予差评。
,,1,京东大。骗。子。一个劲的宣传提前享双十一活动，避免快递爆仓，给商品打上1111好物节标记，还说买贵有价保，好嘛，信了你的邪，买了之后，等到双十一，果真降价了，想退差价没门！系统超烂，客服超烂！相机?镜头买贵了两千多块钱，折腾半天，客服说给我两千京豆做补偿，q**d，打发叫花子呢，两千京豆就值20块钱，真的无语。好了，镜头本身挺好，就是京东太差劲。
,,1,多年来第一次遇到这种情况，机器买来第二天拍照发现取景器有黑色颗粒，反光板上有划痕见图，咨询客服开始20元京豆补偿后来升到50京豆补偿，自己申请换货，电话客服也不能所以，现在准备将机器送去尼康官方售后，不知道只是瑕疵产品还是其他什么情况，但是不管怎么样，官方标价减800~！~在评论处留言，附上产品序列号！
