,,3,还好吧！不经常用，没钱了，只买了个50头&hellip;&hellip;
,,3,物流很快，东西到了包装也完好。测试了快门次数和坏点也问题不大，可是开机没有开机动画直接进的设置，而且电池电量为0，这两点我保有怀疑态度&hellip;&hellip;
,,3,京东的降价幅度喜人，
,,2,心塞啊，包装打开过，不是原封包装，也不是熟悉京东包装。
,,3,还行吧，但是没有尼康俱乐部那个黄的本子，我之前的买的尼康产品都有有点慌，就是图下的这个，这个是我今天刚到的镜头里面的。感觉有可能是官**，还是Ｄ850不放这个了？
,,3,"产品包装：还可以吧
外形外观：还可以
成像效果：没卡，镜头还没到还没试
反应速度：未知
便携性能：感觉没有有些人说的那么重，对于男的来说。
其他特色：吐槽：
一万八钱多加镜头三万多的东西，没有sd卡，京东尼康**真抠，大的没有送张小的不过分吧。也许是我期待太高了。"
,,3,其他特色：这款相机考虑了很久才入的手，1111入的手，生产日期是9月份的新机器，但是希望越大失望也越大，中间申请了2次退换，但都排除了，自己撤销了。第一次，发现开lv模式，拍照的时候会有卡吧的弹簧声，能够感到震动，认为是机器问题，去官方维修点检测了一下，确认是正常现象，但是我的D90就没这种声音；第二次，拍蓝天，发现中心偏左下有个污点，于是申请退换，但是自己查阅资料并拆镜头发现，上反光板处有块不知名的东西，用棉签清洁掉了就没有了，可以肯定的是机器自身没做好，带的污点。另外还感觉，快门声沉闷拖泥带水，不干净利索。总之入手后心里有些腻歪，不知道其他人是怎么样的。
,,2,"包装太差
产品包装：就一个袋子送过来，您觉得妥吗？封条完好！性能使用后待定！"
,,2,小两万买个相机，一次没用就发现后屏有坏点，换新一等就是十几天。一个显而易见的毛病，都要等这么久，真是醉了。
,,3,"产品是不错的，但经照片检测，存在一个死点。收货当天马上提出换货，现在一星期了，还没换回来，说要等官方检测。急用变成了慢用，花的钱就这么拖着了。
有死点可以理解为运气差，我也可以理解成现代工艺的概率问题，但能不能快一点？谁愿意花了一万八千之后事情就停在这里了？况下不是说无理由退货吗？我还不算退，只是换，都那么麻烦。"
,,2,买时不提示接受小礼品 就不给保价了、请大家注意这个圈套
,,2,今天专门来给差评 用了一个多月  每次手机连相机总会出问题 不是失败就是连不上  试了各种方法  重启 忽略上次设备 每次没有半个小时以后都别指望连上 这次蓝牙连上了 wifi又连不上 这真的是个巨大的bug 建议大家买别的相机 这个bug我查过 很多850影友都出现过
,,2,相机封条完好，产品从外观上看全新，其它尚未验证，两个星一个是给物品的，一个是给派送员的。对包装物流极不满意，其一，一个大盒子里面放一个机身的小盒子，没有任何的填充物，其二，贵重物品和其它物品混杂装运分拣，我昨天买一个镜头是送贵重物品的专车送达的，今天到的相机更贵重，而且是市区有货，无需外地调送，其三，我翻看过往评价，已有很多人对此不满，为什么不改，哪怕是箱中用填充物充实，成本很高吗？明显有店大欺客的态度！
