,,1,客服沟通不力，产品和图片差别大
,,1,东西还可以，就是所谓的套餐不值
,,1,真的差 客服不管事 说了保修结果不给休
,,1,拍出来的东西是黑的
,,1,拍不出来，退货了
,,1,买了专门的相纸结果还是印不出来
,,1,唉  自拍镜坏了联系客服说不能补发 服气
,,1,成像效果：极其差
,,1,相片纸拍不出，沟通一直找借口！
,,1,打不开
,,1,也不送一张相纸 小气鬼
,,1,不会再相信京东，赠品都是收费的，可笑
,,1,坏的
,,1,居然拍出的照片是全白，送出礼物，尴尬死了！！！
,,1,不会再买第二次，照出来都是什么东西？
,,1,送的那个套餐和相机不符套都套不上 相机还开不了机？？
,,1,根本没有收到货物为什么让我直接评价？
,,1,质量有问题，赠品也无法申请售后。。。关键是保价得算我买的。。。
,,1,很一般
,,1,套装部分商品未收到，现只收到主机和胶卷
,,1,屁用没有
,,1,感觉不好
,,1,一次性成像照片隔页成像，费照片
,,1,老是曝光，都浪费了好几个像纸了
,,1,这包装我也不多说了，自己看吧
,,1,拆开了就没办法退货   七天无理由退货 真棒
,,1,刚刚拆开就有裂痕 我真的是日了 能不能给个解释
,,1,坑人的卡西欧
,,1,不值得买，卖家态度也不好，有问题也不同意退货，最后通过京东退了
,,1,收到货后看到降价，便宜了八十多，可是不能退货了，郁闷。
,,1,客服除了会说抱歉，什么问题都解决不了，相纸没有说明书，那么贵的相纸全让费了
,,1,"赠品,没有用过,由于该次购买的商品部满意,所以赠品也是不满意"
,,1,买来的相机目镜居然不清晰，想想东西也不是很贵重，就没有麻烦的去退换了
,,1,一般，一般。
,,1,单机主机麻烦标清楚！
,,1,产品质量不错，售后服务态度也差。大家千万不要在京东上买东西服务态度不好
,,1,差，差，差，拍出来模糊不好看，底片浪费2盒，千万不要买，一点都不好，
,,1,京东，再见！
,,1,做工差，第一次拍照拍不出来，客服还推卸责任，拍不出来照片
,,1,我订了相机以及相纸套装，说是第二天到货，结果只到了相机，相纸竟然还要三天，请问我没有相纸的相机干嘛用
,,1,一直没用，结果10张相纸，就两张出来照片，还是虚的，剩下的全没有成像，不知道是相机的原因还是相纸的原因
,,1,"照不好，拆完快递  拍个照片   拍出来全是黑墨
跟客服联系换货    还是拍出来全是黑墨
我这送人的好尴尬?"
,,1,连客户都没有，汉，不是配齐的吗？我的怎么就一个相机什么都没有
,,1,一定要看好，拆了快递盒就不能退，切记，切记，切记，给后面买的提醒。强买强卖
,,1,"相纸成本高，一张都要几块钱，不管拍得好不好。买得起，用不起！七天无理由退换等于摆设
成像效果：不会拍的还不如相机"
,,1,下单之前显示马上下单预计第二天到，结果第三天，到了有没有重点备注相纸不能曝光浪费10张相纸，细节完全没有做到位
,,1,"外形外观：有磨痕 有塑料壳的渣
做工质量：还可以吧
成像效果：拍了大概7张才出像、客服也未能解决问题后面直接不搭理，"
,,1,买的实用版，结果配件相纸没货，提示是否移除商品，没办法只有移除，结果还是369，收到的东西只有一个相机，跟329的裸机毫无区别，尽然还没有补偿措施，既然移除了就不要卖369啊
,,1,没有收到这东西骗人的店
,,1,真是太一般，没什么用根本
,,1,服务太差 店家售后服务太差太差
,,1,一个星期就降价了，然后保价说超过保价时间了。
,,1,质量一般，照片模糊，超烧相纸！
,,1,服务太差 店家售后服务太差太差
,,1,随便拍一张直接就打印出来了 很浪费相纸
,,1,垃圾！货！到了放了电池没有反应！浪费时间。
,,1,效果真心差 很失望 一份钱一分货
,,1,成像太差啦
,,1,其他特色：客服差的要死，没有责任心
,,1,差评  东西只放了十几天再用就什么都照不出来了
,,1,差评里面一张打印纸都不给带
,,1,成像效果：太模糊了，还不给退，差评！，，
,,1,垃圾售后服务！！！现在没有收到换新，不催一点动静没有！
,,1,最失望的网上购物，我买的数码产品这个快递包装也太简陋，就用了一个京东购物袋，这样真不敢在京东买电器了
,,1,欺骗消费者 客服答非所问 服务态度差
,,1,做工质量：太差了，拍起出来是黑，垃圾玩应
,,1,成像效果好差，真心不推荐买，相纸还好贵
,,1,差评 相机给我漏发了，还不给我处理售后
,,1,#。
,,1,差评
,,1,拍出来的好模糊 女朋友很不高兴???
,,1,拍的不清楚，这能哄小孩，质量太差、差、差、
,,1,差评
,,1,买了两个 第二个发货日期一推再推 还不提醒 下单七天了还在预计X天后发货 给大侄子的生日礼物泡汤了&hellip;&hellip; 真是烦人
,,1,差评，只要收到了，拆没拆都没办法退货。
,,1,相机可以，送的东西太差了，明明是有瑕疵的还寄过来。差评！
,,1,做工质量：垃圾相纸、垃圾客服。你家赶紧换一个客服吧。
,,1,退货过程前后持续16天，原因是处理员丢失我的包裹，处理速度，效率低下，非常失望。
,,1,电池没发够，跟售后说，售后还不解决。拍照过去也不补。很差劲吧。
,,1,客服能在差点吗？6号发现配送错网点了，8号都还没处理，问题是7号我还提醒了客服！
,,1,垃圾产品
,,1,没办法评价因为根本不成像不知道是相机问题还是我的问题确实跟预期效果差了太多太多相纸太贵相机还会自动浪费大部分真的牛批
,,1,商家超级差的态度，京东出现这样的供应商真的他垃圾了。出了问题就开始敷衍人，不解决问题。
,,1,差评，买来以后根本就用不了，拍出来照片全是黑的，被骗了
,,1,发过来的是个旧的，按键磨损过得，给客服留言**不理我，垃圾二手货
,,1,首先声明我在京东购物这么多年没给过差评，这个拍立得由于包装是京东二次包装的所以我有点怀疑是不是新的相机，而且买的当天晚上到的开封验货后第二天办理的退货告诉我开封不退。我查了一下也问了律师这种情况是不合理的，另外客服联系我的时候态度很差，很糟糕的一次购物，我会继续投诉同时不会在用京东。
,,1,真的一颗星都不想给，拍出来什么到没有，就是一片黑。还费了我四张照纸
,,1,小心购买，打开有什么问题都不能退了，京东套路太深了，再也不敢买东西了
,,1,东西不错，但是物流太慢，系统显示有货，结果又去调货，中间种种原因，太差劲
,,1,这相机长的我直接啥都没考虑就买了，买了之后我直接就拿过来爱不释手的拍，结果拍出这个样子
,,1,东西送的慢，还少了东西一直不给送，问客服客服爱搭不理。售后服务做的很不好，直接差评
,,1,成像太慢，效果太差，如果拍人看不到五官，拍景和黑白色差不多，而且售后态度真的很差，买了真心后悔。
,,1,只晚上在家只能拍出黑白效果，颜色失真，客服回答的态度特别差
,,1,#商家！#商家！#商家！大家千万不要购买！商品与实际严重不符！给他们协商退货，他们就推卸责任，全是花钱买教训了，大家不要在上当了！
,,1,拍的不干净，照片太小。不用过怎么知道质量怎么样，试了一下还不能退。说了把用过的相片买了，付钱也不让退。
,,1,生气的很，买一个镜头有问题换了，换来的就没胶片试一下，最近拿出来一看发现照出来都是黑的，再也不买富士！
,,1,不建议购买，室内灯光很好的情况成像也黢黑一片，根本用不了。
,,1,太差劲了！刚买就变成我的相纸就全废了！这不闹呢嘛！客服还说是我的责任！说明都说不明白！相纸也都是花钱买的，说废就废了！
,,1,差评   差评  差评  才拿到的相机 拍的照片的显现不完出来
,,1,很垃圾，相机是坏的，浪费了好几张相纸，京东的售后也很烂，一直拖，效率太低，客服说24小时给答复，也没有声音
,,1,东西还是可以的，但是客服太差劲了，又不跟我说清楚是2分钟才成型害我浪费了一盒相纸，电池包装拆了又不能退货，差劲??
,,1,第一次在京东买东西给差评，真的是一点都不好，不行还不给退换，什么叫拆封不退换！！没试过，我怎么知道如此垃圾！！！总之一句话，绝对是垃圾中的垃圾
,,1,小朋友才拍十几张照片就坏了，拍出来全部不显示了，非常失望！谨慎购买！
,,1,真的烦，本来买来出去旅游用的，结果推辞了好多天才发货，我如果不去问客服，不知道什么时候才给我送来垃圾垃圾垃圾
,,1,"还真是没见过这种笨的客服听不懂人话的那种
问他曝光的问题却给我说打开相机拍照第一张不成相的问题！真搞笑请你吧问题看清楚在回答可好！呵呵呵呵呵呵呵"
,,1,拍了四张 浪费了三张 真的心疼我的相纸 唯一拍出来脸的还有一片阴影 真的不建议买
,,1,"最差劲的是一颗星？店面也好，服务也好，产品！真的我觉得一颗星都是奢侈！太差劲了！
         喜欢拍立得相机的，大家在他家买一定谨慎。只能用差劲来形容！第一次给店家差评！
而且本人表示网购这么多年，服务，态度，产品，是最差进的一次！"
,,1,特别特别差的商品，而且不让换，客服更是无语，千万不要买
,,1,外形外观：送的相机壳来了就是坏的，关键是居然不给退换，你们和京东互相扯皮，谁都不给我换，这样的合作与服务，太让人失望了，京东来了也不给换，到底谁负责售后
,,1,相机不敢恭维，照出来的相片又不清晰，模糊，京东客服的服务一个字，差，差到极点，买的时候就回信息，买后咨询其他问题和退货的时候问了N次，人都去美国旅游，下次买东西还是少在京城买
,,1,通过近几次京东购物体验，感觉京东不如~，拍了两套拍立得送孩子做礼物，结果收到一套，联系售后，只知道查一下，反反复复几多次沟通，没结果，自己联系上派送员，派送最后自认倒霉说可能掉了一个包裹，要贴一套的钱给我。如果环环相扣就不会出现这样的事件。客服不管事，之前只听过京东少货，没想到自己碰上了。京东购物需慎重
,,1,这一分差评给物流包装！*块的东西就用一个塑料袋装着运过来！？一个弱不禁风的快递袋子，相机在盒子已经撞的乱七八糟，我本来想送人的。图片，盒子磨损了一点。贵重的电子设备，难道你们就不能用一个小快递盒装起来吗？我已经在京东买过很多东西，出现很多次这样的情况了。唉，希望能改进你们的物流包装！
,,1,"包装破损 东西刚拿到手快递员酒店签收了
包装破损了快递员连说都没说
呵呵
第一次给差评，谢谢。以后再也不会来京东买东西了。"
,,1,我对于商品本身没有什么意见，我很想投诉一下京东商场以及京东客服人员，说好的2号能收到货，一直拖到5号才收到货，投诉了几次也没有一个合理的解决办法，感觉在踢皮球，真的是很差的一次购物体验！
,,1,我只能说什么鬼客服，不懂乱教，教错了又变卦了，说什么都是那一句话。产品就更不用说了，一点鬼用都没有，不知道这些好评是怎么刷出来的，还是去买照片打印机靠谱
,,1,做工质量：快递刚收到拆开，外壳多出裂痕以及污渍，等了半个月才发货，大过年的怕影响小孩心情，客服说要全部退回换货&hellip;算了，冲着品牌，服务太差
,,1,其实相机没毛病，但是买的豪华套装，里面显示给的粉色相册，可爱的保护袋，邮来样子完全不一样，咨询客户说不给换，但是你说的颜色随机也没有说给换个样子呀，一种被骗了的感觉，粉色相机给个蓝色的绳不知道咋想的，建议各位买裸机！
,,1,太垃圾，说好的京准达，收到货缺少商品，迟迟不给处理结果，这么大企业也开始乱了，等他给处理结果
,,1,相纸没有货不早说，相机单到了等着用，结果说相纸没货还要等，就想到京东到货快才在这买的，太失望了，差评。
,,1,哎，点够低了。是真不好，刚买回来用下就不聚焦了，真心没法用。尝试距离0.5米1米2-3-4米。申请退款，一两周了吧，感觉好久，钱还没有到账。费心
,,1,送人的，本来以为挺大的，收到后就一小盒，大失所望啊，还有就是说说豪华礼包，送的挂绳和装相机的袋子一看就是糊弄人的，太廉价了，根本拿不出手，春节当天到的，直接就拆了，也没法退了，差评，差评，差评
,,1,拿一个旧的盒子给我装，一看就是那种被拆开过的，里面的零件都是散乱的，包装破旧，不建议买。商家都是拿旧的给你寄过来，本来就是买来送人的，没时间退了，也就算了
,,1,在京东买东西真的是无语啦，只是把京东自身塑料膜拆了就退不到，连机子都没拆开，那要是功能使用问题，我不用怎么晓得呢，真是气人。问了四次客服都说可以退，收件员又说不能退，到最后客服又说不能退，真的是踢皮球耍啊，京东售后就这样啊？？？
,,1,照相机送货到快，送照相机纸太慢了，送13号送，结果14中午送到，让我非常失望，我也经常在京东买东西，但是这次非常不靠部，孩子刚刚考完试给孩子一个惊喜，结果&hellip;&hellip;&hellip;&hellip;&hellip;&hellip;：：：：：：
,,1,太太差了，完全没拆封的退货，竟然只退相机的钱，不退相片的钱，沟通了10次8次都没解决，一直没退相片的钱，还赖人家快递员，够黑的商家，是啥黑店啊！
,,1,收到货时快递包装已经破损了，胶带已经被拆开，里面的相机盒子都露出来了。快递盒内的填充物没有，包装太差了，万一运输过程中有什么磕碰呢
,,1,相机是送人的我没有打开不评价了，发来的相册和商品页面根本不是一个，我一开始找他各种推诿，说颜色随机发，颜色随机发那也得是一个款式啊，后来讲理说不清楚才和我说换货的事，还要因为一个相册整个商品都发回去，我认为应该直接给我补发相册，我把这个相册给他发过去可是这样也不行，索性我也不换了，客服体验非常的糟糕，不想着解决问题总是推诿。我上图也让大家看看这个发来的相册和商品页面描述的有多大差距。
,,1,差评.买的第一个相机问题。浪费了我20张相纸.*块钱.客服让我这样试试那样试试.20张相纸也就没了.后来换回来得相机是好的.我20张相纸是坏相机浪费的.客服也不补发.想用点京豆了事.拍立得就相纸贵.也不给我解决.第一次京东差评.真的.
,,1,一星都不想给，一拆开就掉了一只手，做工也很不精致，希望京东少弄一些这样的商家。
,,1,可能因为打折处理的商品得看运气吧 我只是拉动镜头出来还没按快门居然会自动拍照 并且一套相纸就出现三次这样的情况！ 第二套套装一起送的相纸拍的第一张很暗 后面所有全黑 我以前玩过拍立得 没有乱操作 没有二次拿出相纸让它曝光 总之很失望
,,1,拍出来的照片太小了，买了两个，和他们商量退一个也不答应，说什么过了七天无理由退货，逼着别人差评，这生意做的
,,1,"成像效果：差，非常差，很容易模糊，拍人像也模糊。明明拍之前对好的，拍出来却是歪的
操作难易：不好拍出效果，不建议买"
,,1,这次购物体验太差了，详情页里不清不楚，没有详细的说明，没有说第一张出来的是保护膜不显像，害得小白不懂，以为是相纸安装错误，造成相纸曝光，白白浪费了一盒相纸，不是良心卖家。
,,1,第一回买这种相机，售后体验感很差，提出问题并没有反馈到解决问题的根本方法，我说通过相机的观察框去看被拍的物体时很模糊，客服一直回答拍照成像不清楚的问题，答非所问。
,,1,四号下单，显示六号到货，结果十一号才到。之前联系客服，首先是三天，再是三到五天，然后三到七天，责任全都甩给采购，说采购国庆放假，八号才上班。昨天打电话给我说二十号发货，结果今天就到了，今天的解释是好容易协调的从济南仓库调得货，本来下单时就说是调货商品，也不知道为啥就不能调货了，内部管理一团混乱，客服完全就是在敷衍了事，想解决问题还是直接打投诉电话吧，真是无语了！感觉京东最近就是在吃老本，再不努力提升，就危险了！
,,1,少了个自拍镜 还和京东互相推卸责任 也没有补偿 一点都不负责 商品的质量我都没有心情试了 就是为了自拍镜买的实用礼包 结果还专门少了个自拍镜 差评！超级差评！
,,1,"京东最差的一商品和服务体验，没有之一！！！相机不成相，不成相！！！客服不说要投诉，就不回答问题，回答问题答非所问，很期待的一件商品，变成最糟心的经历
成像效果：不成像

操作难易：很难"
,,1,**一样，相纸缺货，相纸跟相机分开发货不提前电话说一声。结果相机到了相纸还要两天到。我急着用呢？因为是赠品也不能退货，真是气死了。这什么服务啊？这种配套的东西不一起发货不提前沟通吗？
,,1,"成像效果：垃圾，室外照出来根本就是一团黑啥也没有。
反应速度：慢的一批
客服态度特别差，跟我说七天无理由退换货，结果后面还加一个拆封无效。垃圾货还不如老年机像素，至少老年机还有张图。"
,,1,"规定时间没送到  8月23号买的 4号才送到。而且客服态度超级不好可能大姨妈来了吧。咱也不知道 咱也不敢问?   我本人在京东有史以来第一个和第二个差评都献给了你家   而且以后我买一次不论好坏就差评。就冲客服态度 哎呦 我忘了您和我说你们这投诉不了你们说的算。不会在意的??
反正我有截图 ，业务太次还不是太差了"
,,1,相机只用了一次，然后自动出纸，客服让自己联系售后，具体使用情况，到底什么原因都让联系售后，只管卖，不管使用情况，坏了也不管，劝大家别买，质量很差。白浪费钱。
,,1,"我真的很无语，买了相机加相纸套餐，结果分了两单，相纸这一单价格为零，我不小心点了退货，结果一分没退，相纸还不发货。
就这个问题我找客服反应了四五次，持续十几天，还是没有给我解决，打电话问我解决没，我说没有，然后又没然后了。
希望看到差评之后尽快回复。京东的购物体验真是差极了！！！！！！！人工服务都跟机器人似的。"
,,1,亲们拍品需谨慎，拆封后不支持退货！！！违反了《消费者权益保护法》规定的7天无理由退货！！！并不属于规定的例外&mdash;定制产品、音像制品、生鲜食品等！！！差差差！！！一颗星都给多了。
,,1,2天了相机没收到，只收到了个相纸，咨询客服，态度跟大爷一样，推的干干净净，连个解答意愿都没有，奉劝大家千万不要在这家店买东西，预祝早日倒闭！！！！店铺客服推给京东客服，又推给快递员，快递员也是个马大哈，最后几经周折，发现是快递员放丰巢快递柜，没有给我发取件码，中间的心酸就懒得说了，糟糕透顶的一次购物体验，再也不想在这家店买东西。
,,1,质量很差，拍照不清晰，相纸质量很差，那么多好评都是骗人的，哪有那么好有图有真相，大家购买的要注意了，也不便宜，而且不好用，简直就是浪费钱，还退不了，用几张照片还说退不了，我不试一下，怎么知道好不好用，，没到一个星期呢！就退不了了
,,1,"首先这是七夕节买给老婆的礼物，8月6日拍的上面显示次日达，询问客服之后客服告知8日能到，但是结果却是情人节之后两天的8月9日才到，这是物流速度。但是不得不说快递小哥服务还蛮周到，所以快递我还是给了满分。

现在说一下客服的服务，收到之后由于本人之前没用过类似的拍立得，安装完相纸之后开始拍照，第一张是黑片片，起保护作用，第二张才有人像，但是第三张的时候就卡纸了，不明所以的我打开了相纸后盖，重新安装之后发现相纸曝光不能用了，询问客服之后客服告知安装后不可以开后盖，这么重要的事情为什么不提前说一下，好吧这个就算是我自己失误导致，相纸浪费就浪费了，也怨不得人客服，谁让我性子急呢。但是客服这种问话好几句好半天才回一句的态度让我很是生气！

接下来就得说拍照质量了，这么个小东西本来也没指望拍出来的照片能赶上美颜相机，但是最起码的明暗度总得有吧，图2是我拍的第一张照片，模式是室内模式，光线的话就是白天自然光，这还是闪光灯不能关闭的效果，随后我以为是角度问题，专门选了两个光线比之前充足并且打开整个屋子的窗帘，效果如图3。。。询问客服后客服回我说这是正常现象，我。。。难道是我瞎吗？

码字累，各位慎拍。"
,,1,"我对这个商品的体验真的是极差，我都没想到一个自营旗舰店这样子
1、我30号下单，下单时商品页面没有显示任何缺货，并预计第二天送达，等1号后，又自动显示2号送达，我问客服不会要等四五天吧，客服明确回答不会。2号后有告诉我8号&mdash;10号到，10号后，我又问客服，她告诉我预计17号到达，到17号后，还是在我再三要求，帮助分析，后我才收到货，还是分批发送
2、我怀疑有诱导消费，它并不提前告知消费者，这个缺货，和正常商品一样，但当你问客服，她就一直拖时间，说缺货
3、明明一开始我就问她是那个缺货，她告诉我是相纸，我说那分开发货，我急着送人，她表示不能这么做，当我催了十几天，我准备去投诉的时候，她又说可以分开发货了，就相纸不能，她是仓库缺货，我问她都半个月了，还没有采购到，就不能再别的仓库调货嘛，她才又发的货
4、只有深一点的问题，客服就是给你申请专员，让你去咨询她，专员就一般说，我给你反应反应，然后就一直电话，短信放过来，但是没有做任何实际的做法
5&hellip;
综上，我觉得如果要买这个商品，我建议你换一家"
,,1,这是史上最坑的一次网购，首先，东西质量有问题，按快门不出相纸，打开相机就出相纸，关上相机，准备换电池，最后一节电池刚装上又出相纸，这种质量无力吐槽&hellip;&hellip;无奈联系客服，交涉之后，客服让我把所有东西都退回（我买的是最大的套餐），说同意给我换货，我同意了，等了几天，只收到了一个相机，就一个裸机，当天又联系客服，客服说他们要核实我是不是把所有东西都寄回去了（简直就是笑话，他们是收到我的退件才给我发的新货），我当时心情不错，就同意了等他们核实，到了第二天依旧没有回复，于是我再次联系客服，客服又告诉我，她最晚明天给我答复，我选择再次相信他们，结果第三天下午五点多依旧没有找我，他们的承诺能信吗？没有办法，我也很忙，不可能每天耗那么多时间在跟客服交涉中，只能选择退货&hellip;&hellip;这是我经历的最差的一次网购，没有之一，物品质量有问题，售后也不到位，没有质量！没有诚信！陈述这些事实也无法排解我心中的不满，早知道京东是这样的，就不会选择在上面买东西送人了
,,1,镜头上有磨损，掉漆
,,1,没张都有三个白点，差评
,,1,照出来黑的，效果特别不好
,,1,差评，相机拍不了就算了，花钱买了相纸也没给
,,1,不太好用，只能拍全身的，稍微离脸近一点儿就拍歪了。
,,1,一点都不好啊 灯不亮 客服一直自动回复 不理人的！
,,1,收到货后马上试机，拍出来的照片不是偏黑就是偏白或者偏暗，每次拍都有闪光灯闪烁，但没有效果显示
,,1,我都不明白。买手机送相机，手机不照样能拍照嘛。送个相机为什么不送相片纸。消耗品而已。这不是坑吗。
,,1,坑人，不能关散光灯，说换一个贵的加钱啥都不行，拍小孩的千万别买，客服也是无语&hellip;&hellip;抱歉，不支持七天无理由退货，所有回答都这样，这么多年第一次在京东给1分
,,1,本身东西没太大问题，不过照片光线不行，像素一般，客服态度太差，豪华包东西不全，自拍镜全是划痕，不值得购买，京东最差客服，没有之一
,,1,差评，差评，按照说明书先装电池，再装相纸，但相机装上电池，什么灯都不亮，根本没办法照相。送给孩子的礼物，很是失望！！
,,1,一直想要买个拍立得，刚好京东好奇纸尿裤做活动送了一个，开心死了，等到手后，发现真的不实用，闪光灯关不了，没法给宝宝拍咯，拍出来的照片效果还不咋滴，有点失真，关键相纸真心贵?
,,1,差到不能再差的京东，双11兴致勃勃收藏了很多东西，下单就降价，客服踢皮球，垃圾服务，#京东，PLUS喂了狗了，还跟我讲要相信你们，信你个鬼，12小时回复呢？电话回复呢？垃圾！永别！
,,1,刚收到货就降价，还整满减形式，现在双十一还没平日活动价格低，真的够#人的，这么整活动特别特别满意，超级好看，客服很有礼貌，很客气，良心商家，支持！还没办法申请价格保护，以后还是要多注意吧
,,1,在京东购物这么多年，第一次遇见这么#的事情！本来是给孩子买的生日礼物！收到包裹时没有查看，后来用时发现没有相纸和相纸盒！店家让找京东客服，京东客服的效率实在不敢恭维，今天打电话给我说查视频监控货已经发出来了，还说我可以去他们最近的客服点查看视频，我让把视频截图发给我你们不肯，但我的的确确没有收到相纸呀！难怪京东近年来口碑越来越越不好，内部管理出了问题！这只是小东西，贵重物品谁敢在买！不好好反思解决！积攒的那点好口碑会很快被你们给丢丢的！
,,1,女朋友过生日，想买个拍立得送给她。收到商品后，觉得都挺满意的，本来是挺开心一件事，最后因为少了一根背带绳搞得特别不开心！我找客服沟通，客服一点也不礼貌，一直在敷衍我，根本不想好好为顾客解决问题，事情没有得到解决，后来客服直接把我屏蔽！天呐！是屏蔽！任由我发什么消息她都不理我，鬼知道我当时什么感受！把我们顾客当什么了？这是我在京东最差劲的一次购物体验，不对，是我这些年最差的购物体验。真的觉得这样的客服很差劲，很差劲，再好的商品因为这样的客服都要大大减分！当时被屏蔽后，我立马选择了退货，不得不说京东售后客服还是很负责的，认真地向我解释了为什么不能给我补发一条背带，然后给了我赔偿，又想到女朋友生日就到了，就这样算了。事情过去一两天了，现在想起来还是气不打一处来！然后我刚刚还试了下给客服发消息，还是被屏蔽的&hellip;&hellip;&hellip;
