【全画幅新基准】7M3系列,机身,3,视频画质没得说
【爆款】【全画幅新基准】A7M3,机身,3,寄过来到时候，保鲜膜包裹，我&hellip;&hellip;
【全画幅新基准】7M3系列,机身,3,可太冷漠了
7M3系列(全画幅新基准）,机身,3,"产品包装：包装很好
其他特色：就是没有赠送内存卡"
【爆款】【全画幅新基准】A7M3,机身,2,买贵了，赠品也没有，不划算
【爆款】【全画幅新基准】A7M3,机身,2,索尼的机器是极其不好操作的
【爆款】【全画幅新基准】A7M3,机身,3,取景器有点漏光
7M3系列(全画幅新基准）,机身,3,死机过一次
【爆款】【全画幅新基准】A7M3,机身,2,跟一代相比偷工减料！！！
【爆款】【全画幅新基准】A7M3,机身,3,竟然充电器都没有，让我天天把相机摆地上充电么？
【爆款】【全画幅新基准】A7M3,机身,3,这些都好，就是色彩有断层，不知道大佬们是如何处理的？
【全画幅新基准】7M3系列,机身,2,屏幕坏点，已经换货了，明天看看换回来怎么样，有点不说真香，那连拍声音清脆，比上一台rp好太多拍的照片
【全画幅新基准】7M3系列,机身,3,首先，拿来的时候快递的外包装随时没有破损但是有损耗。快递小哥说里面还会有盒子的，打开以后箱子并没有像其他人晒单照片中有塑料膜外包装。所以我有理由怀疑是不是退换货或者是否原装。因为只买了个机身，还没买镜头，无法操作感受。就是第一直观感受很不爽，没觉得自己在买新东西。
【爆款】【全画幅新基准】A7M3,机身,3,东西是好东西，这么贵买的，居然只有电池充电线没有充电盒子，需要单独买，你们不发财都难，干脆把相机都拆开了卖好了！
【爆款】【全画幅新基准】A7M3,机身,3,这个包装真的有待提高，送快递自的小哥打电话给我说你买的方便面到了，是放在驿站还是送到家。。。我都懵了。。。哎。。。里面也没塑封包装，打开相机镜头上一粒灰尘，自己吹掉了。想想就算了，希望下次有所改进吧
【爆款】【全画幅新基准】A7M3,机身,3,用是好用，能满足我百分之九十的需求了，另外百分之十是没有10bit和4K60p但是价格摆这了。索尼的做工真的和感动厂鞋厂没办法比，USB接口的盖子是松的。买索尼的影像产品包括镜头，跟抽奖一样
【全画幅新基准】7M3系列,机身,3,"产品包装：包装挺简单的，也不怕摔着
第一次的货连不上手机推了，由于疫情拖得太久就直接换了一个发给我，挺好的，不然还不知要等多久。
买到手第五天就降价了50块，刚好要准备换货，客服说可以一起，等我想起来去点击那个什么价格的时候后台又说过了时间?经过这出对比没啥好感（上一个订单去年的运动手环也有问题充不进电换货了一次，这是巧合吗？？？？）"
【全画幅新基准】7M3系列,机身,2,5月11号购买 收到货三天后发现屏幕上有两个星星亮点 拍照片不显示 屏幕上显示 晚上仔细看会比较明显  寄过去要求换货 19号售后收到货 5月29号那边售后反馈说质量没有问题  我想问下这两个点算不算质量问题吗 你们看不到 还是我眼睛有问题？
【爆款】【全画幅新基准】A7M3,机身,2,配送太慢，和站点就几公里路，愣是配送了三天呵呵！
【爆款】【全画幅新基准】A7M3,机身,3,产品包装：垃圾包装，盒子外面套一个盒子，没一点填充物，内包装没有透明的塑料膜
7M3系列(全画幅新基准）,机身,3,产品没啥毛病，跟焦能力低于我预期的希望，可能是我期望太高了吧，包装是在是不敢恭维，太差了
7M3系列(全画幅新基准）,机身,2,本来想给1星，真佩服京东物流，这么贵重的物品居然给寄到隔壁县了，迟了2天才收到货，外包装和内包装之间居然没有缓冲的泡沫，虽然有点补偿，但想想上万的设备在路上颠簸就有点心痛
【新】A7M3,机身,3,真的是醉了包装盒外面有京东的塑封包着，盒上还一道道划痕和摩擦过的痕迹，你们京东调货都是用扔的吗，上万块钱的东西真怕摔出内伤来。相机目前看来还没问题，毕竟旗舰店还是有保障的
【爆款】【全画幅新基准】A7M3,机身,3,产品包装：包装不行，外膜严重损坏，而且封装及其不佳。封装感觉比起外面地摊还不如，起码人家封好了。快递箱完好。到货不敢拆封，害怕引起破坏，影响二次销售。等客服回复
【爆款】【全画幅新基准】A7M3,机身,3,产品肯定是很好但是这个价格忽高忽低还是存在问题的，上周看是11899周六看就成11999了 再三追问下说没活动不降价为就买了，谁知过周天晚上12点又成11899了。反正希望平台以后少搞这种小聪明。
【爆款】【全画幅新基准】A7M3,机身,3,产品包装：有点简陋，没有外面一层薄膜，也没有防震的气垫，感觉有点掉价，还没有拆，犹豫要不要退。一万多的机器包装太简单了吧，难道不怕运输过程中有磕碰。
【全画幅新基准】7M3系列,机身,2,"盒子外面不像其他人是塑封的塑料包装，就一层保鲜膜包了一下，盒子也就上面开口有封条，盒子下面没有封条，盒子下面轻松就打开了，这样怎么能保证有没有被人开封过，一点都不靠谱，用户体验较差，感觉不踏实
外形外观：粗糙
产品包装：简陋
成像效果：还没有试用"
7M3系列(全画幅新基准）,机身,3,"第一次买万元级的微单，冲着索尼大法买的
但是收到后打开屏幕发现有几个坏点，第一时间提交售后，并让快递把机器送回售后，后续就是1个多星期的返厂检测，检测结果却显示正常，然后又让售后和索尼沟通，又是一个礼拜左右的时间，一直无果，始终告知不能退换，对于购买新相机的消费者来说肯定无法接受，最终由于我急着要用相机，只能认栽让售后原返，总之是一次不太愉快的购物"
【全画幅新基准】7M3系列,机身,3,拿到第一感觉比较小，精致的小丢丢，人生第一次使用索尼微单，还没有拿到户外去使用，不知掉网上说的屏幕垃圾，有多垃圾，还不太清楚，等使用一段时间过后再来追加评论吧，菜单功能很多，需要慢慢去学习理解，慢慢来吧
【爆款】【全画幅新基准】A7M3,机身,3,产品包装：一万多的商品，盒子里面没有放气泡膜，相机包装里面的硬纸盒都是变形的，很难让人不叫~
【爆款】【全画幅新基准】A7M3,机身,2,果然，突然降价两百，是把充电器拿走了、换了一个廉价的插头，送了一个腰包，有这没什么用的包还不如给个充电器！#！还要再买个充电器！
【爆款】【全画幅新基准】A7M3,机身,2,两颗星星送给耍猴，这价格，11.01到11.10，每天和~***抱那边轮流切换原价和11699，11号当晚十几分钟之内JD和TB一起没货了，然后11.11凌晨四五点之后加价100变成11799继续卖，真会玩，我就是你们最忠诚的韭菜。BTW，拿到相机之后CMOS上有一粒灰，自己搞掉了。
