,,5,相机收到了，非常棒。老板包装的很好，用泡沫纸包的严严实实。相机是全新的，官网查的国行正品。第一次在京东第三方买这么贵的东西，原本有点担心，结果非常稳。想买R5很久了，在自营抢了好几次，一直被当猴耍。意外找到这家店，不仅是现货，价格也很棒。第一次入坑相机，还有很多东西要慢慢研究。
,,5,终于过了年，狠心出手了，买下来了，收到心心念念了很久的机器了，赶紧贴上膜保护起来，期待拍摄美美的大图，控一切都好，机器比想象中更小巧，满满都是精华，8k视频还是等固件更新再测试吧
,,5,原装正品，确实是好产品，送货快，服务好，最主要产品清晰度特别高，我们使用的时候拍视频8K的效果真的很细腻，如果大家喜欢微单的话，这个机器绝对是首选的一款产品，瞬间喜欢上了它，一套5一套6，太棒了
,,5,"产品包装：完整
便携性能：比单反轻
其他特色：香
外形外观：好看
成像效果：残画幅到全画幅质的飞跃
反应速度：快的一批"
,,5,这款机看了很久，最终还是买了下来。相机不错，是正品。拿在手上的质感很好，拍出来的照片还是非常清晰的，像素很高，有很多功能设置还待研究，好评！
,,5,网上对比多家，最终在他家入手了这款相机，价格合适，京东物流也非常快，官网查询是正品，后续有需求还会再来～
,,5,这款机子看了很久，也对比不少。最后还是选择了京东购买。品质这块京东还是拿捏的很稳，物流非常快。
,,5,相机非常不错！EOS R5大气，握感舒服！卖家很厉害！现货！
,,5,舒服了，终于等到了，太喜欢这个相机?，真的棒！
,,5,不错相机，下次有需要还会再来的，物美价廉！
,,5,非常满意，效果很好，佳能不愧为专业级。
,,5,是正品，客服态度超级好，
,,5,是正品，非常推荐购买
,,5,对焦依然佳能迷，明明焦点在人上结果照片出来人是丢焦的！8K我的电视能放低码率的拍出来感觉帧率低了画面不流畅还是4K60帧方便又可以剪辑电脑电视都可以播放！
,,5,"产品包装：打包的不错
成像效果：牛批就对了
外形外观：一如既往的好
其他特色：特色就是价格还不错"
,,5,买来给公司用的，r5的机器的确好，还送了个相机包
,,5,妈耶，佳能，与感动常在！不要问，问就是信仰！！！
,,5,目前还在试用中！感觉还可以！
,,5,很不错，价格实惠
,,5,好好好，上手快
,,5,好用，是正品
,,5,放心京东，看到京东有货，赶紧抢单。虽然是在外地货，还是很满意。包装很好，绝对正品。快递，小哥也很辛苦。很负责。
,,5,想了好久才付款，一直想买个给宝宝拍照，对焦识别确实非常迅速准确，日光连拍基本全部合焦。高感和协同防抖也很强大，夜间手持成片率很高。各个波轮快捷键习惯后很顺手，电池同老型号通用很方便，确实比起单反还是很耗电的。
,,5,不愧是2020的旗舰机，也算是佳能最良心的一次产品升级了！画质精良，对焦精准快速！！！好评，推荐购买！
,,5,成像效果：非常好佳能r5真的可以发货也挺快的#
,,5,这款机看了很久，最终还是买了下来。相机不错，是正品。拿在手上的质感很好，拍出来的照片还是非常清晰的，像素很高，有很多功能设置还待研究，好评！
